environment_tested,best_recall,best_auc
bed,0.8406537282941777,0.7083736137458049
chair,0.8590130916414904,0.9153500992872947
stand,0.920666013712047,0.9613502584342666
