{
    "video_path": "FallVision/Fall/Stand/f_raw_s_1/S_D_0076.mp4",
    "active_window": [
        5,
        15
    ],
    "varying_k": 11,
    "detection_status": "Global Event Zone",
    "saliency_weights": [
        0.0036513030673621587,
        0.006064850821127769,
        0.01103800391376971,
        0.022920202253347653,
        0.052014178611762794,
        0.09968675264288183,
        0.14251810301168805,
        0.1566976161104643,
        0.15010972608834225,
        0.14610019495979507,
        0.15420221689626012,
        0.16818891774355788,
        0.1740715208835396,
        0.16064388158704485,
        0.1322213120296577,
        0.10315883687563324,
        0.08028711424234995,
        0.06091956113414851,
        0.04341813299760831,
        0.030331645589806285,
        0.02309249610495019,
        0.019799444449166183,
        0.018080084686041623,
        0.016783323451567633,
        0.015531642914135512,
        0.014234255676507705,
        0.012931226958320555,
        0.011713522075698712,
        0.010489392471198112,
        0.008886776352145298,
        0.006861198396293513,
        0.005300519401835839
    ],
    "clip_indices": [
        0,
        3,
        7,
        11,
        15,
        19,
        23,
        26,
        30,
        34,
        38,
        42,
        46,
        49,
        53,
        57,
        61,
        65,
        69,
        72,
        76,
        80,
        84,
        88,
        92,
        95,
        99,
        103,
        107,
        111,
        115,
        119
    ]
}