{
    "video_path": "FallVision/Fall/Stand/f_raw_s_1/S_D_0108_resized.mp4",
    "active_window": [
        5,
        11
    ],
    "varying_k": 7,
    "detection_status": "Global Event Zone",
    "saliency_weights": [
        0.004200352138459106,
        0.006006055350063617,
        0.011562127994736111,
        0.02655938016870551,
        0.06184807493584572,
        0.12606041530966605,
        0.21435878735938352,
        0.30436243688627684,
        0.3543824346693082,
        0.3313244916307847,
        0.2502782673289603,
        0.15538953301028302,
        0.07915044004268038,
        0.03353501714800503,
        0.013941673186002122,
        0.007825666496574688,
        0.0060594259116106,
        0.005400708291170198,
        0.005137075361649765,
        0.005050858437245511,
        0.005027461259570512,
        0.0050203455061971795,
        0.005015382036680294,
        0.005009101133852564,
        0.005001575217123575,
        0.004994188424147461,
        0.00498692136708918,
        0.004971156196234803,
        0.004911039802918755,
        0.004741694552158036,
        0.004462240597517455,
        0.004229007409116169
    ],
    "clip_indices": [
        0,
        4,
        9,
        14,
        19,
        24,
        28,
        33,
        38,
        43,
        48,
        52,
        57,
        62,
        67,
        72,
        76,
        81,
        86,
        91,
        96,
        100,
        105,
        110,
        115,
        120,
        124,
        129,
        134,
        139,
        144,
        149
    ]
}