{
    "video_path": "FallVision/Fall/Stand/f_raw_s_1/S_D_0100_resized.mp4",
    "active_window": [
        8,
        15
    ],
    "varying_k": 8,
    "detection_status": "Global Event Zone",
    "saliency_weights": [
        0.0034302551077639255,
        0.003920887174318758,
        0.004667688106187549,
        0.005967703960201524,
        0.00954373148558662,
        0.019013311081348874,
        0.03981468517955768,
        0.07486982432731934,
        0.11943211807607436,
        0.16813434941929967,
        0.2234062300039613,
        0.2819567474946706,
        0.3141182144641314,
        0.2862289826200568,
        0.2082059961723608,
        0.1240600749526194,
        0.06347086496878555,
        0.02952591242228632,
        0.014233207133642393,
        0.00849899728298368,
        0.0063477880869578914,
        0.0054224468837985864,
        0.005025134961264386,
        0.0048769419001771916,
        0.004832040028956829,
        0.004831218294961959,
        0.00484720922469119,
        0.004847182793387964,
        0.004778687797304983,
        0.004576622131235527,
        0.004252196567469221,
        0.003985019176171382
    ],
    "clip_indices": [
        0,
        3,
        7,
        11,
        15,
        19,
        23,
        26,
        30,
        34,
        38,
        42,
        46,
        49,
        53,
        57,
        61,
        65,
        69,
        72,
        76,
        80,
        84,
        88,
        92,
        95,
        99,
        103,
        107,
        111,
        115,
        119
    ]
}