{
    "video_path": "FallVision/Fall/Stand/f_raw_s_1/S_D_0049.mp4",
    "active_window": [
        11,
        16
    ],
    "varying_k": 6,
    "detection_status": "Global Event Zone",
    "saliency_weights": [
        0.005899711780563572,
        0.008797208252274664,
        0.01223964320299836,
        0.014240894034596191,
        0.014792428034735428,
        0.014882453477483477,
        0.015691663240249648,
        0.019125019681537396,
        0.02920493308694632,
        0.053978577485599095,
        0.10528928904828863,
        0.18402812828038712,
        0.25912490791996723,
        0.2885465825815218,
        0.2646880092517454,
        0.21207782945718617,
        0.15474801895718598,
        0.10491223664795257,
        0.0672650506322573,
        0.04255983800888108,
        0.028706733536367365,
        0.021680145730921176,
        0.01807835781321039,
        0.016200827277404052,
        0.015272992219481517,
        0.014819290973490065,
        0.014556866410818827,
        0.014338064837479455,
        0.013840176366500444,
        0.012445001782198453,
        0.010084881090057597,
        0.008094874244541297
    ],
    "clip_indices": [
        0,
        2,
        5,
        8,
        11,
        14,
        17,
        20,
        22,
        25,
        28,
        31,
        34,
        37,
        40,
        43,
        45,
        48,
        51,
        54,
        57,
        60,
        63,
        66,
        68,
        71,
        74,
        77,
        80,
        83,
        86,
        89
    ]
}