{
    "video_path": "FallVision/Fall/Stand/f_raw_s_1/S_D_0195.mp4",
    "active_window": [
        1,
        8
    ],
    "varying_k": 8,
    "detection_status": "Global Event Zone",
    "saliency_weights": [
        0.06921623566513982,
        0.1273723050726448,
        0.19596505029788483,
        0.23550958669529126,
        0.24691480602169344,
        0.24324291763294503,
        0.22209439166874928,
        0.17827057167281174,
        0.1242199331904339,
        0.07948292264450016,
        0.051074674419235674,
        0.03537045207594772,
        0.027164797508174847,
        0.02272761516589124,
        0.01992407791505013,
        0.017713090081866542,
        0.015706707751074134,
        0.01388098512952177,
        0.012351481257518091,
        0.01124282000444882,
        0.010576457545040786,
        0.010247036452808089,
        0.010114498908644338,
        0.010063256468719185,
        0.01003716151438979,
        0.010042490914846734,
        0.010083458279786437,
        0.01008399567800571,
        0.009785555004431717,
        0.00875303958322836,
        0.00697778267799409,
        0.005480320652632948
    ],
    "clip_indices": [
        0,
        2,
        5,
        8,
        11,
        14,
        17,
        20,
        22,
        25,
        28,
        31,
        34,
        37,
        40,
        43,
        45,
        48,
        51,
        54,
        57,
        60,
        63,
        66,
        68,
        71,
        74,
        77,
        80,
        83,
        86,
        89
    ]
}