{
    "video_path": "FallVision/Fall/Stand/f_raw_s_1/S_D_0115.mp4",
    "active_window": [
        4,
        9
    ],
    "varying_k": 6,
    "detection_status": "Global Event Zone",
    "saliency_weights": [
        0.007269765988819894,
        0.01240949241376851,
        0.026130480048074074,
        0.06145267764252081,
        0.1413537498363897,
        0.25971566481585995,
        0.3410350820042913,
        0.314919326866282,
        0.2135265376055702,
        0.11727691331929449,
        0.06131809958715197,
        0.03904409505463495,
        0.0383762887004577,
        0.04981526189606151,
        0.059962584640713995,
        0.05583378234861354,
        0.03891412910917362,
        0.022636269637564453,
        0.014822381536738788,
        0.012990532309276579,
        0.013027181494118864,
        0.013579017841537411,
        0.014439280958208931,
        0.015231823904633592,
        0.01567012513227916,
        0.015830125380823814,
        0.015875922854507885,
        0.015806178132121908,
        0.015335612107897573,
        0.013932056862689075,
        0.011598671406468399,
        0.0096487514228046
    ],
    "clip_indices": [
        0,
        5,
        11,
        17,
        23,
        28,
        34,
        40,
        46,
        51,
        57,
        63,
        69,
        75,
        80,
        86,
        92,
        98,
        103,
        109,
        115,
        121,
        127,
        132,
        138,
        144,
        150,
        155,
        161,
        167,
        173,
        179
    ]
}