{
    "video_path": "FallVision/Fall/Stand/f_raw_s_1/S_D_0177.mp4",
    "active_window": [
        4,
        9
    ],
    "varying_k": 6,
    "detection_status": "Global Event Zone",
    "saliency_weights": [
        0.014043639655052866,
        0.025685318494704464,
        0.04679358479531534,
        0.0825616826837305,
        0.1481609769723048,
        0.23848149119621007,
        0.2975337605089212,
        0.274685747776026,
        0.1980357148247619,
        0.13003956123985885,
        0.09234988050647658,
        0.07219786255887686,
        0.05735869030728348,
        0.0444819581604461,
        0.03394275963877703,
        0.026509327394989506,
        0.02202647239052602,
        0.019534649330072346,
        0.018243516621377992,
        0.01781561411430451,
        0.018000441452459146,
        0.018437061643904202,
        0.01878289306128566,
        0.018828803876190375,
        0.01857786224978785,
        0.01823624681244708,
        0.017936622211025724,
        0.017529828980635438,
        0.0166119855266424,
        0.014664514834120086,
        0.011794716967008232,
        0.009490026493147865
    ],
    "clip_indices": [
        0,
        4,
        9,
        14,
        19,
        24,
        28,
        33,
        38,
        43,
        48,
        52,
        57,
        62,
        67,
        72,
        76,
        81,
        86,
        91,
        96,
        100,
        105,
        110,
        115,
        120,
        124,
        129,
        134,
        139,
        144,
        149
    ]
}