{
    "video_path": "FallVision/Fall/Stand/f_raw_s_1/S_D_0063.mp4",
    "active_window": [
        2,
        8
    ],
    "varying_k": 7,
    "detection_status": "Global Event Zone",
    "saliency_weights": [
        0.03800219915917,
        0.07891696683110046,
        0.1540883789464575,
        0.2465593926713683,
        0.3174154843104099,
        0.3303822798932662,
        0.2845923535385645,
        0.204065189545223,
        0.12162557649954346,
        0.06366804994224048,
        0.033627544626984064,
        0.020402951643179807,
        0.0145332674076966,
        0.01161149200056873,
        0.009942061406333578,
        0.008892042224140034,
        0.00821101278224312,
        0.007798708264635723,
        0.007638209611164678,
        0.007720475623767443,
        0.007915631146852179,
        0.00799363408000239,
        0.007880373841876464,
        0.007739669249356273,
        0.007716249781015181,
        0.007790768641658108,
        0.007901971206209555,
        0.008013754926853273,
        0.007990703712416232,
        0.0075416686666957,
        0.006616190259028312,
        0.005797397064417439
    ],
    "clip_indices": [
        0,
        3,
        7,
        11,
        15,
        19,
        23,
        26,
        30,
        34,
        38,
        42,
        46,
        49,
        53,
        57,
        61,
        65,
        69,
        72,
        76,
        80,
        84,
        88,
        92,
        95,
        99,
        103,
        107,
        111,
        115,
        119
    ]
}