{
    "video_path": "FallVision/Fall/Stand/f_raw_s_1/S_D_0105_resized.mp4",
    "active_window": [
        13,
        20
    ],
    "varying_k": 8,
    "detection_status": "Global Event Zone",
    "saliency_weights": [
        0.0028300167536566114,
        0.003401799279349831,
        0.004109511607182467,
        0.004551008932951116,
        0.004620497333002032,
        0.004403549705957594,
        0.0040914661777073655,
        0.0038707796543685693,
        0.0038713276848362232,
        0.004587373119794557,
        0.008206367576649026,
        0.021941897702989835,
        0.06035722280784684,
        0.13064812550166205,
        0.2083439143992722,
        0.25492822213345806,
        0.2654152692176804,
        0.26395468761853935,
        0.2553589661990717,
        0.21952531879789172,
        0.15412764889964753,
        0.08693409599405552,
        0.04115576623424515,
        0.017606791795822627,
        0.007983584947600245,
        0.004927202884946013,
        0.004022795410622499,
        0.0036498181937688664,
        0.0034331297489799116,
        0.003242647318731702,
        0.003029874937507034,
        0.0028691875081826275
    ],
    "clip_indices": [
        0,
        4,
        9,
        14,
        19,
        24,
        28,
        33,
        38,
        43,
        48,
        52,
        57,
        62,
        67,
        72,
        76,
        81,
        86,
        91,
        96,
        100,
        105,
        110,
        115,
        120,
        124,
        129,
        134,
        139,
        144,
        149
    ]
}