{
    "video_path": "FallVision/Fall/Stand/f_raw_s_1/S_D_0083_resized.mp4",
    "active_window": [
        10,
        16
    ],
    "varying_k": 7,
    "detection_status": "Global Event Zone",
    "saliency_weights": [
        0.004205180315858455,
        0.006010453273868516,
        0.0081609271094597,
        0.009617726874147282,
        0.011073583269558498,
        0.014606414072541853,
        0.023257740669880296,
        0.03969272793485028,
        0.0646525746823415,
        0.09881848121486606,
        0.144311639424139,
        0.19827426034592555,
        0.24335032230182488,
        0.2577241458090308,
        0.23710721963507922,
        0.19434170806300588,
        0.1449548485723678,
        0.1004456212346556,
        0.06634119142586535,
        0.04305328235130937,
        0.028634809739200368,
        0.020358074664366385,
        0.01578398794125531,
        0.013152339650677868,
        0.011488562637593965,
        0.01051082273353305,
        0.010099928555527594,
        0.00994259791730088,
        0.009599740109162936,
        0.00865275852245679,
        0.00711274050998777,
        0.005836172089519262
    ],
    "clip_indices": [
        0,
        2,
        5,
        8,
        11,
        14,
        17,
        20,
        22,
        25,
        28,
        31,
        34,
        37,
        40,
        43,
        45,
        48,
        51,
        54,
        57,
        60,
        63,
        66,
        68,
        71,
        74,
        77,
        80,
        83,
        86,
        89
    ]
}