{
    "video_path": "FallVision/Fall/Stand/f_raw_s_1/S_D_0036_resized.mp4",
    "active_window": [
        14,
        20
    ],
    "varying_k": 7,
    "detection_status": "Global Event Zone",
    "saliency_weights": [
        0.008858769539624514,
        0.01454017158756002,
        0.020870211622102536,
        0.023830080026170326,
        0.024080771402305374,
        0.023911224225895276,
        0.02411502812754482,
        0.024680395141373192,
        0.026158065809994302,
        0.029574948803599472,
        0.03596275855733348,
        0.046712027970320785,
        0.06427705713159328,
        0.09221563802619179,
        0.13362489834169808,
        0.1849844546583379,
        0.22688393363554724,
        0.23374044007471662,
        0.20281390887436646,
        0.15651947437308533,
        0.11453739211074092,
        0.08200774148771181,
        0.05804642211862904,
        0.04165300926219829,
        0.03170556000167006,
        0.026275557346151994,
        0.023483195675488632,
        0.021983167904929473,
        0.02054441365159489,
        0.017832024655938167,
        0.013635552064554279,
        0.010173871991907713
    ],
    "clip_indices": [
        0,
        2,
        5,
        8,
        11,
        14,
        17,
        19,
        22,
        25,
        28,
        31,
        34,
        36,
        39,
        42,
        45,
        48,
        51,
        53,
        56,
        59,
        62,
        65,
        68,
        70,
        73,
        76,
        79,
        82,
        85,
        88
    ]
}