{
    "video_path": "FallVision/Fall/Stand/f_raw_s_1/S_D_0009.mp4",
    "active_window": [
        8,
        17
    ],
    "varying_k": 10,
    "detection_status": "Global Event Zone",
    "saliency_weights": [
        0.003024549744716812,
        0.003966455131337037,
        0.00521165315296089,
        0.006579007818716164,
        0.009608800956289508,
        0.019102093673965037,
        0.044035394589819775,
        0.0900348484018885,
        0.14862436661517875,
        0.20004729595184473,
        0.22131749822053365,
        0.20238301597047786,
        0.16685578781784746,
        0.1504284047127841,
        0.15624286353849842,
        0.1593086473312672,
        0.1432865598921091,
        0.11098905265733416,
        0.07382033431515675,
        0.04337285934436742,
        0.024611331633185372,
        0.014955916051174828,
        0.01026080035835622,
        0.008060601033563071,
        0.0071499593865619795,
        0.006869154134249995,
        0.006774139015976448,
        0.006521367279557886,
        0.005929153763504871,
        0.005057537984514594,
        0.0041256985987788266,
        0.0034873505455123733
    ],
    "clip_indices": [
        0,
        15,
        30,
        46,
        61,
        77,
        92,
        108,
        123,
        139,
        154,
        169,
        185,
        200,
        216,
        231,
        247,
        262,
        278,
        293,
        309,
        324,
        339,
        355,
        370,
        386,
        401,
        417,
        432,
        448,
        463,
        479
    ]
}