{
    "video_path": "FallVision/Fall/Stand/f_raw_s_1/S_D_0220.mp4",
    "active_window": [
        5,
        11
    ],
    "varying_k": 7,
    "detection_status": "Global Event Zone",
    "saliency_weights": [
        0.006129985188648766,
        0.011238888020172554,
        0.023530220564677795,
        0.0474166316423416,
        0.08880482574248957,
        0.14974334493985353,
        0.22079773726137292,
        0.28178958653893627,
        0.30537289241891336,
        0.27435296120107167,
        0.20538714750289427,
        0.13281868662584737,
        0.0774316791156768,
        0.04309827544399242,
        0.02523078952923557,
        0.016831124750214477,
        0.012859878258147654,
        0.010930168639355,
        0.010025700342239144,
        0.009652620489363724,
        0.009537848840180132,
        0.009524493426131507,
        0.00953323012763526,
        0.00954002710602251,
        0.009542700644051348,
        0.009542327277115206,
        0.009536033990686995,
        0.009487396600392804,
        0.009232169338485936,
        0.008464448493450141,
        0.007175879853261135,
        0.006095129193165764
    ],
    "clip_indices": [
        0,
        3,
        7,
        11,
        15,
        19,
        23,
        26,
        30,
        34,
        38,
        42,
        46,
        49,
        53,
        57,
        61,
        65,
        69,
        72,
        76,
        80,
        84,
        88,
        92,
        95,
        99,
        103,
        107,
        111,
        115,
        119
    ]
}