{
    "video_path": "FallVision/Fall/Stand/f_raw_s_1/S_D_0020.mp4",
    "active_window": [
        9,
        16
    ],
    "varying_k": 8,
    "detection_status": "Global Event Zone",
    "saliency_weights": [
        0.006523554285105496,
        0.010434814489860942,
        0.015077685992422648,
        0.017767269790389638,
        0.01856091857807584,
        0.019282950426427588,
        0.023010142452771304,
        0.03498013867416781,
        0.06294184517251272,
        0.11083153798971886,
        0.1693170022198648,
        0.22031857562751067,
        0.24746475488449637,
        0.2420260598206364,
        0.2087477193852017,
        0.16198831141542186,
        0.11531893438628188,
        0.07738860014563419,
        0.05119435000757267,
        0.0352621706247664,
        0.026527899409349256,
        0.02193398629892973,
        0.0194253581379719,
        0.018125318929135128,
        0.017650330081828133,
        0.017660638571923123,
        0.0178708739919114,
        0.01802612402511085,
        0.017591561341713843,
        0.01567401595811422,
        0.012231570775891622,
        0.0092940920671045
    ],
    "clip_indices": [
        0,
        1,
        3,
        5,
        7,
        9,
        11,
        13,
        15,
        17,
        19,
        20,
        22,
        24,
        26,
        28,
        30,
        32,
        34,
        36,
        38,
        39,
        41,
        43,
        45,
        47,
        49,
        51,
        53,
        55,
        57,
        59
    ]
}