{
    "video_path": "FallVision/Fall/Stand/f_raw_s_1/S_D_0226.mp4",
    "active_window": [
        3,
        9
    ],
    "varying_k": 7,
    "detection_status": "Global Event Zone",
    "saliency_weights": [
        0.018676784063912034,
        0.04035499522486766,
        0.0868189184649489,
        0.15708051847366464,
        0.23465775531213123,
        0.29359331998656113,
        0.3086713362062488,
        0.26980248202193713,
        0.1994751527116676,
        0.13195351844853964,
        0.08240997228069868,
        0.04955933301963534,
        0.029030404048991966,
        0.017514301144727597,
        0.012005029011016112,
        0.009632436444398623,
        0.008563802437423673,
        0.00804735534809135,
        0.007813846660807738,
        0.007731009877109839,
        0.0077181113130467775,
        0.007726999768024042,
        0.007734892530313706,
        0.007737997674635628,
        0.007737954321948046,
        0.007734739930261328,
        0.007726186628450772,
        0.007688544780347556,
        0.007505050661198512,
        0.006953333735191372,
        0.006025131366896656,
        0.0052458630284603625
    ],
    "clip_indices": [
        0,
        4,
        9,
        14,
        19,
        24,
        28,
        33,
        38,
        43,
        48,
        52,
        57,
        62,
        67,
        72,
        76,
        81,
        86,
        91,
        96,
        100,
        105,
        110,
        115,
        120,
        124,
        129,
        134,
        139,
        144,
        149
    ]
}