{
    "video_path": "FallVision/Fall/Stand/f_raw_s_1/S_D_0062.mp4",
    "active_window": [
        9,
        14
    ],
    "varying_k": 6,
    "detection_status": "Global Event Zone",
    "saliency_weights": [
        0.004873194631163794,
        0.006575478342286539,
        0.008435869836274354,
        0.009249620612127932,
        0.009396001485926331,
        0.010361639049147376,
        0.015496880883821259,
        0.03513387461256421,
        0.08968377507621406,
        0.186455060739462,
        0.28778786067788076,
        0.3386659057862539,
        0.32004794383821694,
        0.25037363483040387,
        0.16381217246523766,
        0.09271438781570676,
        0.04960427186559098,
        0.028290600394623673,
        0.019008309131337907,
        0.015283783515097708,
        0.013707375371506484,
        0.012772980394020833,
        0.01193003791126315,
        0.011088704091313066,
        0.010310731747196596,
        0.009675800119797474,
        0.009258576500774392,
        0.009085624662810253,
        0.008973430808107655,
        0.008463485078592585,
        0.0073910405926193214,
        0.006425366603678042
    ],
    "clip_indices": [
        0,
        3,
        7,
        11,
        15,
        19,
        23,
        26,
        30,
        34,
        38,
        42,
        46,
        49,
        53,
        57,
        61,
        65,
        69,
        72,
        76,
        80,
        84,
        88,
        92,
        95,
        99,
        103,
        107,
        111,
        115,
        119
    ]
}