{
    "video_path": "FallVision/Fall/Stand/f_raw_s_1/S_D_0243.mp4",
    "active_window": [
        3,
        9
    ],
    "varying_k": 7,
    "detection_status": "Global Event Zone",
    "saliency_weights": [
        0.020785858795473764,
        0.041977834693663424,
        0.08082219981842699,
        0.1329253589333957,
        0.18992361369282584,
        0.2377124511714963,
        0.2570153768828286,
        0.23645400375349135,
        0.189487388483154,
        0.14006161222071056,
        0.10022429075934836,
        0.07093455977680972,
        0.05033630063432034,
        0.03661054037202279,
        0.027778719620544692,
        0.021892738784285676,
        0.017917517271184034,
        0.01562964849485768,
        0.01472176777489112,
        0.014543210572017818,
        0.014574310984381946,
        0.014628584348229107,
        0.01467220473669328,
        0.014698387031626521,
        0.014717113556909692,
        0.01475630854345359,
        0.014818806412250425,
        0.014800750562057333,
        0.01433433300205585,
        0.012787775834984798,
        0.010153437826950216,
        0.007937071009623561
    ],
    "clip_indices": [
        0,
        4,
        9,
        14,
        19,
        24,
        28,
        33,
        38,
        43,
        48,
        52,
        57,
        62,
        67,
        72,
        76,
        81,
        86,
        91,
        96,
        100,
        105,
        110,
        115,
        120,
        124,
        129,
        134,
        139,
        144,
        149
    ]
}