{
    "video_path": "FallVision/Fall/Stand/f_raw_s_1/S_D_0046.mp4",
    "active_window": [
        2,
        8
    ],
    "varying_k": 7,
    "detection_status": "Global Event Zone",
    "saliency_weights": [
        0.03961463310286047,
        0.07637550708531382,
        0.13166270434135943,
        0.1881501370168641,
        0.23625389395067614,
        0.2663361593368351,
        0.2636510218573332,
        0.22112501510649507,
        0.15695551271100003,
        0.09889635504025725,
        0.0593179282298925,
        0.036769954650483924,
        0.025954205465256404,
        0.02180286477683241,
        0.02053139721125269,
        0.019734713821832298,
        0.018559544201051114,
        0.01721743412377596,
        0.015937256427314292,
        0.014656448747435675,
        0.013404061118356056,
        0.012428872848646605,
        0.011880355186321821,
        0.011654889595637853,
        0.011587622289028777,
        0.011579558866402651,
        0.01157945136878959,
        0.011515322255202132,
        0.011142166589488692,
        0.010015790411430657,
        0.008128260075197114,
        0.006546354088762337
    ],
    "clip_indices": [
        0,
        2,
        5,
        8,
        11,
        14,
        17,
        20,
        22,
        25,
        28,
        31,
        34,
        37,
        40,
        43,
        45,
        48,
        51,
        54,
        57,
        60,
        63,
        66,
        68,
        71,
        74,
        77,
        80,
        83,
        86,
        89
    ]
}