{
    "video_path": "FallVision/Fall/Stand/f_raw_s_1/S_D_0155.mp4",
    "active_window": [
        4,
        10
    ],
    "varying_k": 7,
    "detection_status": "Global Event Zone",
    "saliency_weights": [
        0.006400655619346378,
        0.011656344432023978,
        0.024619545242882512,
        0.0537397478353603,
        0.11372182302571411,
        0.20428454739463445,
        0.2865542959290031,
        0.3153080149726302,
        0.2834762685064185,
        0.213584639813444,
        0.13722581952218585,
        0.0802011249906521,
        0.04802685761418128,
        0.031917998861061385,
        0.023535191944077494,
        0.01896948840904473,
        0.016511490276970957,
        0.015159192127167544,
        0.01435668696037221,
        0.013877597831964315,
        0.013607850439220272,
        0.013441407332399818,
        0.013305075609843547,
        0.013179484814414243,
        0.013083633774993886,
        0.013052745466677635,
        0.013084821276659449,
        0.013069378786670287,
        0.01269576898853296,
        0.011475149417984273,
        0.009412667723093498,
        0.007682533889097927
    ],
    "clip_indices": [
        0,
        4,
        9,
        14,
        19,
        24,
        28,
        33,
        38,
        43,
        48,
        52,
        57,
        62,
        67,
        72,
        76,
        81,
        86,
        91,
        96,
        100,
        105,
        110,
        115,
        120,
        124,
        129,
        134,
        139,
        144,
        149
    ]
}