{
    "video_path": "FallVision/Fall/Stand/f_raw_s_1/S_D_0245.mp4",
    "active_window": [
        14,
        21
    ],
    "varying_k": 8,
    "detection_status": "Global Event Zone",
    "saliency_weights": [
        0.004415474282282773,
        0.006533208179402207,
        0.0090257206871487,
        0.010442851324077622,
        0.010823422885855895,
        0.010808502095614158,
        0.01076669373157865,
        0.010902284818798649,
        0.011635503267101673,
        0.014023367506275674,
        0.020143145581012895,
        0.03229002591787447,
        0.051713630618234606,
        0.07982759684704283,
        0.11986866935066073,
        0.17247696570186405,
        0.22648780589061945,
        0.2616072632049491,
        0.2633662904009543,
        0.23030805786057654,
        0.1743702505532915,
        0.1163443949452674,
        0.07130224443489161,
        0.042208961195214195,
        0.025914176580518443,
        0.017624774796605555,
        0.013450963086058403,
        0.011294910474906961,
        0.00999437076277805,
        0.008668149675192534,
        0.007001183829295307,
        0.0056905557239144595
    ],
    "clip_indices": [
        0,
        4,
        9,
        14,
        19,
        24,
        28,
        33,
        38,
        43,
        48,
        52,
        57,
        62,
        67,
        72,
        76,
        81,
        86,
        91,
        96,
        100,
        105,
        110,
        115,
        120,
        124,
        129,
        134,
        139,
        144,
        149
    ]
}