{
    "video_path": "FallVision/Fall/Stand/f_raw_s_1/S_D_0216.mp4",
    "active_window": [
        5,
        12
    ],
    "varying_k": 8,
    "detection_status": "Global Event Zone",
    "saliency_weights": [
        0.010312903318496033,
        0.018525732641885933,
        0.030345627609892657,
        0.04552280881133812,
        0.0729828143081418,
        0.11661594981667768,
        0.15969655702756114,
        0.18119965591601642,
        0.17845257042804252,
        0.16146296760238638,
        0.1404887046946771,
        0.12150090547628137,
        0.10432171111707161,
        0.08619962180619944,
        0.06782506009820574,
        0.05286628055633006,
        0.043180963293119136,
        0.0378138586001694,
        0.035119804697842316,
        0.03386845619027834,
        0.03335858315440147,
        0.03326995882898551,
        0.03341726720534689,
        0.03362952081993215,
        0.03379105289426014,
        0.033872932730835977,
        0.03387026104832644,
        0.033596831343687024,
        0.032106980117204226,
        0.027602640895198337,
        0.020029854710971802,
        0.013674939539106461
    ],
    "clip_indices": [
        0,
        4,
        9,
        14,
        19,
        24,
        28,
        33,
        38,
        43,
        48,
        52,
        57,
        62,
        67,
        72,
        76,
        81,
        86,
        91,
        96,
        100,
        105,
        110,
        115,
        120,
        124,
        129,
        134,
        139,
        144,
        149
    ]
}