{
    "video_path": "FallVision/Fall/Stand/f_raw_s_1/S_D_0255.mp4",
    "active_window": [
        0,
        5
    ],
    "varying_k": 6,
    "detection_status": "Global Event Zone",
    "saliency_weights": [
        0.14570987018078085,
        0.2564984188874877,
        0.35627580634992967,
        0.3495753288062036,
        0.2633150621414753,
        0.16918515797372946,
        0.10099763693314151,
        0.06126373215117559,
        0.04168004758032266,
        0.032696477252738165,
        0.028449211521327525,
        0.0262414109597574,
        0.024734911097498605,
        0.023122398765000357,
        0.020992789831883886,
        0.018305799703844848,
        0.015406790083002728,
        0.012836737112376422,
        0.010896406228809002,
        0.009554155405083926,
        0.008687652552001508,
        0.008201483705760987,
        0.007995035038467739,
        0.007939712747889554,
        0.00793509163741608,
        0.007939561765416431,
        0.00794064936438244,
        0.007915764396619993,
        0.007769760400941796,
        0.007324768491831635,
        0.0065759113071970484,
        0.005947396568529017
    ],
    "clip_indices": [
        0,
        3,
        7,
        11,
        15,
        19,
        23,
        26,
        30,
        34,
        38,
        42,
        46,
        49,
        53,
        57,
        61,
        65,
        69,
        72,
        76,
        80,
        84,
        88,
        92,
        95,
        99,
        103,
        107,
        111,
        115,
        119
    ]
}