{
    "video_path": "FallVision/Fall/Stand/f_raw_s_1/S_D_0239_resized.mp4",
    "active_window": [
        5,
        11
    ],
    "varying_k": 7,
    "detection_status": "Global Event Zone",
    "saliency_weights": [
        0.0036723746633305103,
        0.004764971656144507,
        0.00841103211422644,
        0.021386793152338185,
        0.05853232821690386,
        0.12929735951902102,
        0.22024190415179457,
        0.30156430639026066,
        0.3389896352306883,
        0.31227059189317635,
        0.23884082353365557,
        0.1563435125176939,
        0.08990959629702824,
        0.04719476512940168,
        0.024700106499696,
        0.01428976252234314,
        0.009565334715536826,
        0.007330937793030989,
        0.006226091930281863,
        0.005684159241892179,
        0.005441208318827764,
        0.005346148833200151,
        0.005313631654671493,
        0.005306475554381505,
        0.005310115043704542,
        0.005317423996442725,
        0.005322304927809107,
        0.00530958697185758,
        0.005228792005665254,
        0.0049916592105551895,
        0.004599712790516018,
        0.004272800436556963
    ],
    "clip_indices": [
        0,
        3,
        7,
        11,
        15,
        19,
        23,
        27,
        30,
        34,
        38,
        42,
        46,
        50,
        54,
        58,
        61,
        65,
        69,
        73,
        77,
        81,
        85,
        89,
        92,
        96,
        100,
        104,
        108,
        112,
        116,
        120
    ]
}