{
    "video_path": "FallVision/Fall/Stand/f_raw_s_1/S_D_0235_resized.mp4",
    "active_window": [
        15,
        25
    ],
    "varying_k": 11,
    "detection_status": "Global Event Zone",
    "saliency_weights": [
        0.003908572067773154,
        0.005237276912002179,
        0.00680519168942457,
        0.007707776209601412,
        0.007970802978627553,
        0.007977943071601455,
        0.007906935521175537,
        0.007836456804975916,
        0.007989636121808754,
        0.00874837621651207,
        0.010737463851591886,
        0.015534685271657068,
        0.026964361171597426,
        0.05183638640430428,
        0.09854731110865686,
        0.16629653092057028,
        0.2274880572913937,
        0.24211033421285666,
        0.2040829450892186,
        0.14712396944682365,
        0.10488351717651376,
        0.09038538128925563,
        0.09834918207394722,
        0.11134077298143123,
        0.11368492190230173,
        0.09962995018539711,
        0.07309793597147587,
        0.045870269496975424,
        0.027154286630975567,
        0.016540438031563506,
        0.010319373259938732,
        0.007070848059806021
    ],
    "clip_indices": [
        0,
        3,
        7,
        11,
        15,
        19,
        23,
        26,
        30,
        34,
        38,
        42,
        46,
        49,
        53,
        57,
        61,
        65,
        69,
        72,
        76,
        80,
        84,
        88,
        92,
        95,
        99,
        103,
        107,
        111,
        115,
        119
    ]
}