{
    "video_path": "FallVision/Fall/Stand/f_raw_s_1/S_D_0086_resized.mp4",
    "active_window": [
        12,
        19
    ],
    "varying_k": 8,
    "detection_status": "Global Event Zone",
    "saliency_weights": [
        0.0106625451855945,
        0.01803105189090198,
        0.026106292482378703,
        0.029208022150293816,
        0.027287451539755467,
        0.023029240427203793,
        0.01903065591819999,
        0.017386569883366884,
        0.01987791361533985,
        0.02916242004353826,
        0.04959120476413871,
        0.08360362300506408,
        0.1259081768235426,
        0.16710103730062836,
        0.20193794162027634,
        0.2274694861071247,
        0.2353792304632639,
        0.21555705032018227,
        0.17088960584046495,
        0.11837272281378008,
        0.0736977390142509,
        0.04365722985707309,
        0.02754537200697041,
        0.019821158392963,
        0.015499749501730695,
        0.012738829892665813,
        0.01115726550830188,
        0.010374234571716734,
        0.009805254086311515,
        0.008772243460116142,
        0.007100510903804296,
        0.005693908047950193
    ],
    "clip_indices": [
        0,
        3,
        7,
        11,
        15,
        19,
        22,
        26,
        30,
        34,
        38,
        41,
        45,
        49,
        53,
        57,
        60,
        64,
        68,
        72,
        76,
        79,
        83,
        87,
        91,
        95,
        98,
        102,
        106,
        110,
        114,
        118
    ]
}