{
    "video_path": "FallVision/Fall/Stand/f_raw_s_1/S_D_0187_resized.mp4",
    "active_window": [
        5,
        11
    ],
    "varying_k": 7,
    "detection_status": "Global Event Zone",
    "saliency_weights": [
        0.0053162285502163925,
        0.008618720564352495,
        0.015624951771450795,
        0.031826816727681506,
        0.07041553737889936,
        0.13769423363880384,
        0.2154450983332556,
        0.2740236780210049,
        0.2920287703649846,
        0.2638316740624933,
        0.20634445667988238,
        0.14582472771995916,
        0.09704156103424685,
        0.06251043251906528,
        0.04004222099276425,
        0.02651211247726131,
        0.019004348349423966,
        0.015097779726291057,
        0.013186353633429343,
        0.012370799169982238,
        0.01203303320217173,
        0.011662236551054316,
        0.011040478136670875,
        0.010296753305576828,
        0.009615161357444214,
        0.009064557864736023,
        0.00866025829890954,
        0.008392141911765807,
        0.008109227557717568,
        0.007473280628548611,
        0.006400055497715409,
        0.0054890461360542955
    ],
    "clip_indices": [
        0,
        3,
        6,
        9,
        12,
        15,
        18,
        21,
        24,
        27,
        30,
        33,
        36,
        39,
        42,
        45,
        49,
        52,
        55,
        58,
        61,
        64,
        67,
        70,
        73,
        76,
        79,
        82,
        85,
        88,
        91,
        95
    ]
}