{
    "video_path": "FallVision/Fall/Stand/f_raw_s_1/S_D_0084_resized.mp4",
    "active_window": [
        3,
        10
    ],
    "varying_k": 8,
    "detection_status": "Global Event Zone",
    "saliency_weights": [
        0.02206364303887364,
        0.0424950832787009,
        0.0759172187988443,
        0.11748081837884282,
        0.1679569507256302,
        0.22330054854702214,
        0.2641453016620197,
        0.26932026544632587,
        0.23564511035549987,
        0.17589312805313112,
        0.11213136810264668,
        0.06473701547322652,
        0.03837501845233186,
        0.02584368494605252,
        0.019827693412122756,
        0.01649015434357124,
        0.014375401364465593,
        0.013132470624662891,
        0.012575783432439399,
        0.01239492765711667,
        0.012344966870383245,
        0.012336299127373091,
        0.012346261323690788,
        0.012358678339298153,
        0.012363781427686904,
        0.012363133299915728,
        0.012353876458282814,
        0.012275507556692586,
        0.011866150522558641,
        0.010645259121672461,
        0.008603402996533551,
        0.00689292749099573
    ],
    "clip_indices": [
        0,
        3,
        7,
        11,
        15,
        19,
        22,
        26,
        30,
        34,
        38,
        41,
        45,
        49,
        53,
        57,
        60,
        64,
        68,
        72,
        76,
        79,
        83,
        87,
        91,
        95,
        98,
        102,
        106,
        110,
        114,
        118
    ]
}