{
    "video_path": "FallVision/Fall/Stand/f_raw_s_1/S_D_0067.mp4",
    "active_window": [
        8,
        14
    ],
    "varying_k": 7,
    "detection_status": "Global Event Zone",
    "saliency_weights": [
        0.004724988076434879,
        0.006554070614867381,
        0.008715491086555205,
        0.010129894501530186,
        0.01164967447589423,
        0.016625583632648506,
        0.031860794829302146,
        0.06634402582349616,
        0.1273487960070157,
        0.21008151846486517,
        0.2846839547643695,
        0.3142168374849203,
        0.2874443718621976,
        0.219905034055218,
        0.14096272024516032,
        0.07936527850022083,
        0.04476686844334253,
        0.0288155562378865,
        0.02139645391660578,
        0.017415103682813765,
        0.014982524746986272,
        0.013456503443785107,
        0.01249691456645486,
        0.011765869221701131,
        0.011086592211837814,
        0.010533277899833368,
        0.010211982209914264,
        0.010072134076906524,
        0.009842367908344243,
        0.009062842310263362,
        0.007647700937180512,
        0.006428842571603277
    ],
    "clip_indices": [
        0,
        3,
        7,
        11,
        15,
        19,
        23,
        26,
        30,
        34,
        38,
        42,
        46,
        49,
        53,
        57,
        61,
        65,
        69,
        72,
        76,
        80,
        84,
        88,
        92,
        95,
        99,
        103,
        107,
        111,
        115,
        119
    ]
}