{
    "video_path": "FallVision/Fall/Stand/f_raw_s_1/S_D_0218.mp4",
    "active_window": [
        2,
        9
    ],
    "varying_k": 8,
    "detection_status": "Global Event Zone",
    "saliency_weights": [
        0.03540013678224212,
        0.06972002850544012,
        0.12372857277737559,
        0.17873169427910113,
        0.2136082045615993,
        0.2151403038095604,
        0.19228530414807654,
        0.16291350965707851,
        0.13651291804397148,
        0.114705272507697,
        0.0958984915374966,
        0.07815675144419221,
        0.06115943884274373,
        0.04601407425077175,
        0.03410284023349226,
        0.026270189713294544,
        0.022044281836231614,
        0.019960609641718897,
        0.01885935469933754,
        0.018282448235026942,
        0.018055315999036328,
        0.018022519770189326,
        0.018057328311980314,
        0.018090065038329183,
        0.018099360675506278,
        0.018097312711587002,
        0.01808624456844645,
        0.017960440088523204,
        0.017265990533405655,
        0.01517641460985883,
        0.011675564550081254,
        0.008741585088473232
    ],
    "clip_indices": [
        0,
        3,
        7,
        11,
        15,
        19,
        23,
        26,
        30,
        34,
        38,
        42,
        46,
        49,
        53,
        57,
        61,
        65,
        69,
        72,
        76,
        80,
        84,
        88,
        92,
        95,
        99,
        103,
        107,
        111,
        115,
        119
    ]
}