{
    "video_path": "FallVision/Fall/Stand/f_raw_s_1/S_D_0053.mp4",
    "active_window": [
        7,
        15
    ],
    "varying_k": 9,
    "detection_status": "Global Event Zone",
    "saliency_weights": [
        0.004051122076385632,
        0.006034511307466971,
        0.008859435319794202,
        0.013014323353812762,
        0.022592074356591905,
        0.04194528486860819,
        0.07141535077733352,
        0.10763355581495304,
        0.1444326827587219,
        0.17652307625552638,
        0.20343113444537936,
        0.22338494898665434,
        0.22454226928405652,
        0.19546881597822358,
        0.14663271296477354,
        0.10281059762526691,
        0.07504955448617066,
        0.05728238359329424,
        0.043066650518132174,
        0.03194941923140747,
        0.024729826393167852,
        0.020629988603005377,
        0.018258607474709115,
        0.016490077379305922,
        0.014770696870240513,
        0.013132743717500676,
        0.011771627823363755,
        0.010735434457730984,
        0.009818353283978608,
        0.00857304964411729,
        0.006890461927262602,
        0.005554904577000589
    ],
    "clip_indices": [
        0,
        3,
        7,
        11,
        15,
        19,
        23,
        26,
        30,
        34,
        38,
        42,
        46,
        49,
        53,
        57,
        61,
        65,
        69,
        72,
        76,
        80,
        84,
        88,
        92,
        95,
        99,
        103,
        107,
        111,
        115,
        119
    ]
}