{
    "video_path": "FallVision/Fall/Stand/f_raw_s_1/S_D_0134_resized.mp4",
    "active_window": [
        6,
        12
    ],
    "varying_k": 7,
    "detection_status": "Global Event Zone",
    "saliency_weights": [
        0.003499678241282476,
        0.0046385066406105305,
        0.007278688704044621,
        0.013839164314237522,
        0.030684641740265063,
        0.06668785584807685,
        0.1291855405552768,
        0.2129410638945497,
        0.28721517712714995,
        0.3165859498088096,
        0.29327010246985646,
        0.2332033673037045,
        0.16063964680039275,
        0.09769196826683549,
        0.054499116303562134,
        0.03011346563938431,
        0.01870872103402138,
        0.013668050489754228,
        0.010839432163132445,
        0.008919909100842335,
        0.007649324324478422,
        0.006805168273553743,
        0.006201368835012161,
        0.005770286394741489,
        0.005501377671103742,
        0.005383967985397881,
        0.005380269401410941,
        0.005406161931571436,
        0.0053412772188925015,
        0.0050568065222395195,
        0.004559677243133735,
        0.004140158754092114
    ],
    "clip_indices": [
        0,
        3,
        7,
        11,
        15,
        19,
        23,
        26,
        30,
        34,
        38,
        42,
        46,
        49,
        53,
        57,
        61,
        65,
        69,
        72,
        76,
        80,
        84,
        88,
        92,
        95,
        99,
        103,
        107,
        111,
        115,
        119
    ]
}