{
    "video_path": "FallVision/Fall/Stand/f_raw_s_1/S_D_0224.mp4",
    "active_window": [
        3,
        9
    ],
    "varying_k": 7,
    "detection_status": "Global Event Zone",
    "saliency_weights": [
        0.021157450858143703,
        0.04519699561089968,
        0.0944343103846482,
        0.16523842767307356,
        0.2384194153976712,
        0.28727899348813724,
        0.2904268675714046,
        0.2432533524190621,
        0.17132114153413674,
        0.10899222693418967,
        0.06851091618752649,
        0.044613680653767654,
        0.030698440598163925,
        0.023069842406332697,
        0.019218902654356437,
        0.017065183030030386,
        0.015506218471002114,
        0.014341431622737554,
        0.01359960805546803,
        0.013216869137251397,
        0.013054292951034515,
        0.012952463150505113,
        0.012801034935598334,
        0.012567541318294628,
        0.0122758915783218,
        0.011985792802924913,
        0.011747081039645862,
        0.011533360043746013,
        0.011113784259634253,
        0.010036440466860894,
        0.008258654123386099,
        0.006770300786197517
    ],
    "clip_indices": [
        0,
        2,
        5,
        8,
        11,
        14,
        17,
        20,
        22,
        25,
        28,
        31,
        34,
        37,
        40,
        43,
        45,
        48,
        51,
        54,
        57,
        60,
        63,
        66,
        68,
        71,
        74,
        77,
        80,
        83,
        86,
        89
    ]
}