{
    "video_path": "FallVision/Fall/Stand/f_raw_s_1/S_D_0150_resized.mp4",
    "active_window": [
        3,
        9
    ],
    "varying_k": 7,
    "detection_status": "Global Event Zone",
    "saliency_weights": [
        0.008916834854566059,
        0.020519431211551933,
        0.051917453147926874,
        0.11038636541799467,
        0.19092178913355623,
        0.2723801943403389,
        0.3158047552818903,
        0.29255852229750573,
        0.2204827595798744,
        0.14051196655018697,
        0.07822018008056728,
        0.04053487822717229,
        0.023349724142388617,
        0.018738703741375408,
        0.021209102830585636,
        0.027717833431706355,
        0.03452200039703364,
        0.03724366497982244,
        0.034284760096746,
        0.027510677411634127,
        0.019791910231589882,
        0.013450117649315231,
        0.009448157500781018,
        0.007327121917624703,
        0.006289540361665791,
        0.005823946312236509,
        0.005651131269595551,
        0.005593972220715731,
        0.005501159948910497,
        0.005230220553030851,
        0.004772042216103016,
        0.004386817772105959
    ],
    "clip_indices": [
        0,
        2,
        5,
        8,
        11,
        14,
        17,
        20,
        22,
        25,
        28,
        31,
        34,
        37,
        40,
        43,
        45,
        48,
        51,
        54,
        57,
        60,
        63,
        66,
        68,
        71,
        74,
        77,
        80,
        83,
        86,
        89
    ]
}