{
    "video_path": "FallVision/Fall/Stand/f_raw_s_1/S_D_0126.mp4",
    "active_window": [
        2,
        6
    ],
    "varying_k": 5,
    "detection_status": "Global Event Zone",
    "saliency_weights": [
        0.047997269462512815,
        0.10083278717088073,
        0.19931442696791166,
        0.3142319943499795,
        0.3732920671485893,
        0.3243815103859632,
        0.21168550462451102,
        0.11342412992864612,
        0.05674752804426113,
        0.030131079488726575,
        0.019055152364913987,
        0.015173850830796077,
        0.014880281082477815,
        0.016511301882874238,
        0.017976136598031003,
        0.017172699505934134,
        0.014295879413742529,
        0.011503258328590164,
        0.010157698187479757,
        0.010027044700701395,
        0.01049351859146766,
        0.0112037111040688,
        0.011942559151820707,
        0.0125134307851667,
        0.0128275366612799,
        0.012956006693807767,
        0.012995778343005148,
        0.012944839748960367,
        0.012600351960173619,
        0.011567790903880156,
        0.009845337918775194,
        0.008404081568499405
    ],
    "clip_indices": [
        0,
        3,
        7,
        11,
        15,
        19,
        23,
        26,
        30,
        34,
        38,
        42,
        46,
        49,
        53,
        57,
        61,
        65,
        69,
        72,
        76,
        80,
        84,
        88,
        92,
        95,
        99,
        103,
        107,
        111,
        115,
        119
    ]
}