{
    "video_path": "FallVision/Fall/Stand/f_raw_s_1/S_D_0227.mp4",
    "active_window": [
        7,
        13
    ],
    "varying_k": 7,
    "detection_status": "Global Event Zone",
    "saliency_weights": [
        0.0035766273275833326,
        0.004508464451412413,
        0.005810839122030885,
        0.007715071290290888,
        0.013428891224726076,
        0.03310878615125222,
        0.08540673302927682,
        0.17567784652440235,
        0.26894945363466444,
        0.3182983232506321,
        0.3101662403747927,
        0.2598833632526591,
        0.19120995152668846,
        0.12566925331744683,
        0.07532879137429749,
        0.04304574404051738,
        0.02553530311176671,
        0.01670793956265462,
        0.01195671703634735,
        0.009259663764240797,
        0.007800538624897905,
        0.007062375531409473,
        0.006698945110961142,
        0.006526998601012345,
        0.006455570325405236,
        0.006436141518470528,
        0.006439053378396186,
        0.006428696622416914,
        0.006307419534629606,
        0.005905712824418299,
        0.005217647059903378,
        0.004637443897405216
    ],
    "clip_indices": [
        0,
        3,
        7,
        11,
        15,
        19,
        23,
        26,
        30,
        34,
        38,
        42,
        46,
        49,
        53,
        57,
        61,
        65,
        69,
        72,
        76,
        80,
        84,
        88,
        92,
        95,
        99,
        103,
        107,
        111,
        115,
        119
    ]
}