{
    "video_path": "FallVision/Fall/Stand/f_raw_s_1/S_D_0010.mp4",
    "active_window": [
        8,
        14
    ],
    "varying_k": 7,
    "detection_status": "Global Event Zone",
    "saliency_weights": [
        0.004334700808545528,
        0.005322192299098973,
        0.0065702796455168536,
        0.007594412573250374,
        0.008888859587553226,
        0.012149379056665372,
        0.021712420459030712,
        0.0488455346486747,
        0.112769990176248,
        0.21383235821596278,
        0.29931428239961866,
        0.307488036945299,
        0.24515585427061398,
        0.1684750401474746,
        0.11521251235384047,
        0.08975831806797852,
        0.07955865294023665,
        0.06942630475118544,
        0.054374228560645554,
        0.03987247805212894,
        0.030218936456022083,
        0.02398692307725027,
        0.01888932699550476,
        0.014638277430431893,
        0.011597707050147992,
        0.009654639081442078,
        0.008458846024480212,
        0.007696779377268266,
        0.00711099221923931,
        0.006487673115011661,
        0.005781590416241087,
        0.005258701267848464
    ],
    "clip_indices": [
        0,
        7,
        15,
        23,
        30,
        38,
        46,
        53,
        61,
        69,
        77,
        84,
        92,
        100,
        107,
        115,
        123,
        131,
        138,
        146,
        154,
        161,
        169,
        177,
        185,
        192,
        200,
        208,
        215,
        223,
        231,
        239
    ]
}