{
    "video_path": "FallVision/Fall/Stand/f_raw_s_1/S_D_0154_resized.mp4",
    "active_window": [
        8,
        13
    ],
    "varying_k": 6,
    "detection_status": "Global Event Zone",
    "saliency_weights": [
        0.004037816131942675,
        0.004773621744219572,
        0.005873351434288738,
        0.007488683150608006,
        0.011442327554918523,
        0.02270001561748111,
        0.050801589583160625,
        0.10541296219024804,
        0.1875051450260911,
        0.27915311672099297,
        0.3341467575234373,
        0.3115237665966563,
        0.2293368370978081,
        0.14299524231568642,
        0.08490011570929296,
        0.055121884380406966,
        0.04238292961635676,
        0.03589369207840561,
        0.029840450830558835,
        0.023246149181656663,
        0.01701710800425879,
        0.01217268655870828,
        0.009093425336840762,
        0.007395839183632102,
        0.006533777451863522,
        0.006146068537604239,
        0.006016160676082393,
        0.005987246559842684,
        0.005914203431615365,
        0.005659087361461051,
        0.0052149988181956,
        0.004839157899494588
    ],
    "clip_indices": [
        0,
        4,
        9,
        14,
        19,
        24,
        28,
        33,
        38,
        43,
        48,
        52,
        57,
        62,
        67,
        72,
        76,
        81,
        86,
        91,
        96,
        100,
        105,
        110,
        115,
        120,
        124,
        129,
        134,
        139,
        144,
        149
    ]
}