{
    "video_path": "FallVision/Fall/Stand/f_raw_s_1/S_D_0152_resized.mp4",
    "active_window": [
        8,
        13
    ],
    "varying_k": 6,
    "detection_status": "Global Event Zone",
    "saliency_weights": [
        0.004550745734533309,
        0.005383640190020624,
        0.006699296708117646,
        0.00840876737136566,
        0.011483081287832401,
        0.019644530418338697,
        0.041714336058075265,
        0.09026613738641627,
        0.17532817490422237,
        0.28341424550889205,
        0.35402368631439074,
        0.32852700697999937,
        0.23092695133433633,
        0.13644954110409552,
        0.08252858431883023,
        0.059098163702636985,
        0.04764843592989451,
        0.0382528282356856,
        0.02853531496053208,
        0.020032457387468602,
        0.014101520464905712,
        0.010464998382125654,
        0.00833088655903342,
        0.00713410081880889,
        0.006522574365522966,
        0.006246120211341844,
        0.006135427403189904,
        0.006088598656191711,
        0.006009524677409582,
        0.005781478837883632,
        0.005391560645144558,
        0.0050619434803831475
    ],
    "clip_indices": [
        0,
        4,
        9,
        14,
        19,
        24,
        28,
        33,
        38,
        43,
        48,
        52,
        57,
        62,
        67,
        72,
        76,
        81,
        86,
        91,
        96,
        100,
        105,
        110,
        115,
        120,
        124,
        129,
        134,
        139,
        144,
        149
    ]
}