{
    "video_path": "FallVision/Fall/Stand/f_raw_s_1/S_D_0241_resized.mp4",
    "active_window": [
        9,
        14
    ],
    "varying_k": 6,
    "detection_status": "Global Event Zone",
    "saliency_weights": [
        0.004177669310218448,
        0.004753717449876932,
        0.00543358087816556,
        0.005865436058702909,
        0.006329846266768052,
        0.008266286919240192,
        0.0162724585538716,
        0.04332385626964161,
        0.11269065311056096,
        0.22858047417167504,
        0.3374843453490323,
        0.3703699924560975,
        0.31965030152244833,
        0.22877995382919086,
        0.13982090364062294,
        0.07524774574870335,
        0.038388347177451154,
        0.020637122847289045,
        0.012796472617917196,
        0.009363389279419702,
        0.007699009368189409,
        0.006800529524169741,
        0.006315417940470261,
        0.006071345681767904,
        0.005963220970767834,
        0.005928262609003749,
        0.005926335504525027,
        0.0059203869685987435,
        0.005846049374420503,
        0.0056080873006970015,
        0.00520768343531057,
        0.004872196538248634
    ],
    "clip_indices": [
        0,
        4,
        9,
        14,
        19,
        24,
        29,
        33,
        38,
        43,
        48,
        53,
        58,
        62,
        67,
        72,
        77,
        82,
        87,
        91,
        96,
        101,
        106,
        111,
        116,
        120,
        125,
        130,
        135,
        140,
        145,
        150
    ]
}