{
    "video_path": "FallVision/Fall/Stand/f_raw_s_1/S_D_0166.mp4",
    "active_window": [
        8,
        17
    ],
    "varying_k": 10,
    "detection_status": "Global Event Zone",
    "saliency_weights": [
        0.0063056875247178845,
        0.010545101844205412,
        0.016193057191437314,
        0.022164363557366007,
        0.031834668486910696,
        0.0481194724008262,
        0.06784388067007771,
        0.08489850939594647,
        0.09541445285595176,
        0.10061201472857617,
        0.10905335184248527,
        0.129502711735655,
        0.1592666372784876,
        0.1857654674634366,
        0.1951915026024123,
        0.1795949345861667,
        0.14467740679943636,
        0.10602089860361594,
        0.07467078838288033,
        0.052764995016649725,
        0.03862291281182489,
        0.030000390423632672,
        0.024950054024854104,
        0.021934833954573258,
        0.019994996641535888,
        0.01875402579301779,
        0.01804361185414543,
        0.01757981599907278,
        0.016751755586443755,
        0.014640520268457746,
        0.011173278144064065,
        0.008276558365184681
    ],
    "clip_indices": [
        0,
        4,
        9,
        14,
        19,
        24,
        28,
        33,
        38,
        43,
        48,
        52,
        57,
        62,
        67,
        72,
        76,
        81,
        86,
        91,
        96,
        100,
        105,
        110,
        115,
        120,
        124,
        129,
        134,
        139,
        144,
        149
    ]
}