{
    "video_path": "FallVision/Fall/Stand/f_raw_s_1/S_D_0196.mp4",
    "active_window": [
        4,
        15
    ],
    "varying_k": 12,
    "detection_status": "Global Event Zone",
    "saliency_weights": [
        0.006094390909430559,
        0.014715551583721726,
        0.03678720327256764,
        0.0728586814852379,
        0.10992105825194998,
        0.1320815519813947,
        0.13408715800584942,
        0.12049956994568209,
        0.10346565029315455,
        0.09674145479700075,
        0.10774293466168827,
        0.13468360527229944,
        0.16433458465970552,
        0.17874416727209663,
        0.168059654506729,
        0.13431939788153696,
        0.09067785746775606,
        0.054566196987207057,
        0.033798375743101725,
        0.0243869571176413,
        0.020206573930851016,
        0.01788756105215976,
        0.016086432289696567,
        0.014411882212280742,
        0.012865917644784841,
        0.011599774666835577,
        0.010713978535789228,
        0.010118455762802837,
        0.009494738881730472,
        0.008342957289513894,
        0.006581819725090354,
        0.005133801794050894
    ],
    "clip_indices": [
        0,
        3,
        7,
        11,
        15,
        19,
        23,
        26,
        30,
        34,
        38,
        42,
        46,
        49,
        53,
        57,
        61,
        65,
        69,
        72,
        76,
        80,
        84,
        88,
        92,
        95,
        99,
        103,
        107,
        111,
        115,
        119
    ]
}