{
    "video_path": "FallVision/Fall/Stand/f_raw_s_1/S_D_0030_resized.mp4",
    "active_window": [
        7,
        15
    ],
    "varying_k": 9,
    "detection_status": "Global Event Zone",
    "saliency_weights": [
        0.0034973339302344837,
        0.004865962781756878,
        0.006744450253227941,
        0.009130399526702606,
        0.01490162052327695,
        0.03193647726183117,
        0.07329321802121391,
        0.14153209293595956,
        0.20969380427280226,
        0.2439462099160594,
        0.23911266499372708,
        0.21291014640368916,
        0.18550209628721112,
        0.16745364285485742,
        0.15095540484892792,
        0.12079443468468584,
        0.07883377396060762,
        0.042801722969320014,
        0.022705382101541625,
        0.01431555422203969,
        0.010852675433289487,
        0.009132421293283937,
        0.008168104542471277,
        0.007605523772028978,
        0.0072776620773163814,
        0.007103246768189903,
        0.007022371154333419,
        0.006946789497275263,
        0.006723773170294648,
        0.006149690559091233,
        0.005236475372475861,
        0.0044838944896226154
    ],
    "clip_indices": [
        0,
        2,
        5,
        8,
        11,
        14,
        17,
        19,
        22,
        25,
        28,
        31,
        34,
        36,
        39,
        42,
        45,
        48,
        51,
        53,
        56,
        59,
        62,
        65,
        68,
        70,
        73,
        76,
        79,
        82,
        85,
        88
    ]
}