{
    "video_path": "FallVision/Fall/Stand/f_raw_s_1/S_D_0214.mp4",
    "active_window": [
        1,
        7
    ],
    "varying_k": 7,
    "detection_status": "Global Event Zone",
    "saliency_weights": [
        0.10033484965233164,
        0.17851025552785058,
        0.25447457070490254,
        0.26464712156689985,
        0.22402573882580956,
        0.17601877404524835,
        0.1394911258292597,
        0.11403529947946833,
        0.09471775793419965,
        0.07739309072393666,
        0.06068445232375844,
        0.04533184059595318,
        0.03288036535175891,
        0.02455160274068769,
        0.020011178085382622,
        0.01776951132204734,
        0.01662199061979748,
        0.01603242614855796,
        0.015758101188533245,
        0.015625750519114138,
        0.015536281368933052,
        0.015470074121322742,
        0.015438213796491618,
        0.01544919956550143,
        0.01549414618602177,
        0.015544242720485348,
        0.015566933110973097,
        0.015479860936959588,
        0.014946139837432627,
        0.013338276117604492,
        0.010646742840111637,
        0.008391777617830318
    ],
    "clip_indices": [
        0,
        3,
        7,
        11,
        15,
        19,
        23,
        26,
        30,
        34,
        38,
        42,
        46,
        49,
        53,
        57,
        61,
        65,
        69,
        72,
        76,
        80,
        84,
        88,
        92,
        95,
        99,
        103,
        107,
        111,
        115,
        119
    ]
}