{
    "video_path": "FallVision/Fall/Stand/f_raw_s_1/S_D_0205.mp4",
    "active_window": [
        3,
        9
    ],
    "varying_k": 7,
    "detection_status": "Global Event Zone",
    "saliency_weights": [
        0.008292029982056207,
        0.02196170854057259,
        0.06189943234340576,
        0.13490729641509386,
        0.22318096253062902,
        0.29516263090821815,
        0.3208750488593114,
        0.28762128616567095,
        0.2183147502170453,
        0.1491624226538999,
        0.09689262814035171,
        0.06104778334609404,
        0.03751721689357375,
        0.023054556972221772,
        0.01492464709994164,
        0.010644808363244385,
        0.00844567958435987,
        0.007298046326695897,
        0.006665996907962884,
        0.006297921921484494,
        0.006072794596810907,
        0.00592624620302112,
        0.005828775911064081,
        0.005773823594835515,
        0.0057558483613541125,
        0.005759053863277917,
        0.005766465168734256,
        0.005755905949165141,
        0.005659615862643442,
        0.005355952600383443,
        0.004842726588352967,
        0.004411659506631398
    ],
    "clip_indices": [
        0,
        3,
        7,
        11,
        15,
        19,
        23,
        26,
        30,
        34,
        38,
        42,
        46,
        49,
        53,
        57,
        61,
        65,
        69,
        72,
        76,
        80,
        84,
        88,
        92,
        95,
        99,
        103,
        107,
        111,
        115,
        119
    ]
}