{
    "video_path": "FallVision/Fall/Stand/f_raw_s_1/S_D_0037_resized.mp4",
    "active_window": [
        14,
        19
    ],
    "varying_k": 6,
    "detection_status": "Global Event Zone",
    "saliency_weights": [
        0.006024916231924344,
        0.008055973268670653,
        0.010404908187671789,
        0.011731966539087174,
        0.01233640164160605,
        0.01312138490381775,
        0.014495730824252652,
        0.01639055906045765,
        0.01850365448238739,
        0.020866222483603456,
        0.02483786992300578,
        0.03433734844872253,
        0.057360461140694416,
        0.10445367332972583,
        0.18240655087789134,
        0.2798477259135062,
        0.34798527900295373,
        0.3284682266653243,
        0.22891004595509956,
        0.12241289473562739,
        0.05885648216586729,
        0.03195998550258029,
        0.02084212171170067,
        0.015555692403567922,
        0.013194730281867784,
        0.012371977166878802,
        0.012152458791318996,
        0.012035172722242115,
        0.011667807529711348,
        0.010697414107924347,
        0.00915284855548642,
        0.00788114859415504
    ],
    "clip_indices": [
        0,
        3,
        7,
        11,
        15,
        19,
        22,
        26,
        30,
        34,
        38,
        41,
        45,
        49,
        53,
        57,
        60,
        64,
        68,
        72,
        76,
        79,
        83,
        87,
        91,
        95,
        98,
        102,
        106,
        110,
        114,
        118
    ]
}