{
    "video_path": "FallVision/Fall/Stand/f_raw_s_1/S_D_0101_resized.mp4",
    "active_window": [
        4,
        10
    ],
    "varying_k": 7,
    "detection_status": "Global Event Zone",
    "saliency_weights": [
        0.01688319048186005,
        0.03350626402963314,
        0.06481613232670462,
        0.1077523593813583,
        0.15572823021133486,
        0.20341142676796403,
        0.2510938307001115,
        0.2917848089366488,
        0.2974806340806678,
        0.2458143687514785,
        0.15969116250710513,
        0.08415484530545234,
        0.038879800662946676,
        0.017692423132183444,
        0.00961433380374017,
        0.007133602156659602,
        0.006452795404576878,
        0.006165191066973153,
        0.005871341518190649,
        0.005508069887527634,
        0.005127879694286592,
        0.004816652310639677,
        0.004615104993889431,
        0.00449451641736446,
        0.004414588606805466,
        0.0043581402349937275,
        0.004318941012801768,
        0.004283786866758656,
        0.004214136997802535,
        0.004045352512784856,
        0.003774913108626054,
        0.0035507958011587936
    ],
    "clip_indices": [
        0,
        4,
        9,
        14,
        19,
        24,
        28,
        33,
        38,
        43,
        48,
        52,
        57,
        62,
        67,
        72,
        76,
        81,
        86,
        91,
        96,
        100,
        105,
        110,
        115,
        120,
        124,
        129,
        134,
        139,
        144,
        149
    ]
}