{
    "video_path": "FallVision/Fall/Stand/f_raw_s_1/S_D_0077_resized.mp4",
    "active_window": [
        4,
        10
    ],
    "varying_k": 7,
    "detection_status": "Global Event Zone",
    "saliency_weights": [
        0.02272590195140785,
        0.04101198232626947,
        0.06682184350413546,
        0.09791531810602774,
        0.15020076195784704,
        0.2262999740774044,
        0.2827671636140274,
        0.2748274024106431,
        0.2165652960446413,
        0.15241816005509884,
        0.10582389433586362,
        0.07728682900000128,
        0.05928743340835344,
        0.04472332630539169,
        0.03173877209421252,
        0.022241792922543326,
        0.01694370922096422,
        0.014343864581907513,
        0.012940578579921005,
        0.012140439544757117,
        0.011757567343787662,
        0.011644411887483028,
        0.011666532118044854,
        0.011726630301838818,
        0.011777368886657778,
        0.011817074104341251,
        0.011840793592066065,
        0.01177707541223558,
        0.011393766536085623,
        0.010305456564333983,
        0.008531447613129645,
        0.007058828596436885
    ],
    "clip_indices": [
        0,
        2,
        5,
        8,
        11,
        14,
        17,
        20,
        22,
        25,
        28,
        31,
        34,
        37,
        40,
        43,
        45,
        48,
        51,
        54,
        57,
        60,
        63,
        66,
        68,
        71,
        74,
        77,
        80,
        83,
        86,
        89
    ]
}