{
    "video_path": "FallVision/Fall/Stand/f_raw_s_1/S_D_0190.mp4",
    "active_window": [
        5,
        10
    ],
    "varying_k": 6,
    "detection_status": "Global Event Zone",
    "saliency_weights": [
        0.00457039747746801,
        0.007992683389297385,
        0.017451683444202677,
        0.041392948094903875,
        0.09423424410378442,
        0.1744536721392294,
        0.24112803481443143,
        0.25185192186813854,
        0.21335565841041704,
        0.16085474787890408,
        0.1196237049916381,
        0.09876321008472397,
        0.09495856661728752,
        0.09793575431619878,
        0.09635881425936763,
        0.08294403975490959,
        0.060745646150187044,
        0.04006279052819335,
        0.026808884295740715,
        0.01955653140206059,
        0.015337293719254682,
        0.012694263351670988,
        0.011072744774848967,
        0.01011314279763706,
        0.00956109783219741,
        0.009276120904790096,
        0.009164399073728565,
        0.009103231718509092,
        0.008863678191890694,
        0.008113910560295787,
        0.006839449872480868,
        0.0057667434755259974
    ],
    "clip_indices": [
        0,
        3,
        7,
        11,
        15,
        19,
        23,
        26,
        30,
        34,
        38,
        42,
        46,
        49,
        53,
        57,
        61,
        65,
        69,
        72,
        76,
        80,
        84,
        88,
        92,
        95,
        99,
        103,
        107,
        111,
        115,
        119
    ]
}