{
    "video_path": "FallVision/Fall/Stand/f_raw_s_1/S_D_0237_resized.mp4",
    "active_window": [
        5,
        10
    ],
    "varying_k": 6,
    "detection_status": "Global Event Zone",
    "saliency_weights": [
        0.004771507902738363,
        0.006662164577519794,
        0.01229307830693577,
        0.029575884533151627,
        0.07531324412343589,
        0.15973425557860654,
        0.2658259753788458,
        0.3544608985151039,
        0.3769447673616396,
        0.30847614897974335,
        0.19104545332343004,
        0.09404225192076975,
        0.042672556881955585,
        0.021557500482773786,
        0.013048340564999029,
        0.00922032758500511,
        0.007378037685421859,
        0.006500814063661285,
        0.006112106465477669,
        0.005957982334721457,
        0.005904683569420876,
        0.005891949531194252,
        0.005894792778175617,
        0.0059031468263301135,
        0.005912482222809219,
        0.005920131464531067,
        0.005923627278953839,
        0.005911776055416774,
        0.005835180577001062,
        0.005601544332739587,
        0.005209016613513443,
        0.004879793943221676
    ],
    "clip_indices": [
        0,
        3,
        7,
        11,
        15,
        19,
        23,
        27,
        30,
        34,
        38,
        42,
        46,
        50,
        54,
        58,
        61,
        65,
        69,
        73,
        77,
        81,
        85,
        89,
        92,
        96,
        100,
        104,
        108,
        112,
        116,
        120
    ]
}