{
    "video_path": "FallVision/Fall/Chair/f_raw_c_3/C_D_0066.mp4",
    "active_window": [
        21,
        27
    ],
    "varying_k": 7,
    "detection_status": "Global Event Zone",
    "saliency_weights": [
        0.004037803055016791,
        0.005179723153951147,
        0.006541520559022544,
        0.007353392199207933,
        0.007623751321297903,
        0.007675714938244378,
        0.0076839275385110675,
        0.007688172776111559,
        0.007692438705660878,
        0.007701118590120377,
        0.007734207802132298,
        0.007845674750734426,
        0.00814721945710169,
        0.008793197548994484,
        0.00994381018046216,
        0.011795128488579327,
        0.014685491835513017,
        0.019351775358442732,
        0.027433841964684805,
        0.04210630623658433,
        0.06853637895322023,
        0.11237870929379748,
        0.17408901717522812,
        0.24362033160894242,
        0.2975561187687228,
        0.3040268741008031,
        0.2532713422034341,
        0.17532111026401087,
        0.10509378635823122,
        0.05592960378893043,
        0.027611920966020272,
        0.015265064803619766
    ],
    "clip_indices": [
        0,
        1,
        3,
        5,
        7,
        9,
        11,
        13,
        15,
        17,
        19,
        20,
        22,
        24,
        26,
        28,
        30,
        32,
        34,
        36,
        38,
        39,
        41,
        43,
        45,
        47,
        49,
        51,
        53,
        55,
        57,
        59
    ]
}