{
    "video_path": "FallVision/Fall/Chair/f_raw_c_3/C_D_0205_resized.mp4",
    "active_window": [
        1,
        7
    ],
    "varying_k": 7,
    "detection_status": "Global Event Zone",
    "saliency_weights": [
        0.08194504286412418,
        0.15482827083721376,
        0.25185044751670704,
        0.32270038029187287,
        0.3387140110403044,
        0.29444802745549403,
        0.2148329622564436,
        0.13466565477914313,
        0.07389305388490153,
        0.037584204522592875,
        0.020355962702299824,
        0.013050824119148778,
        0.0096780297060646,
        0.00789209936148263,
        0.006919463097158332,
        0.006436170785351874,
        0.00622028463903703,
        0.006087023281908769,
        0.005940850777953517,
        0.00578421540153295,
        0.005669734159522598,
        0.005653444423616872,
        0.005733596882024513,
        0.0058410505180874536,
        0.005925754853953908,
        0.005996284981051862,
        0.006049842609205528,
        0.006021527155898909,
        0.005823044793632751,
        0.0053952770331659045,
        0.004803411389856939,
        0.004342993509441168
    ],
    "clip_indices": [
        0,
        2,
        5,
        8,
        11,
        14,
        17,
        20,
        22,
        25,
        28,
        31,
        34,
        37,
        40,
        43,
        45,
        48,
        51,
        54,
        57,
        60,
        63,
        66,
        68,
        71,
        74,
        77,
        80,
        83,
        86,
        89
    ]
}