{
    "video_path": "FallVision/Fall/Chair/f_raw_c_3/C_D_0002.mp4",
    "active_window": [
        1,
        6
    ],
    "varying_k": 6,
    "detection_status": "Global Event Zone",
    "saliency_weights": [
        0.0947263080603702,
        0.1757690617461961,
        0.27426600417763314,
        0.3288717157551296,
        0.31747091000561656,
        0.24984004273425775,
        0.16402776801073135,
        0.09873581557564554,
        0.061456698433900156,
        0.040698275908879464,
        0.027911689893149336,
        0.0202568635842357,
        0.01622055710719389,
        0.014181074920475613,
        0.012961926556776412,
        0.011986668847656156,
        0.011116743394438891,
        0.010440149885580978,
        0.010027314227698512,
        0.00984821512450614,
        0.009820869845582598,
        0.009850907189592618,
        0.00986595820175159,
        0.009834931187796679,
        0.009777999795718285,
        0.009755408145128432,
        0.009784117753238803,
        0.009765289444587651,
        0.00947600317978237,
        0.0086224396868204,
        0.007239468876265143,
        0.006096129120840366
    ],
    "clip_indices": [
        0,
        4,
        9,
        14,
        19,
        24,
        28,
        33,
        38,
        43,
        48,
        52,
        57,
        62,
        67,
        72,
        76,
        81,
        86,
        91,
        96,
        100,
        105,
        110,
        115,
        120,
        124,
        129,
        134,
        139,
        144,
        149
    ]
}