{
    "video_path": "FallVision/Fall/Chair/f_raw_c_3/C_D_0258_resized.mp4",
    "active_window": [
        7,
        12
    ],
    "varying_k": 6,
    "detection_status": "Global Event Zone",
    "saliency_weights": [
        0.003494976709220942,
        0.00419207505602907,
        0.0054164051373966505,
        0.007965762881611188,
        0.01573049767800288,
        0.03959265978748398,
        0.09870251379589853,
        0.19806615080078877,
        0.300336087537113,
        0.35347557545150327,
        0.3364270425442305,
        0.2619431584952799,
        0.1665119815209026,
        0.08972612181651501,
        0.045707347664164705,
        0.025349144147519664,
        0.01657708192903468,
        0.012349394487477468,
        0.009711075074272588,
        0.007907778869325165,
        0.006762023899723021,
        0.006023894058320839,
        0.005503116396565877,
        0.0051700280088972286,
        0.005027694275115523,
        0.005022041267177308,
        0.005074119098821486,
        0.005105722916304751,
        0.005036267872569568,
        0.004791722426251695,
        0.004395988009272003,
        0.004070763191104642
    ],
    "clip_indices": [
        0,
        3,
        7,
        11,
        15,
        19,
        23,
        26,
        30,
        34,
        38,
        42,
        46,
        49,
        53,
        57,
        61,
        65,
        69,
        72,
        76,
        80,
        84,
        88,
        92,
        95,
        99,
        103,
        107,
        111,
        115,
        119
    ]
}