{
    "video_path": "FallVision/Fall/Chair/f_raw_c_3/C_D_0083.mp4",
    "active_window": [
        23,
        29
    ],
    "varying_k": 7,
    "detection_status": "Global Event Zone",
    "saliency_weights": [
        0.005589165818120812,
        0.009350831314922868,
        0.01383573906648495,
        0.01650457972318642,
        0.017378690015550376,
        0.01752136325090221,
        0.017521507760523438,
        0.017527857933419773,
        0.017563291041658456,
        0.017665945754366717,
        0.018043269512954558,
        0.01949008095466529,
        0.02396499660356313,
        0.034172626776229634,
        0.052013543627412055,
        0.07588941922974249,
        0.09716026722566973,
        0.10470449499872603,
        0.09776615995364835,
        0.08685294499248092,
        0.08101974238512602,
        0.08211062495434959,
        0.08786650712823249,
        0.09543672239559209,
        0.10551957610904507,
        0.1224500762187869,
        0.14495111026423238,
        0.1606416607925536,
        0.15649322779966945,
        0.12837322107532034,
        0.08432629139240644,
        0.04916487393634994
    ],
    "clip_indices": [
        0,
        1,
        3,
        5,
        7,
        9,
        11,
        13,
        15,
        17,
        19,
        20,
        22,
        24,
        26,
        28,
        30,
        32,
        34,
        36,
        38,
        39,
        41,
        43,
        45,
        47,
        49,
        51,
        53,
        55,
        57,
        59
    ]
}