{
    "video_path": "FallVision/Fall/Chair/f_raw_c_3/C_D_0155_resized.mp4",
    "active_window": [
        15,
        20
    ],
    "varying_k": 6,
    "detection_status": "Global Event Zone",
    "saliency_weights": [
        0.0033327445181595356,
        0.0038409834053116823,
        0.004453266892896065,
        0.004839528718268435,
        0.005022590166805545,
        0.005157281892301965,
        0.0053077235883022215,
        0.005476607217674748,
        0.005686911941073316,
        0.006032610224894946,
        0.006808128910768712,
        0.008968118356393426,
        0.015494487926655014,
        0.03469902305336402,
        0.08284090898222475,
        0.17033568561441814,
        0.2744205981352928,
        0.34615651577475814,
        0.3513734248212702,
        0.2891895153481039,
        0.18973909974852732,
        0.10021711729168378,
        0.04751107124560201,
        0.024352027167471143,
        0.014859830596562498,
        0.0107870282888442,
        0.009137020407063802,
        0.008488424376342181,
        0.007979716258989565,
        0.007172295521475757,
        0.006060922928944887,
        0.005186041492647213
    ],
    "clip_indices": [
        0,
        1,
        3,
        5,
        7,
        9,
        11,
        13,
        15,
        17,
        19,
        20,
        22,
        24,
        26,
        28,
        30,
        32,
        34,
        36,
        38,
        39,
        41,
        43,
        45,
        47,
        49,
        51,
        53,
        55,
        57,
        59
    ]
}