{
    "video_path": "FallVision/Fall/Chair/f_raw_c_3/C_D_0108.mp4",
    "active_window": [
        17,
        24
    ],
    "varying_k": 8,
    "detection_status": "Global Event Zone",
    "saliency_weights": [
        0.004410212678197819,
        0.006458763243770216,
        0.00892555874610643,
        0.010559358708059248,
        0.011646497399025735,
        0.012780836130909242,
        0.013607157248573552,
        0.013516376536214566,
        0.012719345960479458,
        0.011936500084514266,
        0.011791265543772026,
        0.013074789355516305,
        0.017246603867472843,
        0.02571324450632817,
        0.038439610847028315,
        0.05512130515359602,
        0.07799949657102483,
        0.11090839186987222,
        0.15421410322238288,
        0.2011907397042892,
        0.2363807080911629,
        0.24090569154572022,
        0.21074952691503224,
        0.16288265422086873,
        0.11685981379531947,
        0.0829280131721928,
        0.06218562247913462,
        0.04853179747753719,
        0.03620119166526163,
        0.024627334299767732,
        0.015543658165367753,
        0.010416138221815766
    ],
    "clip_indices": [
        0,
        2,
        5,
        8,
        11,
        14,
        17,
        20,
        22,
        25,
        28,
        31,
        34,
        37,
        40,
        43,
        45,
        48,
        51,
        54,
        57,
        60,
        63,
        66,
        68,
        71,
        74,
        77,
        80,
        83,
        86,
        89
    ]
}