{
    "video_path": "FallVision/Fall/Chair/f_raw_c_3/C_D_0105.mp4",
    "active_window": [
        19,
        25
    ],
    "varying_k": 7,
    "detection_status": "Global Event Zone",
    "saliency_weights": [
        0.003993390219473016,
        0.0051117833232342145,
        0.006439354509096147,
        0.007220224762342868,
        0.007475018100052441,
        0.007544716145206055,
        0.007642418630254708,
        0.007898997967318626,
        0.008494087404889094,
        0.009622796335940535,
        0.011413249546413906,
        0.014050607324161905,
        0.01795548546393681,
        0.0236218627015969,
        0.031207189441800773,
        0.040486056555153624,
        0.0513024367954408,
        0.06542428243950481,
        0.08948330928081184,
        0.13223237446810854,
        0.19365708381059765,
        0.2586179517790078,
        0.2985771540735495,
        0.2824324452577461,
        0.2100307078628557,
        0.1245191940354051,
        0.0646104653665331,
        0.033417140985480674,
        0.019045430588139574,
        0.012297890923921743,
        0.008496065417334378,
        0.006450043590901371
    ],
    "clip_indices": [
        0,
        1,
        3,
        5,
        7,
        9,
        11,
        13,
        15,
        17,
        19,
        20,
        22,
        24,
        26,
        28,
        30,
        32,
        34,
        36,
        38,
        39,
        41,
        43,
        45,
        47,
        49,
        51,
        53,
        55,
        57,
        59
    ]
}