{
    "video_path": "FallVision/Fall/Chair/f_raw_c_3/C_D_0178.mp4",
    "active_window": [
        15,
        28
    ],
    "varying_k": 14,
    "detection_status": "Global Event Zone",
    "saliency_weights": [
        0.0035565284338534738,
        0.005023927141540497,
        0.006578319908391906,
        0.0071104820787579685,
        0.006799479486946075,
        0.00628194938178898,
        0.005807035333307243,
        0.005441069051586201,
        0.005449383166888757,
        0.006174252078714061,
        0.007796897661230086,
        0.01071653479898823,
        0.016612197893275046,
        0.03039608212113035,
        0.06131712058993219,
        0.11313354163897393,
        0.16629217269586896,
        0.1888808409426765,
        0.17520396878600475,
        0.14899936329265567,
        0.12724037641155836,
        0.10745717849233762,
        0.08723183359793105,
        0.07462603288069822,
        0.07895029671419845,
        0.10161280878774803,
        0.13003271624696622,
        0.13788759070326195,
        0.11175684607321193,
        0.06998360237998841,
        0.0365635698563846,
        0.019557903884497255
    ],
    "clip_indices": [
        0,
        3,
        7,
        11,
        15,
        19,
        23,
        26,
        30,
        34,
        38,
        42,
        46,
        49,
        53,
        57,
        61,
        65,
        69,
        72,
        76,
        80,
        84,
        88,
        92,
        95,
        99,
        103,
        107,
        111,
        115,
        119
    ]
}