{
    "video_path": "FallVision/Fall/Chair/f_raw_c_3/C_D_0259_resized.mp4",
    "active_window": [
        15,
        21
    ],
    "varying_k": 7,
    "detection_status": "Global Event Zone",
    "saliency_weights": [
        0.0047680901260606385,
        0.005867048047795008,
        0.007164492065980776,
        0.007911623640261007,
        0.008128870658991524,
        0.008147645483957824,
        0.008152706442843827,
        0.008207017989567212,
        0.008372738658757935,
        0.008790357303878105,
        0.00981740716009035,
        0.012388351683640312,
        0.018770800874015885,
        0.033663865409077495,
        0.06519059148207398,
        0.12189584000508451,
        0.20433650675951356,
        0.29590624392216025,
        0.35417350939693315,
        0.33118934037430936,
        0.2330397756991987,
        0.125751865389796,
        0.058737795281370325,
        0.029267059770253512,
        0.01799306764864883,
        0.01375198978627434,
        0.012154064912137259,
        0.0113956018706063,
        0.010619204625827884,
        0.009451400585135473,
        0.007969629126049456,
        0.006844464794844933
    ],
    "clip_indices": [
        0,
        2,
        5,
        8,
        11,
        14,
        17,
        20,
        22,
        25,
        28,
        31,
        34,
        37,
        40,
        43,
        45,
        48,
        51,
        54,
        57,
        60,
        63,
        66,
        68,
        71,
        74,
        77,
        80,
        83,
        86,
        89
    ]
}