{
    "video_path": "FallVision/Fall/Chair/f_raw_c_3/C_D_0112.mp4",
    "active_window": [
        7,
        13
    ],
    "varying_k": 7,
    "detection_status": "Global Event Zone",
    "saliency_weights": [
        0.00391440676325134,
        0.005516055935418641,
        0.00794528039765975,
        0.01121647697033441,
        0.017549844173722885,
        0.031717465612227345,
        0.06080170585905571,
        0.10905248060369042,
        0.17015742756784522,
        0.22769386894944393,
        0.25848528201754845,
        0.24553304242748175,
        0.19710698043026784,
        0.13816637758163566,
        0.08782015954915362,
        0.053896742937461176,
        0.03665347308963639,
        0.03262051639742498,
        0.037971298950278676,
        0.04855618455286176,
        0.057634025779271694,
        0.05724117617066654,
        0.04614724432273922,
        0.03202446551985137,
        0.021720978472354463,
        0.01573666764924737,
        0.01219314141403205,
        0.009966115668517912,
        0.008486499376107121,
        0.007197671505441738,
        0.00584241246867109,
        0.0048505292119320614
    ],
    "clip_indices": [
        0,
        2,
        5,
        8,
        11,
        14,
        17,
        20,
        22,
        25,
        28,
        31,
        34,
        37,
        40,
        43,
        45,
        48,
        51,
        54,
        57,
        60,
        63,
        66,
        68,
        71,
        74,
        77,
        80,
        83,
        86,
        89
    ]
}