{
    "video_path": "FallVision/Fall/Chair/f_raw_c_3/C_D_0128_resized.mp4",
    "active_window": [
        20,
        26
    ],
    "varying_k": 7,
    "detection_status": "Global Event Zone",
    "saliency_weights": [
        0.0038773456436138783,
        0.004905042588112061,
        0.006125466348806701,
        0.006844736352422149,
        0.007080456182946056,
        0.0071324417906803795,
        0.007156800819901899,
        0.007211521717810206,
        0.007390309289265444,
        0.007830893434514518,
        0.008675164377464212,
        0.010041918239186171,
        0.011973455096675198,
        0.014383335414413525,
        0.01703015560952639,
        0.01987108018363823,
        0.023904538653282063,
        0.03208225609051317,
        0.0502112557876668,
        0.08576095587711874,
        0.1426901066054873,
        0.21516101782760358,
        0.2799622653401677,
        0.30149163904820064,
        0.2663152869864198,
        0.199630955065159,
        0.13290767167610748,
        0.0813251950082283,
        0.04769737131976695,
        0.027654258669057553,
        0.015919490667459808,
        0.01013568885771812
    ],
    "clip_indices": [
        0,
        1,
        3,
        5,
        7,
        9,
        11,
        13,
        15,
        17,
        19,
        20,
        22,
        24,
        26,
        28,
        30,
        32,
        34,
        36,
        38,
        39,
        41,
        43,
        45,
        47,
        49,
        51,
        53,
        55,
        57,
        59
    ]
}