{
    "video_path": "FallVision/Fall/Chair/f_raw_c_3/C_D_0106.mp4",
    "active_window": [
        24,
        30
    ],
    "varying_k": 7,
    "detection_status": "Global Event Zone",
    "saliency_weights": [
        0.004753762726199233,
        0.007292885929811418,
        0.010249019078963847,
        0.011872747586964489,
        0.012262289808637642,
        0.012228838665428465,
        0.012149398832227116,
        0.01206098607175559,
        0.011980089828755158,
        0.01199485822534549,
        0.012317558313952688,
        0.013430677013107333,
        0.01623652348102668,
        0.021628875158710245,
        0.029610595440914343,
        0.03918779531889842,
        0.04873900312546242,
        0.05651745519844792,
        0.06151271292628059,
        0.06377520273402024,
        0.06435614222263722,
        0.06540545097759912,
        0.07026278258553671,
        0.08341632853457373,
        0.10919677738056284,
        0.1490740349730815,
        0.19552123726458087,
        0.22880901993350083,
        0.22978638682769825,
        0.1917236566933505,
        0.1265280152207027,
        0.0731911181798022
    ],
    "clip_indices": [
        0,
        2,
        5,
        8,
        11,
        14,
        17,
        20,
        22,
        25,
        28,
        31,
        34,
        37,
        40,
        43,
        45,
        48,
        51,
        54,
        57,
        60,
        63,
        66,
        68,
        71,
        74,
        77,
        80,
        83,
        86,
        89
    ]
}