{
    "video_path": "FallVision/Fall/Chair/f_raw_c_3/C_D_0261_resized.mp4",
    "active_window": [
        8,
        14
    ],
    "varying_k": 7,
    "detection_status": "Global Event Zone",
    "saliency_weights": [
        0.004695384595793574,
        0.005950907705509779,
        0.007651201066955862,
        0.009435742948691239,
        0.012363763053542686,
        0.01886974882840982,
        0.03367786501776239,
        0.0671876215613555,
        0.13582722116489315,
        0.23880518667466258,
        0.32811764858544656,
        0.3453699531583164,
        0.2879038073788669,
        0.19816204320956965,
        0.11571037857305039,
        0.06054203627954992,
        0.033146384538381105,
        0.022178376610812848,
        0.017555460201895717,
        0.014871513497790019,
        0.012857700360149257,
        0.011304197815955982,
        0.010160288506154951,
        0.009274973535086896,
        0.008554805946553775,
        0.008052486494784258,
        0.00780320431839169,
        0.007695360340169039,
        0.007522191998616586,
        0.007060064395958153,
        0.006297495463012576,
        0.00566074439894417
    ],
    "clip_indices": [
        0,
        2,
        5,
        8,
        11,
        14,
        17,
        20,
        22,
        25,
        28,
        31,
        34,
        37,
        40,
        43,
        45,
        48,
        51,
        54,
        57,
        60,
        63,
        66,
        68,
        71,
        74,
        77,
        80,
        83,
        86,
        89
    ]
}