{
    "video_path": "FallVision/Fall/Chair/f_raw_c_3/C_D_0160_resized.mp4",
    "active_window": [
        0,
        6
    ],
    "varying_k": 7,
    "detection_status": "Global Event Zone",
    "saliency_weights": [
        0.14208993683312884,
        0.2516545626067691,
        0.35463058421750093,
        0.3584287570621684,
        0.2835625251190571,
        0.19354218305207604,
        0.12100833161103147,
        0.0719828654185528,
        0.04241284731407085,
        0.02590609139336219,
        0.017289362005853074,
        0.01303342572600957,
        0.011023407198207387,
        0.0100919936974125,
        0.009660308330120587,
        0.009474766534474433,
        0.00941576313567247,
        0.009414429499944962,
        0.009434586818541426,
        0.009461261189030417,
        0.009482876046656282,
        0.009486856620533696,
        0.009472140584648351,
        0.009452019699051066,
        0.009434852822507995,
        0.009414551087008706,
        0.009382258649545987,
        0.009310922268645723,
        0.009065036505375811,
        0.008381425967722556,
        0.007252328122787744,
        0.006309156346582003
    ],
    "clip_indices": [
        0,
        2,
        5,
        8,
        11,
        14,
        17,
        20,
        23,
        26,
        29,
        31,
        34,
        37,
        40,
        43,
        46,
        49,
        52,
        55,
        58,
        60,
        63,
        66,
        69,
        72,
        75,
        78,
        81,
        84,
        87,
        90
    ]
}