{
    "video_path": "FallVision/Fall/Chair/f_raw_c_3/C_D_0070.mp4",
    "active_window": [
        12,
        20
    ],
    "varying_k": 9,
    "detection_status": "Global Event Zone",
    "saliency_weights": [
        0.002882302583278794,
        0.0034674453716454067,
        0.004165063229362522,
        0.004585503274143267,
        0.004756493985840822,
        0.004924862162923729,
        0.005435501939510022,
        0.007044719463788201,
        0.011508889342992903,
        0.02198308019539992,
        0.0428101398007716,
        0.07585955185630194,
        0.11493656070027425,
        0.14929325987602582,
        0.17265020147903049,
        0.18689235776915925,
        0.20205519310990064,
        0.2255926283878315,
        0.24171379325511244,
        0.21968494409023864,
        0.1572206164057363,
        0.08908844727888013,
        0.04355514850908081,
        0.020994935476200193,
        0.01151470263119115,
        0.007868554468112628,
        0.006345619562965238,
        0.005561569440253711,
        0.005065128350460829,
        0.004593004321395772,
        0.004049346066223987,
        0.003636747740004327
    ],
    "clip_indices": [
        0,
        11,
        23,
        34,
        46,
        57,
        69,
        81,
        92,
        104,
        115,
        127,
        138,
        150,
        162,
        173,
        185,
        196,
        208,
        220,
        231,
        243,
        254,
        266,
        277,
        289,
        301,
        312,
        324,
        335,
        347,
        359
    ]
}