{
    "video_path": "FallVision/Fall/Chair/f_raw_c_3/C_D_0262_resized.mp4",
    "active_window": [
        8,
        13
    ],
    "varying_k": 6,
    "detection_status": "Global Event Zone",
    "saliency_weights": [
        0.005325244261339256,
        0.006524733682700561,
        0.00821186276475048,
        0.010225288357963137,
        0.014055675136085072,
        0.02314009995056636,
        0.044110267117221755,
        0.08932623169878752,
        0.1749412912008559,
        0.2929101051058717,
        0.3770768478918005,
        0.3576103362907179,
        0.25381150024296106,
        0.1438823480855286,
        0.07220581323872971,
        0.035999881194020915,
        0.020092661591536602,
        0.013489140083126561,
        0.01054731830018866,
        0.009132690672050647,
        0.008510655909290274,
        0.008312161289007095,
        0.008306846952537956,
        0.008362403465414014,
        0.008415796163985422,
        0.008452472225515376,
        0.008470711411122683,
        0.008446788619655636,
        0.008286326838989867,
        0.00782295960217715,
        0.0070627476270025075,
        0.006430287279243171
    ],
    "clip_indices": [
        0,
        3,
        7,
        11,
        15,
        19,
        23,
        26,
        30,
        34,
        38,
        42,
        46,
        49,
        53,
        57,
        61,
        65,
        69,
        72,
        76,
        80,
        84,
        88,
        92,
        95,
        99,
        103,
        107,
        111,
        115,
        119
    ]
}