{
    "video_path": "FallVision/Fall/Chair/f_raw_c_3/C_D_0055.mp4",
    "active_window": [
        1,
        6
    ],
    "varying_k": 6,
    "detection_status": "Global Event Zone",
    "saliency_weights": [
        0.07174490438504291,
        0.13740509937564468,
        0.2297496085252224,
        0.30355020897120943,
        0.3210185093993969,
        0.26873306989677803,
        0.18132687410875542,
        0.10655739657176974,
        0.0606460996088317,
        0.03673067240229426,
        0.025308666732223806,
        0.019984772307453838,
        0.017433191801725253,
        0.016205695840171855,
        0.015674626350737283,
        0.015522167416417805,
        0.01554485663732556,
        0.01560330542961494,
        0.015647218415602522,
        0.015690988234600207,
        0.015722538225640348,
        0.015682543768020904,
        0.015542923748159975,
        0.01534361620612584,
        0.015143578314630549,
        0.014992417869373742,
        0.014935011691457396,
        0.01494749457324726,
        0.014673271379816392,
        0.013347206773130168,
        0.010835094155844152,
        0.008651787184839001
    ],
    "clip_indices": [
        0,
        3,
        7,
        11,
        15,
        19,
        23,
        26,
        30,
        34,
        38,
        42,
        46,
        49,
        53,
        57,
        61,
        65,
        69,
        72,
        76,
        80,
        84,
        88,
        92,
        95,
        99,
        103,
        107,
        111,
        115,
        119
    ]
}