{
    "video_path": "FallVision/Fall/Chair/f_raw_c_3/C_D_0053.mp4",
    "active_window": [
        8,
        13
    ],
    "varying_k": 6,
    "detection_status": "Global Event Zone",
    "saliency_weights": [
        0.011090567338714066,
        0.018802779051824498,
        0.02887271147806096,
        0.03675929175721038,
        0.04245106641335419,
        0.04973638467316421,
        0.06588830298067819,
        0.0993965738543091,
        0.15509984254805312,
        0.22484501977849286,
        0.276914998439172,
        0.2777401482595556,
        0.2288033967755479,
        0.15900901619270252,
        0.09528482271933772,
        0.0519423233662101,
        0.029605141065156916,
        0.02016243071847751,
        0.016240066150550708,
        0.014461007277540742,
        0.013674817717278378,
        0.013482324478589821,
        0.013627219996691638,
        0.013835011155870934,
        0.013964503841111435,
        0.014084226778859201,
        0.014278312734167634,
        0.014457051474438033,
        0.014219109149443382,
        0.012878520294840155,
        0.010386259640438295,
        0.008240221351785322
    ],
    "clip_indices": [
        0,
        3,
        7,
        11,
        15,
        19,
        23,
        26,
        30,
        34,
        38,
        42,
        46,
        49,
        53,
        57,
        61,
        65,
        69,
        72,
        76,
        80,
        84,
        88,
        92,
        95,
        99,
        103,
        107,
        111,
        115,
        119
    ]
}