{
    "video_path": "FallVision/Fall/Chair/f_raw_c_3/C_D_0102.mp4",
    "active_window": [
        23,
        28
    ],
    "varying_k": 6,
    "detection_status": "Global Event Zone",
    "saliency_weights": [
        0.004796283328986005,
        0.006664726437873169,
        0.00890074938886167,
        0.010250462980601192,
        0.010722848330242677,
        0.010836137754765517,
        0.010868246036746226,
        0.010895696760866495,
        0.010981204647302614,
        0.011239364650657741,
        0.011861561836827773,
        0.013102795963814803,
        0.015199442577249523,
        0.018116240794559528,
        0.021173906774625093,
        0.02339822092216235,
        0.024487854127838035,
        0.025224895895866073,
        0.02745093776691507,
        0.03349949619226203,
        0.044891727997210445,
        0.0629577949103544,
        0.09188137299371216,
        0.1378911514327089,
        0.20009305149232826,
        0.2634041651765507,
        0.30060469676084645,
        0.28008175381869405,
        0.1988353063821296,
        0.10460598411830906,
        0.04409895016767257,
        0.020297995704497925
    ],
    "clip_indices": [
        0,
        1,
        3,
        5,
        7,
        9,
        11,
        13,
        15,
        17,
        19,
        20,
        22,
        24,
        26,
        28,
        30,
        32,
        34,
        36,
        38,
        39,
        41,
        43,
        45,
        47,
        49,
        51,
        53,
        55,
        57,
        59
    ]
}