{
    "video_path": "FallVision/Fall/Chair/f_raw_c_3/C_D_0043.mp4",
    "active_window": [
        1,
        7
    ],
    "varying_k": 7,
    "detection_status": "Global Event Zone",
    "saliency_weights": [
        0.05836585266380584,
        0.11166683538683728,
        0.1868785738189236,
        0.25078857139354493,
        0.28102414892753147,
        0.2678193782040107,
        0.2204520257477789,
        0.15849578550964238,
        0.10143557611204086,
        0.06264513674288252,
        0.04302213477029746,
        0.03551999176283204,
        0.03290437991219023,
        0.03057315949040658,
        0.027463908661599725,
        0.024568435205918455,
        0.022154903615843984,
        0.019436896280345554,
        0.016204377760848848,
        0.013200295860723653,
        0.011014834050582923,
        0.009611415511168453,
        0.008763639765212236,
        0.008326230791944361,
        0.008181402372335767,
        0.008178524188713976,
        0.008194165542167774,
        0.008151958134322703,
        0.00790638188443027,
        0.007202563469886286,
        0.006046459617438122,
        0.0050838688905969
    ],
    "clip_indices": [
        0,
        3,
        7,
        11,
        15,
        19,
        23,
        26,
        30,
        34,
        38,
        42,
        46,
        49,
        53,
        57,
        61,
        65,
        69,
        72,
        76,
        80,
        84,
        88,
        92,
        95,
        99,
        103,
        107,
        111,
        115,
        119
    ]
}