{
    "video_path": "FallVision/Fall/Chair/f_raw_c_3/C_D_0073.mp4",
    "active_window": [
        10,
        28
    ],
    "varying_k": 19,
    "detection_status": "Global Event Zone",
    "saliency_weights": [
        0.005537993605295372,
        0.009371143451884171,
        0.01402538958143713,
        0.01710861480821384,
        0.01906831611163933,
        0.02184958954340684,
        0.02754355166437273,
        0.03787586058960676,
        0.05346390910200977,
        0.0729287789095309,
        0.09176630848680328,
        0.10470607584766134,
        0.10976396524910183,
        0.10804882581555544,
        0.1017853418219953,
        0.09316694952338184,
        0.08366046845214663,
        0.07441707512099792,
        0.06729788796040723,
        0.06417742503174154,
        0.06415828997807423,
        0.06389014547004981,
        0.06283456405905082,
        0.0653718301427827,
        0.07645032028818491,
        0.09690066938447038,
        0.11814412983742607,
        0.1216750292673003,
        0.09848388796404156,
        0.06300371872372373,
        0.0339366780023173,
        0.01854640670514257
    ],
    "clip_indices": [
        0,
        1,
        3,
        5,
        7,
        9,
        11,
        13,
        15,
        17,
        19,
        20,
        22,
        24,
        26,
        28,
        30,
        32,
        34,
        36,
        38,
        39,
        41,
        43,
        45,
        47,
        49,
        51,
        53,
        55,
        57,
        59
    ]
}