{
    "video_path": "FallVision/Fall/Chair/f_raw_c_3/C_D_0199_resized.mp4",
    "active_window": [
        16,
        22
    ],
    "varying_k": 7,
    "detection_status": "Global Event Zone",
    "saliency_weights": [
        0.004321609888581402,
        0.005332301939995957,
        0.006484636829102193,
        0.007095071085012998,
        0.007357037123237029,
        0.00805229609615675,
        0.010189411583903525,
        0.014290595287386474,
        0.019499894959432933,
        0.024167195409084692,
        0.02689204094350955,
        0.027213846161396514,
        0.02649847430613317,
        0.028058213562090373,
        0.037382010634454774,
        0.06355467611377683,
        0.11912735434663771,
        0.2066610474174253,
        0.2925813129130074,
        0.3204507275018337,
        0.2745505922141366,
        0.1952605294299805,
        0.12408090424357349,
        0.0743618984601133,
        0.04417999633314841,
        0.027672920369254752,
        0.019227916611488764,
        0.014595445721328223,
        0.011248123792223438,
        0.008497161114751465,
        0.006455273041834676,
        0.005328284832527507
    ],
    "clip_indices": [
        0,
        2,
        5,
        8,
        11,
        14,
        17,
        20,
        22,
        25,
        28,
        31,
        34,
        37,
        40,
        43,
        45,
        48,
        51,
        54,
        57,
        60,
        63,
        66,
        68,
        71,
        74,
        77,
        80,
        83,
        86,
        89
    ]
}