{
    "video_path": "FallVision/Fall/Chair/f_raw_c_3/C_D_0048.mp4",
    "active_window": [
        6,
        11
    ],
    "varying_k": 6,
    "detection_status": "Global Event Zone",
    "saliency_weights": [
        0.007635629476422113,
        0.010210629095880386,
        0.013551138919576601,
        0.016714343639526393,
        0.023856963399880044,
        0.053892847832863106,
        0.14390565737452202,
        0.295289883462051,
        0.41172159187802915,
        0.3912858955637927,
        0.2646593509793286,
        0.13794043541123008,
        0.06289476520372703,
        0.029825916828509175,
        0.017653447580948257,
        0.013441668719487647,
        0.011712963552202658,
        0.011022582762074011,
        0.010938503970764638,
        0.010954827735989846,
        0.010800409393137915,
        0.010582470717845882,
        0.010447181819068209,
        0.010394771721425921,
        0.010376958176402145,
        0.010372390316761917,
        0.010367502424838498,
        0.010317018794314715,
        0.010092319683824989,
        0.009486067023177567,
        0.00851160095304627,
        0.007706094778696977
    ],
    "clip_indices": [
        0,
        4,
        9,
        14,
        19,
        24,
        28,
        33,
        38,
        43,
        48,
        52,
        57,
        62,
        67,
        72,
        76,
        81,
        86,
        91,
        96,
        100,
        105,
        110,
        115,
        120,
        124,
        129,
        134,
        139,
        144,
        149
    ]
}