{
    "video_path": "FallVision/Fall/Chair/f_raw_c_3/C_D_0251_resized.mp4",
    "active_window": [
        14,
        19
    ],
    "varying_k": 6,
    "detection_status": "Global Event Zone",
    "saliency_weights": [
        0.00477884425447289,
        0.006395611349835359,
        0.00833836869159897,
        0.009526115572703862,
        0.00996143982767049,
        0.010111306819297568,
        0.010314341467196064,
        0.01086544540709055,
        0.012212954187627105,
        0.014839015253354479,
        0.01933472931543973,
        0.028176236953506018,
        0.04821724336337472,
        0.08853431519085864,
        0.15341042787003753,
        0.2321392666264186,
        0.2871465678058701,
        0.2748817689087597,
        0.20047650998608824,
        0.11804703788321994,
        0.0678363315954148,
        0.05102160428194123,
        0.05353462512303116,
        0.06218265088858568,
        0.06742617201095141,
        0.06370723561480382,
        0.05111027155646221,
        0.03602036594312236,
        0.02428755760515893,
        0.01643815260168107,
        0.011060150023521412,
        0.008010934186724572
    ],
    "clip_indices": [
        0,
        2,
        5,
        8,
        11,
        14,
        17,
        20,
        22,
        25,
        28,
        31,
        34,
        37,
        40,
        43,
        45,
        48,
        51,
        54,
        57,
        60,
        63,
        66,
        68,
        71,
        74,
        77,
        80,
        83,
        86,
        89
    ]
}