{
    "video_path": "FallVision/Fall/Chair/f_raw_c_3/C_D_0095_resized.mp4",
    "active_window": [
        14,
        19
    ],
    "varying_k": 6,
    "detection_status": "Global Event Zone",
    "saliency_weights": [
        0.005493800426444729,
        0.006153312802711879,
        0.006926166838828573,
        0.007366506008498829,
        0.007512335634667689,
        0.007591250523862348,
        0.0077256044254604105,
        0.007971747963176812,
        0.00842710265763788,
        0.009290797901103695,
        0.011126342933114406,
        0.016024264767085912,
        0.030256503155632247,
        0.06828811265755996,
        0.1531573777306387,
        0.2874542825522869,
        0.40379186747742296,
        0.4041571480530139,
        0.28587308911669296,
        0.14847333929706713,
        0.0645568111718635,
        0.029448267914188184,
        0.01624898065683166,
        0.010806366146064793,
        0.00841626185349905,
        0.007397619344436624,
        0.006995173582311706,
        0.006846888168330994,
        0.00674511172719215,
        0.0065403680483764205,
        0.006204431312588108,
        0.005921978127731724
    ],
    "clip_indices": [
        0,
        2,
        4,
        6,
        9,
        11,
        13,
        16,
        18,
        20,
        22,
        25,
        27,
        29,
        32,
        34,
        36,
        38,
        41,
        43,
        45,
        48,
        50,
        52,
        54,
        57,
        59,
        61,
        64,
        66,
        68,
        71
    ]
}