{
    "video_path": "FallVision/Fall/Chair/f_raw_c_3/C_D_0204_resized.mp4",
    "active_window": [
        0,
        5
    ],
    "varying_k": 6,
    "detection_status": "Global Event Zone",
    "saliency_weights": [
        0.1863434072169013,
        0.32444342455091685,
        0.43876030068371763,
        0.40616554615368855,
        0.2746539853057096,
        0.1496958644825916,
        0.07164351115183112,
        0.03297220350433058,
        0.017345269180407887,
        0.011763658852849274,
        0.009620519857226544,
        0.008629965319026166,
        0.008035042367452186,
        0.007506135838465301,
        0.006962910331911754,
        0.0064769562654865215,
        0.006129081773399482,
        0.005947592068986601,
        0.005896468641873766,
        0.0059050431842640715,
        0.005944639116236064,
        0.006038435600892864,
        0.006182415211722212,
        0.006318061647719213,
        0.006408612267992218,
        0.006477295634871514,
        0.006543362065803178,
        0.006572893361264756,
        0.006495647447465648,
        0.006238049456304483,
        0.005825433374809378,
        0.005487289215489367
    ],
    "clip_indices": [
        0,
        2,
        5,
        8,
        11,
        14,
        17,
        20,
        22,
        25,
        28,
        31,
        34,
        37,
        40,
        43,
        45,
        48,
        51,
        54,
        57,
        60,
        63,
        66,
        68,
        71,
        74,
        77,
        80,
        83,
        86,
        89
    ]
}