{
    "video_path": "FallVision/Fall/Chair/f_raw_c_3/C_D_0214.mp4",
    "active_window": [
        24,
        29
    ],
    "varying_k": 6,
    "detection_status": "Global Event Zone",
    "saliency_weights": [
        0.00622410932297813,
        0.007995004060420814,
        0.010076295760992175,
        0.011264814556114493,
        0.011627150938272306,
        0.01172477572612658,
        0.011830425737385724,
        0.0119782177414538,
        0.012156785109341286,
        0.012350112658687452,
        0.012523487670063466,
        0.012638917068390841,
        0.012687608573228721,
        0.012685869336824728,
        0.012655211159314509,
        0.012617666717675925,
        0.012602742714707862,
        0.012663837521483857,
        0.01291391692922006,
        0.013605941637342883,
        0.015357346127806724,
        0.019816629776287422,
        0.03125664644189022,
        0.059136700356913846,
        0.12007643839939548,
        0.22725983049927712,
        0.3482831876044781,
        0.3915003227783542,
        0.3101332161751983,
        0.1770158386793856,
        0.08107602692734311,
        0.039621770793652845
    ],
    "clip_indices": [
        0,
        1,
        3,
        5,
        7,
        9,
        11,
        13,
        15,
        17,
        19,
        20,
        22,
        24,
        26,
        28,
        30,
        32,
        34,
        36,
        38,
        39,
        41,
        43,
        45,
        47,
        49,
        51,
        53,
        55,
        57,
        59
    ]
}