{
    "video_path": "FallVision/Fall/Chair/f_raw_c_3/C_D_0161_resized.mp4",
    "active_window": [
        8,
        15
    ],
    "varying_k": 8,
    "detection_status": "Global Event Zone",
    "saliency_weights": [
        0.0031013582051974825,
        0.003870271912542779,
        0.004879022231074396,
        0.005924009831175512,
        0.008041864142233584,
        0.01452668234866596,
        0.032018903659909205,
        0.0677294120145506,
        0.12409276495481725,
        0.19294963297704854,
        0.24938771658978026,
        0.2671463083790231,
        0.244494965654033,
        0.19955514060126814,
        0.15117693395569015,
        0.11147515030643275,
        0.08411238061239865,
        0.06640248925047698,
        0.05382797792638021,
        0.0426772761779541,
        0.031851532971770985,
        0.02269152391723065,
        0.01629840257445221,
        0.012260925966471173,
        0.009720361327660205,
        0.008112004975176869,
        0.007104859507391027,
        0.006444966554555431,
        0.005903998763143934,
        0.00528208019905477,
        0.004549111962080251,
        0.003999112881526235
    ],
    "clip_indices": [
        0,
        2,
        5,
        8,
        11,
        14,
        17,
        20,
        22,
        25,
        28,
        31,
        34,
        37,
        40,
        43,
        45,
        48,
        51,
        54,
        57,
        60,
        63,
        66,
        68,
        71,
        74,
        77,
        80,
        83,
        86,
        89
    ]
}