{
    "video_path": "FallVision/Fall/Chair/f_raw_c_3/C_D_0077.mp4",
    "active_window": [
        13,
        25
    ],
    "varying_k": 13,
    "detection_status": "Global Event Zone",
    "saliency_weights": [
        0.0053436224959639515,
        0.008681877638367972,
        0.012723772147881826,
        0.015329838659317231,
        0.016695885008090165,
        0.017978272965164806,
        0.019949376210470122,
        0.023239124782811274,
        0.02883075977310262,
        0.037793583450170185,
        0.0505901581400485,
        0.06671728156017756,
        0.08422255496835845,
        0.09990304473072943,
        0.11004054369469449,
        0.11169777733411235,
        0.10508565126036165,
        0.09422312373626895,
        0.08614132434462779,
        0.08892207309769848,
        0.10682169253686438,
        0.13618199434164616,
        0.1624492681550075,
        0.16445577500690606,
        0.1361362836489045,
        0.09593960876445697,
        0.06314431515776937,
        0.04188756665062231,
        0.028732628428793,
        0.019790898983630165,
        0.012953735155151174,
        0.008752120670740672
    ],
    "clip_indices": [
        0,
        1,
        3,
        5,
        7,
        9,
        11,
        13,
        15,
        17,
        19,
        20,
        22,
        24,
        26,
        28,
        30,
        32,
        34,
        36,
        38,
        39,
        41,
        43,
        45,
        47,
        49,
        51,
        53,
        55,
        57,
        59
    ]
}