{
    "video_path": "FallVision/Fall/Chair/f_raw_c_3/C_D_0067.mp4",
    "active_window": [
        19,
        26
    ],
    "varying_k": 8,
    "detection_status": "Global Event Zone",
    "saliency_weights": [
        0.003590951884169801,
        0.004858548525876637,
        0.006370315318573939,
        0.0072718180702995355,
        0.007572339629722701,
        0.00763006075135551,
        0.007637720708501749,
        0.007638949213074089,
        0.007639359415454598,
        0.007643392081460991,
        0.0076679529953711766,
        0.00777532101036736,
        0.008141843838425712,
        0.009157015457329234,
        0.011609559138733468,
        0.016953186878312397,
        0.027578067796138923,
        0.04642333701239628,
        0.07561697640158935,
        0.1155470280213468,
        0.16376755923735253,
        0.21298911483049315,
        0.24881566978616154,
        0.25351931197326855,
        0.22420780876882535,
        0.18009414757531608,
        0.13900563516188477,
        0.10261118593197115,
        0.06842988540689915,
        0.03980441757964888,
        0.020997256119709814,
        0.012094469501769973
    ],
    "clip_indices": [
        0,
        7,
        15,
        23,
        30,
        38,
        46,
        53,
        61,
        69,
        77,
        84,
        92,
        100,
        107,
        115,
        123,
        131,
        138,
        146,
        154,
        161,
        169,
        177,
        185,
        192,
        200,
        208,
        215,
        223,
        231,
        239
    ]
}