{
    "video_path": "FallVision/Fall/Chair/f_raw_c_3/C_D_0216.mp4",
    "active_window": [
        0,
        4
    ],
    "varying_k": 5,
    "detection_status": "Global Event Zone",
    "saliency_weights": [
        0.11003841726697017,
        0.19078206428224334,
        0.2554625459088234,
        0.23214453835688761,
        0.15451126734917828,
        0.0889606630849327,
        0.05548589062867626,
        0.04304772423986879,
        0.039887440579311366,
        0.03966140215890828,
        0.040198069999243455,
        0.041126991719884806,
        0.041830594548846925,
        0.04151561111769844,
        0.04034912097194505,
        0.039265505908002235,
        0.03883319357534953,
        0.039028043906877405,
        0.039720084064365786,
        0.0408180863216172,
        0.042029132876624284,
        0.04285002155288211,
        0.043004615341144733,
        0.04263971188181245,
        0.04205301960340527,
        0.041483038942494437,
        0.04096045436413035,
        0.040100135544279485,
        0.03779067989696995,
        0.03230129173806008,
        0.023785559649791323,
        0.016820290998420077
    ],
    "clip_indices": [
        0,
        4,
        9,
        14,
        19,
        24,
        28,
        33,
        38,
        43,
        48,
        52,
        57,
        62,
        67,
        72,
        76,
        81,
        86,
        91,
        96,
        100,
        105,
        110,
        115,
        120,
        124,
        129,
        134,
        139,
        144,
        149
    ]
}