{
    "video_path": "FallVision/Fall/Chair/f_raw_c_3/C_D_0137_resized.mp4",
    "active_window": [
        9,
        19
    ],
    "varying_k": 11,
    "detection_status": "Global Event Zone",
    "saliency_weights": [
        0.003847686604628338,
        0.006165849297039653,
        0.00909028880857607,
        0.011280502186971283,
        0.013091927988740905,
        0.01615375242630209,
        0.02314038457010277,
        0.03765218236875915,
        0.06325775421976737,
        0.09911009827555642,
        0.13446993629810777,
        0.15690792565856268,
        0.16616845727757765,
        0.1695983508327425,
        0.16875775322407677,
        0.16014135874217883,
        0.14518779898304301,
        0.13024322261495,
        0.11738316062736433,
        0.10291909693573781,
        0.08466497409571294,
        0.06488010350219092,
        0.046877582212407634,
        0.03275276864485079,
        0.023107052096693143,
        0.017198655284525056,
        0.013871845072319228,
        0.012043798218515004,
        0.010744356607345767,
        0.009129742927738809,
        0.0069904616618961,
        0.005299293249012888
    ],
    "clip_indices": [
        0,
        2,
        5,
        8,
        11,
        14,
        17,
        20,
        22,
        25,
        28,
        31,
        34,
        37,
        40,
        43,
        45,
        48,
        51,
        54,
        57,
        60,
        63,
        66,
        68,
        71,
        74,
        77,
        80,
        83,
        86,
        89
    ]
}