{
    "video_path": "FallVision/Fall/Chair/f_raw_c_3/C_D_0162_resized.mp4",
    "active_window": [
        10,
        17
    ],
    "varying_k": 8,
    "detection_status": "Global Event Zone",
    "saliency_weights": [
        0.0034250631078558487,
        0.004007930321742405,
        0.004703884097323495,
        0.005160892149531511,
        0.00555961717793144,
        0.006613499394647835,
        0.00990179547883286,
        0.018901409750688443,
        0.039383061652728917,
        0.07364287776459096,
        0.11331619329642616,
        0.15005497554137187,
        0.1915613568221474,
        0.24506960531866934,
        0.2847039287636087,
        0.27027196252059293,
        0.203735176010698,
        0.12796587840648224,
        0.07457604528962766,
        0.04625510078673124,
        0.0340235355599493,
        0.02881427077249497,
        0.025108875657018852,
        0.02121982744628706,
        0.01724162284196121,
        0.01369854644487006,
        0.01092431362041743,
        0.008834363604740547,
        0.007211011814808649,
        0.005920065466567235,
        0.004938576618554161,
        0.004369920878340849
    ],
    "clip_indices": [
        0,
        5,
        11,
        17,
        23,
        28,
        34,
        40,
        46,
        51,
        57,
        63,
        69,
        75,
        80,
        86,
        92,
        98,
        103,
        109,
        115,
        121,
        127,
        132,
        138,
        144,
        150,
        155,
        161,
        167,
        173,
        179
    ]
}