{
    "video_path": "FallVision/Fall/Chair/f_raw_c_3/C_D_0189.mp4",
    "active_window": [
        16,
        22
    ],
    "varying_k": 7,
    "detection_status": "Global Event Zone",
    "saliency_weights": [
        0.009811497493671637,
        0.016871843894982898,
        0.025694903872950328,
        0.03152506513330471,
        0.03342024932116725,
        0.0326327121485551,
        0.031119300002960495,
        0.030264664524195607,
        0.02972403204320393,
        0.028758708292579885,
        0.0282373184180194,
        0.030203273143346504,
        0.03636986826332607,
        0.04723727820145563,
        0.061680545187673824,
        0.07987293534110655,
        0.10785893006893629,
        0.15142627944144366,
        0.19980257888424885,
        0.22758605910425894,
        0.21950174109220835,
        0.1808402717205062,
        0.12843801874058314,
        0.08204152811073065,
        0.052562260355253874,
        0.03724569392988389,
        0.029450021972022653,
        0.025178887347089215,
        0.022188169375003185,
        0.018623151928314763,
        0.013956740037162962,
        0.01027303677298503
    ],
    "clip_indices": [
        0,
        1,
        3,
        5,
        7,
        9,
        11,
        13,
        15,
        17,
        19,
        20,
        22,
        24,
        26,
        28,
        30,
        32,
        34,
        36,
        38,
        39,
        41,
        43,
        45,
        47,
        49,
        51,
        53,
        55,
        57,
        59
    ]
}