{
    "video_path": "FallVision/Fall/Chair/f_raw_c_3/C_D_0203_resized.mp4",
    "active_window": [
        21,
        27
    ],
    "varying_k": 7,
    "detection_status": "Global Event Zone",
    "saliency_weights": [
        0.004086401470127339,
        0.00532256348944942,
        0.0067657990362251594,
        0.007568308492149186,
        0.007780302372315693,
        0.0078081651453802085,
        0.007865380108122235,
        0.007993316161442008,
        0.00817930521717523,
        0.008403214686303964,
        0.008660706533629065,
        0.008999814805408762,
        0.00957335774234387,
        0.010622658159421663,
        0.012403153234421078,
        0.015088200648012862,
        0.018723928775280216,
        0.02389178784873821,
        0.033211089260347944,
        0.0521418471786914,
        0.0882356789660218,
        0.14703061801741263,
        0.2216119175289013,
        0.28839850284948976,
        0.3184830445933102,
        0.2902719669944834,
        0.2099411547600012,
        0.12045918205648781,
        0.05943395538443867,
        0.028424122949381615,
        0.014342079224294785,
        0.00880302348296031
    ],
    "clip_indices": [
        0,
        1,
        3,
        5,
        7,
        9,
        11,
        13,
        15,
        17,
        19,
        20,
        22,
        24,
        26,
        28,
        30,
        32,
        34,
        36,
        38,
        39,
        41,
        43,
        45,
        47,
        49,
        51,
        53,
        55,
        57,
        59
    ]
}