{
    "video_path": "FallVision/Fall/Chair/f_raw_c_3/C_D_0099_resized.mp4",
    "active_window": [
        24,
        29
    ],
    "varying_k": 6,
    "detection_status": "Global Event Zone",
    "saliency_weights": [
        0.005326397096252921,
        0.006467469691962503,
        0.007827482667763262,
        0.00863729734924784,
        0.008907507234460071,
        0.00896262433812196,
        0.008975411392072658,
        0.008983800448326033,
        0.008993787056934786,
        0.009010461146379887,
        0.009040713527950852,
        0.009091805362316498,
        0.009170403387407867,
        0.009290708924624799,
        0.009488549445889428,
        0.009822348689320914,
        0.010355803709986008,
        0.011112269885639063,
        0.012010204359044627,
        0.012993877718802893,
        0.014553657573795438,
        0.018750182898026154,
        0.031145825449520166,
        0.06247570851518257,
        0.12732346349565488,
        0.23345778844428605,
        0.34837641274786907,
        0.3896897899728753,
        0.31558156031079687,
        0.18995316754084646,
        0.09310009107114203,
        0.04684780181504383
    ],
    "clip_indices": [
        0,
        1,
        3,
        4,
        6,
        7,
        9,
        10,
        12,
        13,
        15,
        16,
        18,
        19,
        21,
        22,
        24,
        25,
        27,
        28,
        30,
        31,
        33,
        34,
        36,
        37,
        39,
        40,
        42,
        43,
        45,
        47
    ]
}