{
    "video_path": "FallVision/Fall/Chair/f_raw_c_3/C_D_0181.mp4",
    "active_window": [
        13,
        19
    ],
    "varying_k": 7,
    "detection_status": "Global Event Zone",
    "saliency_weights": [
        0.0030246647786765055,
        0.003975960725768517,
        0.005117516832238585,
        0.005820706147311657,
        0.006110358328444154,
        0.006273597097722572,
        0.006513066917204036,
        0.007197873927505177,
        0.009336999758197058,
        0.014816383194373634,
        0.026791299550894532,
        0.05021456131843446,
        0.09100457134361176,
        0.14830229793526703,
        0.20273869124169538,
        0.22756440905194908,
        0.21731754918403506,
        0.18816338819287937,
        0.1544691382976715,
        0.12110923102575774,
        0.09143583520866436,
        0.07088410923822674,
        0.062474588564735346,
        0.06369190865291538,
        0.06752073133866698,
        0.06484765936298909,
        0.05225083435704905,
        0.03613344434227858,
        0.023555545372576994,
        0.015399044908669701,
        0.010055910403060347,
        0.007119232744239073
    ],
    "clip_indices": [
        0,
        5,
        11,
        17,
        23,
        28,
        34,
        40,
        46,
        51,
        57,
        63,
        69,
        75,
        80,
        86,
        92,
        98,
        103,
        109,
        115,
        121,
        127,
        132,
        138,
        144,
        150,
        155,
        161,
        167,
        173,
        179
    ]
}