{
    "video_path": "FallVision/Fall/Chair/f_raw_c_3/C_D_0076.mp4",
    "active_window": [
        9,
        17
    ],
    "varying_k": 9,
    "detection_status": "Global Event Zone",
    "saliency_weights": [
        0.0049342545233020865,
        0.008016603926925079,
        0.01199782051399462,
        0.015229957659352533,
        0.01822076650573106,
        0.022506890381241706,
        0.029758958164919747,
        0.04282174805637958,
        0.0664553462853283,
        0.10268606207365225,
        0.14399182922927617,
        0.1776675527764346,
        0.1949582602593351,
        0.193446617456823,
        0.17720298580611948,
        0.15379594078203956,
        0.12905989260730438,
        0.10598576599587549,
        0.08623395391354717,
        0.0707026636598719,
        0.05883144814198944,
        0.04881194037554441,
        0.03962377471448077,
        0.03178940452656368,
        0.025899070840280564,
        0.021702567452665057,
        0.018707834478317906,
        0.016578606392692964,
        0.014808583158688106,
        0.012522992046168569,
        0.009479255650135063,
        0.007069991323614807
    ],
    "clip_indices": [
        0,
        1,
        3,
        5,
        7,
        9,
        11,
        13,
        15,
        17,
        19,
        20,
        22,
        24,
        26,
        28,
        30,
        32,
        34,
        36,
        38,
        39,
        41,
        43,
        45,
        47,
        49,
        51,
        53,
        55,
        57,
        59
    ]
}