{
    "video_path": "FallVision/Fall/Chair/f_raw_c_3/C_D_0052.mp4",
    "active_window": [
        8,
        14
    ],
    "varying_k": 7,
    "detection_status": "Global Event Zone",
    "saliency_weights": [
        0.007687194621805351,
        0.012795121516246209,
        0.02044992203715897,
        0.02861986354855369,
        0.03744860053338071,
        0.048879760354936005,
        0.06679485680947972,
        0.09736579212295052,
        0.14749141610105665,
        0.21376985814751243,
        0.26858965560347925,
        0.27898677365057545,
        0.24062090627624744,
        0.17481044484626018,
        0.10807182895925718,
        0.06014257390960518,
        0.03487943631471381,
        0.023572547839313573,
        0.017962021274058902,
        0.01490562111241242,
        0.013530295341973511,
        0.013213344547965362,
        0.01345513778296414,
        0.01395460932267258,
        0.014451940119609607,
        0.014668621826970648,
        0.014534936661919476,
        0.014261904506257316,
        0.013782758842146836,
        0.012448944090756683,
        0.01009268892678338,
        0.008070153077358555
    ],
    "clip_indices": [
        0,
        5,
        11,
        17,
        23,
        28,
        34,
        40,
        46,
        51,
        57,
        63,
        69,
        75,
        80,
        86,
        92,
        98,
        103,
        109,
        115,
        121,
        127,
        132,
        138,
        144,
        150,
        155,
        161,
        167,
        173,
        179
    ]
}