{
    "video_path": "FallVision/Fall/Chair/f_raw_c_3/C_D_0024.mp4",
    "active_window": [
        2,
        12
    ],
    "varying_k": 11,
    "detection_status": "Global Event Zone",
    "saliency_weights": [
        0.048993048316162566,
        0.08919654863972606,
        0.13438790753787422,
        0.15529702806695772,
        0.1533922469996185,
        0.1431018787450724,
        0.13406662655432416,
        0.13165426242170603,
        0.13955818918254198,
        0.1551476387471437,
        0.16271506182898937,
        0.14606013519808753,
        0.10968353905746564,
        0.07208786076842674,
        0.04490379784709801,
        0.02912919422388422,
        0.021472949748758477,
        0.01817653802627181,
        0.016709480880997607,
        0.015905604471348936,
        0.015259944470943539,
        0.014521293181175905,
        0.01365064085049777,
        0.012808190863476487,
        0.012195868783855437,
        0.011937442505901143,
        0.011985249998279377,
        0.012042502927803928,
        0.011631517161905577,
        0.010233977561908528,
        0.007921237175862222,
        0.006000779845557656
    ],
    "clip_indices": [
        0,
        2,
        5,
        8,
        11,
        14,
        17,
        20,
        22,
        25,
        28,
        31,
        34,
        37,
        40,
        43,
        45,
        48,
        51,
        54,
        57,
        60,
        63,
        66,
        68,
        71,
        74,
        77,
        80,
        83,
        86,
        89
    ]
}