{
    "video_path": "FallVision/Fall/Chair/f_raw_c_3/C_D_0068.mp4",
    "active_window": [
        20,
        25
    ],
    "varying_k": 6,
    "detection_status": "Global Event Zone",
    "saliency_weights": [
        0.0040199706696604845,
        0.005273234779588584,
        0.006765844482375287,
        0.007654666839359143,
        0.007973743271236268,
        0.008198860335074921,
        0.008953357458719176,
        0.011546974354717382,
        0.01860999537581879,
        0.03281242363018529,
        0.05428094126349972,
        0.07855510195580737,
        0.09492416894734383,
        0.09322272198588444,
        0.0760662634966077,
        0.055763369691063186,
        0.04105769653918812,
        0.03475430915162581,
        0.039880949541564764,
        0.06246206265386971,
        0.10880918109589374,
        0.1770607095569488,
        0.24104709620999126,
        0.2551209665272283,
        0.20530151577001826,
        0.1321271377343307,
        0.0770651088009526,
        0.04636430015125065,
        0.030307474703151687,
        0.020779274965270177,
        0.013892281334129019,
        0.009685045286312062
    ],
    "clip_indices": [
        0,
        7,
        15,
        23,
        30,
        38,
        46,
        53,
        61,
        69,
        77,
        84,
        92,
        100,
        107,
        115,
        123,
        131,
        138,
        146,
        154,
        161,
        169,
        177,
        185,
        192,
        200,
        208,
        215,
        223,
        231,
        239
    ]
}