{
    "video_path": "FallVision/Fall/Chair/f_raw_c_3/C_D_0267_resized.mp4",
    "active_window": [
        12,
        17
    ],
    "varying_k": 6,
    "detection_status": "Global Event Zone",
    "saliency_weights": [
        0.0047999755150298605,
        0.005448494907449924,
        0.006218106404127585,
        0.006674632550082724,
        0.006841240864632568,
        0.006919781143582269,
        0.007025166684590425,
        0.007302032974811329,
        0.008367592106449166,
        0.012550182055484992,
        0.026332225217712873,
        0.06306187800340773,
        0.1418696000612502,
        0.26254307926138154,
        0.3674736011615658,
        0.3791309068828257,
        0.29487223399642853,
        0.18407650596440361,
        0.10045781673360243,
        0.0518694121336607,
        0.02757787636320414,
        0.016435713977817127,
        0.011253470130924152,
        0.008728182707547702,
        0.007506185910484362,
        0.006947205628999212,
        0.006710260087035713,
        0.0066138488683528136,
        0.006518719207279982,
        0.006278415573667341,
        0.005866733171486433,
        0.005517180874683732
    ],
    "clip_indices": [
        0,
        3,
        7,
        11,
        15,
        19,
        23,
        26,
        30,
        34,
        38,
        42,
        46,
        49,
        53,
        57,
        61,
        65,
        69,
        72,
        76,
        80,
        84,
        88,
        92,
        95,
        99,
        103,
        107,
        111,
        115,
        119
    ]
}