{
    "video_path": "FallVision/Fall/Chair/f_raw_c_3/C_D_0133_resized.mp4",
    "active_window": [
        16,
        22
    ],
    "varying_k": 7,
    "detection_status": "Global Event Zone",
    "saliency_weights": [
        0.004364714857665835,
        0.005741818124036541,
        0.007366149816163238,
        0.00830170285843192,
        0.008588968836491795,
        0.008683865696537906,
        0.008909527040249898,
        0.009514416205845143,
        0.010856803958871612,
        0.013462522610961189,
        0.017997074883818603,
        0.025067044845964868,
        0.035015069435402606,
        0.04881580592665481,
        0.06972629658122789,
        0.1035584486827519,
        0.15640214558998228,
        0.2256475644370341,
        0.28488315298949446,
        0.29466197211589346,
        0.24688973013760024,
        0.17461397553547853,
        0.11061514376681388,
        0.0655732497361384,
        0.03794264557844303,
        0.022635110197479196,
        0.014823510183511766,
        0.011077429728561485,
        0.00916877679120301,
        0.007807211097373326,
        0.006491427805147812,
        0.005547915018772645
    ],
    "clip_indices": [
        0,
        2,
        5,
        8,
        11,
        14,
        17,
        20,
        22,
        25,
        28,
        31,
        34,
        37,
        40,
        43,
        45,
        48,
        51,
        54,
        57,
        60,
        63,
        66,
        68,
        71,
        74,
        77,
        80,
        83,
        86,
        89
    ]
}