{
    "video_path": "FallVision/Fall/Chair/f_raw_c_3/C_D_0150_resized.mp4",
    "active_window": [
        22,
        27
    ],
    "varying_k": 6,
    "detection_status": "Global Event Zone",
    "saliency_weights": [
        0.004767475605889167,
        0.005776518892961622,
        0.006972415257663338,
        0.007670269058564238,
        0.007883968211253811,
        0.007909549290724136,
        0.007908240211356821,
        0.007921315839681631,
        0.007961823586247502,
        0.008044084446972771,
        0.00818657643386963,
        0.008403245822434523,
        0.008688357798636678,
        0.009021948134543847,
        0.009398788403292035,
        0.00991184048636904,
        0.010899051001706163,
        0.013017767032304915,
        0.017564050477554383,
        0.028369679603184823,
        0.05512496144331704,
        0.11080661555842661,
        0.19791920362326004,
        0.297667199225477,
        0.3677498966605679,
        0.3545881434835114,
        0.2515684975104917,
        0.12943240485693464,
        0.053742766892606146,
        0.02354031088271124,
        0.012796182876385613,
        0.008644816387467403
    ],
    "clip_indices": [
        0,
        2,
        5,
        8,
        11,
        14,
        17,
        20,
        22,
        25,
        28,
        31,
        34,
        37,
        40,
        43,
        45,
        48,
        51,
        54,
        57,
        60,
        63,
        66,
        68,
        71,
        74,
        77,
        80,
        83,
        86,
        89
    ]
}