{
    "video_path": "FallVision/Fall/Chair/f_raw_c_3/C_D_0180.mp4",
    "active_window": [
        22,
        27
    ],
    "varying_k": 6,
    "detection_status": "Global Event Zone",
    "saliency_weights": [
        0.004154868196073048,
        0.004864985686960156,
        0.005711971496470341,
        0.006216787457035034,
        0.0063834991366625345,
        0.006412636692688744,
        0.006414757576306906,
        0.006416161578443817,
        0.006420143982758493,
        0.006449905258260929,
        0.006608135657486695,
        0.0071785836873687215,
        0.008702993437344025,
        0.011594586423272827,
        0.01551819739363228,
        0.0200323207171927,
        0.026063692753075032,
        0.03535988015730899,
        0.04808778937089915,
        0.06286480167161006,
        0.07997840762270528,
        0.10473203087987001,
        0.14962861307426573,
        0.22479458505161853,
        0.305328604510693,
        0.32660651333937585,
        0.2600505664158137,
        0.15808431653464255,
        0.08063735227793725,
        0.038421629538952035,
        0.018690473935961533,
        0.011112263696957697
    ],
    "clip_indices": [
        0,
        5,
        11,
        17,
        23,
        28,
        34,
        40,
        46,
        51,
        57,
        63,
        69,
        75,
        80,
        86,
        92,
        98,
        103,
        109,
        115,
        121,
        127,
        132,
        138,
        144,
        150,
        155,
        161,
        167,
        173,
        179
    ]
}