{
    "video_path": "FallVision/Fall/Chair/f_raw_c_3/C_D_0036.mp4",
    "active_window": [
        1,
        6
    ],
    "varying_k": 6,
    "detection_status": "Global Event Zone",
    "saliency_weights": [
        0.06225788679659609,
        0.12414344201913806,
        0.2244798698716476,
        0.32449358107967097,
        0.36529347181507876,
        0.3115915903579297,
        0.20585322136920858,
        0.11557132858611996,
        0.06285014325331688,
        0.03652013291905467,
        0.023699635870111646,
        0.01725588622540017,
        0.013813582770039348,
        0.011815666297668462,
        0.010549773459430766,
        0.009706123052318471,
        0.009169721692828151,
        0.008903930140904055,
        0.008856368976921946,
        0.00893395251382764,
        0.009043534888388681,
        0.009120296032209135,
        0.009148188911930293,
        0.00915750540085017,
        0.009177090500814025,
        0.009207450415952917,
        0.009232360280028246,
        0.009207932828449754,
        0.008992247688593039,
        0.008338168924767417,
        0.007249466540654014,
        0.006339694307194047
    ],
    "clip_indices": [
        0,
        5,
        11,
        17,
        23,
        28,
        34,
        40,
        46,
        51,
        57,
        63,
        69,
        75,
        80,
        86,
        92,
        98,
        103,
        109,
        115,
        121,
        127,
        132,
        138,
        144,
        150,
        155,
        161,
        167,
        173,
        179
    ]
}