{
    "video_path": "FallVision/Fall/Chair/f_raw_c_3/C_D_0107.mp4",
    "active_window": [
        18,
        25
    ],
    "varying_k": 8,
    "detection_status": "Global Event Zone",
    "saliency_weights": [
        0.0034708612550626546,
        0.004853851877859743,
        0.006480130235408704,
        0.00740882572074813,
        0.007687847254016278,
        0.007761797750482928,
        0.00786983401361922,
        0.008043514651593147,
        0.008211572427119306,
        0.008309632577098323,
        0.008404979301846208,
        0.008760524989967822,
        0.009932872263757362,
        0.012899670090960467,
        0.01929316365701156,
        0.03175875857955977,
        0.05399262652966756,
        0.08855071853240584,
        0.13212253276845423,
        0.17600235899976174,
        0.21288588191581254,
        0.2385632372168826,
        0.2474841591408266,
        0.23237397121935371,
        0.19256796739722848,
        0.1387993918996661,
        0.08572174135986052,
        0.04581864282325729,
        0.02404220942251771,
        0.014556121303909226,
        0.00968594868696469,
        0.0069914393285785675
    ],
    "clip_indices": [
        0,
        2,
        5,
        8,
        11,
        14,
        17,
        20,
        22,
        25,
        28,
        31,
        34,
        37,
        40,
        43,
        45,
        48,
        51,
        54,
        57,
        60,
        63,
        66,
        68,
        71,
        74,
        77,
        80,
        83,
        86,
        89
    ]
}