{
    "video_path": "FallVision/Fall/Chair/f_raw_c_3/C_D_0087_resized.mp4",
    "active_window": [
        17,
        23
    ],
    "varying_k": 7,
    "detection_status": "Global Event Zone",
    "saliency_weights": [
        0.00511095568731903,
        0.0068889401332084006,
        0.009010988216223025,
        0.010279513915670193,
        0.010709060469179296,
        0.010824345492544426,
        0.010995959791796643,
        0.011604694138729721,
        0.013369129851564132,
        0.017191931393680197,
        0.023684521526585685,
        0.032508334189364,
        0.0416258415447202,
        0.04884871508000369,
        0.054864977563425725,
        0.06334147153288233,
        0.07935747038208107,
        0.10953889567438632,
        0.161593286233719,
        0.234025945192802,
        0.29470038668546483,
        0.2915370275689848,
        0.21649167431331717,
        0.12470274641066281,
        0.06418043869299618,
        0.03562421933039146,
        0.022769559493995357,
        0.016306149279642107,
        0.012730161229068455,
        0.010328362055962173,
        0.008317299369032746,
        0.006983334264320419
    ],
    "clip_indices": [
        0,
        2,
        4,
        6,
        9,
        11,
        13,
        16,
        18,
        20,
        22,
        25,
        27,
        29,
        32,
        34,
        36,
        38,
        41,
        43,
        45,
        48,
        50,
        52,
        54,
        57,
        59,
        61,
        64,
        66,
        68,
        71
    ]
}