{
    "video_path": "FallVision/Fall/Chair/f_raw_c_3/C_D_0146_resized.mp4",
    "active_window": [
        11,
        18
    ],
    "varying_k": 8,
    "detection_status": "Global Event Zone",
    "saliency_weights": [
        0.0026207877114183117,
        0.0029415612442008463,
        0.0033622692880782793,
        0.00379862162343005,
        0.0046175212222943855,
        0.006727469071834904,
        0.01158459000240663,
        0.020275539732107058,
        0.03257271582279208,
        0.04910644723045794,
        0.07418161155396266,
        0.11290936808455232,
        0.1647614348270771,
        0.2196943761169805,
        0.2560538085553232,
        0.2529333823267173,
        0.2148275763229423,
        0.16762113543949736,
        0.1290835989098169,
        0.09998354160286807,
        0.0758618718345081,
        0.05425515987680454,
        0.03541205245585795,
        0.021248804364253013,
        0.012654626809159198,
        0.008181307975341837,
        0.005907846119171924,
        0.004719751661567078,
        0.004068934765160138,
        0.0036370608120019077,
        0.003274995413226122,
        0.0030338237848274276
    ],
    "clip_indices": [
        0,
        3,
        7,
        11,
        15,
        19,
        23,
        27,
        30,
        34,
        38,
        42,
        46,
        50,
        54,
        58,
        61,
        65,
        69,
        73,
        77,
        81,
        85,
        89,
        92,
        96,
        100,
        104,
        108,
        112,
        116,
        120
    ]
}