{
    "video_path": "FallVision/Fall/Chair/f_raw_c_3/C_D_0127_resized.mp4",
    "active_window": [
        17,
        23
    ],
    "varying_k": 7,
    "detection_status": "Global Event Zone",
    "saliency_weights": [
        0.003719723677043401,
        0.004991359540801153,
        0.006510493879501605,
        0.007441773959014513,
        0.00785157971099917,
        0.008158201544425531,
        0.008585255081686451,
        0.009251620371858912,
        0.010383785235063437,
        0.012333278374237373,
        0.015497311839978337,
        0.020158268219813685,
        0.026355132602597142,
        0.03464176860532838,
        0.04729776878448946,
        0.06759980183720252,
        0.09746848032849711,
        0.13680012404676575,
        0.1833896108829282,
        0.2301417360087693,
        0.26007112489066575,
        0.251893903079511,
        0.2042076884880687,
        0.14259832603205203,
        0.09154865459537556,
        0.05777523686390443,
        0.038173645885157814,
        0.026943979143136496,
        0.01942095996569567,
        0.013659610830555577,
        0.009324763410273428,
        0.006829588160972711
    ],
    "clip_indices": [
        0,
        1,
        3,
        5,
        7,
        9,
        11,
        13,
        15,
        17,
        19,
        20,
        22,
        24,
        26,
        28,
        30,
        32,
        34,
        36,
        38,
        39,
        41,
        43,
        45,
        47,
        49,
        51,
        53,
        55,
        57,
        59
    ]
}