{
    "video_path": "FallVision/Fall/Chair/f_raw_c_3/C_D_0061.mp4",
    "active_window": [
        14,
        20
    ],
    "varying_k": 7,
    "detection_status": "Global Event Zone",
    "saliency_weights": [
        0.003869351685446348,
        0.005552725495255543,
        0.007564275434280078,
        0.008767609499158724,
        0.009162213831008396,
        0.009227092183788754,
        0.00930209992666248,
        0.009747313158373561,
        0.011318075895546446,
        0.015314037349188283,
        0.023511975546573388,
        0.037187930330429914,
        0.055912721192601864,
        0.08011539720730985,
        0.11490692017578778,
        0.16432338731790938,
        0.21817917750635496,
        0.25409954855206374,
        0.25470405657229267,
        0.21704268274696753,
        0.15558301327991747,
        0.09671736680617608,
        0.0576181347489231,
        0.037626417214862234,
        0.030180950599358755,
        0.030337081041285664,
        0.033566987511317745,
        0.03438612906861248,
        0.029746994513377152,
        0.021754649728180378,
        0.014126272402574653,
        0.00946383010868396
    ],
    "clip_indices": [
        0,
        2,
        5,
        8,
        11,
        14,
        17,
        20,
        22,
        25,
        28,
        31,
        34,
        37,
        40,
        43,
        45,
        48,
        51,
        54,
        57,
        60,
        63,
        66,
        68,
        71,
        74,
        77,
        80,
        83,
        86,
        89
    ]
}