{
    "video_path": "FallVision/No Fall/Stand/nf_raw_s_3/S_M_164_resized.mp4",
    "active_window": [
        6,
        19
    ],
    "varying_k": 14,
    "detection_status": "Global Event Zone",
    "saliency_weights": [
        0.02299571859703205,
        0.04114251605183769,
        0.0598523814414012,
        0.06653660255263402,
        0.06772692597117878,
        0.07383696167056973,
        0.08287694225459342,
        0.08766250866249874,
        0.08705500414156903,
        0.08373963019900135,
        0.07870142140189576,
        0.07240921983738727,
        0.06843158261155044,
        0.07090671141833788,
        0.0784214505617109,
        0.08523837564819295,
        0.08762683140369326,
        0.08555209476092054,
        0.08080569145108205,
        0.07563113314289738,
        0.07166720749672292,
        0.06929751241511986,
        0.06717545403495966,
        0.06297791325978694,
        0.056874593458230704,
        0.05255252600293407,
        0.05177457394401036,
        0.051029735352804514,
        0.04616230334857134,
        0.03633754107921739,
        0.023939706213981216,
        0.014754427060401639
    ],
    "clip_indices": [
        0,
        4,
        9,
        14,
        19,
        23,
        28,
        33,
        38,
        42,
        47,
        52,
        57,
        62,
        66,
        71,
        76,
        81,
        85,
        90,
        95,
        100,
        105,
        109,
        114,
        119,
        124,
        128,
        133,
        138,
        143,
        148
    ]
}