{
    "video_path": "FallVision/No Fall/Stand/nf_raw_s_3/S_M_49.mp4",
    "active_window": [
        0,
        6
    ],
    "varying_k": 7,
    "detection_status": "Global Event Zone",
    "saliency_weights": [
        0.10263657528291811,
        0.1797067404547491,
        0.24671553910145252,
        0.23806312394431278,
        0.18058426263612465,
        0.12936125363780698,
        0.09884917050455005,
        0.07883864527770226,
        0.06406521125418933,
        0.05487900246859054,
        0.04936716740558757,
        0.04408962338428121,
        0.038494231155195346,
        0.03410027411485842,
        0.03102646073037145,
        0.028133557756644518,
        0.025581832708597544,
        0.02479779577288179,
        0.02607719058668853,
        0.02813505791734284,
        0.02989706866895513,
        0.031243890827355302,
        0.03232094016075453,
        0.03310713123686537,
        0.03355130171623775,
        0.033703070476615124,
        0.03364142969159897,
        0.033269068948856666,
        0.03177961833250753,
        0.027570933082837437,
        0.020609679022555095,
        0.01479423435352218
    ],
    "clip_indices": [
        0,
        2,
        5,
        8,
        11,
        14,
        17,
        20,
        22,
        25,
        28,
        31,
        34,
        37,
        40,
        43,
        45,
        48,
        51,
        54,
        57,
        60,
        63,
        66,
        68,
        71,
        74,
        77,
        80,
        83,
        86,
        89
    ]
}