{
    "video_path": "FallVision/No Fall/Stand/nf_raw_s_3/S_M_189.mp4",
    "active_window": [
        0,
        6
    ],
    "varying_k": 7,
    "detection_status": "Global Event Zone",
    "saliency_weights": [
        0.1265338946608655,
        0.22259001571916773,
        0.30891022279444713,
        0.3039932238762248,
        0.23484562523976663,
        0.16428789356522305,
        0.11354288789572725,
        0.07659301264182655,
        0.04935868107817318,
        0.03211948848595605,
        0.023498103273552732,
        0.020729559687888872,
        0.022484137942940845,
        0.02798149826097359,
        0.03420925043581968,
        0.03693329782699268,
        0.03465629966883635,
        0.029089782580545377,
        0.02274354977534311,
        0.017649084322635976,
        0.014954175127782549,
        0.014815947604798018,
        0.016429741437920406,
        0.018226758504335236,
        0.018840517037765937,
        0.017723132913398807,
        0.015181448145286096,
        0.012270023782113188,
        0.00984071640425536,
        0.007918054543787615,
        0.006334770712191194,
        0.0053342476603627275
    ],
    "clip_indices": [
        0,
        2,
        5,
        8,
        11,
        14,
        17,
        20,
        22,
        25,
        28,
        31,
        34,
        37,
        40,
        43,
        45,
        48,
        51,
        54,
        57,
        60,
        63,
        66,
        68,
        71,
        74,
        77,
        80,
        83,
        86,
        89
    ]
}