{
    "video_path": "FallVision/No Fall/Stand/nf_raw_s_3/S_M_160.mp4",
    "active_window": [
        19,
        25
    ],
    "varying_k": 7,
    "detection_status": "Global Event Zone",
    "saliency_weights": [
        0.020840500644667904,
        0.037277168842072356,
        0.054768126138162905,
        0.061120427136812996,
        0.05883230370394965,
        0.055653236400532005,
        0.054702275298752094,
        0.05561950795976739,
        0.05748689977661803,
        0.05940330108558972,
        0.06034986792227322,
        0.05976696721556994,
        0.05849043205938005,
        0.05778836124755726,
        0.057459162934888314,
        0.05663398453882362,
        0.05647270972699041,
        0.06027078565596919,
        0.07092227149455028,
        0.08850632418590065,
        0.10768749825989732,
        0.11901863790928514,
        0.11713407339540381,
        0.10468612409544126,
        0.0885367327977909,
        0.07616396047997165,
        0.0706177893908641,
        0.06786765831742639,
        0.06210323512457566,
        0.05018632893498509,
        0.03363869276887263,
        0.020738784308857686
    ],
    "clip_indices": [
        0,
        3,
        7,
        11,
        15,
        19,
        23,
        26,
        30,
        34,
        38,
        42,
        46,
        49,
        53,
        57,
        61,
        65,
        69,
        72,
        76,
        80,
        84,
        88,
        92,
        95,
        99,
        103,
        107,
        111,
        115,
        119
    ]
}