{
    "video_path": "FallVision/No Fall/Stand/nf_raw_s_3/S_M_12_resized.mp4",
    "active_window": [
        5,
        9
    ],
    "varying_k": 5,
    "detection_status": "Global Event Zone",
    "saliency_weights": [
        0.02005940153042409,
        0.0368998816612855,
        0.05673396658915053,
        0.06811423037626657,
        0.07154808009409451,
        0.07224593610696883,
        0.07277534342659617,
        0.07331599482419963,
        0.07330424283980357,
        0.0724804833773039,
        0.0716345699732118,
        0.07173360416902624,
        0.07243488997089922,
        0.07262970455753812,
        0.07203060894338568,
        0.07118467949028714,
        0.07047182056727436,
        0.06988827417096825,
        0.0694823759428565,
        0.06944663356488782,
        0.06977703598434584,
        0.07017253842485477,
        0.07033851127712315,
        0.07018557870602408,
        0.06985339766077456,
        0.06962159385689737,
        0.06946944470412891,
        0.06851470847093075,
        0.06437293858609512,
        0.05340775687783869,
        0.03594454641009277,
        0.02155720304043128
    ],
    "clip_indices": [
        0,
        2,
        5,
        8,
        11,
        14,
        17,
        20,
        23,
        26,
        29,
        31,
        34,
        37,
        40,
        43,
        46,
        49,
        52,
        55,
        58,
        60,
        63,
        66,
        69,
        72,
        75,
        78,
        81,
        84,
        87,
        90
    ]
}