{
    "video_path": "FallVision/No Fall/Stand/nf_raw_s_3/S_M_133_resized.mp4",
    "active_window": [
        8,
        13
    ],
    "varying_k": 6,
    "detection_status": "Global Event Zone",
    "saliency_weights": [
        0.01110973789378808,
        0.018813104501778317,
        0.02791175112968005,
        0.03323936959291644,
        0.03535548543361347,
        0.03811692451858077,
        0.04675017257845641,
        0.06850706343672003,
        0.11151653216757962,
        0.1719517617689858,
        0.2183107904199223,
        0.21673807182373278,
        0.17419185142234583,
        0.12508868323915517,
        0.08954114078649454,
        0.06736136067085836,
        0.05377043880844042,
        0.046094577357805894,
        0.04250891386044368,
        0.04104817980345242,
        0.04026303936451624,
        0.03953039846681741,
        0.03875127547601504,
        0.038103840565142315,
        0.037834972873480116,
        0.03810515162161637,
        0.038764745151189176,
        0.03908807095491888,
        0.03763299071423312,
        0.032496733142963245,
        0.02387758115407523,
        0.016683306367653576
    ],
    "clip_indices": [
        0,
        3,
        6,
        9,
        12,
        15,
        18,
        21,
        24,
        27,
        30,
        33,
        36,
        39,
        42,
        45,
        49,
        52,
        55,
        58,
        61,
        64,
        67,
        70,
        73,
        76,
        79,
        82,
        85,
        88,
        91,
        95
    ]
}