{
    "video_path": "FallVision/No Fall/Stand/nf_raw_s_3/S_M_113.mp4",
    "active_window": [
        0,
        5
    ],
    "varying_k": 6,
    "detection_status": "Global Event Zone",
    "saliency_weights": [
        0.13319994896929582,
        0.2336788772180367,
        0.3219851106173309,
        0.31094404708270557,
        0.22894909806645014,
        0.1450763328777979,
        0.08887425534171291,
        0.0589612853329214,
        0.04551395870394593,
        0.03923349689089292,
        0.035294929197810625,
        0.03218797266351343,
        0.029432280362813465,
        0.02682060349247077,
        0.024503569022601597,
        0.022801591554108346,
        0.02173272568265635,
        0.0210195993149329,
        0.02050360203070013,
        0.020231803917095517,
        0.020190189359779773,
        0.02020409493713822,
        0.02010551223506673,
        0.01981883466949244,
        0.019299055466636773,
        0.018508969549948538,
        0.017498482330435623,
        0.016402003318396086,
        0.015107125756584789,
        0.013109356586204777,
        0.01037706899457336,
        0.008215955480695206
    ],
    "clip_indices": [
        0,
        3,
        7,
        11,
        14,
        18,
        22,
        25,
        29,
        33,
        37,
        40,
        44,
        48,
        51,
        55,
        59,
        63,
        66,
        70,
        74,
        77,
        81,
        85,
        89,
        92,
        96,
        100,
        103,
        107,
        111,
        115
    ]
}