{
    "video_path": "FallVision/No Fall/Stand/nf_raw_s_3/S_M_184_resized.mp4",
    "active_window": [
        7,
        21
    ],
    "varying_k": 15,
    "detection_status": "Global Event Zone",
    "saliency_weights": [
        0.017361904213203428,
        0.03169094262584263,
        0.048530364327380185,
        0.05851188172776575,
        0.06316243580715306,
        0.06752800102223927,
        0.07258268656634892,
        0.07702426097978507,
        0.08065752165300827,
        0.0839033464397517,
        0.08618882398194913,
        0.08627062723675263,
        0.08354561030931348,
        0.07901694706866016,
        0.07605972793720717,
        0.07828894922221355,
        0.08508121900452303,
        0.09200303430726352,
        0.09558995670493313,
        0.09504661471225037,
        0.09098153295577963,
        0.08444566657008405,
        0.07637701771307862,
        0.06753998736145395,
        0.05885211424558713,
        0.051409289994984106,
        0.04555968200443876,
        0.04029622166387554,
        0.034188818438000444,
        0.026307313875786463,
        0.017340753129274324,
        0.010836300694270449
    ],
    "clip_indices": [
        0,
        3,
        6,
        9,
        12,
        15,
        18,
        21,
        24,
        27,
        30,
        33,
        36,
        39,
        42,
        45,
        49,
        52,
        55,
        58,
        61,
        64,
        67,
        70,
        73,
        76,
        79,
        82,
        85,
        88,
        91,
        95
    ]
}