{
    "video_path": "FallVision/No Fall/Stand/nf_raw_s_3/S_M_202.mp4",
    "active_window": [
        1,
        7
    ],
    "varying_k": 7,
    "detection_status": "Global Event Zone",
    "saliency_weights": [
        0.10446622809851158,
        0.19107372326965122,
        0.2891885906895425,
        0.33225529756816913,
        0.3118207827715226,
        0.2506097731694547,
        0.1772332784153603,
        0.1146965229687868,
        0.07112540382242132,
        0.044585120306561477,
        0.02977746002602151,
        0.02138726480447837,
        0.016122074439987713,
        0.01249953270576511,
        0.009931455370481703,
        0.00816242677840871,
        0.006978091157318901,
        0.006149077139509266,
        0.005526548524146815,
        0.005062300320466273,
        0.004746257850187916,
        0.004565267540141263,
        0.004490793458593774,
        0.004479248996245308,
        0.0044939271399729065,
        0.004516546486691474,
        0.00454013634267581,
        0.004554222814159039,
        0.004510245272865159,
        0.0043135507861135,
        0.003956417979533322,
        0.0036503981497853625
    ],
    "clip_indices": [
        0,
        3,
        7,
        11,
        15,
        19,
        23,
        26,
        30,
        34,
        38,
        42,
        46,
        49,
        53,
        57,
        61,
        65,
        69,
        72,
        76,
        80,
        84,
        88,
        92,
        95,
        99,
        103,
        107,
        111,
        115,
        119
    ]
}