{
    "video_path": "FallVision/No Fall/Stand/nf_raw_s_3/S_M_210_resized.mp4",
    "active_window": [
        25,
        29
    ],
    "varying_k": 5,
    "detection_status": "Global Event Zone",
    "saliency_weights": [
        0.01934777814777871,
        0.035485864943834544,
        0.0546035851568386,
        0.06568659501674676,
        0.06881664934638791,
        0.06866206004884565,
        0.06797266581752215,
        0.06756384072336487,
        0.06744858536313274,
        0.06745854180233918,
        0.06759544739509821,
        0.06802125909520931,
        0.06889653547275199,
        0.07015296514867544,
        0.07122816901663431,
        0.07140860256010281,
        0.07062056095830976,
        0.06927727463121611,
        0.06735026338147328,
        0.06445696336252786,
        0.061111741557136126,
        0.05895866381755092,
        0.05933686623267917,
        0.062455069826451756,
        0.06762900675645725,
        0.07363524576685138,
        0.0795607764995378,
        0.0846211111265476,
        0.08532063479255064,
        0.07451869662914029,
        0.05127099077221286,
        0.030572005356703492
    ],
    "clip_indices": [
        0,
        4,
        9,
        14,
        19,
        24,
        28,
        33,
        38,
        43,
        48,
        52,
        57,
        62,
        67,
        72,
        76,
        81,
        86,
        91,
        96,
        100,
        105,
        110,
        115,
        120,
        124,
        129,
        134,
        139,
        144,
        149
    ]
}