{
    "video_path": "FallVision/No Fall/Stand/nf_raw_s_3/S_M_41.mp4",
    "active_window": [
        1,
        7
    ],
    "varying_k": 7,
    "detection_status": "Global Event Zone",
    "saliency_weights": [
        0.06790902186659628,
        0.1189113719198273,
        0.1634532509149667,
        0.15919161802649046,
        0.12628441072945795,
        0.10241683333020153,
        0.09415539473712826,
        0.08964336093573365,
        0.08160595272125079,
        0.0701400612517038,
        0.059839814023350216,
        0.055657268166461216,
        0.05811867330295731,
        0.06344218507551705,
        0.06598845864857897,
        0.06141703575394919,
        0.05098249789768739,
        0.04033421871822745,
        0.033519868006273296,
        0.03160924994145088,
        0.035671473085271264,
        0.04658364084618154,
        0.06009751291115127,
        0.06664404365331333,
        0.06181276190757266,
        0.051357676706502514,
        0.041790328168946234,
        0.03399941847932578,
        0.0266613323966794,
        0.019461487733829892,
        0.013111163645041647,
        0.009124430054289472
    ],
    "clip_indices": [
        0,
        3,
        7,
        11,
        15,
        19,
        23,
        26,
        30,
        34,
        38,
        42,
        46,
        49,
        53,
        57,
        61,
        65,
        69,
        72,
        76,
        80,
        84,
        88,
        92,
        95,
        99,
        103,
        107,
        111,
        115,
        119
    ]
}