{
    "video_path": "FallVision/No Fall/Stand/nf_raw_s_3/S_M_103_resized.mp4",
    "active_window": [
        3,
        7
    ],
    "varying_k": 5,
    "detection_status": "Peak Only",
    "saliency_weights": [
        0.019804468864786137,
        0.036474063953647606,
        0.05620179250938426,
        0.06766341721783412,
        0.0711316791802059,
        0.0715203329501906,
        0.07140675329442325,
        0.07131255001813172,
        0.07126292109578256,
        0.07123459284650036,
        0.07117535981573332,
        0.07104612849626815,
        0.07089276613584974,
        0.07079415884618276,
        0.07074481552476201,
        0.07067555249248172,
        0.0705670045209148,
        0.07046387551917158,
        0.07040318242326832,
        0.07038278628415766,
        0.07037403301984942,
        0.07034729939242204,
        0.07031778653286032,
        0.0703492572425932,
        0.0704746515147377,
        0.07064883822879793,
        0.0707436818857857,
        0.07017542867728647,
        0.06662265757492997,
        0.055854373435879956,
        0.03780820431568777,
        0.022685443178943977
    ],
    "clip_indices": [
        0,
        1,
        3,
        4,
        6,
        7,
        9,
        10,
        12,
        13,
        15,
        16,
        18,
        19,
        21,
        22,
        24,
        25,
        27,
        28,
        30,
        31,
        33,
        34,
        36,
        37,
        39,
        40,
        42,
        43,
        45,
        47
    ]
}