{
    "video_path": "FallVision/No Fall/Stand/nf_raw_s_3/S_M_30_resized.mp4",
    "active_window": [
        12,
        18
    ],
    "varying_k": 7,
    "detection_status": "Global Event Zone",
    "saliency_weights": [
        0.00846406975588599,
        0.013449485846261102,
        0.01917730061558786,
        0.022176023511857844,
        0.02274036605625501,
        0.022620161342821726,
        0.022655140431115103,
        0.022901588142484823,
        0.02335678378709758,
        0.025108058411850105,
        0.03222442288402304,
        0.05343564542075406,
        0.10145183055952867,
        0.17769222228227524,
        0.24889337934691363,
        0.2684900063130888,
        0.23177192281592213,
        0.17505583111828543,
        0.12677166255881084,
        0.09113813424853981,
        0.0647109147620155,
        0.046095668039450095,
        0.03464434096381507,
        0.028741251136305778,
        0.02649390900922055,
        0.026242658030997377,
        0.02655833043141302,
        0.02615603040282867,
        0.02410092426364968,
        0.02012375327858304,
        0.015002371037659137,
        0.011145733219421475
    ],
    "clip_indices": [
        0,
        3,
        7,
        11,
        15,
        19,
        23,
        26,
        30,
        34,
        38,
        42,
        46,
        49,
        53,
        57,
        61,
        65,
        69,
        72,
        76,
        80,
        84,
        88,
        92,
        95,
        99,
        103,
        107,
        111,
        115,
        119
    ]
}