{
    "video_path": "FallVision/No Fall/Stand/nf_raw_s_3/S_M_137_resized.mp4",
    "active_window": [
        4,
        22
    ],
    "varying_k": 19,
    "detection_status": "Global Event Zone",
    "saliency_weights": [
        0.020044909205486357,
        0.03720401156529156,
        0.058311895776754025,
        0.07184765601381571,
        0.07645174894582235,
        0.07581640413398764,
        0.07380593701374649,
        0.07284686085459255,
        0.0729260306867208,
        0.07294760904559729,
        0.07253873908018119,
        0.07190335844652102,
        0.07100615257745338,
        0.06972696951941657,
        0.06853389063148735,
        0.06825635658795755,
        0.06917660433909356,
        0.0709000031189137,
        0.072860766540913,
        0.07453135732079874,
        0.07539295183854414,
        0.07505889791786151,
        0.07371935611302463,
        0.07213367413985673,
        0.07063231068848717,
        0.06870268823004244,
        0.06598655948373636,
        0.06262498369418648,
        0.05745638533818112,
        0.0472496728896383,
        0.031835704148216175,
        0.019263455820521587
    ],
    "clip_indices": [
        0,
        4,
        9,
        14,
        19,
        24,
        28,
        33,
        38,
        43,
        48,
        52,
        57,
        62,
        67,
        72,
        76,
        81,
        86,
        91,
        96,
        100,
        105,
        110,
        115,
        120,
        124,
        129,
        134,
        139,
        144,
        149
    ]
}