{
    "video_path": "FallVision/No Fall/Stand/nf_raw_s_3/S_M_142_resized.mp4",
    "active_window": [
        20,
        27
    ],
    "varying_k": 8,
    "detection_status": "Global Event Zone",
    "saliency_weights": [
        0.02099665055326115,
        0.0385482701600164,
        0.05906874787057889,
        0.0703637352538318,
        0.07261857219417649,
        0.07110015417635346,
        0.06882876308589889,
        0.0665627125950568,
        0.06415979627859604,
        0.0617510422266014,
        0.06061916837872049,
        0.06187260773068225,
        0.06427691844537396,
        0.06569675121045447,
        0.06637349120336486,
        0.06804184705793946,
        0.07030768809006613,
        0.07104450137279568,
        0.0703532004550644,
        0.07086918349922533,
        0.07380294495183282,
        0.07755715168572178,
        0.08011963185971671,
        0.08057746499943674,
        0.07912612125660404,
        0.07679436084211734,
        0.07447501669945289,
        0.07199644810537423,
        0.06715075698400702,
        0.05576949001542314,
        0.03770703115915107,
        0.02277833082230564
    ],
    "clip_indices": [
        0,
        5,
        11,
        17,
        22,
        28,
        34,
        39,
        45,
        51,
        57,
        62,
        68,
        74,
        79,
        85,
        91,
        97,
        102,
        108,
        114,
        119,
        125,
        131,
        137,
        142,
        148,
        154,
        159,
        165,
        171,
        177
    ]
}