{
    "video_path": "FallVision/No Fall/Stand/nf_raw_s_3/S_M_62.mp4",
    "active_window": [
        24,
        28
    ],
    "varying_k": 5,
    "detection_status": "Peak Only",
    "saliency_weights": [
        0.01976074790574552,
        0.03638415350841563,
        0.05603727076377965,
        0.06744071539170393,
        0.07094822290550738,
        0.07148768544956105,
        0.07147032596515746,
        0.0712387024725896,
        0.07085181000601469,
        0.07045293178081623,
        0.07013059172139244,
        0.06991302938949395,
        0.06982445247584795,
        0.06988466585295508,
        0.07006700769477675,
        0.07028280579367843,
        0.07039599390693324,
        0.07032079872463498,
        0.07020111806057795,
        0.0703122946279521,
        0.07063097386811869,
        0.07080020816356006,
        0.0706859039197183,
        0.07058719030275512,
        0.07077550347708997,
        0.07120702693697203,
        0.07163819619937517,
        0.07135412344960726,
        0.06791012899301244,
        0.056981252306165645,
        0.038540226640273095,
        0.02306445494980349
    ],
    "clip_indices": [
        0,
        2,
        5,
        8,
        11,
        13,
        16,
        19,
        22,
        24,
        27,
        30,
        33,
        36,
        38,
        41,
        44,
        47,
        49,
        52,
        55,
        58,
        61,
        63,
        66,
        69,
        72,
        74,
        77,
        80,
        83,
        86
    ]
}