{
    "video_path": "FallVision/No Fall/Stand/nf_raw_s_3/S_M_157_resized.mp4",
    "active_window": [
        17,
        21
    ],
    "varying_k": 5,
    "detection_status": "Global Event Zone",
    "saliency_weights": [
        0.02488602687440818,
        0.0451934414080491,
        0.06753792540512825,
        0.07704477284912606,
        0.07544967835809371,
        0.07102346021081599,
        0.06817696520650643,
        0.0677057264286395,
        0.06878879967258819,
        0.0702904624170203,
        0.07163612995287191,
        0.07253113250911086,
        0.07239073216324676,
        0.07081695205420588,
        0.06869650793164661,
        0.06777205135157374,
        0.06902279555842106,
        0.07199583363790552,
        0.07488168543635869,
        0.07554277269965748,
        0.07386452047965922,
        0.07186828200941309,
        0.07055869166071357,
        0.06879798905890092,
        0.06592344234890633,
        0.06320334080644543,
        0.06203063469011544,
        0.06215907470810621,
        0.06072297723863917,
        0.05242023126735233,
        0.03626943312380552,
        0.02214183817967625
    ],
    "clip_indices": [
        0,
        4,
        9,
        14,
        19,
        24,
        28,
        33,
        38,
        43,
        48,
        52,
        57,
        62,
        67,
        72,
        76,
        81,
        86,
        91,
        96,
        100,
        105,
        110,
        115,
        120,
        124,
        129,
        134,
        139,
        144,
        149
    ]
}