{
    "video_path": "FallVision/No Fall/Stand/nf_raw_s_3/S_M_117.mp4",
    "active_window": [
        0,
        5
    ],
    "varying_k": 6,
    "detection_status": "Global Event Zone",
    "saliency_weights": [
        0.150833596300679,
        0.2610031782153487,
        0.34783440487281625,
        0.3129289000030244,
        0.20522209333536134,
        0.11825552914968307,
        0.07822489311129027,
        0.06606028863253782,
        0.06096533819381261,
        0.051853676145305935,
        0.03931526658826803,
        0.029051653647650128,
        0.023023648781412016,
        0.01943321988478368,
        0.01680450204932668,
        0.014954244558972509,
        0.01390814401073499,
        0.013444962383957142,
        0.013311143823081822,
        0.01339516182640562,
        0.01382108956588781,
        0.014937567672106942,
        0.017109110117626388,
        0.02034878638614347,
        0.023637322442875794,
        0.02494189757842002,
        0.023342429293387403,
        0.02024734291093734,
        0.01717437146389037,
        0.014144445998477136,
        0.01099550482850565,
        0.00873991264125023
    ],
    "clip_indices": [
        0,
        3,
        7,
        11,
        14,
        18,
        22,
        25,
        29,
        33,
        37,
        40,
        44,
        48,
        51,
        55,
        59,
        63,
        66,
        70,
        74,
        77,
        81,
        85,
        89,
        92,
        96,
        100,
        103,
        107,
        111,
        115
    ]
}