{
    "video_path": "FallVision/No Fall/Stand/nf_raw_s_3/S_M_24_resized.mp4",
    "active_window": [
        19,
        27
    ],
    "varying_k": 9,
    "detection_status": "Global Event Zone",
    "saliency_weights": [
        0.01901844946190812,
        0.03526820858802923,
        0.05520429414449625,
        0.06811881902266945,
        0.07336942079557832,
        0.0746206280114923,
        0.07422215519291968,
        0.07302883272387536,
        0.07126142734648432,
        0.06907789125747887,
        0.06695377750058883,
        0.06547543509184592,
        0.06488128406787157,
        0.06508441246860193,
        0.06589749478131617,
        0.06712258149296475,
        0.06855789562615841,
        0.06999882133776064,
        0.07126393731806833,
        0.07219080352443424,
        0.07262803153401612,
        0.07251185303445468,
        0.07207213187686715,
        0.07181863110178952,
        0.07202564972392034,
        0.07248677711248193,
        0.07289831987076459,
        0.07270586376275834,
        0.06949275122984608,
        0.058595534479287184,
        0.03976855832244716,
        0.023846573478047604
    ],
    "clip_indices": [
        0,
        1,
        3,
        5,
        7,
        9,
        11,
        13,
        15,
        17,
        19,
        20,
        22,
        24,
        26,
        28,
        30,
        32,
        34,
        36,
        38,
        39,
        41,
        43,
        45,
        47,
        49,
        51,
        53,
        55,
        57,
        59
    ]
}