{
    "video_path": "FallVision/No Fall/Stand/nf_raw_s_3/S_M_27_resized.mp4",
    "active_window": [
        1,
        7
    ],
    "varying_k": 7,
    "detection_status": "Global Event Zone",
    "saliency_weights": [
        0.042087547638824,
        0.07547614507323264,
        0.1096278696141583,
        0.1185197390700356,
        0.10731689383492224,
        0.09275776308360886,
        0.08247277563298368,
        0.07604088240286246,
        0.06978183496886878,
        0.060941909517439524,
        0.051578951978246745,
        0.0465350759341063,
        0.048954866629250096,
        0.0584403116805185,
        0.07013735919366781,
        0.07738223796028956,
        0.07726682442221629,
        0.0715149857848851,
        0.06370774139756838,
        0.0570988915968966,
        0.05254486962629509,
        0.04868213931205386,
        0.04514044854075967,
        0.04404645199618917,
        0.048244965780395714,
        0.05891833349041996,
        0.07186595865696628,
        0.0765003123042132,
        0.06638903777651503,
        0.047106342309202145,
        0.028095179660600166,
        0.016262277253841908
    ],
    "clip_indices": [
        0,
        3,
        7,
        11,
        15,
        19,
        23,
        26,
        30,
        34,
        38,
        42,
        46,
        49,
        53,
        57,
        61,
        65,
        69,
        72,
        76,
        80,
        84,
        88,
        92,
        95,
        99,
        103,
        107,
        111,
        115,
        119
    ]
}