{
    "video_path": "FallVision/No Fall/Stand/nf_raw_s_3/S_M_18_resized.mp4",
    "active_window": [
        5,
        15
    ],
    "varying_k": 11,
    "detection_status": "Global Event Zone",
    "saliency_weights": [
        0.022221003326661583,
        0.04040111554752651,
        0.06061046109788925,
        0.07008079510484012,
        0.07126545062905179,
        0.07153512789547029,
        0.07251279857944852,
        0.07263720565300408,
        0.07200440474083555,
        0.07185988700954349,
        0.07251327115572519,
        0.0733914541149121,
        0.07390998620305766,
        0.07376044536504005,
        0.07293761794917074,
        0.07164509526922322,
        0.07016383666055609,
        0.06884133359890987,
        0.06812205931899898,
        0.06836927655837802,
        0.06938340657155491,
        0.07040241577457504,
        0.07087964497010826,
        0.07080577196310271,
        0.07025367713212127,
        0.06914789976091601,
        0.06755511740052111,
        0.06552107429652584,
        0.06139492420007586,
        0.051280510149658745,
        0.034857318274395685,
        0.02117206960527864
    ],
    "clip_indices": [
        0,
        3,
        6,
        9,
        12,
        15,
        18,
        21,
        24,
        27,
        30,
        33,
        36,
        39,
        42,
        45,
        49,
        52,
        55,
        58,
        61,
        64,
        67,
        70,
        73,
        76,
        79,
        82,
        85,
        88,
        91,
        95
    ]
}