{
    "video_path": "FallVision/No Fall/Stand/nf_raw_s_3/S_M_139_resized.mp4",
    "active_window": [
        9,
        16
    ],
    "varying_k": 8,
    "detection_status": "Global Event Zone",
    "saliency_weights": [
        0.02355697816583953,
        0.04327206800331301,
        0.06624784530899697,
        0.07854653628313515,
        0.07994538330118359,
        0.07637151861436495,
        0.07239874108026026,
        0.0703759765365658,
        0.07064501538353063,
        0.07243392081720738,
        0.07467561298092712,
        0.07647525855566925,
        0.07751148474943394,
        0.07783606704834009,
        0.07743254495518376,
        0.07615575852354231,
        0.0739501425468877,
        0.0710139850807179,
        0.06792879344256808,
        0.06557884191338668,
        0.06471139211392801,
        0.06550358636531382,
        0.0670545713909072,
        0.0675617661678063,
        0.0660890088721641,
        0.06346566080776338,
        0.060960281407855324,
        0.05896072015612344,
        0.055691245876514014,
        0.047031461647235415,
        0.032287810867185955,
        0.01980167631001902
    ],
    "clip_indices": [
        0,
        3,
        7,
        11,
        15,
        19,
        23,
        26,
        30,
        34,
        38,
        42,
        46,
        49,
        53,
        57,
        61,
        65,
        69,
        72,
        76,
        80,
        84,
        88,
        92,
        95,
        99,
        103,
        107,
        111,
        115,
        119
    ]
}