{
    "video_path": "FallVision/No Fall/Stand/nf_raw_s_3/S_M_111.mp4",
    "active_window": [
        2,
        28
    ],
    "varying_k": 27,
    "detection_status": "Global Event Zone",
    "saliency_weights": [
        0.026046041664850396,
        0.04750660698014119,
        0.071660236792221,
        0.08300818042109748,
        0.08258095974637084,
        0.0780877499758363,
        0.07391587480811639,
        0.07136013876367411,
        0.07048724382377804,
        0.0704921380282916,
        0.06948479362976345,
        0.06583349177807832,
        0.06029932462625884,
        0.05525232941621033,
        0.05239031849040564,
        0.052269151980582504,
        0.054776349130152634,
        0.05917912575309066,
        0.06380918343551564,
        0.06669318386947803,
        0.06757433545453795,
        0.06816450163437082,
        0.06975089793397057,
        0.07206296968374154,
        0.07435009328276837,
        0.07615809740740563,
        0.07729045855357544,
        0.07726769433018679,
        0.07370366654729554,
        0.06200191065945651,
        0.04213194338195948,
        0.025428314358096983
    ],
    "clip_indices": [
        0,
        2,
        5,
        8,
        11,
        14,
        17,
        20,
        22,
        25,
        28,
        31,
        34,
        37,
        40,
        43,
        45,
        48,
        51,
        54,
        57,
        60,
        63,
        66,
        68,
        71,
        74,
        77,
        80,
        83,
        86,
        89
    ]
}