{
    "video_path": "FallVision/No Fall/Stand/nf_raw_s_3/S_M_21_resized.mp4",
    "active_window": [
        14,
        20
    ],
    "varying_k": 7,
    "detection_status": "Global Event Zone",
    "saliency_weights": [
        0.02414309768529032,
        0.04327166010340023,
        0.06290033012359121,
        0.06888126039844633,
        0.06601633642311486,
        0.06453651055541375,
        0.06581326597148378,
        0.06663103758776572,
        0.06655895855808407,
        0.06701073624733969,
        0.0680060437490437,
        0.06873804360286283,
        0.06958628954916331,
        0.0715046159328461,
        0.07404167038992861,
        0.07585899234877697,
        0.07691986423527473,
        0.07811647960591758,
        0.07870306141404386,
        0.07654689320956506,
        0.0717357851196391,
        0.06738154836723212,
        0.06607456941905578,
        0.06789866700481625,
        0.07120281632305975,
        0.07350949348607771,
        0.07310056719851306,
        0.06968380401910809,
        0.06262807346262661,
        0.05020233723642116,
        0.0334663584775991,
        0.02045361355123515
    ],
    "clip_indices": [
        0,
        2,
        5,
        8,
        11,
        14,
        17,
        20,
        22,
        25,
        28,
        31,
        34,
        37,
        40,
        43,
        45,
        48,
        51,
        54,
        57,
        60,
        63,
        66,
        68,
        71,
        74,
        77,
        80,
        83,
        86,
        89
    ]
}