{
    "video_path": "FallVision/No Fall/Stand/nf_raw_s_3/S_M_181_resized.mp4",
    "active_window": [
        3,
        25
    ],
    "varying_k": 23,
    "detection_status": "Global Event Zone",
    "saliency_weights": [
        0.020566484393266637,
        0.03800070726018315,
        0.058957504529963956,
        0.07163065670156292,
        0.07558233515432697,
        0.07529293213056842,
        0.07379040699534788,
        0.07220524701973549,
        0.07043992578238119,
        0.06822055291233234,
        0.06610342339802487,
        0.06497116196175057,
        0.06492949283634199,
        0.06545204216493601,
        0.06614695811142718,
        0.06699773270794257,
        0.06825530841802449,
        0.07008076435419158,
        0.07197151501924541,
        0.07300261430416935,
        0.07304602919067094,
        0.07296072250612332,
        0.07325915254128207,
        0.07353307420860296,
        0.07329609131583202,
        0.072533465413452,
        0.07142760193428288,
        0.06974778652398447,
        0.06547388320287831,
        0.05455908835129758,
        0.0368822667804424,
        0.022192671063590613
    ],
    "clip_indices": [
        0,
        2,
        5,
        8,
        11,
        14,
        17,
        20,
        23,
        26,
        29,
        31,
        34,
        37,
        40,
        43,
        46,
        49,
        52,
        55,
        58,
        60,
        63,
        66,
        69,
        72,
        75,
        78,
        81,
        84,
        87,
        90
    ]
}