{
    "video_path": "FallVision/No Fall/Stand/nf_raw_s_3/S_M_249.mp4",
    "active_window": [
        0,
        5
    ],
    "varying_k": 6,
    "detection_status": "Global Event Zone",
    "saliency_weights": [
        0.12272233671345088,
        0.21733744876800967,
        0.30614536610587606,
        0.30872802666411425,
        0.24206826552056404,
        0.16203434144979384,
        0.10148521573527453,
        0.06904823775444292,
        0.057071804678988834,
        0.05268263827843437,
        0.048249538965322775,
        0.04175632217207792,
        0.034225032438582756,
        0.027524470511866413,
        0.022468268095161753,
        0.018830247760609948,
        0.016388123721498473,
        0.01516547258493467,
        0.014990037319208168,
        0.015402108343430917,
        0.016036888677694594,
        0.016756562696153693,
        0.01744636333754812,
        0.01788076488184142,
        0.017768553594421022,
        0.016860153031834586,
        0.015201885435796814,
        0.013249945626583185,
        0.011365780320847153,
        0.009489117403327588,
        0.0076244497697617415,
        0.006335554737322424
    ],
    "clip_indices": [
        0,
        2,
        5,
        8,
        11,
        14,
        17,
        20,
        22,
        25,
        28,
        31,
        34,
        37,
        40,
        43,
        45,
        48,
        51,
        54,
        57,
        60,
        63,
        66,
        68,
        71,
        74,
        77,
        80,
        83,
        86,
        89
    ]
}