{
    "video_path": "FallVision/No Fall/Stand/nf_raw_s_3/S_M_129_resized.mp4",
    "active_window": [
        1,
        10
    ],
    "varying_k": 10,
    "detection_status": "Global Event Zone",
    "saliency_weights": [
        0.06360517702075741,
        0.11358839362267217,
        0.16364066141868197,
        0.17552285074323004,
        0.16134424659257338,
        0.14766863516040324,
        0.13788045618041178,
        0.12469696516500417,
        0.1108332969558925,
        0.10257340922403263,
        0.09597271572713709,
        0.08357232272575954,
        0.06897236542576922,
        0.06186382036141114,
        0.06275430698489286,
        0.06364078446111399,
        0.05941803846379012,
        0.05095035117428741,
        0.04133022840132569,
        0.033279416889807206,
        0.027650442626037136,
        0.023435962670251755,
        0.019535958250221846,
        0.015681863715679152,
        0.012133869306914895,
        0.00932315894078485,
        0.0074599508035567775,
        0.006319659148982507,
        0.00552314755518684,
        0.004763728438737744,
        0.003957720781499308,
        0.003375105253715112
    ],
    "clip_indices": [
        0,
        4,
        9,
        13,
        18,
        23,
        27,
        32,
        37,
        41,
        46,
        51,
        55,
        60,
        65,
        69,
        74,
        78,
        83,
        88,
        92,
        97,
        102,
        106,
        111,
        116,
        120,
        125,
        130,
        134,
        139,
        144
    ]
}