{
    "video_path": "FallVision/No Fall/Stand/nf_raw_s_3/S_M_47.mp4",
    "active_window": [
        2,
        10
    ],
    "varying_k": 9,
    "detection_status": "Global Event Zone",
    "saliency_weights": [
        0.0452085639157698,
        0.08014332913032593,
        0.11607509593835286,
        0.13152128433381016,
        0.1465680036961202,
        0.18449747116508303,
        0.22961967342944972,
        0.2497364107163993,
        0.23114154659948188,
        0.18042529811443322,
        0.11885309123309368,
        0.06923371365939045,
        0.03911210331925964,
        0.023474891240727873,
        0.015894641290067277,
        0.012359015425219897,
        0.01079952561432047,
        0.010241794139436126,
        0.010243317172538305,
        0.010593393389529634,
        0.01113176840436523,
        0.011700682349697802,
        0.012226818453604004,
        0.012737442768449805,
        0.013233076557377701,
        0.013631824514357939,
        0.013885899203710849,
        0.013994221717239783,
        0.013672965661827585,
        0.012230232069881958,
        0.009592886729916362,
        0.007326859397036157
    ],
    "clip_indices": [
        0,
        2,
        5,
        8,
        11,
        14,
        17,
        20,
        22,
        25,
        28,
        31,
        34,
        37,
        40,
        43,
        45,
        48,
        51,
        54,
        57,
        60,
        63,
        66,
        68,
        71,
        74,
        77,
        80,
        83,
        86,
        89
    ]
}