{
    "video_path": "FallVision/No Fall/Stand/nf_raw_s_3/S_M_212_resized.mp4",
    "active_window": [
        13,
        19
    ],
    "varying_k": 7,
    "detection_status": "Global Event Zone",
    "saliency_weights": [
        0.021291471829857276,
        0.03913550677367528,
        0.06003956339614737,
        0.07169153844288273,
        0.07441921379964188,
        0.07371048086626054,
        0.07267840336166242,
        0.07205331050094696,
        0.07151671670786378,
        0.07068166880678542,
        0.06985118314343366,
        0.06975046521373296,
        0.07083583641956105,
        0.07298637276135879,
        0.07534893777289559,
        0.0768776015356363,
        0.0773861209189579,
        0.07729578186454653,
        0.07631458730202006,
        0.07352221989322605,
        0.0691009309159783,
        0.06476307947680761,
        0.06211483527954051,
        0.06169374266910224,
        0.06310258113839361,
        0.06524980730857989,
        0.0669962909537223,
        0.06722544346518192,
        0.06373257026555748,
        0.05308931859978719,
        0.035770783407277226,
        0.021436358308972347
    ],
    "clip_indices": [
        0,
        4,
        9,
        14,
        19,
        24,
        28,
        33,
        38,
        43,
        48,
        52,
        57,
        62,
        67,
        72,
        76,
        81,
        86,
        91,
        96,
        100,
        105,
        110,
        115,
        120,
        124,
        129,
        134,
        139,
        144,
        149
    ]
}