{
    "video_path": "FallVision/No Fall/Stand/nf_raw_s_3/S_M_23_resized.mp4",
    "active_window": [
        11,
        19
    ],
    "varying_k": 9,
    "detection_status": "Global Event Zone",
    "saliency_weights": [
        0.02418676358519374,
        0.04349301786827801,
        0.06362039269814469,
        0.07002957252040791,
        0.06613826985739223,
        0.0617126029043782,
        0.06063043326819155,
        0.06226597974272034,
        0.06509247655932322,
        0.06791805262318386,
        0.07033183332289172,
        0.0724411138433432,
        0.07443037482133348,
        0.07628647891449129,
        0.07761690360414314,
        0.07799641056962497,
        0.07765618354870488,
        0.07707971498643663,
        0.07570042605863143,
        0.07244506417460905,
        0.06839142361783099,
        0.06663061126900517,
        0.06778895684227078,
        0.06869187217944597,
        0.06723463718655848,
        0.06506254721686802,
        0.06453436931581866,
        0.06591176987697348,
        0.06596344416347899,
        0.05809068799790023,
        0.04066131739296326,
        0.024950942748646912
    ],
    "clip_indices": [
        0,
        2,
        5,
        8,
        11,
        14,
        17,
        20,
        22,
        25,
        28,
        31,
        34,
        37,
        40,
        43,
        45,
        48,
        51,
        54,
        57,
        60,
        63,
        66,
        68,
        71,
        74,
        77,
        80,
        83,
        86,
        89
    ]
}