{
    "video_path": "FallVision/No Fall/Stand/nf_raw_s_3/S_M_07_resized.mp4",
    "active_window": [
        6,
        15
    ],
    "varying_k": 10,
    "detection_status": "Global Event Zone",
    "saliency_weights": [
        0.018915650644146312,
        0.034888364330269137,
        0.05412736640714552,
        0.066011338680626,
        0.07059289041416208,
        0.07235167642769674,
        0.07393926928267275,
        0.07601137541878372,
        0.07814113351916677,
        0.07971509733422899,
        0.08070243763661458,
        0.08135936497567281,
        0.08155256506510805,
        0.08076676222047333,
        0.07855969701112955,
        0.07515548034582265,
        0.0721288019848011,
        0.07144649729002964,
        0.07286848578498736,
        0.07390538169761406,
        0.07275448085575567,
        0.06957163776954882,
        0.06554632621386225,
        0.06205705667747527,
        0.059808357973336355,
        0.05857855076015403,
        0.05816141912781401,
        0.05849168635712189,
        0.05744499191625084,
        0.049917299614918115,
        0.034712800302526374,
        0.021269162358660436
    ],
    "clip_indices": [
        0,
        2,
        5,
        8,
        11,
        14,
        17,
        20,
        22,
        25,
        28,
        31,
        34,
        37,
        40,
        43,
        45,
        48,
        51,
        54,
        57,
        60,
        63,
        66,
        68,
        71,
        74,
        77,
        80,
        83,
        86,
        89
    ]
}