{
    "video_path": "FallVision/No Fall/Stand/nf_raw_s_3/S_M_28_resized.mp4",
    "active_window": [
        3,
        9
    ],
    "varying_k": 7,
    "detection_status": "Global Event Zone",
    "saliency_weights": [
        0.0231385920288507,
        0.04214027493593475,
        0.06487628341041927,
        0.08062942004954116,
        0.09469584143383025,
        0.1133322247295724,
        0.12796302133541773,
        0.12615790344064665,
        0.1079711029838254,
        0.08224957113325587,
        0.058014855017843106,
        0.041556780557575765,
        0.03505726305664636,
        0.03754794650765196,
        0.046334239797836935,
        0.05758987024737543,
        0.06678521861199035,
        0.07020602249322405,
        0.06809111387489473,
        0.064195189184872,
        0.061164760014965944,
        0.05900557659896756,
        0.05754663642048116,
        0.05765562082106593,
        0.05988093122442794,
        0.06341032917766114,
        0.06637640409025214,
        0.06618319929890956,
        0.06049563839785127,
        0.0484006747200027,
        0.03222758217953693,
        0.019860757742919635
    ],
    "clip_indices": [
        0,
        3,
        6,
        9,
        12,
        15,
        18,
        21,
        24,
        27,
        30,
        33,
        36,
        39,
        42,
        45,
        49,
        52,
        55,
        58,
        61,
        64,
        67,
        70,
        73,
        76,
        79,
        82,
        85,
        88,
        91,
        95
    ]
}