{
    "video_path": "FallVision/No Fall/Stand/nf_raw_s_3/S_M_69.mp4",
    "active_window": [
        18,
        26
    ],
    "varying_k": 9,
    "detection_status": "Global Event Zone",
    "saliency_weights": [
        0.01911868029618388,
        0.03515146241459584,
        0.05400774428220205,
        0.06477604226236032,
        0.06796489346779816,
        0.06853188240403849,
        0.06884980477992109,
        0.06918479776314473,
        0.06949175597664264,
        0.06980485913181936,
        0.07012921632764471,
        0.07044270816636972,
        0.07075618166282527,
        0.07107579775265396,
        0.07131933560645999,
        0.07139476563601864,
        0.0713948457059006,
        0.07153829239697072,
        0.07187606907527869,
        0.07224640519189912,
        0.07250785558347113,
        0.0726420027936786,
        0.07268132869841051,
        0.0726517350971088,
        0.07254894650132102,
        0.07234165889253212,
        0.0719783112149106,
        0.07100558647946947,
        0.06717915472623781,
        0.056219938721973464,
        0.038005525176832214,
        0.022766403130344216
    ],
    "clip_indices": [
        0,
        1,
        3,
        5,
        7,
        9,
        11,
        13,
        15,
        17,
        19,
        20,
        22,
        24,
        26,
        28,
        30,
        32,
        34,
        36,
        38,
        39,
        41,
        43,
        45,
        47,
        49,
        51,
        53,
        55,
        57,
        59
    ]
}