{
    "video_path": "FallVision/No Fall/Stand/nf_raw_s_3/S_M_108.mp4",
    "active_window": [
        13,
        20
    ],
    "varying_k": 8,
    "detection_status": "Global Event Zone",
    "saliency_weights": [
        0.019418391569895645,
        0.03514233113853769,
        0.052511659056798055,
        0.060205976189474056,
        0.05991802526911072,
        0.05812571274243679,
        0.05758256355460836,
        0.05822754804643777,
        0.05966552060947665,
        0.061674701141451474,
        0.06407826574508364,
        0.06695131444506466,
        0.07094274257441216,
        0.07661712051800866,
        0.08318520482457747,
        0.08876048222358168,
        0.09172846608235938,
        0.09135087758598794,
        0.08793354620333867,
        0.08258258101460116,
        0.07646313085026608,
        0.07058034171388557,
        0.06602061748080079,
        0.06389697302219655,
        0.06451576864516638,
        0.0669105460978938,
        0.06958304954149963,
        0.07073508620360243,
        0.06758852188555084,
        0.056564327743151205,
        0.0383666089768753,
        0.023275757388426736
    ],
    "clip_indices": [
        0,
        9,
        19,
        28,
        38,
        48,
        57,
        67,
        77,
        86,
        96,
        106,
        115,
        125,
        135,
        144,
        154,
        163,
        173,
        183,
        192,
        202,
        212,
        221,
        231,
        241,
        250,
        260,
        270,
        279,
        289,
        299
    ]
}