{
    "video_path": "FallVision/No Fall/Stand/nf_raw_s_3/S_M_159.mp4",
    "active_window": [
        21,
        28
    ],
    "varying_k": 8,
    "detection_status": "Global Event Zone",
    "saliency_weights": [
        0.02663351917666717,
        0.047575289081495074,
        0.06864860024569287,
        0.07427549915590309,
        0.0704911707128231,
        0.0690176521034635,
        0.07039148722335081,
        0.06989573276585626,
        0.06731466319509966,
        0.06506280095522612,
        0.06317986918830754,
        0.060385881912062574,
        0.05744710181732558,
        0.056313036750767265,
        0.057016265943065844,
        0.05806012077432012,
        0.059134642846113084,
        0.061229215614637664,
        0.06447877233752901,
        0.06779131523227425,
        0.07054752858689542,
        0.07319806599995386,
        0.07622219461235513,
        0.07944301852248731,
        0.08207561048739079,
        0.0830436799353565,
        0.0819841526267342,
        0.07938418756819876,
        0.07391061448409988,
        0.06126728850267891,
        0.0412205377934009,
        0.024638090192738833
    ],
    "clip_indices": [
        0,
        3,
        7,
        11,
        15,
        19,
        23,
        26,
        30,
        34,
        38,
        42,
        46,
        49,
        53,
        57,
        61,
        65,
        69,
        72,
        76,
        80,
        84,
        88,
        92,
        95,
        99,
        103,
        107,
        111,
        115,
        119
    ]
}