{
    "video_path": "FallVision/No Fall/Stand/nf_raw_s_3/S_M_186_resized.mp4",
    "active_window": [
        7,
        14
    ],
    "varying_k": 8,
    "detection_status": "Global Event Zone",
    "saliency_weights": [
        0.024166280470578883,
        0.04275130415195938,
        0.06140745350525206,
        0.06614230210806098,
        0.06245417481454381,
        0.06376017164323185,
        0.0781455102902276,
        0.10400901453487818,
        0.12714941954133696,
        0.1329089287142956,
        0.12287073247244085,
        0.10855206736141501,
        0.09683751494257514,
        0.08811565049074926,
        0.08032507110282243,
        0.07167194571849768,
        0.06243861029220532,
        0.0544810496075209,
        0.048922972428408956,
        0.0456548006791412,
        0.044638907224755595,
        0.04617190441732173,
        0.049597024106161014,
        0.052908366395274936,
        0.05446319024738366,
        0.053976568253662774,
        0.051806429661943515,
        0.04825627667600093,
        0.042893009833292216,
        0.03449282850796413,
        0.023613634865689324,
        0.015256141632725363
    ],
    "clip_indices": [
        0,
        2,
        4,
        6,
        9,
        11,
        13,
        16,
        18,
        20,
        22,
        25,
        27,
        29,
        32,
        34,
        36,
        38,
        41,
        43,
        45,
        48,
        50,
        52,
        54,
        57,
        59,
        61,
        64,
        66,
        68,
        71
    ]
}