{
    "video_path": "FallVision/No Fall/Stand/nf_raw_s_3/S_M_207_resized.mp4",
    "active_window": [
        7,
        13
    ],
    "varying_k": 7,
    "detection_status": "Global Event Zone",
    "saliency_weights": [
        0.02182967532432196,
        0.04000432083904998,
        0.06113288753971319,
        0.07243098901786583,
        0.07403859783276973,
        0.07189210432794824,
        0.07057499881125143,
        0.0723068275592007,
        0.076799871846567,
        0.08202977080455359,
        0.08511092777506468,
        0.08389872923632585,
        0.07912908766199789,
        0.07326866968537642,
        0.06775664007171789,
        0.06281085017757192,
        0.05879524960184725,
        0.05658249766196186,
        0.0568921352144727,
        0.059635445590955065,
        0.06328615295407562,
        0.06544688326941811,
        0.06545839999334675,
        0.06517941596809161,
        0.06624904368215657,
        0.06849154749378883,
        0.07098905277447057,
        0.0725533760682415,
        0.0704000212175977,
        0.05990215365781776,
        0.041052644609159555,
        0.024994591713031006
    ],
    "clip_indices": [
        0,
        3,
        7,
        11,
        15,
        19,
        23,
        26,
        30,
        34,
        38,
        42,
        46,
        49,
        53,
        57,
        61,
        65,
        69,
        72,
        76,
        80,
        84,
        88,
        92,
        95,
        99,
        103,
        107,
        111,
        115,
        119
    ]
}