{
    "video_path": "FallVision/No Fall/Stand/nf_raw_s_3/S_M_124.mp4",
    "active_window": [
        0,
        5
    ],
    "varying_k": 6,
    "detection_status": "Global Event Zone",
    "saliency_weights": [
        0.13697870666805095,
        0.23986494727309604,
        0.3291031413036948,
        0.3153402515555975,
        0.23034718115803235,
        0.14685560556344734,
        0.09252638791209739,
        0.06224802781828967,
        0.04603650201338079,
        0.03697638274471145,
        0.03240362128328505,
        0.03166689539090709,
        0.03319631361827597,
        0.03446094804280182,
        0.03353376817244485,
        0.029856359540837204,
        0.024652384059829977,
        0.020157235905563606,
        0.017642270662362423,
        0.01684275395573284,
        0.016752988408783226,
        0.016321934888799593,
        0.015199018233651072,
        0.0138861185942346,
        0.012890443432142015,
        0.012249826000202371,
        0.011855334606911901,
        0.01165638853741096,
        0.01140891119878127,
        0.010536952370339314,
        0.008881152141233079,
        0.007432380110200325
    ],
    "clip_indices": [
        0,
        4,
        9,
        13,
        18,
        23,
        27,
        32,
        37,
        41,
        46,
        51,
        55,
        60,
        65,
        69,
        74,
        78,
        83,
        88,
        92,
        97,
        102,
        106,
        111,
        116,
        120,
        125,
        130,
        134,
        139,
        144
    ]
}