{
    "video_path": "FallVision/No Fall/Stand/nf_raw_s_3/S_M_183_resized.mp4",
    "active_window": [
        3,
        26
    ],
    "varying_k": 24,
    "detection_status": "Global Event Zone",
    "saliency_weights": [
        0.02343230412189464,
        0.04330935905003626,
        0.06724070144709744,
        0.08140878124599654,
        0.08432975960743899,
        0.08100493881312944,
        0.077152695623663,
        0.07575037660125424,
        0.07415290352579076,
        0.06863404217967103,
        0.06076455958210404,
        0.05471251857794916,
        0.051201666134675305,
        0.04859959319558246,
        0.04747754658403543,
        0.05007167457081582,
        0.05620477455239394,
        0.06331469735945502,
        0.07010893921000189,
        0.0770489759817172,
        0.08339074152875978,
        0.08668871680881612,
        0.08616516278508496,
        0.08389726273428888,
        0.08154923433994848,
        0.07860722104495355,
        0.07430704446911718,
        0.06878177964160603,
        0.06124050431654768,
        0.04907055433176943,
        0.032519846026003885,
        0.019509290025828022
    ],
    "clip_indices": [
        0,
        3,
        6,
        9,
        12,
        15,
        18,
        21,
        24,
        27,
        30,
        33,
        36,
        39,
        42,
        45,
        49,
        52,
        55,
        58,
        61,
        64,
        67,
        70,
        73,
        76,
        79,
        82,
        85,
        88,
        91,
        95
    ]
}