{
    "video_path": "FallVision/No Fall/Stand/nf_raw_s_3/S_M_123.mp4",
    "active_window": [
        1,
        9
    ],
    "varying_k": 9,
    "detection_status": "Global Event Zone",
    "saliency_weights": [
        0.096224239277333,
        0.16942108665802286,
        0.23558684634449242,
        0.23263942139054708,
        0.18087431096858342,
        0.13155125886515984,
        0.11078642186589986,
        0.11713973957831067,
        0.12780681074470768,
        0.11980893699769156,
        0.09509183197656394,
        0.07040464817398392,
        0.05455516616350735,
        0.046024513045536765,
        0.040159425379790406,
        0.033465442543157815,
        0.026058212301851416,
        0.020517437067307933,
        0.017914014331247397,
        0.016890886374197743,
        0.01594599122567818,
        0.014579012167218934,
        0.01292042550031849,
        0.011330534296210518,
        0.010072490344835084,
        0.009183241347296202,
        0.008619058994998586,
        0.00832151264780083,
        0.00807815455333593,
        0.0074579501805974975,
        0.00632578349648131,
        0.005340932478680852
    ],
    "clip_indices": [
        0,
        3,
        7,
        11,
        14,
        18,
        22,
        25,
        29,
        33,
        37,
        40,
        44,
        48,
        51,
        55,
        59,
        63,
        66,
        70,
        74,
        77,
        81,
        85,
        89,
        92,
        96,
        100,
        103,
        107,
        111,
        115
    ]
}