{
    "video_path": "FallVision/No Fall/Stand/nf_raw_s_3/S_M_83.mp4",
    "active_window": [
        8,
        15
    ],
    "varying_k": 8,
    "detection_status": "Global Event Zone",
    "saliency_weights": [
        0.019570374189356955,
        0.03593584457663712,
        0.05505728339254155,
        0.06579267189143503,
        0.06896647727280446,
        0.06988236050764807,
        0.070725126206543,
        0.07140514395395373,
        0.07187408253350758,
        0.07233799755748055,
        0.07278848137224628,
        0.07305309275006706,
        0.07306713631493894,
        0.07286899186724022,
        0.07246627663994581,
        0.07186767205169367,
        0.07122829658641933,
        0.07078745488385335,
        0.07060292329794954,
        0.07053418547186072,
        0.07050066970875535,
        0.07054643657560052,
        0.07063708205890426,
        0.07060917454444837,
        0.0704346074168421,
        0.07030890142566994,
        0.07022026254505537,
        0.06935303666709769,
        0.06531488578389104,
        0.05431507953984838,
        0.03660043564826353,
        0.02195064864781936
    ],
    "clip_indices": [
        0,
        1,
        3,
        5,
        7,
        9,
        11,
        13,
        15,
        17,
        19,
        20,
        22,
        24,
        26,
        28,
        30,
        32,
        34,
        36,
        38,
        39,
        41,
        43,
        45,
        47,
        49,
        51,
        53,
        55,
        57,
        59
    ]
}