{
    "video_path": "FallVision/No Fall/Stand/nf_raw_s_3/S_M_138_resized.mp4",
    "active_window": [
        12,
        20
    ],
    "varying_k": 9,
    "detection_status": "Global Event Zone",
    "saliency_weights": [
        0.02011531241028799,
        0.0367787198738066,
        0.05604375698368951,
        0.06633326898952105,
        0.06841395615956547,
        0.06801960395954867,
        0.06828888778476536,
        0.06956347981201724,
        0.0705224787250752,
        0.07002848110537249,
        0.0690908171218727,
        0.06982250292801608,
        0.07311540922828179,
        0.07792238317558448,
        0.08135742276754118,
        0.08076642776067558,
        0.07736491962421913,
        0.07507550202622287,
        0.07507808419763078,
        0.07505196024917488,
        0.07354773415252236,
        0.0714936689669705,
        0.06961389122705008,
        0.06730220283949687,
        0.06445254050109354,
        0.062437787337138805,
        0.062411533528783786,
        0.0636663188140258,
        0.06288294900733936,
        0.05449832355692138,
        0.03762714490295514,
        0.02278475032873843
    ],
    "clip_indices": [
        0,
        4,
        9,
        14,
        19,
        24,
        28,
        33,
        38,
        43,
        48,
        52,
        57,
        62,
        67,
        72,
        76,
        81,
        86,
        91,
        96,
        100,
        105,
        110,
        115,
        120,
        124,
        129,
        134,
        139,
        144,
        149
    ]
}