{
    "video_path": "FallVision/No Fall/Stand/nf_raw_s_3/S_M_114.mp4",
    "active_window": [
        1,
        6
    ],
    "varying_k": 6,
    "detection_status": "Global Event Zone",
    "saliency_weights": [
        0.08283907868272077,
        0.14720239196772106,
        0.2092548600312531,
        0.2164624221496936,
        0.18185140782965897,
        0.14154097553224276,
        0.10997268185484096,
        0.086025027514639,
        0.06761032968611941,
        0.05507061560234429,
        0.05048053845365778,
        0.05462893640290484,
        0.06301022765968764,
        0.06831811586446444,
        0.06663485931021354,
        0.05853938598559437,
        0.04734284341744078,
        0.037123486449411436,
        0.030179494680513817,
        0.02653442979052448,
        0.025258699201050012,
        0.025249250962623926,
        0.025526225945747487,
        0.025382065305594354,
        0.024654080320694667,
        0.023778602912563146,
        0.023149430952802308,
        0.022623553803535576,
        0.021477757644351315,
        0.018602697926060046,
        0.013982435812953298,
        0.010154601881406048
    ],
    "clip_indices": [
        0,
        2,
        5,
        8,
        11,
        13,
        16,
        19,
        22,
        24,
        27,
        30,
        33,
        36,
        38,
        41,
        44,
        47,
        49,
        52,
        55,
        58,
        61,
        63,
        66,
        69,
        72,
        74,
        77,
        80,
        83,
        86
    ]
}