{
    "video_path": "FallVision/No Fall/Stand/nf_raw_s_3/S_M_154.mp4",
    "active_window": [
        4,
        9
    ],
    "varying_k": 6,
    "detection_status": "Global Event Zone",
    "saliency_weights": [
        0.01590228922676391,
        0.02884738615157713,
        0.04543480585253905,
        0.060651195556782646,
        0.08119931622164128,
        0.11036673026759752,
        0.1323334516690654,
        0.13005510978647422,
        0.10966856863719694,
        0.08891138137834192,
        0.07621452217700722,
        0.07098141538994376,
        0.0710051574089154,
        0.07414455149880167,
        0.07697081345672743,
        0.07599639922460413,
        0.07125724937902225,
        0.06590907638065284,
        0.06227815183531868,
        0.06060500587576503,
        0.06042745284354339,
        0.06111414792727598,
        0.06119908668790091,
        0.05862584528697168,
        0.053261495486553956,
        0.04789164176395609,
        0.044870115940090785,
        0.04368871490414997,
        0.04182033353494502,
        0.035971080467447264,
        0.02572654976801661,
        0.017008596677117342
    ],
    "clip_indices": [
        0,
        4,
        9,
        14,
        19,
        24,
        28,
        33,
        38,
        43,
        48,
        52,
        57,
        62,
        67,
        72,
        76,
        81,
        86,
        91,
        96,
        100,
        105,
        110,
        115,
        120,
        124,
        129,
        134,
        139,
        144,
        149
    ]
}