{
    "video_path": "FallVision/No Fall/Stand/nf_raw_s_3/S_M_248.mp4",
    "active_window": [
        0,
        5
    ],
    "varying_k": 6,
    "detection_status": "Global Event Zone",
    "saliency_weights": [
        0.15656114804814708,
        0.2710998635805457,
        0.3618635957569062,
        0.32643508641128754,
        0.2140259002923548,
        0.11994937417065843,
        0.07109065023726116,
        0.04992443336810129,
        0.04049025812314665,
        0.035511613462708216,
        0.03195231764605966,
        0.0287920577040312,
        0.026615115882742183,
        0.02645670783821559,
        0.028038331148056386,
        0.02980435932117373,
        0.03017015763172213,
        0.028287946009481098,
        0.024594817920270233,
        0.020504404206184976,
        0.01707071974182227,
        0.014506304071643572,
        0.012725022607425428,
        0.011664964864731984,
        0.011209848869406921,
        0.011115491919930996,
        0.011155242976454195,
        0.011181038949576113,
        0.010952460812893819,
        0.010070591264525856,
        0.008515433341280337,
        0.0071938554946488435
    ],
    "clip_indices": [
        0,
        2,
        5,
        8,
        11,
        14,
        17,
        20,
        22,
        25,
        28,
        31,
        34,
        37,
        40,
        43,
        45,
        48,
        51,
        54,
        57,
        60,
        63,
        66,
        68,
        71,
        74,
        77,
        80,
        83,
        86,
        89
    ]
}