{
    "video_path": "FallVision/No Fall/Stand/nf_raw_s_3/S_M_167_resized.mp4",
    "active_window": [
        9,
        25
    ],
    "varying_k": 17,
    "detection_status": "Global Event Zone",
    "saliency_weights": [
        0.020737615590180912,
        0.03836984623800429,
        0.05993428267642538,
        0.0733155819599184,
        0.07669715156130924,
        0.07381096829209492,
        0.06960139150823277,
        0.06833572985973585,
        0.07188640623243699,
        0.07917694918317533,
        0.08569962851934096,
        0.08681903225611526,
        0.0827787900077227,
        0.07705823413773513,
        0.07153205203040044,
        0.06616687536151811,
        0.061520081726462506,
        0.05887864137120835,
        0.05825403633145414,
        0.05863015421631959,
        0.06078553246981912,
        0.06705139048498586,
        0.07641185816141909,
        0.08319382431937045,
        0.08329697677359116,
        0.07777717291899865,
        0.06970887503918972,
        0.061488475673580026,
        0.0532370935285663,
        0.04243110641865152,
        0.0286148642228514,
        0.01790116243395493
    ],
    "clip_indices": [
        0,
        2,
        5,
        8,
        11,
        14,
        17,
        20,
        22,
        25,
        28,
        31,
        34,
        37,
        40,
        43,
        45,
        48,
        51,
        54,
        57,
        60,
        63,
        66,
        68,
        71,
        74,
        77,
        80,
        83,
        86,
        89
    ]
}