{
    "video_path": "FallVision/No Fall/Stand/nf_raw_s_3/S_M_46.mp4",
    "active_window": [
        0,
        8
    ],
    "varying_k": 9,
    "detection_status": "Global Event Zone",
    "saliency_weights": [
        0.10664184419176789,
        0.1875073388757284,
        0.2601645302449691,
        0.2573926419444415,
        0.20587585301716427,
        0.16161093574939356,
        0.1402401348350163,
        0.12995222269723708,
        0.11802179036312113,
        0.09837993231682296,
        0.07377771246767201,
        0.05102114686158945,
        0.034007426632116665,
        0.023072272731205323,
        0.016967026141882096,
        0.014043342335445803,
        0.012899549344968819,
        0.012538961516092162,
        0.012398201328912374,
        0.012261242452376203,
        0.012093334319442223,
        0.011937348775898034,
        0.011840822336823965,
        0.011821064185364228,
        0.011856523967247803,
        0.01189262604471716,
        0.011886806782916374,
        0.011794445386977553,
        0.011395111464187601,
        0.010244922189123023,
        0.00833115429148333,
        0.0067294174809109375
    ],
    "clip_indices": [
        0,
        2,
        5,
        8,
        11,
        14,
        17,
        20,
        22,
        25,
        28,
        31,
        34,
        37,
        40,
        43,
        45,
        48,
        51,
        54,
        57,
        60,
        63,
        66,
        68,
        71,
        74,
        77,
        80,
        83,
        86,
        89
    ]
}