{
    "video_path": "FallVision/No Fall/Stand/nf_raw_s_3/S_M_245.mp4",
    "active_window": [
        0,
        6
    ],
    "varying_k": 7,
    "detection_status": "Global Event Zone",
    "saliency_weights": [
        0.13078687663316718,
        0.22755734079468526,
        0.3076114496308434,
        0.28693315166090627,
        0.20528130968237496,
        0.1392264020960633,
        0.10785478102643911,
        0.09362375645446183,
        0.08189485727267985,
        0.06755461646168268,
        0.05212918872559631,
        0.039358193464395494,
        0.030793914470329937,
        0.025725682154831543,
        0.022920105240972065,
        0.021354158274366705,
        0.020338791379065538,
        0.01946061723813197,
        0.01851980782925121,
        0.017465180031654308,
        0.016315260297385222,
        0.015126102194170127,
        0.01399068754250175,
        0.013029007194870143,
        0.012325275975853412,
        0.01189053168775417,
        0.0116848467948849,
        0.011593166087842173,
        0.01131674461449215,
        0.010364067312997655,
        0.008673408750297366,
        0.007229845915848427
    ],
    "clip_indices": [
        0,
        3,
        7,
        11,
        15,
        19,
        23,
        26,
        30,
        34,
        38,
        42,
        46,
        49,
        53,
        57,
        61,
        65,
        69,
        72,
        76,
        80,
        84,
        88,
        92,
        95,
        99,
        103,
        107,
        111,
        115,
        119
    ]
}