{
    "video_path": "FallVision/No Fall/Stand/nf_raw_s_3/S_M_197.mp4",
    "active_window": [
        1,
        7
    ],
    "varying_k": 7,
    "detection_status": "Global Event Zone",
    "saliency_weights": [
        0.103000098910417,
        0.18711018668601767,
        0.27915642559420906,
        0.31352823249018497,
        0.2877399719409245,
        0.230318210138461,
        0.16903606652099196,
        0.12163534165106389,
        0.09008722377891554,
        0.06803284236519036,
        0.05033199461312791,
        0.03500744340219528,
        0.022541016905696425,
        0.014172875456638777,
        0.009769955976400336,
        0.007871380131072416,
        0.007078715492601034,
        0.006578074320687402,
        0.006060874439259911,
        0.005536459302176252,
        0.005094147503142736,
        0.004784756071772317,
        0.004590702604923137,
        0.0044358984258802935,
        0.004257394019544499,
        0.004045065844492513,
        0.00381942370755112,
        0.0036087592416219044,
        0.00342028954167929,
        0.0032271663009542503,
        0.0030234345672402844,
        0.0028777307254375744
    ],
    "clip_indices": [
        0,
        2,
        5,
        8,
        11,
        14,
        17,
        20,
        22,
        25,
        28,
        31,
        34,
        37,
        40,
        43,
        45,
        48,
        51,
        54,
        57,
        60,
        63,
        66,
        68,
        71,
        74,
        77,
        80,
        83,
        86,
        89
    ]
}