{
    "video_path": "FallVision/No Fall/Stand/nf_raw_s_3/S_M_169_resized.mp4",
    "active_window": [
        10,
        22
    ],
    "varying_k": 13,
    "detection_status": "Global Event Zone",
    "saliency_weights": [
        0.017826378088746864,
        0.03272593582388457,
        0.050259106827569525,
        0.060279759169026156,
        0.06323635647124616,
        0.0638171384914753,
        0.06454540864884277,
        0.06601416572179415,
        0.06821664414962811,
        0.07077787965552707,
        0.07279370196658952,
        0.0734845548404093,
        0.07324637349467983,
        0.07317297442585376,
        0.07377420812462393,
        0.07478300674239166,
        0.07563618946325175,
        0.07585954239152026,
        0.0754267893123675,
        0.07470175347847524,
        0.07394097379998074,
        0.07314513897515604,
        0.07235813939925304,
        0.07177927913086522,
        0.07148479280288833,
        0.0713008679457413,
        0.07107229130510478,
        0.07042575524318156,
        0.06711415238724294,
        0.05658012197479126,
        0.03847929021425596,
        0.023177999044094157
    ],
    "clip_indices": [
        0,
        1,
        3,
        5,
        7,
        9,
        11,
        13,
        15,
        17,
        19,
        20,
        22,
        24,
        26,
        28,
        30,
        32,
        34,
        36,
        38,
        39,
        41,
        43,
        45,
        47,
        49,
        51,
        53,
        55,
        57,
        59
    ]
}