{
    "video_path": "FallVision/No Fall/Stand/nf_raw_s_3/S_M_163_resized.mp4",
    "active_window": [
        25,
        29
    ],
    "varying_k": 5,
    "detection_status": "Global Event Zone",
    "saliency_weights": [
        0.013605651885238558,
        0.023105040121666098,
        0.03518471901560579,
        0.0440406013603092,
        0.04948352436831832,
        0.05362900198573326,
        0.0574688503129262,
        0.06007453703918718,
        0.058537126616499145,
        0.050985999615639904,
        0.04056164289980731,
        0.03243677444650723,
        0.028147778359069113,
        0.02632434889815,
        0.026385481637286698,
        0.02868673589122149,
        0.03227358416254468,
        0.03486423834823564,
        0.03503687500669858,
        0.03306374853683777,
        0.03032630122237399,
        0.028584927334688544,
        0.02926815384798593,
        0.036416397739675546,
        0.06488496825606026,
        0.13460467540256732,
        0.22821903850545563,
        0.27357156617393624,
        0.22763162881001908,
        0.13772105928146816,
        0.06761559389288085,
        0.03457451110438686
    ],
    "clip_indices": [
        0,
        4,
        9,
        14,
        19,
        23,
        28,
        33,
        38,
        42,
        47,
        52,
        57,
        62,
        66,
        71,
        76,
        81,
        85,
        90,
        95,
        100,
        105,
        109,
        114,
        119,
        124,
        128,
        133,
        138,
        143,
        148
    ]
}