{
    "video_path": "FallVision/No Fall/Stand/nf_raw_s_3/S_M_209_resized.mp4",
    "active_window": [
        8,
        18
    ],
    "varying_k": 11,
    "detection_status": "Global Event Zone",
    "saliency_weights": [
        0.01624340662018354,
        0.029834213749771243,
        0.0460646184856341,
        0.0558953293616888,
        0.059752335081664845,
        0.061959055588421165,
        0.06506111052325446,
        0.06948715866369973,
        0.07409447493944984,
        0.07731838050627218,
        0.07848175871604035,
        0.07796550435701466,
        0.07705052132105512,
        0.07710153042579641,
        0.07829127365662486,
        0.0796572522276392,
        0.08002159477995596,
        0.07863911550403137,
        0.07577990716154012,
        0.07256802724279651,
        0.06995024519479863,
        0.068263790389421,
        0.06749608847416771,
        0.06753570173253426,
        0.06839146674424243,
        0.07007330473061552,
        0.07177734348078728,
        0.07129013886648351,
        0.06581649951339616,
        0.05322589345082693,
        0.03526826213060533,
        0.021130015056906454
    ],
    "clip_indices": [
        0,
        4,
        9,
        13,
        18,
        23,
        27,
        32,
        36,
        41,
        46,
        50,
        55,
        59,
        64,
        69,
        73,
        78,
        83,
        87,
        92,
        96,
        101,
        106,
        110,
        115,
        119,
        124,
        129,
        133,
        138,
        143
    ]
}