{
    "video_path": "FallVision/No Fall/Stand/nf_raw_s_3/S_M_120.mp4",
    "active_window": [
        0,
        5
    ],
    "varying_k": 6,
    "detection_status": "Global Event Zone",
    "saliency_weights": [
        0.157426166397092,
        0.27495461851602965,
        0.37481254918261553,
        0.35381336782217127,
        0.25051574840451263,
        0.15089265623358344,
        0.08690879694813297,
        0.05184927463289925,
        0.0340296606690226,
        0.025208328799262707,
        0.020652755894609857,
        0.01794488247424391,
        0.016194588302687933,
        0.01525809314155484,
        0.014997341439652888,
        0.01513222500488199,
        0.015432562090034699,
        0.01573019371823503,
        0.015782692337633825,
        0.015322642973640943,
        0.014355751042713727,
        0.013200764302692378,
        0.012126489678268855,
        0.01121895914537927,
        0.010629475742074214,
        0.010650068392918821,
        0.011296440368420604,
        0.012027721710464106,
        0.012160043373547733,
        0.01125932901556125,
        0.009487283822152198,
        0.007970037187914393
    ],
    "clip_indices": [
        0,
        5,
        11,
        16,
        22,
        27,
        33,
        39,
        44,
        50,
        55,
        61,
        66,
        72,
        78,
        83,
        89,
        94,
        100,
        106,
        111,
        117,
        122,
        128,
        133,
        139,
        145,
        150,
        156,
        161,
        167,
        173
    ]
}