{
    "video_path": "FallVision/No Fall/Stand/nf_raw_s_3/S_M_84.mp4",
    "active_window": [
        24,
        28
    ],
    "varying_k": 5,
    "detection_status": "Peak Only",
    "saliency_weights": [
        0.019888316731257762,
        0.03666835315406777,
        0.0566440041984895,
        0.06840178454804202,
        0.07189160954952117,
        0.07185854696556648,
        0.07127775830872299,
        0.07103918864542866,
        0.07076082338677778,
        0.06984332822581656,
        0.06848203470958925,
        0.06740689666315797,
        0.06714582923823255,
        0.06781751187513421,
        0.06912189113892661,
        0.07048334444861099,
        0.07132121244545919,
        0.07127383600360712,
        0.07047990921047997,
        0.06952191627244991,
        0.06895195501997792,
        0.06904562695394945,
        0.06978132860492017,
        0.07089757949524308,
        0.07212100176255071,
        0.07325204434462193,
        0.07398255883585955,
        0.07344381353697488,
        0.0692435479869087,
        0.05753986934189054,
        0.038720042019825596,
        0.023177142082763773
    ],
    "clip_indices": [
        0,
        1,
        3,
        5,
        7,
        9,
        11,
        13,
        15,
        17,
        19,
        20,
        22,
        24,
        26,
        28,
        30,
        32,
        34,
        36,
        38,
        39,
        41,
        43,
        45,
        47,
        49,
        51,
        53,
        55,
        57,
        59
    ]
}