{
    "video_path": "FallVision/No Fall/Stand/nf_raw_s_3/S_M_105_resized.mp4",
    "active_window": [
        15,
        27
    ],
    "varying_k": 13,
    "detection_status": "Global Event Zone",
    "saliency_weights": [
        0.019614362779377528,
        0.03596978772673064,
        0.0549377457049464,
        0.0652248850934868,
        0.06759343747892219,
        0.06745567663255148,
        0.06735756968592099,
        0.067531440048404,
        0.06785115447866671,
        0.06830064935248899,
        0.0689022448957308,
        0.0696242726185831,
        0.07031027793351471,
        0.07079783156994571,
        0.07114098672918565,
        0.07152694783913596,
        0.0719855579429419,
        0.07238073929964517,
        0.07264297967560504,
        0.07282131470028366,
        0.07293695133426942,
        0.07293876584842499,
        0.07281397702829603,
        0.07263716562877218,
        0.07248501551833864,
        0.07238354905983871,
        0.07228775019012415,
        0.07167519711975079,
        0.06815593045318005,
        0.05724908620725139,
        0.03877383419442146,
        0.02323437881016583
    ],
    "clip_indices": [
        0,
        3,
        6,
        9,
        12,
        15,
        18,
        21,
        24,
        27,
        30,
        33,
        36,
        39,
        42,
        45,
        49,
        52,
        55,
        58,
        61,
        64,
        67,
        70,
        73,
        76,
        79,
        82,
        85,
        88,
        91,
        95
    ]
}