{
    "video_path": "FallVision/Fall/Bed/f_raw_b_1/B_D_0124_resized.mp4",
    "active_window": [
        22,
        27
    ],
    "varying_k": 6,
    "detection_status": "Global Event Zone",
    "saliency_weights": [
        0.005393801603165127,
        0.00831123991398868,
        0.01178589769941121,
        0.013877260789644269,
        0.014701119772377536,
        0.01521178660084932,
        0.015965201544588324,
        0.017097014834702114,
        0.01849270086293243,
        0.019926897326229022,
        0.02121153925799226,
        0.02247612230213796,
        0.024566376622294064,
        0.028870590675436722,
        0.03658752539160624,
        0.04736659517798998,
        0.05742809785878666,
        0.06150592169851289,
        0.058928237425477564,
        0.05587763422199633,
        0.06314242307427698,
        0.09134333902147998,
        0.14035624633596383,
        0.19490573781327963,
        0.23354486505853678,
        0.23734375556623244,
        0.20269992971305756,
        0.14807012994024657,
        0.09498345257263671,
        0.054117354679493385,
        0.028218221734890164,
        0.015891117141738857
    ],
    "clip_indices": [
        0,
        1,
        3,
        5,
        7,
        9,
        11,
        13,
        15,
        17,
        19,
        20,
        22,
        24,
        26,
        28,
        30,
        32,
        34,
        36,
        38,
        39,
        41,
        43,
        45,
        47,
        49,
        51,
        53,
        55,
        57,
        59
    ]
}