{
    "video_path": "FallVision/Fall/Bed/f_raw_b_1/B_D_0048.mp4",
    "active_window": [
        2,
        18
    ],
    "varying_k": 17,
    "detection_status": "Global Event Zone",
    "saliency_weights": [
        0.04568558311248029,
        0.0846217676634096,
        0.13152460252428133,
        0.15689919179592846,
        0.1511501410643537,
        0.12002298817751864,
        0.08165228304852037,
        0.05392673085192905,
        0.04017462264626447,
        0.035469020149277,
        0.03755250857129343,
        0.047832985343831735,
        0.06804208355997445,
        0.09638126052505055,
        0.12333354457163204,
        0.13621045488746658,
        0.13066123243274796,
        0.11191651657534157,
        0.08776117158825478,
        0.06477205283961054,
        0.04695847659248971,
        0.03554857346419956,
        0.029455106681463103,
        0.025997310231282957,
        0.023089636897267368,
        0.02031010217774988,
        0.017906154925251203,
        0.01596185155408969,
        0.014158762662836234,
        0.011801790053143447,
        0.008764170906457352,
        0.006400876153916262
    ],
    "clip_indices": [
        0,
        11,
        23,
        34,
        46,
        57,
        69,
        81,
        92,
        104,
        115,
        127,
        138,
        150,
        162,
        173,
        185,
        196,
        208,
        220,
        231,
        243,
        254,
        266,
        277,
        289,
        301,
        312,
        324,
        335,
        347,
        359
    ]
}