{
    "video_path": "FallVision/Fall/Bed/f_raw_b_1/B_D_0029.mp4",
    "active_window": [
        24,
        29
    ],
    "varying_k": 6,
    "detection_status": "Global Event Zone",
    "saliency_weights": [
        0.00519932292637398,
        0.006211425029187015,
        0.007402930542872209,
        0.008086967710125008,
        0.008298011485070731,
        0.008349936359721949,
        0.008389229330444828,
        0.00842603462872335,
        0.008455451178148263,
        0.00851755481598268,
        0.00873555959275491,
        0.009266246114310938,
        0.01019489525658447,
        0.011464122980955354,
        0.012795890830506085,
        0.013768568246018336,
        0.014044610839498102,
        0.013558396541634658,
        0.012751666291998358,
        0.012634382030317845,
        0.014669592979062639,
        0.021120166221931483,
        0.03614688978854495,
        0.0679044880940242,
        0.13037819212860244,
        0.23387363972910802,
        0.3474793189357148,
        0.38713556832959606,
        0.3099842082606994,
        0.18234124382143746,
        0.08652138010583918,
        0.04235095641115952
    ],
    "clip_indices": [
        0,
        1,
        3,
        5,
        7,
        9,
        11,
        13,
        15,
        17,
        19,
        20,
        22,
        24,
        26,
        28,
        30,
        32,
        34,
        36,
        38,
        39,
        41,
        43,
        45,
        47,
        49,
        51,
        53,
        55,
        57,
        59
    ]
}