{
    "video_path": "FallVision/Fall/Bed/f_raw_b_1/B_D_0136_resized.mp4",
    "active_window": [
        11,
        18
    ],
    "varying_k": 8,
    "detection_status": "Global Event Zone",
    "saliency_weights": [
        0.00518494908680097,
        0.008182042487284302,
        0.011760090989880515,
        0.013950647198956886,
        0.014961544619091972,
        0.016093399403525437,
        0.01877233445007946,
        0.024813808636194326,
        0.03673321612082403,
        0.05646141104057563,
        0.08330780219483208,
        0.11506891748419038,
        0.14995576697893936,
        0.1856177581809188,
        0.21644938016526966,
        0.23332984656941852,
        0.22623394425773108,
        0.19026783901248956,
        0.13602990407018323,
        0.08607142828546901,
        0.05369461151017829,
        0.036051396710632774,
        0.026235053771060807,
        0.020424352945999646,
        0.016976360157190923,
        0.014948615001634854,
        0.013724742203255792,
        0.01289791386414275,
        0.012015714426114795,
        0.010487486579964084,
        0.008245123050502609,
        0.006428248072421178
    ],
    "clip_indices": [
        0,
        2,
        5,
        8,
        11,
        14,
        17,
        20,
        22,
        25,
        28,
        31,
        34,
        37,
        40,
        43,
        45,
        48,
        51,
        54,
        57,
        60,
        63,
        66,
        68,
        71,
        74,
        77,
        80,
        83,
        86,
        89
    ]
}