{
    "video_path": "FallVision/Fall/Bed/f_raw_b_1/B_D_0188.mp4",
    "active_window": [
        23,
        29
    ],
    "varying_k": 7,
    "detection_status": "Global Event Zone",
    "saliency_weights": [
        0.004505426156433456,
        0.006069598333067876,
        0.007876517858062614,
        0.00883649286275684,
        0.009027593334671891,
        0.00905595788251566,
        0.009387207633195904,
        0.010155134036922146,
        0.011042548786287795,
        0.011611204991300143,
        0.011749371064542696,
        0.011590147050264014,
        0.01125874540971989,
        0.010843484461338681,
        0.010480986400891394,
        0.010362437302977461,
        0.01067379674216383,
        0.011608438055231792,
        0.013515567281502761,
        0.017445912147273514,
        0.02624954246856397,
        0.04515266321562769,
        0.08079562744232555,
        0.13806144321434904,
        0.21164554834482924,
        0.2809591800940951,
        0.3181939708646475,
        0.29850065994289354,
        0.2224082343609594,
        0.13080135569947274,
        0.06471169037003988,
        0.033333414410646064
    ],
    "clip_indices": [
        0,
        1,
        2,
        3,
        4,
        5,
        6,
        7,
        8,
        9,
        10,
        11,
        12,
        13,
        14,
        15,
        16,
        17,
        18,
        19,
        20,
        21,
        22,
        23,
        24,
        25,
        26,
        27,
        28,
        29,
        30,
        32
    ]
}