{
    "video_path": "FallVision/Fall/Bed/f_raw_b_1/B_D_0165.mp4",
    "active_window": [
        6,
        17
    ],
    "varying_k": 12,
    "detection_status": "Global Event Zone",
    "saliency_weights": [
        0.026445473026393627,
        0.0458377347689824,
        0.06341218280157467,
        0.06424562349567696,
        0.05815410488453383,
        0.06372319201290508,
        0.08939415743313134,
        0.1284535572319675,
        0.15671900373584527,
        0.1529087200711544,
        0.12627573384882362,
        0.10302608163189153,
        0.09711211625955207,
        0.10652007283637997,
        0.12095278690143192,
        0.12879666167774986,
        0.12438878519126154,
        0.10880766667097783,
        0.08634252724582471,
        0.06221482080352057,
        0.040808750066704244,
        0.02486788793624458,
        0.015022298195760349,
        0.009923028450933864,
        0.007908203851385404,
        0.007826086049262425,
        0.008645923770127434,
        0.009149055895414749,
        0.008545105863202335,
        0.006995914817142308,
        0.0051554319515193835,
        0.0038631050047118354
    ],
    "clip_indices": [
        0,
        3,
        7,
        11,
        15,
        19,
        23,
        26,
        30,
        34,
        38,
        42,
        46,
        49,
        53,
        57,
        61,
        65,
        69,
        72,
        76,
        80,
        84,
        88,
        92,
        95,
        99,
        103,
        107,
        111,
        115,
        119
    ]
}