{
    "video_path": "FallVision/Fall/Bed/f_raw_b_1/B_D_0089_resized.mp4",
    "active_window": [
        22,
        27
    ],
    "varying_k": 6,
    "detection_status": "Global Event Zone",
    "saliency_weights": [
        0.004344723026210656,
        0.005383634735854853,
        0.0065930640096732735,
        0.007264057508103809,
        0.007455946047149938,
        0.007514263291516302,
        0.007587987055988439,
        0.007724833593709476,
        0.008094745910392982,
        0.009077110822513456,
        0.011309426310827743,
        0.01555115028911797,
        0.02227003892481657,
        0.030829643530452026,
        0.03843715670733075,
        0.0416549046498951,
        0.03998489344244367,
        0.03596551909140379,
        0.03248736553096722,
        0.032597977420787225,
        0.04188419930554236,
        0.06942588111181618,
        0.12460676394733325,
        0.2081650957918277,
        0.2927043244852615,
        0.32253512189546363,
        0.2720625372225732,
        0.1809187701545715,
        0.09942942998085336,
        0.046261300728911915,
        0.019648970407555276,
        0.010234257925158231
    ],
    "clip_indices": [
        0,
        2,
        4,
        6,
        9,
        11,
        13,
        16,
        18,
        20,
        22,
        25,
        27,
        29,
        32,
        34,
        36,
        38,
        41,
        43,
        45,
        48,
        50,
        52,
        54,
        57,
        59,
        61,
        64,
        66,
        68,
        71
    ]
}