{
    "video_path": "FallVision/Fall/Bed/f_raw_b_1/B_D_0072.mp4",
    "active_window": [
        17,
        22
    ],
    "varying_k": 6,
    "detection_status": "Global Event Zone",
    "saliency_weights": [
        0.01003414510533442,
        0.01694083239513093,
        0.025107452958928137,
        0.029843122854256977,
        0.0312914837465663,
        0.03157133923541201,
        0.031913883612231395,
        0.032739799379151766,
        0.03421502919146391,
        0.03628233482115158,
        0.038458552914292246,
        0.040049594163020855,
        0.040624404061626096,
        0.040465484346313495,
        0.041605270666552396,
        0.05001364985333185,
        0.07737601220022736,
        0.13159404260679955,
        0.1959155764100533,
        0.2337542354205393,
        0.22579212908685453,
        0.18342392248268422,
        0.1295279463152177,
        0.08449555727977304,
        0.05759253493700871,
        0.044660564902718344,
        0.038384557486253225,
        0.03475629871490117,
        0.0315358306264157,
        0.026563764558378236,
        0.01946281999643973,
        0.01373972283510792
    ],
    "clip_indices": [
        0,
        2,
        5,
        8,
        11,
        14,
        17,
        20,
        22,
        25,
        28,
        31,
        34,
        37,
        40,
        43,
        45,
        48,
        51,
        54,
        57,
        60,
        63,
        66,
        68,
        71,
        74,
        77,
        80,
        83,
        86,
        89
    ]
}