{
    "video_path": "FallVision/Fall/Bed/f_raw_b_1/B_D_0070.mp4",
    "active_window": [
        12,
        18
    ],
    "varying_k": 7,
    "detection_status": "Global Event Zone",
    "saliency_weights": [
        0.010863164801777247,
        0.018997542286981986,
        0.0299998344724844,
        0.03941398048878832,
        0.04673060427257597,
        0.052669980260811766,
        0.056587466673063455,
        0.05739490022325228,
        0.0554529313943749,
        0.053216739786663025,
        0.05575760390007594,
        0.06952015787975435,
        0.09949638398820043,
        0.1457276767178717,
        0.19804982962106532,
        0.23739998535806517,
        0.24338390522693593,
        0.20505553710619046,
        0.137311906540655,
        0.07488016483061227,
        0.03818978717850879,
        0.022232094070786065,
        0.015866683119471398,
        0.013245803506647797,
        0.012215936319499382,
        0.01187808335047236,
        0.011787324812375197,
        0.011701475372602401,
        0.011305624921416785,
        0.010123736906945298,
        0.00814913632325406,
        0.0064960188636932845
    ],
    "clip_indices": [
        0,
        1,
        3,
        5,
        7,
        9,
        11,
        13,
        15,
        17,
        19,
        20,
        22,
        24,
        26,
        28,
        30,
        32,
        34,
        36,
        38,
        39,
        41,
        43,
        45,
        47,
        49,
        51,
        53,
        55,
        57,
        59
    ]
}