{
    "video_path": "FallVision/Fall/Bed/f_raw_b_1/B_D_0169.mp4",
    "active_window": [
        5,
        11
    ],
    "varying_k": 7,
    "detection_status": "Global Event Zone",
    "saliency_weights": [
        0.013681516093165737,
        0.023662140472515837,
        0.03791692886405504,
        0.05627926162722166,
        0.09097820486096778,
        0.15198716024119974,
        0.22871930224014728,
        0.2941794198925285,
        0.3147689422252565,
        0.27209555173355543,
        0.19083435937602505,
        0.11519427805879741,
        0.06559768804540744,
        0.0383442628009117,
        0.024547211280813712,
        0.017776796146231427,
        0.014502231877911366,
        0.013009747650877528,
        0.012230116038978923,
        0.011336086055960985,
        0.010037726885056083,
        0.008611423875890693,
        0.007395130262445139,
        0.006515546501707736,
        0.005956384861623813,
        0.005633538401078936,
        0.005456773393917083,
        0.005347011435555639,
        0.00520578652536558,
        0.004907728805494652,
        0.00444210326866303,
        0.004058322275334659
    ],
    "clip_indices": [
        0,
        3,
        7,
        11,
        15,
        19,
        23,
        26,
        30,
        34,
        38,
        42,
        46,
        49,
        53,
        57,
        61,
        65,
        69,
        72,
        76,
        80,
        84,
        88,
        92,
        95,
        99,
        103,
        107,
        111,
        115,
        119
    ]
}