{
    "video_path": "FallVision/Fall/Bed/f_raw_b_1/B_D_0024.mp4",
    "active_window": [
        1,
        8
    ],
    "varying_k": 8,
    "detection_status": "Global Event Zone",
    "saliency_weights": [
        0.08956575228822417,
        0.15865476812188223,
        0.22422541205820967,
        0.23139179343117827,
        0.20075821742502803,
        0.17501911197759354,
        0.161831509940214,
        0.14812015590891478,
        0.1266411324999217,
        0.09871350388686309,
        0.07034184865924212,
        0.04782168216528811,
        0.03310100919429253,
        0.024533880349806247,
        0.019877459575020035,
        0.01744277951998753,
        0.01621059857876176,
        0.01564211563527492,
        0.015447971863681388,
        0.01547388893639084,
        0.01568004430724363,
        0.01607535528034747,
        0.016545528687888528,
        0.016815650359203974,
        0.016690335248264375,
        0.016196996654967932,
        0.015475766773583602,
        0.014645365202901637,
        0.01356556185531909,
        0.011769797037033963,
        0.00925138118794568,
        0.007246054219348857
    ],
    "clip_indices": [
        0,
        3,
        7,
        11,
        15,
        19,
        23,
        26,
        30,
        34,
        38,
        42,
        46,
        49,
        53,
        57,
        61,
        65,
        69,
        72,
        76,
        80,
        84,
        88,
        92,
        95,
        99,
        103,
        107,
        111,
        115,
        119
    ]
}