{
    "video_path": "FallVision/Fall/Bed/f_raw_b_1/B_D_0246.mp4",
    "active_window": [
        17,
        23
    ],
    "varying_k": 7,
    "detection_status": "Global Event Zone",
    "saliency_weights": [
        0.007458532651695047,
        0.012422491317644732,
        0.01831772287321911,
        0.021784388573612003,
        0.022899486976965686,
        0.023204667323609148,
        0.02379372685799823,
        0.0255210219191509,
        0.029453603330014618,
        0.03601803188915594,
        0.04363422364223144,
        0.049802051035627494,
        0.053315073998641146,
        0.05496529639540737,
        0.05778259769099856,
        0.06636105529081754,
        0.08506851010292896,
        0.11583760623552762,
        0.15458213058299328,
        0.1904157032294172,
        0.20911082104939122,
        0.19883529368143432,
        0.16164272167822186,
        0.11572316533415844,
        0.07780571613231499,
        0.052928700919823074,
        0.039302470839833736,
        0.03253655966615533,
        0.028218440624181912,
        0.02321398742706183,
        0.016780402225154378,
        0.011745496005807241
    ],
    "clip_indices": [
        0,
        2,
        5,
        8,
        11,
        14,
        17,
        20,
        22,
        25,
        28,
        31,
        34,
        37,
        40,
        43,
        45,
        48,
        51,
        54,
        57,
        60,
        63,
        66,
        68,
        71,
        74,
        77,
        80,
        83,
        86,
        89
    ]
}