{
    "video_path": "FallVision/Fall/Bed/f_raw_b_1/B_D_0163.mp4",
    "active_window": [
        1,
        19
    ],
    "varying_k": 19,
    "detection_status": "Global Event Zone",
    "saliency_weights": [
        0.08905465208821997,
        0.15450910946746185,
        0.20732070501600544,
        0.18968834467443219,
        0.12921546676888074,
        0.07882599958130619,
        0.0517531993139527,
        0.03695651386701099,
        0.027509513937192684,
        0.023008551900913714,
        0.024205035342247196,
        0.030840246496925072,
        0.04113473084035439,
        0.05371570941765104,
        0.07043203929433839,
        0.09319492253094036,
        0.11656365602779462,
        0.1294501794507442,
        0.1256595417209789,
        0.10736153860591566,
        0.08132764323904221,
        0.05564227399369753,
        0.035780684765588065,
        0.02310485942460744,
        0.016563996214150833,
        0.013923482265197122,
        0.01296260015834054,
        0.012081394367647963,
        0.010495298208380549,
        0.00834201039851836,
        0.006193854999984863,
        0.0047849064669425526
    ],
    "clip_indices": [
        0,
        5,
        11,
        17,
        23,
        28,
        34,
        40,
        46,
        51,
        57,
        63,
        69,
        75,
        80,
        86,
        92,
        98,
        103,
        109,
        115,
        121,
        127,
        132,
        138,
        144,
        150,
        155,
        161,
        167,
        173,
        179
    ]
}