{
    "video_path": "FallVision/Fall/Bed/f_raw_b_1/B_D_0092_resized.mp4",
    "active_window": [
        21,
        28
    ],
    "varying_k": 8,
    "detection_status": "Global Event Zone",
    "saliency_weights": [
        0.003704556474459275,
        0.005044960661337999,
        0.0066351593376462285,
        0.007596098358127183,
        0.008031607468802635,
        0.008419599281361437,
        0.008990179200389633,
        0.009779550009221469,
        0.010785102788761537,
        0.011953033392377684,
        0.013096542932907818,
        0.01394077229089253,
        0.014243898376993053,
        0.013922571172354976,
        0.01326365352689277,
        0.013079952631199928,
        0.014957363476262853,
        0.0216698136207209,
        0.03722024449956608,
        0.0639916593617192,
        0.09644132069348249,
        0.1239583978923952,
        0.14792494009234758,
        0.18337965757714997,
        0.23044219831151638,
        0.26151553874571776,
        0.2522930671058833,
        0.20436692604003398,
        0.136018552600065,
        0.07309466728235298,
        0.03360943313297181,
        0.016875879825876395
    ],
    "clip_indices": [
        0,
        1,
        3,
        4,
        6,
        7,
        9,
        10,
        12,
        13,
        15,
        16,
        18,
        19,
        21,
        22,
        24,
        25,
        27,
        28,
        30,
        31,
        33,
        34,
        36,
        37,
        39,
        40,
        42,
        43,
        45,
        47
    ]
}