{
    "video_path": "FallVision/Fall/Bed/f_raw_b_1/B_D_0159.mp4",
    "active_window": [
        16,
        22
    ],
    "varying_k": 7,
    "detection_status": "Global Event Zone",
    "saliency_weights": [
        0.002806114039437473,
        0.0034263930377646124,
        0.004351642661461276,
        0.005300813075362335,
        0.006174161642519268,
        0.006924011006204536,
        0.007465343389407405,
        0.007840617534358472,
        0.008555571976127541,
        0.010900446880717741,
        0.017141153122019716,
        0.029095491322937,
        0.04577816946048404,
        0.06409519784451542,
        0.08157471849336673,
        0.0999442115910038,
        0.1287780960407877,
        0.17697184316195053,
        0.23232306764889535,
        0.2641795802260871,
        0.25455929044371794,
        0.21046352965454201,
        0.15056970922229246,
        0.0947321386198286,
        0.05476531706271148,
        0.03087488502135352,
        0.018476555157392112,
        0.012791514890711548,
        0.010181807787430608,
        0.008432228510710276,
        0.0066453619480811,
        0.0053057581460183405
    ],
    "clip_indices": [
        0,
        5,
        11,
        17,
        23,
        28,
        34,
        40,
        46,
        51,
        57,
        63,
        69,
        75,
        80,
        86,
        92,
        98,
        103,
        109,
        115,
        121,
        127,
        132,
        138,
        144,
        150,
        155,
        161,
        167,
        173,
        179
    ]
}