{
    "video_path": "FallVision/Fall/Bed/f_raw_b_1/B_D_0210.mp4",
    "active_window": [
        21,
        28
    ],
    "varying_k": 8,
    "detection_status": "Global Event Zone",
    "saliency_weights": [
        0.003666943946091017,
        0.004371760240708527,
        0.005208435313885758,
        0.005697564258604294,
        0.005842658172135518,
        0.005845778382360124,
        0.005825435552529191,
        0.005828052030640921,
        0.005892791062306946,
        0.006065694641206423,
        0.00638750354498742,
        0.0068665681921827836,
        0.00743510586134781,
        0.007959771691340756,
        0.008293580687481306,
        0.008382127888379377,
        0.00852114128920857,
        0.0098620856495855,
        0.015606558828017744,
        0.033324573898886115,
        0.0768773801628067,
        0.1562741614548394,
        0.24858170239048566,
        0.29838266390234847,
        0.2815104965906259,
        0.23440603913717672,
        0.19384558959837578,
        0.15753236843404456,
        0.11444915016374603,
        0.07087639281097047,
        0.03834191613005257,
        0.021363124869292482
    ],
    "clip_indices": [
        0,
        1,
        3,
        5,
        7,
        9,
        11,
        13,
        15,
        17,
        19,
        20,
        22,
        24,
        26,
        28,
        30,
        32,
        34,
        36,
        38,
        39,
        41,
        43,
        45,
        47,
        49,
        51,
        53,
        55,
        57,
        59
    ]
}