{
    "video_path": "FallVision/Fall/Bed/f_raw_b_1/B_D_0100.mp4",
    "active_window": [
        21,
        28
    ],
    "varying_k": 8,
    "detection_status": "Global Event Zone",
    "saliency_weights": [
        0.002693925638439791,
        0.003236500036201105,
        0.0038784886822727325,
        0.004252426107401954,
        0.0043710210764404565,
        0.004399410363556507,
        0.004426553666060732,
        0.004475335872511695,
        0.004554616731871283,
        0.004675184881256057,
        0.004857797705524948,
        0.0051691194172978246,
        0.005790098736374969,
        0.007078264796735404,
        0.009598201750071568,
        0.013896921014156122,
        0.02012713606822866,
        0.028644752638504432,
        0.04147121459518234,
        0.06211237495758502,
        0.09310180827437334,
        0.13425734319771349,
        0.18162094894028555,
        0.226967036690699,
        0.2597353704269266,
        0.26881429431034687,
        0.24668899140251682,
        0.19401414224039049,
        0.12315440823061376,
        0.05986744993937276,
        0.023369916153727736,
        0.01012291109700493
    ],
    "clip_indices": [
        0,
        1,
        3,
        4,
        6,
        7,
        9,
        10,
        12,
        13,
        15,
        16,
        18,
        19,
        21,
        22,
        24,
        25,
        27,
        28,
        30,
        31,
        33,
        34,
        36,
        37,
        39,
        40,
        42,
        43,
        45,
        47
    ]
}