{
    "video_path": "FallVision/Fall/Bed/f_raw_b_1/B_D_0216.mp4",
    "active_window": [
        15,
        20
    ],
    "varying_k": 6,
    "detection_status": "Global Event Zone",
    "saliency_weights": [
        0.002821692462845296,
        0.003790445475427322,
        0.005139327762660686,
        0.00685117821166581,
        0.010514416020096702,
        0.01926191425428383,
        0.036822651674533746,
        0.06228075318935655,
        0.08406256852168449,
        0.08943686146386828,
        0.07912560207844394,
        0.06419707596963414,
        0.056793936836643244,
        0.06622110225845995,
        0.09610428628482753,
        0.1426379662056998,
        0.19241378022066322,
        0.22579122112785438,
        0.2275720556642507,
        0.19409586295232234,
        0.1384400304248926,
        0.08593326183783033,
        0.05215877923269702,
        0.03411511428629002,
        0.023803118790720383,
        0.017069906861280033,
        0.012502393781472925,
        0.009502649629173913,
        0.007580601644748277,
        0.0061465404124293535,
        0.0048604901469240375,
        0.003984032125045709
    ],
    "clip_indices": [
        0,
        2,
        5,
        8,
        11,
        14,
        17,
        20,
        22,
        25,
        28,
        31,
        34,
        37,
        40,
        43,
        45,
        48,
        51,
        54,
        57,
        60,
        63,
        66,
        68,
        71,
        74,
        77,
        80,
        83,
        86,
        89
    ]
}