{
    "video_path": "FallVision/Fall/Bed/f_raw_b_1/B_D_0063.mp4",
    "active_window": [
        14,
        20
    ],
    "varying_k": 7,
    "detection_status": "Global Event Zone",
    "saliency_weights": [
        0.0033023495487452433,
        0.004030296600840049,
        0.0049286096945791264,
        0.00555235744413623,
        0.005965102144076185,
        0.00645494957546458,
        0.007299561704562672,
        0.009006887367626993,
        0.012652894768786734,
        0.01957183262927603,
        0.030562408306468572,
        0.04484535573706413,
        0.05964796717835842,
        0.07653037758896686,
        0.11009452015139701,
        0.17392056974253606,
        0.24946513229149933,
        0.2936328508002639,
        0.28315588821841464,
        0.2286032678998949,
        0.15684122584490684,
        0.09586639932575228,
        0.058430640543835136,
        0.0380449547723731,
        0.025093761869071272,
        0.016247510625979445,
        0.011023462571939369,
        0.00835891165467538,
        0.006948825311971754,
        0.005938678943990577,
        0.004999207760166426,
        0.004342623106169048
    ],
    "clip_indices": [
        0,
        3,
        7,
        11,
        15,
        19,
        23,
        26,
        30,
        34,
        38,
        42,
        46,
        49,
        53,
        57,
        61,
        65,
        69,
        72,
        76,
        80,
        84,
        88,
        92,
        95,
        99,
        103,
        107,
        111,
        115,
        119
    ]
}