{
    "video_path": "FallVision/Fall/Bed/f_raw_b_1/B_D_0156.mp4",
    "active_window": [
        13,
        19
    ],
    "varying_k": 7,
    "detection_status": "Global Event Zone",
    "saliency_weights": [
        0.003978108853447212,
        0.00507197501103809,
        0.006448635836185122,
        0.007452783200652974,
        0.008143972735871948,
        0.00888463248355316,
        0.009934043160499253,
        0.011480188091492798,
        0.013743140612002557,
        0.017037277210211234,
        0.022481676777786536,
        0.03538850516593275,
        0.06874913351144088,
        0.1331261433910486,
        0.2173021918954735,
        0.2907440123702925,
        0.3224441870953876,
        0.2957106412167811,
        0.22377074809525713,
        0.14348160190429576,
        0.08190046621577894,
        0.04356697681206969,
        0.022962176587082037,
        0.013236352953956601,
        0.009156058398387753,
        0.007640382801640004,
        0.0070957060564773725,
        0.0068626779783112725,
        0.006638311152038091,
        0.00618236682573159,
        0.005462232152035765,
        0.004865364319013111
    ],
    "clip_indices": [
        0,
        1,
        3,
        5,
        7,
        9,
        11,
        13,
        15,
        17,
        19,
        21,
        23,
        25,
        27,
        29,
        30,
        32,
        34,
        36,
        38,
        40,
        42,
        44,
        46,
        48,
        50,
        52,
        54,
        56,
        58,
        60
    ]
}