{
    "video_path": "FallVision/Fall/Bed/f_raw_b_1/B_D_0138_resized.mp4",
    "active_window": [
        18,
        25
    ],
    "varying_k": 8,
    "detection_status": "Global Event Zone",
    "saliency_weights": [
        0.004483032977181197,
        0.006732249454513991,
        0.00934579277906564,
        0.01078227782357884,
        0.011171883759273579,
        0.01130885529469633,
        0.011614819032993901,
        0.01212175846910074,
        0.01262827056707282,
        0.012910130342427424,
        0.012962653035309564,
        0.013075507395918898,
        0.013880580299050555,
        0.016232475471346163,
        0.02102673501789143,
        0.029513168212194282,
        0.043889103473570626,
        0.067132269652682,
        0.10158618918884195,
        0.14659930700704557,
        0.19457161924724806,
        0.23055170247007387,
        0.239189471845655,
        0.21244582421965508,
        0.16057670078651254,
        0.1131735265944944,
        0.08927855361797063,
        0.07941195551864624,
        0.06795503717786323,
        0.05107690059551839,
        0.03269820765570257,
        0.020046504685320987
    ],
    "clip_indices": [
        0,
        2,
        5,
        8,
        11,
        14,
        17,
        20,
        22,
        25,
        28,
        31,
        34,
        37,
        40,
        43,
        45,
        48,
        51,
        54,
        57,
        60,
        63,
        66,
        68,
        71,
        74,
        77,
        80,
        83,
        86,
        89
    ]
}