{
    "video_path": "FallVision/Fall/Bed/f_raw_b_1/B_D_0080.mp4",
    "active_window": [
        15,
        22
    ],
    "varying_k": 8,
    "detection_status": "Global Event Zone",
    "saliency_weights": [
        0.014403490965184777,
        0.026153911156738603,
        0.040142943148370455,
        0.04843556426361406,
        0.05114605142531566,
        0.05165902983185486,
        0.05186445350096064,
        0.0523362610545418,
        0.05337433181214776,
        0.055192642501711166,
        0.05774443662839722,
        0.06077344088086978,
        0.06399679185649823,
        0.06748245595041164,
        0.07213968011756602,
        0.07922183796281136,
        0.08890128946566185,
        0.09934442636527607,
        0.10630410827698203,
        0.10512808620371782,
        0.09615403079820137,
        0.08534134891458012,
        0.07761722586808911,
        0.07369134807870789,
        0.07263733770544321,
        0.0735815418035071,
        0.0751370037643885,
        0.07470817647833647,
        0.06920976690460043,
        0.0562824671702907,
        0.037670248619989966,
        0.022964727712009265
    ],
    "clip_indices": [
        0,
        7,
        15,
        23,
        30,
        38,
        46,
        53,
        61,
        69,
        77,
        84,
        92,
        100,
        107,
        115,
        123,
        131,
        138,
        146,
        154,
        161,
        169,
        177,
        185,
        192,
        200,
        208,
        215,
        223,
        231,
        239
    ]
}