{
    "video_path": "FallVision/Fall/Bed/f_raw_b_1/B_D_0035.mp4",
    "active_window": [
        10,
        17
    ],
    "varying_k": 8,
    "detection_status": "Global Event Zone",
    "saliency_weights": [
        0.011934759112354823,
        0.020004543401997917,
        0.02807528826914045,
        0.030185071543426784,
        0.029021305299311212,
        0.030122017749362427,
        0.0357698961694036,
        0.04665927889500997,
        0.06432549588380897,
        0.08853268769241701,
        0.11351621701772213,
        0.13443791318410891,
        0.15705166408722415,
        0.1872687686257494,
        0.2106000823788809,
        0.2028367971205694,
        0.16347613078555018,
        0.11595755077441758,
        0.07884541696817761,
        0.055535842743076096,
        0.04250392261231206,
        0.03523211579419014,
        0.030628132627841087,
        0.027390867611169503,
        0.024827717787680212,
        0.0221918498454173,
        0.019169987562161567,
        0.016189847254252567,
        0.013575775050451787,
        0.010980405080240308,
        0.008247841259611862,
        0.006283863713281001
    ],
    "clip_indices": [
        0,
        3,
        7,
        11,
        15,
        19,
        23,
        26,
        30,
        34,
        38,
        42,
        46,
        49,
        53,
        57,
        61,
        65,
        69,
        72,
        76,
        80,
        84,
        88,
        92,
        95,
        99,
        103,
        107,
        111,
        115,
        119
    ]
}