{
    "video_path": "FallVision/Fall/Bed/f_raw_b_1/B_D_0006_resized.mp4",
    "active_window": [
        19,
        26
    ],
    "varying_k": 8,
    "detection_status": "Global Event Zone",
    "saliency_weights": [
        0.0028623045930167663,
        0.003193198978118636,
        0.0036228963199051046,
        0.004021102372497877,
        0.004573039757445819,
        0.00557454498022767,
        0.00717483300744801,
        0.009260735662297499,
        0.011338301760057345,
        0.012801602602769243,
        0.013347677722653892,
        0.013054499259463129,
        0.01239904299955992,
        0.012103239746696394,
        0.013011620660703566,
        0.01678736235026524,
        0.027371457705916844,
        0.05169166857690052,
        0.09817111859395838,
        0.16825709119462856,
        0.23952329250472076,
        0.2722872547285614,
        0.25505440542328867,
        0.21823208664209565,
        0.1863670005075831,
        0.1529533457156083,
        0.10952862650431659,
        0.06626179398721278,
        0.03567654201734405,
        0.018445176161619475,
        0.00986134007267727,
        0.006359995754747506
    ],
    "clip_indices": [
        0,
        2,
        5,
        8,
        11,
        14,
        17,
        20,
        22,
        25,
        28,
        31,
        34,
        37,
        40,
        43,
        45,
        48,
        51,
        54,
        57,
        60,
        63,
        66,
        68,
        71,
        74,
        77,
        80,
        83,
        86,
        89
    ]
}