{
    "video_path": "FallVision/Fall/Bed/f_raw_b_1/B_D_0007_resized.mp4",
    "active_window": [
        16,
        22
    ],
    "varying_k": 7,
    "detection_status": "Global Event Zone",
    "saliency_weights": [
        0.0026061247912994292,
        0.0030086052774478786,
        0.0034867516148951337,
        0.0037691276238255877,
        0.003863048854187134,
        0.0038862383736889185,
        0.0038980847590699723,
        0.003909876358152602,
        0.003931486960300888,
        0.004010140483581248,
        0.004348473970947735,
        0.0057250747366175804,
        0.010423816241331289,
        0.023602119369607218,
        0.054067673828414285,
        0.1079177124518893,
        0.17589651473501774,
        0.23555770927682673,
        0.26781333893052606,
        0.2652120316924168,
        0.23369752810204383,
        0.1892128196660481,
        0.1451029938169215,
        0.10652802405844343,
        0.0745588364647538,
        0.049320788051843895,
        0.03072031640639742,
        0.01831111474773626,
        0.011081048240132518,
        0.007212193988271433,
        0.005077399984202539,
        0.0040300287898006265
    ],
    "clip_indices": [
        0,
        2,
        5,
        8,
        11,
        14,
        17,
        20,
        22,
        25,
        28,
        31,
        34,
        37,
        40,
        43,
        45,
        48,
        51,
        54,
        57,
        60,
        63,
        66,
        68,
        71,
        74,
        77,
        80,
        83,
        86,
        89
    ]
}