{
    "video_path": "FallVision/Fall/Bed/f_raw_b_1/B_D_0114.mp4",
    "active_window": [
        21,
        27
    ],
    "varying_k": 7,
    "detection_status": "Global Event Zone",
    "saliency_weights": [
        0.0035973454494192926,
        0.004730450464399721,
        0.00613431699919584,
        0.007049660804595957,
        0.0073688919847521295,
        0.0073414088299327464,
        0.007312116187721366,
        0.007624194631954122,
        0.00851268934094802,
        0.009923860035328028,
        0.011294069962862599,
        0.011979685180851758,
        0.011986339113510044,
        0.011887899794007221,
        0.012406280726989412,
        0.014455885776764741,
        0.01937622837875872,
        0.028392729237054555,
        0.041615428691572504,
        0.06058350621714066,
        0.09422405211265414,
        0.15395636837043142,
        0.23137107738617513,
        0.29225359080586477,
        0.3061837393829931,
        0.26678195303350793,
        0.19070632061644582,
        0.11293245581745517,
        0.05992864530725643,
        0.031361036074805365,
        0.01684558165127302,
        0.010392645191153663
    ],
    "clip_indices": [
        0,
        2,
        5,
        8,
        11,
        14,
        17,
        20,
        22,
        25,
        28,
        31,
        34,
        37,
        40,
        43,
        45,
        48,
        51,
        54,
        57,
        60,
        63,
        66,
        68,
        71,
        74,
        77,
        80,
        83,
        86,
        89
    ]
}