{
    "video_path": "FallVision/Fall/Bed/f_raw_b_1/B_D_0171.mp4",
    "active_window": [
        18,
        23
    ],
    "varying_k": 6,
    "detection_status": "Global Event Zone",
    "saliency_weights": [
        0.00306808116180266,
        0.0034419239673177554,
        0.003926757970564276,
        0.004472002968526598,
        0.005914622038202578,
        0.011157078448707258,
        0.025737489172943093,
        0.05183305844222089,
        0.08066669358913339,
        0.09946912420342835,
        0.1028316149465742,
        0.0926421249924505,
        0.07464499029235921,
        0.05568035825501577,
        0.0412407805523891,
        0.03606089969993125,
        0.04601230399288853,
        0.07756528818762909,
        0.13320115665620869,
        0.20366297602708372,
        0.2575002999939284,
        0.25250363837366097,
        0.18493484374615402,
        0.10302354948205777,
        0.048364207794737615,
        0.022575397600627756,
        0.012119067851802567,
        0.007986030887582615,
        0.006118057731927643,
        0.005016325414636438,
        0.004244830654509772,
        0.0037967427615859884
    ],
    "clip_indices": [
        0,
        7,
        15,
        23,
        30,
        38,
        46,
        53,
        61,
        69,
        77,
        84,
        92,
        100,
        107,
        115,
        123,
        131,
        138,
        146,
        154,
        161,
        169,
        177,
        185,
        192,
        200,
        208,
        215,
        223,
        231,
        239
    ]
}