{
    "video_path": "FallVision/Fall/Bed/f_raw_b_1/B_D_0161.mp4",
    "active_window": [
        12,
        23
    ],
    "varying_k": 12,
    "detection_status": "Global Event Zone",
    "saliency_weights": [
        0.002213175232184111,
        0.0027103842583159157,
        0.0033568621236987808,
        0.003964349103156642,
        0.00496188975986574,
        0.007693756194364602,
        0.014580101575594483,
        0.02731669854887915,
        0.04445368720923548,
        0.06274155537996184,
        0.07937515005050946,
        0.09239447067200382,
        0.10065702241965842,
        0.10376805226295426,
        0.102437671901721,
        0.09927231434472347,
        0.09980472485168705,
        0.11071517863280325,
        0.13429853025854963,
        0.16454387684772726,
        0.18528218358404341,
        0.17703225220190033,
        0.13944725889073023,
        0.09652545433351559,
        0.0670680630388475,
        0.04873113833467656,
        0.03395024330068984,
        0.021672154472688693,
        0.013313883751573786,
        0.008355035441281047,
        0.005478903991722029,
        0.004061015511895214
    ],
    "clip_indices": [
        0,
        5,
        11,
        17,
        23,
        28,
        34,
        40,
        46,
        51,
        57,
        63,
        69,
        75,
        80,
        86,
        92,
        98,
        103,
        109,
        115,
        121,
        127,
        132,
        138,
        144,
        150,
        155,
        161,
        167,
        173,
        179
    ]
}