{
    "video_path": "FallVision/Fall/Bed/f_raw_b_1/B_D_0003.mp4",
    "active_window": [
        14,
        20
    ],
    "varying_k": 7,
    "detection_status": "Global Event Zone",
    "saliency_weights": [
        0.006532789692178312,
        0.010510735100365442,
        0.015340193231144487,
        0.018741208744698864,
        0.021622693128912428,
        0.025592078429187582,
        0.030273924611596052,
        0.034145676521000326,
        0.03607817627090967,
        0.036021648759786584,
        0.035743105510256945,
        0.03876062213246554,
        0.049989910087073194,
        0.07463772180100631,
        0.11533493725439042,
        0.1675345463629968,
        0.21347516384072196,
        0.22996470337261743,
        0.21086157972132638,
        0.17050400237686325,
        0.12620741192271523,
        0.08899120481984495,
        0.06310417286850156,
        0.04737942592259744,
        0.03861439065859902,
        0.03348624517823068,
        0.029703761801662773,
        0.026360645756333446,
        0.022929348675783653,
        0.01865817786646845,
        0.013609646296744127,
        0.009842956043895769
    ],
    "clip_indices": [
        0,
        3,
        7,
        11,
        15,
        19,
        23,
        26,
        30,
        34,
        38,
        42,
        46,
        49,
        53,
        57,
        61,
        65,
        69,
        72,
        76,
        80,
        84,
        88,
        92,
        95,
        99,
        103,
        107,
        111,
        115,
        119
    ]
}