{
    "video_path": "FallVision/Fall/Bed/f_raw_b_1/B_D_0176.mp4",
    "active_window": [
        19,
        27
    ],
    "varying_k": 9,
    "detection_status": "Global Event Zone",
    "saliency_weights": [
        0.002392690448174815,
        0.0027385500150868083,
        0.0031500979882468387,
        0.003393520908530762,
        0.003471895277525638,
        0.0034841186781769708,
        0.003483835038346527,
        0.0034835968171330473,
        0.003487066643290641,
        0.0035120081851341017,
        0.003628862825783989,
        0.0040445287043905966,
        0.0051808605908723274,
        0.007421645010964554,
        0.010715485912896576,
        0.015146864858926405,
        0.022404165982928236,
        0.03674700100977066,
        0.0649410996156619,
        0.11210201712971088,
        0.17181272911572615,
        0.22540773591803737,
        0.25652245584112926,
        0.2592646961385543,
        0.2366557012726787,
        0.19828578366463145,
        0.15368751487196697,
        0.10893651185438943,
        0.06868772117797659,
        0.03775321583589071,
        0.01884248963860231,
        0.010414266535736263
    ],
    "clip_indices": [
        0,
        5,
        11,
        17,
        23,
        28,
        34,
        40,
        46,
        51,
        57,
        63,
        69,
        75,
        80,
        86,
        92,
        98,
        103,
        109,
        115,
        121,
        127,
        132,
        138,
        144,
        150,
        155,
        161,
        167,
        173,
        179
    ]
}