{
    "video_path": "FallVision/Fall/Bed/f_raw_b_1/B_D_0081.mp4",
    "active_window": [
        19,
        28
    ],
    "varying_k": 10,
    "detection_status": "Global Event Zone",
    "saliency_weights": [
        0.005945383542973562,
        0.00970621129902639,
        0.014123180598712294,
        0.01661486186837325,
        0.01725550493078875,
        0.01717939814852544,
        0.016984271982778534,
        0.016833292683770273,
        0.01686747522996694,
        0.017304771560043897,
        0.018403570533513193,
        0.020336598013357465,
        0.023023411106493703,
        0.02636539106453569,
        0.030764139594036847,
        0.0374289986017968,
        0.04832501242093924,
        0.06453298643707756,
        0.0830743254974266,
        0.09847549758641491,
        0.11019523382201771,
        0.12406905167939514,
        0.1446710263029085,
        0.17021494153277728,
        0.1921090213336892,
        0.19711844976086335,
        0.1781231123210063,
        0.14105418862900315,
        0.09738271657140002,
        0.05823535346809007,
        0.03090209406226541,
        0.017083371708029968
    ],
    "clip_indices": [
        0,
        2,
        5,
        8,
        11,
        14,
        17,
        20,
        22,
        25,
        28,
        31,
        34,
        37,
        40,
        43,
        45,
        48,
        51,
        54,
        57,
        60,
        63,
        66,
        68,
        71,
        74,
        77,
        80,
        83,
        86,
        89
    ]
}