{
    "video_path": "FallVision/Fall/Bed/f_raw_b_1/B_D_0140_resized.mp4",
    "active_window": [
        19,
        24
    ],
    "varying_k": 6,
    "detection_status": "Global Event Zone",
    "saliency_weights": [
        0.005144574409516307,
        0.006920863420690433,
        0.00896871671914963,
        0.010049803354511055,
        0.010248966335801558,
        0.010184725802152985,
        0.010219538639094163,
        0.010530773978962002,
        0.011297272972992742,
        0.012533197463729521,
        0.013807162306180513,
        0.014606875746013753,
        0.015000302477979514,
        0.015600037629358295,
        0.01721876447860433,
        0.020865641938804084,
        0.02858796035021037,
        0.04712576289011154,
        0.09214145251845424,
        0.17432853052810998,
        0.2635942579996644,
        0.29575496275834356,
        0.24817873093306025,
        0.16767782295019057,
        0.10569181915880407,
        0.07745150702839214,
        0.07471207931300497,
        0.07937563370170772,
        0.07668217898148755,
        0.06301945285898236,
        0.04290368093045713,
        0.027308111100623898
    ],
    "clip_indices": [
        0,
        3,
        7,
        11,
        15,
        19,
        22,
        26,
        30,
        34,
        38,
        41,
        45,
        49,
        53,
        57,
        60,
        64,
        68,
        72,
        76,
        79,
        83,
        87,
        91,
        95,
        98,
        102,
        106,
        110,
        114,
        118
    ]
}