{
    "video_path": "FallVision/Fall/Bed/f_raw_b_1/B_D_0183.mp4",
    "active_window": [
        7,
        12
    ],
    "varying_k": 6,
    "detection_status": "Global Event Zone",
    "saliency_weights": [
        0.00670039906695471,
        0.010667097761780021,
        0.016842630082681144,
        0.02424950422735929,
        0.034747886147992325,
        0.054940042411955735,
        0.09697506805609485,
        0.16657156390987093,
        0.24666131001535646,
        0.305369135096361,
        0.3127671166023186,
        0.2581575140702541,
        0.17066406899133885,
        0.09699816018945026,
        0.05572129015243211,
        0.03640760382239578,
        0.02615695322904316,
        0.01943876736785742,
        0.014768492587968137,
        0.011764035434155159,
        0.010062414971080298,
        0.009111869124955964,
        0.008507289202821282,
        0.008136769239030967,
        0.007978343824499873,
        0.007959737186481934,
        0.007989513307047114,
        0.007975674198812382,
        0.007771623031881806,
        0.007171705139807839,
        0.0061968610524254725,
        0.005389707291815931
    ],
    "clip_indices": [
        0,
        1,
        2,
        3,
        4,
        5,
        6,
        7,
        8,
        9,
        10,
        11,
        12,
        13,
        14,
        15,
        16,
        17,
        18,
        19,
        20,
        21,
        22,
        23,
        24,
        25,
        26,
        27,
        28,
        29,
        30,
        32
    ]
}