{
    "video_path": "FallVision/Fall/Bed/f_raw_b_1/B_D_0117.mp4",
    "active_window": [
        24,
        29
    ],
    "varying_k": 6,
    "detection_status": "Global Event Zone",
    "saliency_weights": [
        0.006418766093454407,
        0.008325713894682282,
        0.010523858490959706,
        0.011689998013834683,
        0.011930246257633958,
        0.011899658471969282,
        0.011906197376748338,
        0.011979321706741458,
        0.012099428981278144,
        0.012228808451813202,
        0.012283230833701045,
        0.012224839463438832,
        0.01221574414171065,
        0.012542115524517413,
        0.013386446912781218,
        0.014671689456538926,
        0.015932221652828295,
        0.016537392734208206,
        0.016297822134661927,
        0.01563337925086583,
        0.015440807134140522,
        0.01795243050568022,
        0.029154016806743892,
        0.06069998507108592,
        0.12811436338297344,
        0.23895784227748912,
        0.3567953102289204,
        0.3917396173932508,
        0.3016568974245918,
        0.16413363222912042,
        0.06975409319509705,
        0.031713193317325396
    ],
    "clip_indices": [
        0,
        3,
        7,
        11,
        15,
        19,
        23,
        26,
        30,
        34,
        38,
        42,
        46,
        49,
        53,
        57,
        61,
        65,
        69,
        72,
        76,
        80,
        84,
        88,
        92,
        95,
        99,
        103,
        107,
        111,
        115,
        119
    ]
}