{
    "video_path": "FallVision/Fall/Bed/f_raw_b_1/B_D_0194.mp4",
    "active_window": [
        15,
        20
    ],
    "varying_k": 6,
    "detection_status": "Global Event Zone",
    "saliency_weights": [
        0.003934022327493858,
        0.004348137701999304,
        0.004855841168612682,
        0.005202891158469969,
        0.005440786947715865,
        0.005802892291964176,
        0.006569137499115318,
        0.00791909115004397,
        0.009741025156091813,
        0.011676182575351947,
        0.013296344389574576,
        0.014815870728204433,
        0.01922438854349083,
        0.037427518840004385,
        0.09239992516163281,
        0.19757780729012217,
        0.315375735761331,
        0.37458977070429667,
        0.34497580899739255,
        0.2555835943556928,
        0.15301529013944798,
        0.07417691328477084,
        0.03224819658679144,
        0.016048647352049108,
        0.01051565732166798,
        0.008379774682369718,
        0.007333101798472932,
        0.006673013089975298,
        0.006137676586943312,
        0.005593848473130967,
        0.005033143925630897,
        0.004639019987569471
    ],
    "clip_indices": [
        0,
        2,
        5,
        8,
        11,
        14,
        17,
        20,
        22,
        25,
        28,
        31,
        34,
        37,
        40,
        43,
        45,
        48,
        51,
        54,
        57,
        60,
        63,
        66,
        68,
        71,
        74,
        77,
        80,
        83,
        86,
        89
    ]
}