{
    "video_path": "FallVision/Fall/Bed/f_raw_b_1/B_D_0239.mp4",
    "active_window": [
        23,
        29
    ],
    "varying_k": 7,
    "detection_status": "Global Event Zone",
    "saliency_weights": [
        0.0087333302133447,
        0.014594119760150612,
        0.02156985976552902,
        0.025697202009867987,
        0.02702103117533368,
        0.027216425096588934,
        0.027211562308156224,
        0.02723798956082502,
        0.027317254412954066,
        0.027473941627030478,
        0.02783155835558284,
        0.028576955301097683,
        0.02986621829894979,
        0.03177943659218609,
        0.034274687588070396,
        0.037220162263359946,
        0.04044987160318654,
        0.04366217584299176,
        0.04630428959680227,
        0.04832578165948202,
        0.05200101108709207,
        0.06174832791228891,
        0.0805686253526985,
        0.10853419584957702,
        0.14464296665465717,
        0.18557305644546182,
        0.2181797544189939,
        0.21820467288764378,
        0.17579222186963117,
        0.11419739958952224,
        0.06257674444502782,
        0.03417822250143028
    ],
    "clip_indices": [
        0,
        2,
        5,
        8,
        11,
        14,
        17,
        20,
        22,
        25,
        28,
        31,
        34,
        37,
        40,
        43,
        45,
        48,
        51,
        54,
        57,
        60,
        63,
        66,
        68,
        71,
        74,
        77,
        80,
        83,
        86,
        89
    ]
}