{
    "video_path": "FallVision/Fall/Bed/f_raw_b_1/B_D_0046.mp4",
    "active_window": [
        21,
        28
    ],
    "varying_k": 8,
    "detection_status": "Global Event Zone",
    "saliency_weights": [
        0.008194455945196107,
        0.014237022364359014,
        0.021462280291903082,
        0.02600460921894114,
        0.028455953941515122,
        0.031019428050229336,
        0.03450984532386919,
        0.03838471119151764,
        0.04131547711222803,
        0.04217119417331375,
        0.04119261846530047,
        0.039597996680138935,
        0.03863872977908284,
        0.03913805870618291,
        0.041193349269960544,
        0.044656701349256284,
        0.050016545841481894,
        0.057830416247257585,
        0.06689735705494379,
        0.07479825309864892,
        0.08138451805831065,
        0.08978081637771634,
        0.10350855864906852,
        0.1238563595617653,
        0.14728774114329146,
        0.16468612268268232,
        0.1668620873177138,
        0.14920775961006266,
        0.11445447371978615,
        0.07450507076230045,
        0.041808968769951674,
        0.023337011302450902
    ],
    "clip_indices": [
        0,
        2,
        5,
        8,
        11,
        14,
        17,
        20,
        22,
        25,
        28,
        31,
        34,
        37,
        40,
        43,
        45,
        48,
        51,
        54,
        57,
        60,
        63,
        66,
        68,
        71,
        74,
        77,
        80,
        83,
        86,
        89
    ]
}