{
    "video_path": "FallVision/Fall/Bed/f_raw_b_1/B_D_0258.mp4",
    "active_window": [
        9,
        14
    ],
    "varying_k": 6,
    "detection_status": "Global Event Zone",
    "saliency_weights": [
        0.0040877617347291765,
        0.0049728101555980165,
        0.006069248966467245,
        0.0069805139207579185,
        0.008272726848248894,
        0.011347534661743826,
        0.01955673453158025,
        0.04346872495974387,
        0.10392801050907369,
        0.20803061032982822,
        0.3159488817379752,
        0.3686960209309065,
        0.3427942478501178,
        0.2557649655157757,
        0.15006002156387577,
        0.07000800914099922,
        0.0299270171018765,
        0.015369176461758255,
        0.010347348385431117,
        0.008223821103432172,
        0.00724168076948296,
        0.006811594767993578,
        0.006634682189226018,
        0.006570000822970762,
        0.006559337275203006,
        0.006581702842034118,
        0.006617667975542216,
        0.006621623380745054,
        0.006500903177419122,
        0.0061272267763801255,
        0.005515953242962245,
        0.005009230960515517
    ],
    "clip_indices": [
        0,
        2,
        5,
        8,
        11,
        14,
        17,
        20,
        22,
        25,
        28,
        31,
        34,
        37,
        40,
        43,
        45,
        48,
        51,
        54,
        57,
        60,
        63,
        66,
        68,
        71,
        74,
        77,
        80,
        83,
        86,
        89
    ]
}