{
    "video_path": "FallVision/Fall/Bed/f_raw_b_1/B_D_0217.mp4",
    "active_window": [
        11,
        17
    ],
    "varying_k": 7,
    "detection_status": "Global Event Zone",
    "saliency_weights": [
        0.00393690464191094,
        0.0052262394224633505,
        0.006784665694204604,
        0.007743773799477742,
        0.008065531069880207,
        0.008099807780785579,
        0.008237361720209441,
        0.009307800278794678,
        0.013747525786570994,
        0.02798130765809872,
        0.06395565782891041,
        0.12883928300776898,
        0.2082875282361241,
        0.27263144894022506,
        0.2964569363200543,
        0.2700533080216642,
        0.20878107043758393,
        0.14381288350550936,
        0.09483691287819748,
        0.06305406227334667,
        0.043639081302149885,
        0.0326696570256987,
        0.026956173772906412,
        0.023364140891324783,
        0.019880195151898625,
        0.016198705417475326,
        0.012777792538331377,
        0.010103623747767205,
        0.008296625142283564,
        0.00694357417966672,
        0.005704463657233707,
        0.004844376533107993
    ],
    "clip_indices": [
        0,
        1,
        3,
        5,
        7,
        9,
        11,
        13,
        15,
        17,
        19,
        20,
        22,
        24,
        26,
        28,
        30,
        32,
        34,
        36,
        38,
        39,
        41,
        43,
        45,
        47,
        49,
        51,
        53,
        55,
        57,
        59
    ]
}