{
    "video_path": "FallVision/Fall/Bed/f_raw_b_1/B_D_0027.mp4",
    "active_window": [
        21,
        26
    ],
    "varying_k": 6,
    "detection_status": "Global Event Zone",
    "saliency_weights": [
        0.004499283326549716,
        0.005601441411007284,
        0.006951002841187871,
        0.007835229993052311,
        0.00825472146950474,
        0.008490268807451632,
        0.008674998289530602,
        0.008841436354009583,
        0.009084245425243977,
        0.009699111980496767,
        0.011328854707110037,
        0.014833515939806814,
        0.020843832042339527,
        0.028828639897161612,
        0.03587353395606577,
        0.03834629219294959,
        0.035969375430143724,
        0.032514680047323705,
        0.03416119256248593,
        0.05067509303718048,
        0.09749117040890262,
        0.18457545255012678,
        0.2843347651881507,
        0.331830905302826,
        0.2953295858152899,
        0.21167569443549214,
        0.12982827551519033,
        0.07079104634202212,
        0.03620598244814917,
        0.01881282322387511,
        0.010655028386007449,
        0.007365202643577444
    ],
    "clip_indices": [
        0,
        11,
        23,
        34,
        46,
        57,
        69,
        81,
        92,
        104,
        115,
        127,
        138,
        150,
        162,
        173,
        185,
        196,
        208,
        220,
        231,
        243,
        254,
        266,
        277,
        289,
        301,
        312,
        324,
        335,
        347,
        359
    ]
}