{
    "video_path": "FallVision/Fall/Bed/f_raw_b_1/B_D_0039.mp4",
    "active_window": [
        10,
        16
    ],
    "varying_k": 7,
    "detection_status": "Global Event Zone",
    "saliency_weights": [
        0.003173979086978311,
        0.004734639877949161,
        0.006599872765232067,
        0.007736141639736604,
        0.00824141119976182,
        0.008933175599400062,
        0.011420488851662011,
        0.019932580475693365,
        0.04255379837637263,
        0.08330036676075747,
        0.13103377357411747,
        0.16824994527915593,
        0.18767359658107344,
        0.1903505556851975,
        0.17577831800123983,
        0.14311720842350753,
        0.1002403559296089,
        0.06178130718443102,
        0.036288629492093744,
        0.023328587392193637,
        0.020827654557515875,
        0.028461804398144316,
        0.04555344797705988,
        0.06880907934406577,
        0.09128994034747759,
        0.10313562991590149,
        0.09840724872514371,
        0.07975554923959627,
        0.054475058143635194,
        0.03127743563411763,
        0.016076079539725396,
        0.00913337566615127
    ],
    "clip_indices": [
        0,
        3,
        7,
        11,
        15,
        19,
        23,
        26,
        30,
        34,
        38,
        42,
        46,
        49,
        53,
        57,
        61,
        65,
        69,
        72,
        76,
        80,
        84,
        88,
        92,
        95,
        99,
        103,
        107,
        111,
        115,
        119
    ]
}