{
    "video_path": "FallVision/Fall/Bed/f_raw_b_1/B_D_0193.mp4",
    "active_window": [
        21,
        26
    ],
    "varying_k": 6,
    "detection_status": "Global Event Zone",
    "saliency_weights": [
        0.00341491965577831,
        0.004001790571861928,
        0.0046964501071412625,
        0.00509774936662733,
        0.005208617270666047,
        0.005200425886647209,
        0.005180450699150734,
        0.0052034412456767815,
        0.005333768782927071,
        0.005681639315515236,
        0.006418875717340667,
        0.007702008769222804,
        0.009531140105295273,
        0.011749063696079158,
        0.014131655301878737,
        0.016659257894413356,
        0.020035995154165397,
        0.026056178831002016,
        0.03790203300832104,
        0.06027361293688996,
        0.09858835871319183,
        0.1560941741421522,
        0.22677666710992572,
        0.29120382929468974,
        0.32138158966923536,
        0.29106024390227625,
        0.20459041805268108,
        0.11075396390151386,
        0.05169817878801522,
        0.025490959881738634,
        0.014183887752006751,
        0.009186060263524951
    ],
    "clip_indices": [
        0,
        2,
        5,
        8,
        11,
        14,
        17,
        20,
        22,
        25,
        28,
        31,
        34,
        37,
        40,
        43,
        45,
        48,
        51,
        54,
        57,
        60,
        63,
        66,
        68,
        71,
        74,
        77,
        80,
        83,
        86,
        89
    ]
}