{
    "video_path": "FallVision/Fall/Bed/f_raw_b_1/B_D_0229.mp4",
    "active_window": [
        18,
        26
    ],
    "varying_k": 9,
    "detection_status": "Global Event Zone",
    "saliency_weights": [
        0.01006314265916519,
        0.01786351460188995,
        0.027125453988544775,
        0.03266051545156738,
        0.0348781340353024,
        0.03658093527148891,
        0.039681027057140605,
        0.044835699194120046,
        0.05145243154638268,
        0.058103353114671547,
        0.06298540141954677,
        0.06459897279149768,
        0.06278030576345187,
        0.05880082516642239,
        0.05511973124555301,
        0.054597806135246375,
        0.0590906956999361,
        0.0693005748805583,
        0.08524415360312233,
        0.10532453060463887,
        0.12401047266339789,
        0.13334745977036583,
        0.13116642180333882,
        0.12335201690087519,
        0.11447751395659854,
        0.10305584420412121,
        0.08770709186009176,
        0.07129392876641974,
        0.05636776994464726,
        0.041762675999021205,
        0.026959015517385998,
        0.01655135675913067
    ],
    "clip_indices": [
        0,
        1,
        3,
        5,
        7,
        9,
        11,
        13,
        15,
        17,
        19,
        20,
        22,
        24,
        26,
        28,
        30,
        32,
        34,
        36,
        38,
        39,
        41,
        43,
        45,
        47,
        49,
        51,
        53,
        55,
        57,
        59
    ]
}