{
    "video_path": "FallVision/Fall/Bed/f_raw_b_1/B_D_0211.mp4",
    "active_window": [
        19,
        25
    ],
    "varying_k": 7,
    "detection_status": "Global Event Zone",
    "saliency_weights": [
        0.0030732827107087957,
        0.003659998207170911,
        0.004349996723015451,
        0.004741532610447892,
        0.0048475891448777125,
        0.004852172553120574,
        0.004868368075589279,
        0.004953067239160039,
        0.00516767649859484,
        0.0055849302297725075,
        0.006265282357376134,
        0.007222965204994398,
        0.008381935034803611,
        0.00966225055385941,
        0.011342509454989998,
        0.015151481430618875,
        0.025859708142508556,
        0.049939742595045175,
        0.0907885212138429,
        0.14632152118436553,
        0.20850630611884666,
        0.2633578509293066,
        0.29369623613923057,
        0.28427784833012293,
        0.23466111379915386,
        0.16487757255312685,
        0.0983340630131263,
        0.049691684685836165,
        0.023041364956019293,
        0.0116754273117733,
        0.007032021590403987,
        0.00515684908315801
    ],
    "clip_indices": [
        0,
        2,
        5,
        8,
        11,
        14,
        17,
        20,
        22,
        25,
        28,
        31,
        34,
        37,
        40,
        43,
        45,
        48,
        51,
        54,
        57,
        60,
        63,
        66,
        68,
        71,
        74,
        77,
        80,
        83,
        86,
        89
    ]
}