{
    "video_path": "FallVision/Fall/Bed/f_raw_b_1/B_D_0104.mp4",
    "active_window": [
        8,
        13
    ],
    "varying_k": 6,
    "detection_status": "Global Event Zone",
    "saliency_weights": [
        0.03293118545386082,
        0.05697137336203202,
        0.07931432062075222,
        0.08026792454490755,
        0.06691169576235251,
        0.05642125564325655,
        0.05871616468070507,
        0.0797811312812642,
        0.1260073210170981,
        0.19263108205898088,
        0.24752713444121488,
        0.2543290054639336,
        0.2132269879802357,
        0.15266451987382149,
        0.09706181863631189,
        0.05730400737580289,
        0.03384437399314297,
        0.02158639241237495,
        0.015536047868044082,
        0.012720772558730208,
        0.011553632132464653,
        0.011169050154218495,
        0.011114604757245773,
        0.011192804634415066,
        0.01130124662438239,
        0.0113567749557087,
        0.01131929704424026,
        0.011177130465499025,
        0.010761798702070125,
        0.009685450808078866,
        0.007937458624120462,
        0.00648369392340452
    ],
    "clip_indices": [
        0,
        1,
        3,
        5,
        7,
        9,
        11,
        13,
        15,
        17,
        19,
        20,
        22,
        24,
        26,
        28,
        30,
        32,
        34,
        36,
        38,
        39,
        41,
        43,
        45,
        47,
        49,
        51,
        53,
        55,
        57,
        59
    ]
}