{
    "video_path": "FallVision/Fall/Bed/f_raw_b_1/B_D_0257.mp4",
    "active_window": [
        22,
        27
    ],
    "varying_k": 6,
    "detection_status": "Global Event Zone",
    "saliency_weights": [
        0.005637143166478469,
        0.00775104871232791,
        0.010035672615242762,
        0.01088568836666939,
        0.010428865218045806,
        0.00950501771918104,
        0.008623669276518827,
        0.007961246358281058,
        0.00752957694969686,
        0.007275541469836003,
        0.0071347580091115255,
        0.007063389094434809,
        0.007067269239461007,
        0.007184764343117972,
        0.007450529078755536,
        0.0079128918955792,
        0.008714772435589187,
        0.010277429789140705,
        0.013825499237569405,
        0.022796038424803634,
        0.044979763323954244,
        0.09068362899160903,
        0.16307939689958273,
        0.25016255396371817,
        0.3216065223572915,
        0.33555047545429856,
        0.27845204919895483,
        0.18800174271398146,
        0.10805869846512717,
        0.054425692457776176,
        0.02551037699737837,
        0.01391111027160825
    ],
    "clip_indices": [
        0,
        2,
        5,
        8,
        11,
        14,
        17,
        20,
        22,
        25,
        28,
        31,
        34,
        37,
        40,
        43,
        45,
        48,
        51,
        54,
        57,
        60,
        63,
        66,
        68,
        71,
        74,
        77,
        80,
        83,
        86,
        89
    ]
}