{
    "video_path": "FallVision/Fall/Bed/f_raw_b_1/B_D_0233.mp4",
    "active_window": [
        13,
        22
    ],
    "varying_k": 10,
    "detection_status": "Global Event Zone",
    "saliency_weights": [
        0.007249766760733552,
        0.013812862388881094,
        0.02455406317637629,
        0.036562013353962974,
        0.04649118582719944,
        0.05156617089228482,
        0.051347767268483904,
        0.04754606784808445,
        0.04374369419859814,
        0.04371231256217996,
        0.04915837326776235,
        0.06000954925254891,
        0.0752539073888166,
        0.09312206823902511,
        0.11091105498344138,
        0.12564340108293268,
        0.1355821957255505,
        0.14016149650272136,
        0.13880765165322873,
        0.13098284626609658,
        0.11767108392468904,
        0.10174047122812924,
        0.08621811676974156,
        0.07306257334656421,
        0.06236497891040513,
        0.05243482540277401,
        0.04232124850712506,
        0.03316458392788833,
        0.025864307941786083,
        0.01939377935944784,
        0.013028997894367532,
        0.008561874042679015
    ],
    "clip_indices": [
        0,
        1,
        3,
        5,
        7,
        9,
        11,
        13,
        15,
        17,
        19,
        20,
        22,
        24,
        26,
        28,
        30,
        32,
        34,
        36,
        38,
        39,
        41,
        43,
        45,
        47,
        49,
        51,
        53,
        55,
        57,
        59
    ]
}