{
    "video_path": "FallVision/Fall/Bed/f_raw_b_1/B_D_0150.mp4",
    "active_window": [
        9,
        15
    ],
    "varying_k": 7,
    "detection_status": "Global Event Zone",
    "saliency_weights": [
        0.003849259935881863,
        0.0053908529604973065,
        0.009008583401363648,
        0.01660018263287998,
        0.03142943532819987,
        0.05334239732274767,
        0.07398720668344051,
        0.08667838935389435,
        0.0992694099647577,
        0.12695294325764092,
        0.17766155671355582,
        0.24236363218396983,
        0.28722941849073197,
        0.2766947034237406,
        0.21564017464357704,
        0.1412640917374759,
        0.08144002468281954,
        0.04294298619301569,
        0.022032484955847184,
        0.012076006341912103,
        0.007687929277252356,
        0.005797422510115596,
        0.004925810540915475,
        0.004504243959360915,
        0.00431953766343819,
        0.004246104409326436,
        0.0042140252236555886,
        0.00420729847127079,
        0.004190511639188791,
        0.004068760485790292,
        0.00381286101561268,
        0.003583635874722689
    ],
    "clip_indices": [
        0,
        5,
        11,
        17,
        23,
        29,
        34,
        40,
        46,
        52,
        58,
        63,
        69,
        75,
        81,
        87,
        92,
        98,
        104,
        110,
        116,
        121,
        127,
        133,
        139,
        145,
        150,
        156,
        162,
        168,
        174,
        180
    ]
}