{
    "video_path": "FallVision/Fall/Bed/f_raw_b_1/B_D_0214.mp4",
    "active_window": [
        6,
        13
    ],
    "varying_k": 8,
    "detection_status": "Global Event Zone",
    "saliency_weights": [
        0.008529177743264187,
        0.01416743563554978,
        0.02233455916824429,
        0.032063804394758325,
        0.04779376282900967,
        0.07489719667030104,
        0.11444871874770149,
        0.16438815388537603,
        0.22001245638796485,
        0.26890446191954975,
        0.28586866191234117,
        0.25159142629698167,
        0.18270200762520145,
        0.11638610411611189,
        0.07116647616250643,
        0.04356801537204405,
        0.026482449380430748,
        0.01636768278878977,
        0.011163264985052395,
        0.00879757765778134,
        0.0077288563219439395,
        0.007213187339576448,
        0.00695332846129763,
        0.006832750213972559,
        0.0068005128500225765,
        0.006825674603782058,
        0.006876705335996328,
        0.0068974970132337846,
        0.006765332151483343,
        0.006294938098647691,
        0.005493842872215695,
        0.004821188031474569
    ],
    "clip_indices": [
        0,
        2,
        5,
        8,
        11,
        14,
        17,
        20,
        22,
        25,
        28,
        31,
        34,
        37,
        40,
        43,
        45,
        48,
        51,
        54,
        57,
        60,
        63,
        66,
        68,
        71,
        74,
        77,
        80,
        83,
        86,
        89
    ]
}