{
    "video_path": "FallVision/Fall/Bed/f_raw_b_1/B_D_0010_resized.mp4",
    "active_window": [
        7,
        12
    ],
    "varying_k": 6,
    "detection_status": "Global Event Zone",
    "saliency_weights": [
        0.00788390886021105,
        0.011450673815968801,
        0.01543355418065636,
        0.017857987328840485,
        0.021425396085980573,
        0.03394197600430062,
        0.0682885280026807,
        0.1349805270444135,
        0.22960221529190145,
        0.3253895489118198,
        0.369287952706305,
        0.32056977766801764,
        0.21006418338247262,
        0.10909174224788949,
        0.051192561986462645,
        0.025720458866679258,
        0.015286256323286132,
        0.010891300378136959,
        0.008942673479723617,
        0.007924275594227604,
        0.007199061601963194,
        0.00658319114254107,
        0.006059858771737215,
        0.00564480488476512,
        0.005350574114072021,
        0.005175712524054361,
        0.005100091381718003,
        0.005077005502848568,
        0.005037413233286232,
        0.004902412754694122,
        0.0046627493815267875,
        0.004458222022608328
    ],
    "clip_indices": [
        0,
        2,
        5,
        8,
        11,
        14,
        17,
        20,
        22,
        25,
        28,
        31,
        34,
        37,
        40,
        43,
        45,
        48,
        51,
        54,
        57,
        60,
        63,
        66,
        68,
        71,
        74,
        77,
        80,
        83,
        86,
        89
    ]
}