{
    "video_path": "FallVision/Fall/Bed/f_raw_b_1/B_D_0145.mp4",
    "active_window": [
        22,
        27
    ],
    "varying_k": 6,
    "detection_status": "Global Event Zone",
    "saliency_weights": [
        0.004481472019797842,
        0.005146075554100005,
        0.005952605544918766,
        0.006681466915878231,
        0.007998502576704643,
        0.010923763409412176,
        0.01607803434827421,
        0.022997933284400005,
        0.029378875704592737,
        0.03248427319109336,
        0.03134515921426734,
        0.026862043553763558,
        0.021284025774358124,
        0.016930458303872443,
        0.014365036795435437,
        0.012720287583620198,
        0.011368722524506889,
        0.010518321307131154,
        0.011226515242616418,
        0.016589727444901656,
        0.03428351823480119,
        0.07618925942406854,
        0.1511831951247106,
        0.253528679006581,
        0.3442661932608799,
        0.3559292546506022,
        0.2676681192329726,
        0.14751039296129592,
        0.06544963589525636,
        0.0276380047139808,
        0.012958906820012156,
        0.007991191739627937
    ],
    "clip_indices": [
        0,
        5,
        11,
        17,
        23,
        29,
        34,
        40,
        46,
        52,
        58,
        63,
        69,
        75,
        81,
        87,
        92,
        98,
        104,
        110,
        116,
        121,
        127,
        133,
        139,
        145,
        150,
        156,
        162,
        168,
        174,
        180
    ]
}