{
    "video_path": "FallVision/Fall/Bed/f_raw_b_1/B_D_0075.mp4",
    "active_window": [
        23,
        28
    ],
    "varying_k": 6,
    "detection_status": "Global Event Zone",
    "saliency_weights": [
        0.005602830915870582,
        0.008437139905355343,
        0.011703898447879772,
        0.013428004935862452,
        0.013744736714661244,
        0.013612106186884276,
        0.013505567428602372,
        0.013509825391876482,
        0.013658542463709265,
        0.014038619045862132,
        0.014809168106887961,
        0.016179377658032325,
        0.018363214396788067,
        0.021571116421088523,
        0.025967903841640952,
        0.031533725912761476,
        0.03778914627536899,
        0.04374017798701381,
        0.04816387032146964,
        0.05050343926373093,
        0.05294268500834816,
        0.06216532060578118,
        0.08952185395247926,
        0.14508674820496614,
        0.2184292985734187,
        0.2723519404006716,
        0.2760949101093649,
        0.22913360608234165,
        0.15244932235677577,
        0.07965856145400199,
        0.0349927776943436,
        0.01712848098028467
    ],
    "clip_indices": [
        0,
        2,
        5,
        8,
        11,
        14,
        17,
        20,
        22,
        25,
        28,
        31,
        34,
        37,
        40,
        43,
        45,
        48,
        51,
        54,
        57,
        60,
        63,
        66,
        68,
        71,
        74,
        77,
        80,
        83,
        86,
        89
    ]
}