{
    "video_path": "FallVision/Fall/Bed/f_raw_b_1/B_D_0131_resized.mp4",
    "active_window": [
        13,
        20
    ],
    "varying_k": 8,
    "detection_status": "Global Event Zone",
    "saliency_weights": [
        0.0031627728615537627,
        0.0044451331621726976,
        0.0059605867437126266,
        0.006845990888739856,
        0.007164686071058871,
        0.007415377169049096,
        0.008050886723931946,
        0.009468268734440646,
        0.012288581587354436,
        0.018432430135989136,
        0.032233153996305955,
        0.05798268839530098,
        0.09526215758464741,
        0.1381197844440298,
        0.17628662390841987,
        0.2006217009119129,
        0.21207485342820714,
        0.21690196502524822,
        0.2103529392893838,
        0.17934200040924275,
        0.12719554114145507,
        0.07802131073398008,
        0.04931991322701088,
        0.03874053787041881,
        0.036455285711641874,
        0.034459835690896994,
        0.029357447790326154,
        0.022703420051048962,
        0.016854592352005378,
        0.012151747196973567,
        0.008298664488824934,
        0.005882390608696603
    ],
    "clip_indices": [
        0,
        2,
        5,
        8,
        11,
        14,
        17,
        20,
        22,
        25,
        28,
        31,
        34,
        37,
        40,
        43,
        45,
        48,
        51,
        54,
        57,
        60,
        63,
        66,
        68,
        71,
        74,
        77,
        80,
        83,
        86,
        89
    ]
}