{
    "video_path": "FallVision/Fall/Bed/f_raw_b_1/B_D_0174.mp4",
    "active_window": [
        0,
        5
    ],
    "varying_k": 6,
    "detection_status": "Global Event Zone",
    "saliency_weights": [
        0.13544834207783818,
        0.2357546971864679,
        0.3189194506621553,
        0.29757095024921865,
        0.211799072085035,
        0.14095119915925275,
        0.10785013974181139,
        0.09687780698712661,
        0.0904257658699873,
        0.07905593092854463,
        0.063868729177354,
        0.05048289808222665,
        0.04063417839508153,
        0.03247519555440237,
        0.02496483587347216,
        0.01865145438257019,
        0.014034090638305071,
        0.010968683316337893,
        0.009033805042752172,
        0.007804667633337772,
        0.0070098403763452465,
        0.00653756651137842,
        0.0063137553711754045,
        0.006237545368331723,
        0.006224214234398963,
        0.006233102569783292,
        0.006245929511731502,
        0.00623737675656717,
        0.006131986931520629,
        0.005799148829163736,
        0.005238933589610018,
        0.004769220073290121
    ],
    "clip_indices": [
        0,
        3,
        7,
        11,
        15,
        19,
        23,
        26,
        30,
        34,
        38,
        42,
        46,
        49,
        53,
        57,
        61,
        65,
        69,
        72,
        76,
        80,
        84,
        88,
        92,
        95,
        99,
        103,
        107,
        111,
        115,
        119
    ]
}