{
    "video_path": "FallVision/Fall/Bed/f_raw_b_1/B_D_0132_resized.mp4",
    "active_window": [
        23,
        29
    ],
    "varying_k": 7,
    "detection_status": "Global Event Zone",
    "saliency_weights": [
        0.004809967946085357,
        0.006225220462073081,
        0.007880397035391756,
        0.008804369470199816,
        0.009044334154072957,
        0.009047261491786852,
        0.009035542817669405,
        0.00904478752715603,
        0.009077156495224198,
        0.009138196497313573,
        0.009232915057729812,
        0.009379225853412065,
        0.009627080337587617,
        0.0100276531803693,
        0.010578262440077583,
        0.011278815909102246,
        0.012274923621980096,
        0.013894491934506726,
        0.016602086255592452,
        0.02107976720960799,
        0.028582638311511435,
        0.04205571467349046,
        0.06802871938812927,
        0.11542337988851334,
        0.18673496448059806,
        0.26949890104047597,
        0.3320459879196466,
        0.328699552762044,
        0.2468599729308995,
        0.13966047256512815,
        0.06419988157276174,
        0.030701745431915395
    ],
    "clip_indices": [
        0,
        2,
        5,
        8,
        11,
        14,
        17,
        20,
        22,
        25,
        28,
        31,
        34,
        37,
        40,
        43,
        45,
        48,
        51,
        54,
        57,
        60,
        63,
        66,
        68,
        71,
        74,
        77,
        80,
        83,
        86,
        89
    ]
}