{
    "video_path": "FallVision/Fall/Bed/f_raw_b_1/B_D_0167.mp4",
    "active_window": [
        10,
        24
    ],
    "varying_k": 15,
    "detection_status": "Global Event Zone",
    "saliency_weights": [
        0.002267295849319336,
        0.0025690393216136424,
        0.0029803990349976774,
        0.0034402504223663534,
        0.004318535376650949,
        0.006574925162037725,
        0.011934951306813196,
        0.022360249143820538,
        0.039559965916192694,
        0.0664531574951199,
        0.10743420871701498,
        0.15876010060009937,
        0.19566181207154187,
        0.19084783631268443,
        0.15131056220816647,
        0.10947060019330335,
        0.08343161956166481,
        0.06979526541463785,
        0.06276820784529746,
        0.06312923706422391,
        0.07539232144947564,
        0.10120027256383779,
        0.1284746269892022,
        0.1329792569531259,
        0.10606237860508722,
        0.06744463549022846,
        0.03810581131669118,
        0.021757556233333187,
        0.013798497616209673,
        0.009678496766748312,
        0.006835238207414534,
        0.005051851554724725
    ],
    "clip_indices": [
        0,
        5,
        11,
        17,
        23,
        28,
        34,
        40,
        46,
        51,
        57,
        63,
        69,
        75,
        80,
        86,
        92,
        98,
        103,
        109,
        115,
        121,
        127,
        132,
        138,
        144,
        150,
        155,
        161,
        167,
        173,
        179
    ]
}