{
    "video_path": "FallVision/Fall/Chair/f_raw_c_2/C_N_175_resized.mp4",
    "active_window": [
        14,
        22
    ],
    "varying_k": 9,
    "detection_status": "Global Event Zone",
    "saliency_weights": [
        0.005053225403075478,
        0.007918631200507691,
        0.01071728262646243,
        0.01114409914958318,
        0.00978323871454061,
        0.008247024120144286,
        0.007210549994332512,
        0.006655182309767771,
        0.006569311023274051,
        0.007618911370968054,
        0.012057163123332531,
        0.02424203663518633,
        0.050225541343349236,
        0.09248575587882775,
        0.14138357082542996,
        0.18017364007243858,
        0.2001314413123737,
        0.20307914355521395,
        0.1941643220939564,
        0.17798397987609954,
        0.15770613095776065,
        0.1351961627724027,
        0.11143531125664968,
        0.087170466826303,
        0.06411372905235829,
        0.04517981099335036,
        0.03207693833224183,
        0.02371779230810706,
        0.018052431545294394,
        0.01351853944686216,
        0.009554343542703892,
        0.006961029062343896
    ],
    "clip_indices": [
        0,
        3,
        7,
        11,
        15,
        19,
        23,
        26,
        30,
        34,
        38,
        42,
        46,
        49,
        53,
        57,
        61,
        65,
        69,
        72,
        76,
        80,
        84,
        88,
        92,
        95,
        99,
        103,
        107,
        111,
        115,
        119
    ]
}