{
    "video_path": "FallVision/Fall/Chair/f_raw_c_2/C_N_144.mp4",
    "active_window": [
        8,
        20
    ],
    "varying_k": 13,
    "detection_status": "Global Event Zone",
    "saliency_weights": [
        0.005043624256632859,
        0.008577956008957659,
        0.013028431067180001,
        0.016524666367148923,
        0.020304932620075815,
        0.028448941473359177,
        0.04691083340246896,
        0.07753295813778835,
        0.11051029095218202,
        0.13089635749861572,
        0.12984201800115916,
        0.10829891263969893,
        0.07917857191732053,
        0.060242973497129086,
        0.061066408396987036,
        0.0802305922738308,
        0.10779930823503332,
        0.1301119017125285,
        0.137994630009225,
        0.1295187102946225,
        0.10836374673606938,
        0.08189848393521107,
        0.05764648620840304,
        0.041322695386215635,
        0.035621376779682565,
        0.03925800211407368,
        0.04717373442150173,
        0.051289085156263514,
        0.046478294059050934,
        0.03495435919872213,
        0.02209931993241607,
        0.013427860534545533
    ],
    "clip_indices": [
        0,
        2,
        5,
        8,
        11,
        14,
        17,
        20,
        22,
        25,
        28,
        31,
        34,
        37,
        40,
        43,
        45,
        48,
        51,
        54,
        57,
        60,
        63,
        66,
        68,
        71,
        74,
        77,
        80,
        83,
        86,
        89
    ]
}