{
    "video_path": "FallVision/Fall/Chair/f_raw_c_2/C_N_141.mp4",
    "active_window": [
        23,
        29
    ],
    "varying_k": 7,
    "detection_status": "Global Event Zone",
    "saliency_weights": [
        0.005323833480753596,
        0.007998354509565514,
        0.011152106873002401,
        0.012966794823222215,
        0.013513296561943118,
        0.013616597293339743,
        0.01372555115061542,
        0.014020783346150829,
        0.014741982795522246,
        0.016182987603834378,
        0.018580713872011947,
        0.022236048406913633,
        0.02761319308887475,
        0.03476333492335443,
        0.04229382717828238,
        0.04779065200112377,
        0.04940954974906974,
        0.04664302453711969,
        0.04069802412582235,
        0.034368698811512444,
        0.03133467531337901,
        0.0366596203978434,
        0.05800251666068824,
        0.10293266343921856,
        0.16753548754244246,
        0.23051129553474042,
        0.2658426932254727,
        0.2545560019459101,
        0.19765552397095132,
        0.12456040830514198,
        0.06630032255671228,
        0.03521382529892263
    ],
    "clip_indices": [
        0,
        1,
        3,
        5,
        7,
        9,
        11,
        13,
        15,
        17,
        19,
        20,
        22,
        24,
        26,
        28,
        30,
        32,
        34,
        36,
        38,
        39,
        41,
        43,
        45,
        47,
        49,
        51,
        53,
        55,
        57,
        59
    ]
}