{
    "video_path": "FallVision/Fall/Chair/f_raw_c_2/C_N_194_resized.mp4",
    "active_window": [
        9,
        15
    ],
    "varying_k": 7,
    "detection_status": "Global Event Zone",
    "saliency_weights": [
        0.004006020791148909,
        0.004898528804310987,
        0.005995565371007865,
        0.006823072697612478,
        0.007770969475924342,
        0.010087601003016233,
        0.016496579576197448,
        0.033361186979880025,
        0.07213478773886076,
        0.14022089904335244,
        0.22636978575268274,
        0.30219915559689925,
        0.3316166354276807,
        0.29177164481658735,
        0.2039864958684095,
        0.11763002969419117,
        0.06078168091486234,
        0.03107644714650104,
        0.017571999792904927,
        0.012266336175936615,
        0.011177256593093168,
        0.012901269629995035,
        0.016221622329406576,
        0.019160917489173868,
        0.020244069584895028,
        0.01932162555642325,
        0.017001066045968904,
        0.014167496494299232,
        0.01147366401515067,
        0.009075442969575768,
        0.007046474532382145,
        0.005780092615597177
    ],
    "clip_indices": [
        0,
        1,
        3,
        4,
        6,
        7,
        9,
        10,
        12,
        13,
        15,
        16,
        18,
        19,
        21,
        22,
        24,
        25,
        27,
        28,
        30,
        31,
        33,
        34,
        36,
        37,
        39,
        40,
        42,
        43,
        45,
        47
    ]
}