{
    "video_path": "FallVision/Fall/Chair/f_raw_c_2/C_N_349.mp4",
    "active_window": [
        15,
        22
    ],
    "varying_k": 8,
    "detection_status": "Global Event Zone",
    "saliency_weights": [
        0.0031253991226756995,
        0.003864718492367629,
        0.004743086308989701,
        0.00524992171201334,
        0.005366213038713881,
        0.005291445563678833,
        0.0051832694522404455,
        0.005173299792606466,
        0.005434491243082136,
        0.006170788038963988,
        0.00774928158664805,
        0.011656340337995504,
        0.02209902776458989,
        0.046299153549711064,
        0.09245917427038966,
        0.1604460939071067,
        0.22696218793833173,
        0.2576901483680425,
        0.24607274452293537,
        0.2166498032773508,
        0.18884008717124476,
        0.1624219945943267,
        0.13194387655630466,
        0.09675166438513322,
        0.06139245028864049,
        0.033590455490836654,
        0.017619425249000557,
        0.010468446987417572,
        0.007296894958588121,
        0.005558087926289226,
        0.004405130036659255,
        0.003750240773451812
    ],
    "clip_indices": [
        0,
        1,
        3,
        5,
        7,
        9,
        11,
        13,
        15,
        17,
        19,
        20,
        22,
        24,
        26,
        28,
        30,
        32,
        34,
        36,
        38,
        39,
        41,
        43,
        45,
        47,
        49,
        51,
        53,
        55,
        57,
        59
    ]
}