{
    "video_path": "FallVision/Fall/Chair/f_raw_c_2/C_N_417.mp4",
    "active_window": [
        13,
        24
    ],
    "varying_k": 12,
    "detection_status": "Global Event Zone",
    "saliency_weights": [
        0.0033176790260072662,
        0.004988697119475565,
        0.007156086173534946,
        0.008887743594558416,
        0.010310049676947073,
        0.012023447080502776,
        0.014525623528322408,
        0.018217173092718125,
        0.023539982498135208,
        0.03127028957912259,
        0.04291076495232973,
        0.06082349604240022,
        0.08754201192697354,
        0.12199334166405126,
        0.15380228698587894,
        0.16818738144795795,
        0.15947294403200893,
        0.13411335071635228,
        0.10550312570348241,
        0.0888997442389566,
        0.09380321419100499,
        0.11834442922364478,
        0.14543831281361463,
        0.14818529994669757,
        0.1176876555393613,
        0.07517003720071233,
        0.042933275566329365,
        0.02472200189702197,
        0.015505499208119847,
        0.01052885336987569,
        0.00717242158700104,
        0.005154746510548447
    ],
    "clip_indices": [
        0,
        1,
        3,
        5,
        7,
        9,
        11,
        13,
        15,
        17,
        19,
        20,
        22,
        24,
        26,
        28,
        30,
        32,
        34,
        36,
        38,
        39,
        41,
        43,
        45,
        47,
        49,
        51,
        53,
        55,
        57,
        59
    ]
}