{
    "video_path": "FallVision/Fall/Chair/f_raw_c_2/C_N_469_resized.mp4",
    "active_window": [
        11,
        18
    ],
    "varying_k": 8,
    "detection_status": "Global Event Zone",
    "saliency_weights": [
        0.005390985162824371,
        0.00825250881997595,
        0.011716938775293244,
        0.013986757867490037,
        0.015333836883571778,
        0.01684403935416272,
        0.01924751455181172,
        0.02356711836042749,
        0.03218741011870892,
        0.048591399179528094,
        0.07631282475758362,
        0.11707813061989479,
        0.16743808173078312,
        0.21723130147793593,
        0.2494065260926718,
        0.24783351548292173,
        0.21285982866311245,
        0.1606858770674633,
        0.10866970220850122,
        0.06810298007107335,
        0.04257131111980311,
        0.029181585483184842,
        0.02329112018118077,
        0.021041525896980665,
        0.020029771960204258,
        0.019274841444939732,
        0.018479068529809142,
        0.017507394010048263,
        0.016081846868822594,
        0.013736566925141452,
        0.010586518321168144,
        0.00813023713354757
    ],
    "clip_indices": [
        0,
        1,
        3,
        5,
        7,
        9,
        11,
        13,
        15,
        17,
        19,
        20,
        22,
        24,
        26,
        28,
        30,
        32,
        34,
        36,
        38,
        39,
        41,
        43,
        45,
        47,
        49,
        51,
        53,
        55,
        57,
        59
    ]
}