{
    "video_path": "FallVision/Fall/Chair/f_raw_c_2/C_N_148.mp4",
    "active_window": [
        16,
        24
    ],
    "varying_k": 9,
    "detection_status": "Global Event Zone",
    "saliency_weights": [
        0.005284369203960404,
        0.008585035434692537,
        0.012310584848482006,
        0.014120110633723183,
        0.014262868122586137,
        0.013990300667744725,
        0.01405884659191095,
        0.015473443562402663,
        0.020673524373781227,
        0.03278881473238312,
        0.0534375360723198,
        0.07903856264727327,
        0.09699585529906812,
        0.09594679765139641,
        0.08410359693269182,
        0.08142904210449717,
        0.09369577652248606,
        0.11132635681506896,
        0.1288445728651348,
        0.14882845320373342,
        0.16876373787046128,
        0.1772665551723142,
        0.16579136516176565,
        0.13575615276331193,
        0.09656338659702611,
        0.06210552119109393,
        0.04076038482652773,
        0.029714735272919957,
        0.022892739024158962,
        0.017066532697468807,
        0.011658335700449132,
        0.00804108593356434
    ],
    "clip_indices": [
        0,
        3,
        7,
        11,
        15,
        19,
        23,
        26,
        30,
        34,
        38,
        42,
        46,
        49,
        53,
        57,
        61,
        65,
        69,
        72,
        76,
        80,
        84,
        88,
        92,
        95,
        99,
        103,
        107,
        111,
        115,
        119
    ]
}