{
    "video_path": "FallVision/Fall/Chair/f_raw_c_2/C_N_337.mp4",
    "active_window": [
        10,
        16
    ],
    "varying_k": 7,
    "detection_status": "Global Event Zone",
    "saliency_weights": [
        0.005889189811561547,
        0.009013918004668874,
        0.012767739321346942,
        0.01513838631971326,
        0.016377357850439752,
        0.01777051108317826,
        0.02070297675038435,
        0.028023191247843117,
        0.0457794861130549,
        0.08074083764864765,
        0.13480760963475594,
        0.19863818845169165,
        0.24519222430867083,
        0.24672270556155,
        0.20655831250837586,
        0.1528519802168547,
        0.10703457305373351,
        0.07485315523006822,
        0.05429579169466195,
        0.04143654412182138,
        0.033659163030388434,
        0.030110185106902155,
        0.029910534497954992,
        0.031356346345917135,
        0.033174725406361266,
        0.03505442892927994,
        0.03629680826470093,
        0.035093307588866654,
        0.030353746852689618,
        0.023233305333980558,
        0.015983979410483774,
        0.011208536362745655
    ],
    "clip_indices": [
        0,
        2,
        5,
        8,
        11,
        14,
        17,
        20,
        22,
        25,
        28,
        31,
        34,
        37,
        40,
        43,
        45,
        48,
        51,
        54,
        57,
        60,
        63,
        66,
        68,
        71,
        74,
        77,
        80,
        83,
        86,
        89
    ]
}