{
    "video_path": "FallVision/Fall/Chair/f_raw_c_2/C_N_429.mp4",
    "active_window": [
        3,
        8
    ],
    "varying_k": 6,
    "detection_status": "Global Event Zone",
    "saliency_weights": [
        0.020760477085570384,
        0.04246884573170362,
        0.08075875738953847,
        0.1255027525825754,
        0.15737307116345883,
        0.16108199444994575,
        0.14235911532293216,
        0.1170700369982275,
        0.09598732242785754,
        0.08226222669213301,
        0.07184692780051719,
        0.05926074048426081,
        0.04520464239618213,
        0.03449866688229512,
        0.029207668052960167,
        0.02808298222633046,
        0.030051917004910222,
        0.035584762454623414,
        0.04608176685557005,
        0.062199558321147694,
        0.08087578402019009,
        0.09521481051273349,
        0.09926600110412173,
        0.0911142144554386,
        0.07350149129776659,
        0.053272652509645343,
        0.03627888094844078,
        0.0242126312005806,
        0.016376066003211412,
        0.011217450719180403,
        0.007575058557198098,
        0.005464086810153286
    ],
    "clip_indices": [
        0,
        1,
        3,
        4,
        6,
        7,
        9,
        10,
        12,
        13,
        15,
        16,
        18,
        19,
        21,
        22,
        24,
        25,
        27,
        28,
        30,
        31,
        33,
        34,
        36,
        37,
        39,
        40,
        42,
        43,
        45,
        47
    ]
}