{
    "video_path": "FallVision/Fall/Chair/f_raw_c_2/C_N_02.mp4",
    "active_window": [
        25,
        29
    ],
    "varying_k": 5,
    "detection_status": "Global Event Zone",
    "saliency_weights": [
        0.006632673455290352,
        0.010036983856094878,
        0.014071303137006132,
        0.016427332356287336,
        0.01716676681616406,
        0.017345963544397013,
        0.01767983364696148,
        0.01871733096259887,
        0.021235238196817004,
        0.025822592962125378,
        0.03207187751669103,
        0.03865509103301973,
        0.04372754257735145,
        0.04562126621551886,
        0.04394305885648727,
        0.039706643125641004,
        0.03491911132312533,
        0.03180801120178691,
        0.03141435502426977,
        0.033187690377595884,
        0.035684393418860746,
        0.038094248638989726,
        0.04347638612806491,
        0.06038489034994779,
        0.09987650582374626,
        0.1677101424145126,
        0.24438865601449622,
        0.279005919686516,
        0.24205948851742587,
        0.16434759711607988,
        0.09200456923508402,
        0.04986558199468254
    ],
    "clip_indices": [
        0,
        2,
        5,
        8,
        11,
        14,
        17,
        20,
        22,
        25,
        28,
        31,
        34,
        37,
        40,
        43,
        45,
        48,
        51,
        54,
        57,
        60,
        63,
        66,
        68,
        71,
        74,
        77,
        80,
        83,
        86,
        89
    ]
}