{
    "video_path": "FallVision/Fall/Chair/f_raw_c_2/C_N_164_resized.mp4",
    "active_window": [
        18,
        25
    ],
    "varying_k": 8,
    "detection_status": "Global Event Zone",
    "saliency_weights": [
        0.010848356172884236,
        0.017685102936083927,
        0.02430533790825435,
        0.025098231305140665,
        0.021296874913943865,
        0.016668029056022424,
        0.012988484262577907,
        0.010485188775820909,
        0.009057749334911394,
        0.00851372437062741,
        0.008445905471316895,
        0.00847873653881031,
        0.008718882776602805,
        0.00976638748819155,
        0.012857156137878436,
        0.021518347533825793,
        0.043814432458357616,
        0.08810508163946973,
        0.15141612993947628,
        0.2162973121195243,
        0.2585612019805773,
        0.2583694768408798,
        0.21999953690153662,
        0.1735404755836936,
        0.1391369431451817,
        0.10959193857604554,
        0.07594350530055025,
        0.04483477606841345,
        0.02483581949282048,
        0.01456762105122547,
        0.009114718915908263,
        0.006396128337168001
    ],
    "clip_indices": [
        0,
        2,
        4,
        6,
        9,
        11,
        13,
        16,
        18,
        20,
        22,
        25,
        27,
        29,
        32,
        34,
        36,
        38,
        41,
        43,
        45,
        48,
        50,
        52,
        54,
        57,
        59,
        61,
        64,
        66,
        68,
        71
    ]
}