{
    "video_path": "FallVision/Fall/Chair/f_raw_c_2/C_N_51.mp4",
    "active_window": [
        9,
        19
    ],
    "varying_k": 11,
    "detection_status": "Global Event Zone",
    "saliency_weights": [
        0.008289127767415066,
        0.014543133087274347,
        0.02203222981290584,
        0.02657787493456213,
        0.028306555130643424,
        0.029394721185652013,
        0.03215497515791341,
        0.04011541301949066,
        0.05878821539149689,
        0.08955523316146513,
        0.12131022482991838,
        0.1390287126133189,
        0.1396611036981095,
        0.13117404219149031,
        0.12346899691553598,
        0.12271826700204787,
        0.1269459085896565,
        0.12829363408596048,
        0.1212257703350332,
        0.10569583794048573,
        0.08563695317207576,
        0.06675546622619805,
        0.05260365116403469,
        0.04311005318898787,
        0.036892436248777055,
        0.03279118686745121,
        0.030086373458255017,
        0.028258441706065902,
        0.02627961845286829,
        0.022367508432794753,
        0.016188355449717737,
        0.01105381600723903
    ],
    "clip_indices": [
        0,
        2,
        4,
        6,
        9,
        11,
        13,
        16,
        18,
        20,
        22,
        25,
        27,
        29,
        32,
        34,
        36,
        38,
        41,
        43,
        45,
        48,
        50,
        52,
        54,
        57,
        59,
        61,
        64,
        66,
        68,
        71
    ]
}