{
    "video_path": "FallVision/Fall/Chair/f_raw_c_2/C_N_516_resized.mp4",
    "active_window": [
        19,
        25
    ],
    "varying_k": 7,
    "detection_status": "Global Event Zone",
    "saliency_weights": [
        0.0032031660024402974,
        0.003836561473762637,
        0.004602020992303531,
        0.005091005440368694,
        0.005337377771568507,
        0.005560219953500176,
        0.005911913607161344,
        0.006513872333763274,
        0.007544569958588533,
        0.009230166192163054,
        0.011751149943269097,
        0.015038833446743966,
        0.018542299329223258,
        0.02177150202632111,
        0.025331797001469793,
        0.03088202386356686,
        0.040561120930361835,
        0.05781603263468663,
        0.08885770213560876,
        0.13932744184433715,
        0.20415779661387123,
        0.26414131834094534,
        0.29448419257600705,
        0.2754737338546541,
        0.211251680464757,
        0.1354797807700064,
        0.07789291934368707,
        0.04281610731673918,
        0.023245420156193977,
        0.012817616157475373,
        0.007535336694321687,
        0.005305694798034251
    ],
    "clip_indices": [
        0,
        1,
        3,
        5,
        7,
        9,
        11,
        13,
        15,
        17,
        19,
        20,
        22,
        24,
        26,
        28,
        30,
        32,
        34,
        36,
        38,
        39,
        41,
        43,
        45,
        47,
        49,
        51,
        53,
        55,
        57,
        59
    ]
}