{
    "video_path": "FallVision/Fall/Chair/f_raw_c_2/C_N_431.mp4",
    "active_window": [
        6,
        11
    ],
    "varying_k": 6,
    "detection_status": "Global Event Zone",
    "saliency_weights": [
        0.005085966179034776,
        0.005950718981734765,
        0.007543232565625247,
        0.011542330216378167,
        0.024757170547260943,
        0.06344964462530525,
        0.15202014370542025,
        0.28450172768151294,
        0.3811689615452267,
        0.3614103211867171,
        0.25204116354379674,
        0.1405359874105964,
        0.07068675015916069,
        0.036615996206817186,
        0.022372139785320076,
        0.017612478100165294,
        0.017300591483116617,
        0.019137677188940987,
        0.0213725305293044,
        0.02231199890190767,
        0.02137256946900049,
        0.019296421716650563,
        0.01694330032341282,
        0.014668480461218665,
        0.012598684670774064,
        0.010862382671052405,
        0.009549737582452027,
        0.008637802585960376,
        0.007987189004250737,
        0.00736068283474622,
        0.0066576646387999806,
        0.006131571691476536
    ],
    "clip_indices": [
        0,
        2,
        4,
        6,
        9,
        11,
        13,
        16,
        18,
        20,
        22,
        25,
        27,
        29,
        32,
        34,
        36,
        38,
        41,
        43,
        45,
        48,
        50,
        52,
        54,
        57,
        59,
        61,
        64,
        66,
        68,
        71
    ]
}