{
    "video_path": "FallVision/Fall/Chair/f_raw_c_2/C_N_88_resized.mp4",
    "active_window": [
        17,
        23
    ],
    "varying_k": 7,
    "detection_status": "Global Event Zone",
    "saliency_weights": [
        0.003788028162196626,
        0.0046468526956854675,
        0.00565942569687687,
        0.006240997888907498,
        0.006411712152629369,
        0.006431012659470728,
        0.006430394764659947,
        0.006435142850403352,
        0.006455026158565539,
        0.006505907144108095,
        0.0066147140206097785,
        0.006872909062795446,
        0.007617178902953863,
        0.0099810382318161,
        0.017268054151119247,
        0.037540576619506674,
        0.08523562049864829,
        0.168316129583598,
        0.2611503048282208,
        0.31328308583531345,
        0.3032758397082286,
        0.2540527964913312,
        0.19382422174102182,
        0.1352423503910848,
        0.08419023793137254,
        0.04666986466802221,
        0.025082763877363752,
        0.01499594828858332,
        0.01048649482230025,
        0.008110076236689676,
        0.006472010012210058,
        0.005474601053765186
    ],
    "clip_indices": [
        0,
        2,
        5,
        8,
        11,
        14,
        17,
        20,
        22,
        25,
        28,
        31,
        34,
        37,
        40,
        43,
        45,
        48,
        51,
        54,
        57,
        60,
        63,
        66,
        68,
        71,
        74,
        77,
        80,
        83,
        86,
        89
    ]
}