{
    "video_path": "FallVision/Fall/Chair/f_raw_c_2/C_N_177_resized.mp4",
    "active_window": [
        13,
        27
    ],
    "varying_k": 15,
    "detection_status": "Global Event Zone",
    "saliency_weights": [
        0.0026441283404404488,
        0.003933851143665058,
        0.005868633960068186,
        0.008334511335449303,
        0.012304665335277208,
        0.017933126467518355,
        0.022576264620223586,
        0.023569118581658527,
        0.02215846743393565,
        0.02275634836515889,
        0.030893520431767442,
        0.050840757011226284,
        0.0820388460346198,
        0.11784578708081445,
        0.14552647208361236,
        0.15277851215263066,
        0.14023692137246999,
        0.1200031043435151,
        0.10197624625164226,
        0.08902067363148858,
        0.08065864659739697,
        0.07650433694111386,
        0.07885399336972188,
        0.09115800884627169,
        0.109302636611114,
        0.11893429527479783,
        0.11037795541337239,
        0.08832908431617947,
        0.0622590984741362,
        0.038757928591871035,
        0.021433424361014655,
        0.012053402689557978
    ],
    "clip_indices": [
        0,
        4,
        9,
        13,
        18,
        23,
        27,
        32,
        36,
        41,
        46,
        50,
        55,
        59,
        64,
        69,
        73,
        78,
        83,
        87,
        92,
        96,
        101,
        106,
        110,
        115,
        119,
        124,
        129,
        133,
        138,
        143
    ]
}