{
    "video_path": "FallVision/Fall/Chair/f_raw_c_2/C_N_444_resized.mp4",
    "active_window": [
        9,
        20
    ],
    "varying_k": 12,
    "detection_status": "Global Event Zone",
    "saliency_weights": [
        0.0034530991543773827,
        0.004941716638456573,
        0.007047359963597221,
        0.009185171578486426,
        0.011799117976392834,
        0.0162139460843304,
        0.025035055750587273,
        0.043940864390627984,
        0.08170958961110371,
        0.13698594060275238,
        0.1818330169784374,
        0.18564770072139247,
        0.15609561548830525,
        0.12510476705419876,
        0.10720963123740165,
        0.09697481479252429,
        0.0908270851524764,
        0.09165842793556886,
        0.0981564699322124,
        0.10236477685978916,
        0.09796770409902465,
        0.08470722634800747,
        0.06736150762205487,
        0.05312995478555239,
        0.04506700821515848,
        0.03943588700152206,
        0.03237074473447399,
        0.02428550499447972,
        0.017034686590441005,
        0.011392611229265,
        0.007458702959598154,
        0.005350105372042951
    ],
    "clip_indices": [
        0,
        2,
        4,
        6,
        9,
        11,
        13,
        16,
        18,
        20,
        22,
        25,
        27,
        29,
        32,
        34,
        36,
        38,
        41,
        43,
        45,
        48,
        50,
        52,
        54,
        57,
        59,
        61,
        64,
        66,
        68,
        71
    ]
}