{
    "video_path": "FallVision/Fall/Chair/f_raw_c_2/C_N_514.mp4",
    "active_window": [
        9,
        15
    ],
    "varying_k": 7,
    "detection_status": "Global Event Zone",
    "saliency_weights": [
        0.006566550292869974,
        0.01058216410126803,
        0.015863951631448506,
        0.02055458788945374,
        0.0258573028224414,
        0.033985834250685895,
        0.04614143084770414,
        0.06375912425931052,
        0.0900284096144319,
        0.12767049837862138,
        0.17434721347684592,
        0.21969987584304385,
        0.24369330598196254,
        0.22890817778831374,
        0.18222798378520447,
        0.12856198388912235,
        0.08547993032379006,
        0.05668280266360217,
        0.03950765274136033,
        0.029921958057893862,
        0.024781160742211,
        0.022276418580013314,
        0.02140991422678514,
        0.02151830213929523,
        0.02194558910391054,
        0.02197398201552124,
        0.02126733951824881,
        0.020069578017491388,
        0.01842591577845057,
        0.015742044741829515,
        0.01200631019405763,
        0.009036592533264116
    ],
    "clip_indices": [
        0,
        1,
        3,
        5,
        7,
        9,
        11,
        13,
        15,
        17,
        19,
        20,
        22,
        24,
        26,
        28,
        30,
        32,
        34,
        36,
        38,
        39,
        41,
        43,
        45,
        47,
        49,
        51,
        53,
        55,
        57,
        59
    ]
}