{
    "video_path": "FallVision/Fall/Chair/f_raw_c_2/C_N_433.mp4",
    "active_window": [
        6,
        11
    ],
    "varying_k": 6,
    "detection_status": "Global Event Zone",
    "saliency_weights": [
        0.010595855393931278,
        0.018141387184136548,
        0.02815301690198759,
        0.03880362444539194,
        0.0569716835889723,
        0.09124872802476322,
        0.1422654366835588,
        0.1973669030725314,
        0.227073751634139,
        0.2083051352071096,
        0.1566765170457113,
        0.10714826351319652,
        0.07527025077871546,
        0.05701166241916068,
        0.046415003869539895,
        0.041128053148205584,
        0.039889970379030644,
        0.04107044965126137,
        0.0429414339457787,
        0.044075481352184046,
        0.04385456243945268,
        0.04249678961173422,
        0.04043098414861947,
        0.0380009084911115,
        0.035590933908904915,
        0.033683042869376234,
        0.03252547173692788,
        0.031775197593840114,
        0.030301629432140625,
        0.02633099623677094,
        0.019713520349943836,
        0.014162237155164167
    ],
    "clip_indices": [
        0,
        2,
        5,
        8,
        11,
        14,
        17,
        20,
        22,
        25,
        28,
        31,
        34,
        37,
        40,
        43,
        45,
        48,
        51,
        54,
        57,
        60,
        63,
        66,
        68,
        71,
        74,
        77,
        80,
        83,
        86,
        89
    ]
}