{
    "video_path": "FallVision/Fall/Chair/f_raw_c_2/C_N_480_resized.mp4",
    "active_window": [
        9,
        15
    ],
    "varying_k": 7,
    "detection_status": "Global Event Zone",
    "saliency_weights": [
        0.003918454124011976,
        0.004886029245265406,
        0.006044426301967724,
        0.0067576153493345646,
        0.007101388217262656,
        0.007684226964642707,
        0.010348216085256207,
        0.021932058472852102,
        0.05737385687941267,
        0.12677337290379664,
        0.21564501256134957,
        0.291218515731695,
        0.3203311608971282,
        0.28663914303261034,
        0.21128675503717081,
        0.13717352733094684,
        0.08721693074748295,
        0.057873214552803656,
        0.03995672671994376,
        0.028505639312632332,
        0.021418839605942822,
        0.01743698681273108,
        0.015320614650132344,
        0.01374240538923377,
        0.012003409912623695,
        0.01033870640259434,
        0.009104618844981004,
        0.008224548772231246,
        0.0074397414717447055,
        0.006569360647737018,
        0.005635015356090718,
        0.004969705495252863
    ],
    "clip_indices": [
        0,
        5,
        11,
        17,
        23,
        28,
        34,
        40,
        46,
        51,
        57,
        63,
        69,
        75,
        80,
        86,
        92,
        98,
        103,
        109,
        115,
        121,
        127,
        132,
        138,
        144,
        150,
        155,
        161,
        167,
        173,
        179
    ]
}