{
    "video_path": "FallVision/Fall/Chair/f_raw_c_2/C_N_313_resized.mp4",
    "active_window": [
        15,
        20
    ],
    "varying_k": 6,
    "detection_status": "Global Event Zone",
    "saliency_weights": [
        0.0038363929788380385,
        0.004909643821804506,
        0.006256045484786369,
        0.007360289980467262,
        0.0087084720588745,
        0.011325510406860658,
        0.016092759392561756,
        0.022689391044501492,
        0.02849313510366757,
        0.03089434684389404,
        0.030819980233168065,
        0.03217407570506117,
        0.04002211212473871,
        0.06024401791039998,
        0.09893126837318991,
        0.15830417930841195,
        0.22853923215173805,
        0.2868966589061068,
        0.3054843832877468,
        0.2651794367284433,
        0.1805419007181866,
        0.09750604514566953,
        0.04690408348993367,
        0.024244327268208223,
        0.014812798839648937,
        0.010542535624097071,
        0.00846045933941231,
        0.007432824070197524,
        0.006858682737803494,
        0.006266600227503946,
        0.005476264863825179,
        0.004838006401498752
    ],
    "clip_indices": [
        0,
        2,
        5,
        8,
        11,
        14,
        17,
        19,
        22,
        25,
        28,
        31,
        34,
        36,
        39,
        42,
        45,
        48,
        51,
        53,
        56,
        59,
        62,
        65,
        68,
        70,
        73,
        76,
        79,
        82,
        85,
        88
    ]
}