{
    "video_path": "FallVision/Fall/Chair/f_raw_c_2/C_N_308_resized.mp4",
    "active_window": [
        15,
        21
    ],
    "varying_k": 7,
    "detection_status": "Global Event Zone",
    "saliency_weights": [
        0.00396754717946588,
        0.004588443385742307,
        0.005358141320435912,
        0.005929887006944573,
        0.006450718034671928,
        0.007290826038648962,
        0.008734824102405937,
        0.010834137503754719,
        0.013276197463483276,
        0.015720822828338855,
        0.018345258776551597,
        0.022132348686521527,
        0.02945288174684542,
        0.045366729134119904,
        0.07879114988350247,
        0.13794286976094725,
        0.21937573853871312,
        0.3018679960867313,
        0.3461809889001227,
        0.31431495433055,
        0.21668905082560086,
        0.11440949169073887,
        0.051499464840877654,
        0.02409500970100456,
        0.013557218842805318,
        0.009309673982469228,
        0.00738276909613721,
        0.006437166227767563,
        0.005947789242780079,
        0.005553950112251382,
        0.005087884905124116,
        0.004720483976337293
    ],
    "clip_indices": [
        0,
        2,
        5,
        8,
        11,
        14,
        17,
        20,
        22,
        25,
        28,
        31,
        34,
        37,
        40,
        43,
        45,
        48,
        51,
        54,
        57,
        60,
        63,
        66,
        68,
        71,
        74,
        77,
        80,
        83,
        86,
        89
    ]
}