{
    "video_path": "FallVision/Fall/Chair/f_raw_c_2/C_N_296_resized.mp4",
    "active_window": [
        8,
        15
    ],
    "varying_k": 8,
    "detection_status": "Global Event Zone",
    "saliency_weights": [
        0.003918505755709465,
        0.00556226728847524,
        0.0072495200813240575,
        0.008149890243567055,
        0.010175640247999442,
        0.01786710782446576,
        0.03786862299593289,
        0.07493138132535793,
        0.12617134562154292,
        0.1822035349928719,
        0.22964580745370433,
        0.2551826411935586,
        0.25186024350496133,
        0.22124194928067675,
        0.174800885854687,
        0.1284395338778952,
        0.09126374581609711,
        0.06399285369402737,
        0.04441045761723443,
        0.030376630799193453,
        0.020556677603256853,
        0.01424048858452966,
        0.010692274443330357,
        0.008854288202479436,
        0.007798987764194645,
        0.0070038012285167876,
        0.0062631624879393635,
        0.005575428549429705,
        0.004947835687775912,
        0.004292488954100932,
        0.0035955595249839373,
        0.0030960477329963613
    ],
    "clip_indices": [
        0,
        2,
        5,
        8,
        11,
        14,
        17,
        20,
        22,
        25,
        28,
        31,
        34,
        37,
        40,
        43,
        45,
        48,
        51,
        54,
        57,
        60,
        63,
        66,
        68,
        71,
        74,
        77,
        80,
        83,
        86,
        89
    ]
}