{
    "video_path": "FallVision/Fall/Chair/f_raw_c_2/C_N_19.mp4",
    "active_window": [
        12,
        22
    ],
    "varying_k": 11,
    "detection_status": "Global Event Zone",
    "saliency_weights": [
        0.002949444087958885,
        0.00420377204797881,
        0.0056706877790236865,
        0.006481364958251171,
        0.006661440093007698,
        0.006638531308772644,
        0.006813825621066982,
        0.007842740908684802,
        0.011289773650710919,
        0.020354233074834173,
        0.039866209957476015,
        0.07118233164571486,
        0.10473150251275698,
        0.1265405705215819,
        0.1329698372007487,
        0.1318400381795557,
        0.13476729495277037,
        0.15013425115759232,
        0.1748766189676125,
        0.19477054942431204,
        0.1950053268372176,
        0.16831104645419026,
        0.12200538796389448,
        0.07681372177768578,
        0.04737223532670913,
        0.032066141603457644,
        0.023910868287322532,
        0.0185938174500384,
        0.014288085702209435,
        0.010470765783827182,
        0.007270390965078425,
        0.00530326440597406
    ],
    "clip_indices": [
        0,
        2,
        5,
        8,
        11,
        14,
        17,
        20,
        22,
        25,
        28,
        31,
        34,
        37,
        40,
        43,
        45,
        48,
        51,
        54,
        57,
        60,
        63,
        66,
        68,
        71,
        74,
        77,
        80,
        83,
        86,
        89
    ]
}