{
    "video_path": "FallVision/Fall/Chair/f_raw_c_2/C_N_99_resized.mp4",
    "active_window": [
        2,
        20
    ],
    "varying_k": 19,
    "detection_status": "Global Event Zone",
    "saliency_weights": [
        0.0445250623439174,
        0.08016097612332768,
        0.11735626940770084,
        0.1280678038784705,
        0.1151029623225546,
        0.09373844419089646,
        0.07292770744042626,
        0.055994997742949096,
        0.04464249073147339,
        0.040372140417201954,
        0.044365804033549255,
        0.056146724091666086,
        0.07157958989701847,
        0.08510000672844387,
        0.09446164788181002,
        0.10097865247772761,
        0.10689331262890737,
        0.1129562048468013,
        0.11596936352420406,
        0.11030874810018515,
        0.09440053490074547,
        0.07271801633868555,
        0.051242212887534486,
        0.034444542128294786,
        0.024008270101656945,
        0.018629241242869472,
        0.016232837588947936,
        0.015272046072796176,
        0.014478968417732229,
        0.012630874432589038,
        0.009488341418086388,
        0.0068215857103588375
    ],
    "clip_indices": [
        0,
        1,
        3,
        4,
        6,
        7,
        9,
        10,
        12,
        13,
        15,
        16,
        18,
        19,
        21,
        22,
        24,
        25,
        27,
        28,
        30,
        31,
        33,
        34,
        36,
        37,
        39,
        40,
        42,
        43,
        45,
        47
    ]
}