{
    "video_path": "FallVision/Fall/Chair/f_raw_c_2/C_N_220_resized.mp4",
    "active_window": [
        17,
        27
    ],
    "varying_k": 11,
    "detection_status": "Global Event Zone",
    "saliency_weights": [
        0.0032251186188332927,
        0.004294785141393381,
        0.005594869926498309,
        0.006448625699012316,
        0.00692844813609393,
        0.0073953079968297605,
        0.008029099210516182,
        0.008860387950227285,
        0.009897991211488759,
        0.011241666694927977,
        0.013223237065281992,
        0.016515555305101216,
        0.022259483898286685,
        0.03200552881566544,
        0.047206019235744134,
        0.06762631262661828,
        0.08885137207592604,
        0.1042425272408284,
        0.11147712758386345,
        0.11411160174329776,
        0.11788819636018204,
        0.12867515738072668,
        0.15122081835614104,
        0.18500048304378663,
        0.21440979730964338,
        0.20985118974645867,
        0.16157279888774156,
        0.09899164814399944,
        0.053052191380652744,
        0.027604844163332927,
        0.014600324125874233,
        0.008856995090478586
    ],
    "clip_indices": [
        0,
        1,
        3,
        5,
        7,
        9,
        11,
        13,
        15,
        17,
        19,
        20,
        22,
        24,
        26,
        28,
        30,
        32,
        34,
        36,
        38,
        39,
        41,
        43,
        45,
        47,
        49,
        51,
        53,
        55,
        57,
        59
    ]
}