{
    "video_path": "FallVision/Fall/Chair/f_raw_c_2/C_N_56.mp4",
    "active_window": [
        18,
        26
    ],
    "varying_k": 9,
    "detection_status": "Global Event Zone",
    "saliency_weights": [
        0.00818058383924496,
        0.014206999347373064,
        0.021375532985518635,
        0.025613907931177557,
        0.026987534290765534,
        0.02723252947636131,
        0.027289077613840224,
        0.02738591399828806,
        0.027570840922500638,
        0.027841241930892026,
        0.028115947847401644,
        0.028289209215365513,
        0.028352237947113883,
        0.028528590668696868,
        0.029604983348074522,
        0.033691771599609094,
        0.04500388626788457,
        0.06746636194126278,
        0.09887269580769123,
        0.1308558899007146,
        0.15591805431159153,
        0.1707735281704235,
        0.17544109562615695,
        0.17168265071400066,
        0.16008012698943125,
        0.13953974895378993,
        0.11165597447018658,
        0.0831402725796839,
        0.05951048322746919,
        0.040532741774461534,
        0.024980815342173467,
        0.015258734631670028
    ],
    "clip_indices": [
        0,
        2,
        4,
        6,
        9,
        11,
        13,
        16,
        18,
        20,
        22,
        25,
        27,
        29,
        32,
        34,
        36,
        38,
        41,
        43,
        45,
        48,
        50,
        52,
        54,
        57,
        59,
        61,
        64,
        66,
        68,
        71
    ]
}