{
    "video_path": "FallVision/Fall/Chair/f_raw_c_2/C_N_08.mp4",
    "active_window": [
        11,
        23
    ],
    "varying_k": 13,
    "detection_status": "Global Event Zone",
    "saliency_weights": [
        0.003245742095634125,
        0.0046923705061130624,
        0.0064702974924387095,
        0.00774680747821834,
        0.00883738341327325,
        0.01061645364145647,
        0.013955396809137047,
        0.01985509190679102,
        0.029709807662957013,
        0.04530581397773803,
        0.06813338612078623,
        0.09675747332198861,
        0.12325266925579512,
        0.13750435304083514,
        0.13638402386445653,
        0.12407447538436973,
        0.10740252548100326,
        0.09490242863779708,
        0.09759560049936392,
        0.1227660522217475,
        0.1581898149984291,
        0.17434271703949764,
        0.1562154065415633,
        0.11665397648393629,
        0.07525976253517094,
        0.04400006965196321,
        0.02614699320639787,
        0.017551530178929183,
        0.012860814820036233,
        0.009485666522944726,
        0.0068000404938666215,
        0.005151887912858281
    ],
    "clip_indices": [
        0,
        1,
        3,
        5,
        7,
        9,
        11,
        13,
        15,
        17,
        19,
        20,
        22,
        24,
        26,
        28,
        30,
        32,
        34,
        36,
        38,
        39,
        41,
        43,
        45,
        47,
        49,
        51,
        53,
        55,
        57,
        59
    ]
}