{
    "video_path": "FallVision/Fall/Chair/f_raw_c_2/C_N_102.mp4",
    "active_window": [
        17,
        22
    ],
    "varying_k": 6,
    "detection_status": "Global Event Zone",
    "saliency_weights": [
        0.004082744501611192,
        0.004622673539500844,
        0.005274532187973536,
        0.005682710099062113,
        0.005853520849245877,
        0.005934687689410308,
        0.005997859689147088,
        0.0060704320063217024,
        0.006224069116035779,
        0.006620994708206334,
        0.007586976203917702,
        0.009748189320191721,
        0.014154718846419324,
        0.021966879353633707,
        0.034717711937141,
        0.05925730306907696,
        0.11376290152204382,
        0.21055902387175446,
        0.3166696382203763,
        0.3646111502599424,
        0.3260949399069546,
        0.23514700797614796,
        0.1390979001070945,
        0.06791463135671891,
        0.029960046474030694,
        0.01484750378472073,
        0.009430898364194303,
        0.007247926457340108,
        0.00615004973077572,
        0.00546193599775115,
        0.0049797093725698,
        0.004703520744483421
    ],
    "clip_indices": [
        0,
        3,
        7,
        11,
        15,
        19,
        23,
        26,
        30,
        34,
        38,
        42,
        46,
        49,
        53,
        57,
        61,
        65,
        69,
        72,
        76,
        80,
        84,
        88,
        92,
        95,
        99,
        103,
        107,
        111,
        115,
        119
    ]
}