{
    "video_path": "FallVision/Fall/Chair/f_raw_c_2/C_N_419.mp4",
    "active_window": [
        10,
        18
    ],
    "varying_k": 9,
    "detection_status": "Global Event Zone",
    "saliency_weights": [
        0.004919908339655429,
        0.0078022137323342945,
        0.011351954871231163,
        0.013896581317802057,
        0.015978748902379415,
        0.019109902816586283,
        0.02475444009027749,
        0.03557833091474634,
        0.05639004808170974,
        0.08892263336873835,
        0.12457300966618082,
        0.15110673643830438,
        0.165340352498283,
        0.17288144823952223,
        0.18123063340848933,
        0.19260015828022312,
        0.19623931977617032,
        0.17616131589176992,
        0.1336050006973485,
        0.08825243566911353,
        0.055051952995813384,
        0.034876490185919234,
        0.02337392839394407,
        0.01692154618782079,
        0.013283017279023795,
        0.011192925154410279,
        0.009960118858437755,
        0.00920895385122296,
        0.00857845121976488,
        0.007593590203503487,
        0.006138927250481702,
        0.004949346727005428
    ],
    "clip_indices": [
        0,
        1,
        3,
        5,
        7,
        9,
        11,
        13,
        15,
        17,
        19,
        20,
        22,
        24,
        26,
        28,
        30,
        32,
        34,
        36,
        38,
        39,
        41,
        43,
        45,
        47,
        49,
        51,
        53,
        55,
        57,
        59
    ]
}