{
    "video_path": "FallVision/Fall/Chair/f_raw_c_2/C_N_228_resized.mp4",
    "active_window": [
        22,
        27
    ],
    "varying_k": 6,
    "detection_status": "Global Event Zone",
    "saliency_weights": [
        0.00487681683255467,
        0.006661408814527074,
        0.008953982356698604,
        0.010672347810507408,
        0.011735014977133255,
        0.012443706018326514,
        0.012896839340190066,
        0.01312263381885813,
        0.013350664341283677,
        0.013881582524730417,
        0.014832272722597902,
        0.016194066521438427,
        0.01798592994144028,
        0.020240186803097,
        0.02293703711811811,
        0.026276762398209908,
        0.031152332558308432,
        0.038685466426542844,
        0.048872189699672254,
        0.06088963251959319,
        0.07562672721730863,
        0.09805674687168944,
        0.13820260998121,
        0.20318741602185036,
        0.27184798500822294,
        0.29147433114735477,
        0.23861446257298105,
        0.1551121581197718,
        0.08902821120996313,
        0.049246185947666686,
        0.02667644762545652,
        0.015773149234806334
    ],
    "clip_indices": [
        0,
        1,
        3,
        5,
        7,
        9,
        11,
        13,
        15,
        17,
        19,
        20,
        22,
        24,
        26,
        28,
        30,
        32,
        34,
        36,
        38,
        39,
        41,
        43,
        45,
        47,
        49,
        51,
        53,
        55,
        57,
        59
    ]
}