{
    "video_path": "FallVision/Fall/Chair/f_raw_c_2/C_N_360_resized.mp4",
    "active_window": [
        5,
        19
    ],
    "varying_k": 15,
    "detection_status": "Global Event Zone",
    "saliency_weights": [
        0.003939942515068205,
        0.007351788365430836,
        0.0168667704793338,
        0.03911801687518346,
        0.08328200783058509,
        0.14401276177119243,
        0.18417119829542578,
        0.1704024448165044,
        0.11944405113280557,
        0.07114085294386947,
        0.04255967819179049,
        0.030465464803609718,
        0.030566230104652155,
        0.0430839027567419,
        0.07034733102780935,
        0.11110406680386364,
        0.15268772645875966,
        0.1752226782355819,
        0.16817742985795994,
        0.1359725400643799,
        0.09249145060718009,
        0.05454337728302841,
        0.030924258740565747,
        0.018881181287197568,
        0.012845607803886772,
        0.009812502281590595,
        0.008489611774655239,
        0.008013916408461847,
        0.007686492748542851,
        0.007008423952663838,
        0.005903405594597032,
        0.004978710530697157
    ],
    "clip_indices": [
        0,
        2,
        4,
        6,
        9,
        11,
        13,
        16,
        18,
        20,
        22,
        25,
        27,
        29,
        32,
        34,
        36,
        38,
        41,
        43,
        45,
        48,
        50,
        52,
        54,
        57,
        59,
        61,
        64,
        66,
        68,
        71
    ]
}