{
    "video_path": "FallVision/Fall/Chair/f_raw_c_2/C_N_518_resized.mp4",
    "active_window": [
        12,
        17
    ],
    "varying_k": 6,
    "detection_status": "Global Event Zone",
    "saliency_weights": [
        0.0039000000731725867,
        0.004510333557099434,
        0.00537293872248164,
        0.0063141107615674544,
        0.007689545468863041,
        0.01007494618616622,
        0.013903665104327674,
        0.019420999252028545,
        0.027024351364076816,
        0.03936234336570674,
        0.06398928733811268,
        0.11060350701277027,
        0.18351283779995287,
        0.2708786258291834,
        0.33264065959661293,
        0.3244165283939101,
        0.2504306870803604,
        0.15905968753797534,
        0.08785657469615092,
        0.04445348322324541,
        0.022437280663160756,
        0.012762771274925432,
        0.008723003150342799,
        0.00703710120836357,
        0.006335911301256712,
        0.006038931812895007,
        0.005888665747636682,
        0.005772541274017679,
        0.005609248355644195,
        0.00530659909128545,
        0.004869226107719592,
        0.004518656673538856
    ],
    "clip_indices": [
        0,
        2,
        5,
        8,
        11,
        14,
        17,
        20,
        22,
        25,
        28,
        31,
        34,
        37,
        40,
        43,
        45,
        48,
        51,
        54,
        57,
        60,
        63,
        66,
        68,
        71,
        74,
        77,
        80,
        83,
        86,
        89
    ]
}