{
    "video_path": "FallVision/Fall/Chair/f_raw_c_2/C_N_493_resized.mp4",
    "active_window": [
        15,
        22
    ],
    "varying_k": 8,
    "detection_status": "Global Event Zone",
    "saliency_weights": [
        0.0038364201420281866,
        0.005053305313223667,
        0.0064984581348159634,
        0.007361000104968183,
        0.007692613327139894,
        0.007876561371481525,
        0.008085457843676475,
        0.008301297552089346,
        0.00844384833965825,
        0.008510808579615338,
        0.008887501984378399,
        0.011131315480237963,
        0.019416568231776725,
        0.0416074457290265,
        0.08827581154752176,
        0.16117945142299744,
        0.23386681412235652,
        0.26581895158814917,
        0.24931443914482965,
        0.21333386382316488,
        0.17965670738709374,
        0.14678449274701752,
        0.1113475811994534,
        0.07941704754384223,
        0.05635033317886071,
        0.0402323570201802,
        0.02779000336702038,
        0.018680256991751312,
        0.013161293947068,
        0.009887131608214465,
        0.007434810097107797,
        0.005851601784534579
    ],
    "clip_indices": [
        0,
        2,
        5,
        8,
        11,
        14,
        17,
        20,
        22,
        25,
        28,
        31,
        34,
        37,
        40,
        43,
        45,
        48,
        51,
        54,
        57,
        60,
        63,
        66,
        68,
        71,
        74,
        77,
        80,
        83,
        86,
        89
    ]
}