{
    "video_path": "FallVision/Fall/Chair/f_raw_c_2/C_N_140.mp4",
    "active_window": [
        22,
        27
    ],
    "varying_k": 6,
    "detection_status": "Global Event Zone",
    "saliency_weights": [
        0.005080800777029687,
        0.006758295210205448,
        0.008377867157756753,
        0.008613332684992423,
        0.007939927589634906,
        0.00753215863203064,
        0.008118706812891454,
        0.010188123958023841,
        0.014456933497423493,
        0.022081655713986063,
        0.03437672004652087,
        0.05070033127274947,
        0.06549761838505175,
        0.07138758925111566,
        0.06600149507812342,
        0.052663995952033506,
        0.03737888015617914,
        0.026256887491555653,
        0.022769142494765124,
        0.028693188338443976,
        0.048577268660727424,
        0.08988490269268018,
        0.15545701319368285,
        0.23475318968060846,
        0.29509544766013723,
        0.2884845720598763,
        0.20575229622687968,
        0.10570756600715223,
        0.04396382414532836,
        0.019719922345101087,
        0.011006964203850333,
        0.007421933899499557
    ],
    "clip_indices": [
        0,
        3,
        7,
        11,
        15,
        19,
        23,
        26,
        30,
        34,
        38,
        42,
        46,
        49,
        53,
        57,
        61,
        65,
        69,
        72,
        76,
        80,
        84,
        88,
        92,
        95,
        99,
        103,
        107,
        111,
        115,
        119
    ]
}