{
    "video_path": "FallVision/Fall/Chair/f_raw_c_2/C_N_103.mp4",
    "active_window": [
        16,
        21
    ],
    "varying_k": 6,
    "detection_status": "Global Event Zone",
    "saliency_weights": [
        0.004131090871596459,
        0.004728457054080407,
        0.005466934418155087,
        0.005965014694172807,
        0.006220892644702154,
        0.006397229144372029,
        0.006610729526796561,
        0.0069315076880969075,
        0.007414142378825872,
        0.008087295812225313,
        0.008966286007440333,
        0.010357069753930456,
        0.013720495195265314,
        0.023635791570488826,
        0.0501204021860049,
        0.10454467570707732,
        0.1884352481966189,
        0.2848348699250285,
        0.3526404290728711,
        0.3452342168042167,
        0.2630586578960955,
        0.16061262943105098,
        0.08408025186888979,
        0.0405828580978004,
        0.019949828998180912,
        0.01150436709803713,
        0.00817393640011464,
        0.006756527377166649,
        0.006037946333660051,
        0.005522246131680954,
        0.005045427409087415,
        0.004714458415069576
    ],
    "clip_indices": [
        0,
        2,
        5,
        8,
        11,
        14,
        17,
        20,
        22,
        25,
        28,
        31,
        34,
        37,
        40,
        43,
        45,
        48,
        51,
        54,
        57,
        60,
        63,
        66,
        68,
        71,
        74,
        77,
        80,
        83,
        86,
        89
    ]
}