{
    "video_path": "FallVision/Fall/Chair/f_raw_c_2/C_N_443_resized.mp4",
    "active_window": [
        13,
        19
    ],
    "varying_k": 7,
    "detection_status": "Global Event Zone",
    "saliency_weights": [
        0.0034195158211378952,
        0.003921746903929478,
        0.004520536599228795,
        0.004877122336244546,
        0.004995465525135776,
        0.005021691367596037,
        0.005058485800517279,
        0.005246676413414066,
        0.006014842661370419,
        0.008587256103943326,
        0.015816169181440666,
        0.03260693777326655,
        0.06569089503495208,
        0.12020050295684444,
        0.19251525351153922,
        0.26601117025872495,
        0.30981703400064264,
        0.2944233670266002,
        0.22636160194853452,
        0.14675081492014164,
        0.08728646342138797,
        0.0524905672709413,
        0.03516231395268679,
        0.02741506085690456,
        0.02397506959401332,
        0.0224656931267863,
        0.021606819469134265,
        0.020104589941808377,
        0.01723480331966743,
        0.013467142883118946,
        0.009828017811056085,
        0.007488636122482398
    ],
    "clip_indices": [
        0,
        1,
        3,
        5,
        7,
        9,
        11,
        13,
        15,
        17,
        19,
        20,
        22,
        24,
        26,
        28,
        30,
        32,
        34,
        36,
        38,
        39,
        41,
        43,
        45,
        47,
        49,
        51,
        53,
        55,
        57,
        59
    ]
}