{
    "video_path": "FallVision/Fall/Chair/f_raw_c_2/C_N_151.mp4",
    "active_window": [
        20,
        26
    ],
    "varying_k": 7,
    "detection_status": "Global Event Zone",
    "saliency_weights": [
        0.007695145502718212,
        0.012702637710966606,
        0.01926954380409506,
        0.02479978765274397,
        0.029911332076357974,
        0.03578643815012322,
        0.04143473565912534,
        0.04508144625831442,
        0.04631338161503838,
        0.045541252005222986,
        0.04293395524552264,
        0.03900826004842215,
        0.035827021153489236,
        0.035729144057406695,
        0.03856147306639107,
        0.04205496598609929,
        0.0444267544281606,
        0.045950849463586796,
        0.05011718001059957,
        0.06391190126371027,
        0.09582782602450185,
        0.14872812793001067,
        0.20445524987933633,
        0.22599618704370755,
        0.19815555362207524,
        0.1468239055818557,
        0.1016941697184185,
        0.07058374365194195,
        0.04979619270736957,
        0.0344427924817673,
        0.02207982963179203,
        0.01433834242648189
    ],
    "clip_indices": [
        0,
        11,
        23,
        34,
        46,
        57,
        69,
        81,
        92,
        104,
        115,
        127,
        138,
        150,
        162,
        173,
        185,
        196,
        208,
        220,
        231,
        243,
        254,
        266,
        277,
        289,
        301,
        312,
        324,
        335,
        347,
        359
    ]
}