{
    "video_path": "FallVision/Fall/Chair/f_raw_c_2/C_N_431_anonymized_resized.mp4",
    "active_window": [
        6,
        11
    ],
    "varying_k": 6,
    "detection_status": "Global Event Zone",
    "saliency_weights": [
        0.005080802322654466,
        0.005922886824328044,
        0.007481302989992372,
        0.011429725448099828,
        0.024555341628179572,
        0.06320051914206219,
        0.15204219372146238,
        0.2852256607290461,
        0.38253942565795157,
        0.36279444710416164,
        0.2529149026363906,
        0.1408880889364682,
        0.07074870923353582,
        0.036556143266718466,
        0.022255431922698892,
        0.017450299582475227,
        0.017074820187525284,
        0.018815889764638983,
        0.02094351756180099,
        0.02181374547547896,
        0.020872456497933463,
        0.018852753393402203,
        0.016586921600656168,
        0.014400249173206446,
        0.012401084436186306,
        0.010716165936215393,
        0.009439308579234851,
        0.008549821986857074,
        0.007912509557238032,
        0.007299108713318294,
        0.006613814360530171,
        0.006102244051707961
    ],
    "clip_indices": [
        0,
        2,
        4,
        6,
        9,
        11,
        13,
        16,
        18,
        20,
        22,
        25,
        27,
        29,
        32,
        34,
        36,
        38,
        41,
        43,
        45,
        48,
        50,
        52,
        54,
        57,
        59,
        61,
        64,
        66,
        68,
        71
    ]
}