{
    "video_path": "FallVision/Fall/Chair/f_raw_c_2/C_N_370_resized.mp4",
    "active_window": [
        17,
        27
    ],
    "varying_k": 11,
    "detection_status": "Global Event Zone",
    "saliency_weights": [
        0.005486838114426996,
        0.009235808115385394,
        0.013776067872463615,
        0.016622352390196903,
        0.017745987616060152,
        0.018162833676085316,
        0.018537364913995477,
        0.01915213798189369,
        0.020120784001415946,
        0.02152477649888871,
        0.02350730887368037,
        0.02635570075084577,
        0.030615220424834694,
        0.03719907367724288,
        0.04735315823602829,
        0.06184131092455104,
        0.0794200452509132,
        0.09734291315139365,
        0.11379783958915171,
        0.12858409851916175,
        0.14190084150857946,
        0.15267328222795956,
        0.1564335096077801,
        0.14713231356324077,
        0.12692494911294933,
        0.10910869497725742,
        0.10167514143904069,
        0.09721095204405955,
        0.08583962637375904,
        0.06598261115418488,
        0.04261131574960985,
        0.025857459527378036
    ],
    "clip_indices": [
        0,
        1,
        3,
        4,
        6,
        7,
        9,
        10,
        12,
        13,
        15,
        16,
        18,
        19,
        21,
        22,
        24,
        25,
        27,
        28,
        30,
        31,
        33,
        34,
        36,
        37,
        39,
        40,
        42,
        43,
        45,
        47
    ]
}