{
    "video_path": "FallVision/Fall/Chair/f_raw_c_2/C_N_251.mp4",
    "active_window": [
        26,
        31
    ],
    "varying_k": 6,
    "detection_status": "Global Event Zone",
    "saliency_weights": [
        0.0054373107187194675,
        0.0072073173874502424,
        0.009190412007186993,
        0.010115101350342982,
        0.010109492353174666,
        0.009855042474270714,
        0.009764058967206501,
        0.010221894136902632,
        0.011933321057908721,
        0.01526164099337961,
        0.01921419173689695,
        0.02219143816477453,
        0.023492875554675337,
        0.023517626960002265,
        0.02339618362276411,
        0.02437848632836933,
        0.0269353016066163,
        0.03068185133997499,
        0.034902016277296166,
        0.0387624847116852,
        0.04131878886449492,
        0.04172658324862416,
        0.040151621010913935,
        0.039428258104383426,
        0.047763691310009376,
        0.07882144931701246,
        0.1422116056573608,
        0.23206968665540878,
        0.3142633839138392,
        0.3245681898094702,
        0.23969373809070843,
        0.14377622373679858
    ],
    "clip_indices": [
        0,
        2,
        5,
        8,
        11,
        14,
        17,
        20,
        22,
        25,
        28,
        31,
        34,
        37,
        40,
        43,
        45,
        48,
        51,
        54,
        57,
        60,
        63,
        66,
        68,
        71,
        74,
        77,
        80,
        83,
        86,
        89
    ]
}