{
    "video_path": "FallVision/Fall/Chair/f_raw_c_2/C_N_298_resized.mp4",
    "active_window": [
        24,
        29
    ],
    "varying_k": 6,
    "detection_status": "Global Event Zone",
    "saliency_weights": [
        0.005083832110164414,
        0.007003602256186123,
        0.009292049947406646,
        0.010657318213588063,
        0.011121707303240132,
        0.011230116505004072,
        0.011258558726672876,
        0.011257687985940342,
        0.011245424655559723,
        0.011246718407681194,
        0.011277079926880648,
        0.011341512731874427,
        0.011438316229886137,
        0.011555875352521238,
        0.011666130489616046,
        0.011741809847735762,
        0.011803314541242872,
        0.011974236619820453,
        0.012583198456600365,
        0.014356638210922212,
        0.01888907308981049,
        0.0298632841309984,
        0.05486444346575419,
        0.1033953791925346,
        0.17595543516025924,
        0.2562388059559539,
        0.31508768901797246,
        0.31848545686992136,
        0.25707133045479136,
        0.16697267064193622,
        0.09115261558027829,
        0.04928095899291855
    ],
    "clip_indices": [
        0,
        1,
        3,
        5,
        7,
        9,
        11,
        13,
        15,
        17,
        19,
        20,
        22,
        24,
        26,
        28,
        30,
        32,
        34,
        36,
        38,
        39,
        41,
        43,
        45,
        47,
        49,
        51,
        53,
        55,
        57,
        59
    ]
}