{
    "video_path": "FallVision/Fall/Chair/f_raw_c_2/C_N_153.mp4",
    "active_window": [
        24,
        29
    ],
    "varying_k": 6,
    "detection_status": "Global Event Zone",
    "saliency_weights": [
        0.005897025785424368,
        0.009683145799454024,
        0.014260116486450206,
        0.017441739943519347,
        0.0201646178175861,
        0.02441701657242461,
        0.03095008286818364,
        0.03920649630800814,
        0.047478500703618684,
        0.05348040258779761,
        0.055189985515038106,
        0.05181068629130635,
        0.04528139734791206,
        0.04023252383138068,
        0.042814412762101545,
        0.05728884802226808,
        0.0800973193939504,
        0.10050943209430965,
        0.10775595275554478,
        0.09661880326042177,
        0.07301007509882407,
        0.05281438028972233,
        0.049296638014937263,
        0.06632611529817711,
        0.10006690370400921,
        0.13978373143392447,
        0.16922557485254874,
        0.1697993518646495,
        0.13629504881072949,
        0.08809990405667811,
        0.04813307855818737,
        0.02635150268033622
    ],
    "clip_indices": [
        0,
        2,
        5,
        8,
        11,
        14,
        17,
        20,
        22,
        25,
        28,
        31,
        34,
        37,
        40,
        43,
        45,
        48,
        51,
        54,
        57,
        60,
        63,
        66,
        68,
        71,
        74,
        77,
        80,
        83,
        86,
        89
    ]
}