{
    "video_path": "FallVision/Fall/Chair/f_raw_c_2/C_N_235_resized.mp4",
    "active_window": [
        18,
        27
    ],
    "varying_k": 10,
    "detection_status": "Global Event Zone",
    "saliency_weights": [
        0.0034555627780324984,
        0.0041489636049827265,
        0.004949973791458595,
        0.005383006805945171,
        0.005497623213533696,
        0.0055393017991278515,
        0.005618160824955778,
        0.005770264587518072,
        0.0060865437430082,
        0.006686812679931537,
        0.007648970503071964,
        0.009077409532454821,
        0.011293519405489536,
        0.015184709865921072,
        0.02262624984686068,
        0.035974354463228345,
        0.056426419400233296,
        0.08222004405884145,
        0.10669516320068138,
        0.1214391196379814,
        0.1265268094068709,
        0.13372901717712812,
        0.158096795188086,
        0.20615893932656432,
        0.2563027042258891,
        0.2591701691029816,
        0.19570711615153025,
        0.11056421946096176,
        0.051527788372230404,
        0.02315829375688562,
        0.011322328632735114,
        0.006975665964544239
    ],
    "clip_indices": [
        0,
        2,
        5,
        8,
        11,
        14,
        17,
        20,
        22,
        25,
        28,
        31,
        34,
        37,
        40,
        43,
        45,
        48,
        51,
        54,
        57,
        60,
        63,
        66,
        68,
        71,
        74,
        77,
        80,
        83,
        86,
        89
    ]
}