{
    "video_path": "FallVision/Fall/Chair/f_raw_c_2/C_N_532_resized.mp4",
    "active_window": [
        17,
        22
    ],
    "varying_k": 6,
    "detection_status": "Global Event Zone",
    "saliency_weights": [
        0.003608030208941986,
        0.004281456827979419,
        0.005128057029844605,
        0.0057162927301880224,
        0.006000588506441709,
        0.006105619664461763,
        0.0061217829609107625,
        0.006101491285434368,
        0.006096657953324407,
        0.0061683538259064835,
        0.0063859772773734,
        0.006842682028787591,
        0.00776308035670634,
        0.010026283089076993,
        0.01660813113129723,
        0.03566893578464934,
        0.0831171661119044,
        0.1698907834575424,
        0.2735452882347268,
        0.3429425411130398,
        0.34494787928634113,
        0.2849251854344638,
        0.1927997435222622,
        0.10781657270497667,
        0.05339952708891568,
        0.02609630120161889,
        0.013840359442052391,
        0.008618985304161086,
        0.00639141082175693,
        0.005308827843494548,
        0.004615716875478746,
        0.004204558729481245
    ],
    "clip_indices": [
        0,
        1,
        3,
        5,
        7,
        9,
        11,
        13,
        15,
        17,
        19,
        20,
        22,
        24,
        26,
        28,
        30,
        32,
        34,
        36,
        38,
        39,
        41,
        43,
        45,
        47,
        49,
        51,
        53,
        55,
        57,
        59
    ]
}