{
    "video_path": "FallVision/Fall/Chair/f_raw_c_2/C_N_525_resized.mp4",
    "active_window": [
        12,
        18
    ],
    "varying_k": 7,
    "detection_status": "Global Event Zone",
    "saliency_weights": [
        0.003538325116353874,
        0.004140304155944504,
        0.004927200583029671,
        0.005565436961878456,
        0.006086528374495652,
        0.006671342282455474,
        0.007498418465259124,
        0.009096801291861337,
        0.013142252773068528,
        0.023675788148971068,
        0.04828993008843474,
        0.09499851015035399,
        0.1652960524122446,
        0.24800570583482576,
        0.3133133842011482,
        0.3270912682111772,
        0.28292029313443623,
        0.2044349597311895,
        0.1227330415927061,
        0.06201984433330454,
        0.029528780263062007,
        0.01608473538639974,
        0.010764084800577153,
        0.008342110119569333,
        0.007060526887110523,
        0.0062887746867303605,
        0.005768143729622946,
        0.00540315101041051,
        0.005119552226708027,
        0.004798932212440371,
        0.004401232825561251,
        0.004093342054132548
    ],
    "clip_indices": [
        0,
        1,
        3,
        5,
        7,
        9,
        11,
        13,
        15,
        17,
        19,
        20,
        22,
        24,
        26,
        28,
        30,
        32,
        34,
        36,
        38,
        39,
        41,
        43,
        45,
        47,
        49,
        51,
        53,
        55,
        57,
        59
    ]
}