{
    "video_path": "FallVision/Fall/Chair/f_raw_c_2/C_N_04.mp4",
    "active_window": [
        24,
        29
    ],
    "varying_k": 6,
    "detection_status": "Global Event Zone",
    "saliency_weights": [
        0.006440802082247479,
        0.00952978440439402,
        0.013219983951015393,
        0.015429850408225698,
        0.016169039768327315,
        0.016307330786418883,
        0.016367706319173864,
        0.01664281852265668,
        0.01759506148508619,
        0.020005520992831736,
        0.024843596634785234,
        0.03214075187248257,
        0.039420567231722506,
        0.04337744112690624,
        0.04342739554227972,
        0.04141617632386073,
        0.03887667030453823,
        0.036262143510055425,
        0.03377119707699044,
        0.03203677727654773,
        0.03258477339976067,
        0.03782059290589854,
        0.05039141777361504,
        0.07420161287566601,
        0.11729843211070029,
        0.18652532216277884,
        0.2618947301770212,
        0.2879084895009647,
        0.23534982431253088,
        0.1462180687216097,
        0.0748970989079029,
        0.039007664152545904
    ],
    "clip_indices": [
        0,
        1,
        3,
        5,
        7,
        9,
        11,
        13,
        15,
        17,
        19,
        20,
        22,
        24,
        26,
        28,
        30,
        32,
        34,
        36,
        38,
        39,
        41,
        43,
        45,
        47,
        49,
        51,
        53,
        55,
        57,
        59
    ]
}