{
    "video_path": "FallVision/Fall/Chair/f_raw_c_2/C_N_495_resized.mp4",
    "active_window": [
        17,
        23
    ],
    "varying_k": 7,
    "detection_status": "Global Event Zone",
    "saliency_weights": [
        0.003137165917186281,
        0.0040742628550233684,
        0.0051701461207336544,
        0.00577850364626392,
        0.005923830298216103,
        0.005910479143428729,
        0.005929726097135208,
        0.006055995065321693,
        0.006310336677970752,
        0.0067079417878791806,
        0.007316371897466922,
        0.008394804509313354,
        0.010716794564288779,
        0.01618679597259914,
        0.02871688180258211,
        0.05394812393201599,
        0.09708948762772113,
        0.1579445074380137,
        0.22265597090157757,
        0.2671543333327511,
        0.2763680449412652,
        0.25193939385755176,
        0.2050304187362279,
        0.15056447345309426,
        0.10079521982842933,
        0.062204288193438866,
        0.036444322932351565,
        0.02119058204256351,
        0.012918243211844684,
        0.00851863201215811,
        0.005960479150971131,
        0.004627081696268987
    ],
    "clip_indices": [
        0,
        1,
        3,
        5,
        7,
        9,
        11,
        13,
        15,
        17,
        19,
        20,
        22,
        24,
        26,
        28,
        30,
        32,
        34,
        36,
        38,
        39,
        41,
        43,
        45,
        47,
        49,
        51,
        53,
        55,
        57,
        59
    ]
}