{
    "video_path": "FallVision/Fall/Chair/f_raw_c_2/C_N_361_resized.mp4",
    "active_window": [
        18,
        25
    ],
    "varying_k": 8,
    "detection_status": "Global Event Zone",
    "saliency_weights": [
        0.004289995944599824,
        0.0061167513272006955,
        0.008291684458982783,
        0.009585112488545143,
        0.010023934400039458,
        0.010133078429097171,
        0.010182671688883708,
        0.010264079530405939,
        0.010509152400470019,
        0.011052178230346463,
        0.011919374616485644,
        0.013190968206079495,
        0.015321481335905324,
        0.019302979790460376,
        0.026744375593110627,
        0.03963411442579913,
        0.059833851000024835,
        0.089547016917804,
        0.1317095588513168,
        0.1852806466575985,
        0.2347256509510463,
        0.25381185021676356,
        0.23350774785779202,
        0.19183426380046675,
        0.14852239918545423,
        0.11005467476210944,
        0.0771876057912756,
        0.051335362245521314,
        0.03328528762207515,
        0.021298573449325474,
        0.013313914122218941,
        0.008969163734458802
    ],
    "clip_indices": [
        0,
        2,
        4,
        6,
        9,
        11,
        13,
        16,
        18,
        20,
        22,
        25,
        27,
        29,
        32,
        34,
        36,
        38,
        41,
        43,
        45,
        48,
        50,
        52,
        54,
        57,
        59,
        61,
        64,
        66,
        68,
        71
    ]
}