{
    "video_path": "FallVision/Fall/Chair/f_raw_c_2/C_N_68_resized.mp4",
    "active_window": [
        12,
        17
    ],
    "varying_k": 6,
    "detection_status": "Global Event Zone",
    "saliency_weights": [
        0.0035988456390649683,
        0.004013806251513893,
        0.00483817345507539,
        0.0063177142217806775,
        0.009146715323413924,
        0.01422568722355311,
        0.022227190163926273,
        0.03297441085001139,
        0.044768673821538436,
        0.05611119775152977,
        0.06908781012913859,
        0.09292811690855216,
        0.14492277907206585,
        0.22884403465828662,
        0.30142624324783646,
        0.30238621601593163,
        0.2319030478272745,
        0.14729910797838675,
        0.08920275257539785,
        0.05795663616564015,
        0.04136999245055972,
        0.03135728885923803,
        0.024389462018844232,
        0.019460276042993586,
        0.016196212567065667,
        0.013972885609960597,
        0.012185648411624436,
        0.010514340699990238,
        0.008856512899367966,
        0.007260828806628441,
        0.005888092884503439,
        0.005038979625359431
    ],
    "clip_indices": [
        0,
        2,
        4,
        6,
        9,
        11,
        13,
        16,
        18,
        20,
        22,
        25,
        27,
        29,
        32,
        34,
        36,
        38,
        41,
        43,
        45,
        48,
        50,
        52,
        54,
        57,
        59,
        61,
        64,
        66,
        68,
        71
    ]
}