{
    "video_path": "FallVision/Fall/Chair/f_raw_c_2/C_N_540.mp4",
    "active_window": [
        13,
        19
    ],
    "varying_k": 7,
    "detection_status": "Global Event Zone",
    "saliency_weights": [
        0.004284432651446178,
        0.00584190312791803,
        0.007873149362188246,
        0.009450588370271101,
        0.010483628509495115,
        0.011279810939506226,
        0.012171963770686833,
        0.0136566462270982,
        0.016722226416281207,
        0.02305533021312841,
        0.03538182185789766,
        0.05797261786636738,
        0.09645081596658642,
        0.1534636005650835,
        0.2206243881235035,
        0.2781040673391324,
        0.300941405291159,
        0.2715731790537218,
        0.20131109708161427,
        0.12624353492526136,
        0.07193579040476929,
        0.04014940747556506,
        0.023474754654479756,
        0.015124994622272063,
        0.010811788890514193,
        0.008479408365370677,
        0.007207063470841474,
        0.0065017139047377544,
        0.006021177552164513,
        0.005491989332611746,
        0.0048368516847137975,
        0.004330044427406298
    ],
    "clip_indices": [
        0,
        1,
        3,
        5,
        7,
        9,
        11,
        13,
        15,
        17,
        19,
        20,
        22,
        24,
        26,
        28,
        30,
        32,
        34,
        36,
        38,
        39,
        41,
        43,
        45,
        47,
        49,
        51,
        53,
        55,
        57,
        59
    ]
}