{
    "video_path": "FallVision/Fall/Chair/f_raw_c_2/C_N_233_resized.mp4",
    "active_window": [
        17,
        25
    ],
    "varying_k": 9,
    "detection_status": "Global Event Zone",
    "saliency_weights": [
        0.004237331847206838,
        0.006674187286237522,
        0.009514553517850874,
        0.011057535641016313,
        0.011338040804258553,
        0.011154736619905084,
        0.011140560279896752,
        0.011886491149762438,
        0.014202220252834127,
        0.018689165666689583,
        0.024950622116475328,
        0.031654468544299395,
        0.03701898098987857,
        0.04013798230773784,
        0.04310208006296805,
        0.050825721797255856,
        0.06883022897400332,
        0.09972411530963685,
        0.13769081873122174,
        0.1699448461867055,
        0.18711678335096332,
        0.18752104011487203,
        0.1739758527512713,
        0.15174442246191822,
        0.1274094138181096,
        0.10746030347840144,
        0.09336936215483888,
        0.07934854214363013,
        0.06079147276795982,
        0.04051407263961221,
        0.023783169179384146,
        0.014179536753276895
    ],
    "clip_indices": [
        0,
        2,
        5,
        8,
        11,
        14,
        17,
        20,
        22,
        25,
        28,
        31,
        34,
        37,
        40,
        43,
        45,
        48,
        51,
        54,
        57,
        60,
        63,
        66,
        68,
        71,
        74,
        77,
        80,
        83,
        86,
        89
    ]
}