{
    "video_path": "FallVision/Fall/Chair/f_raw_c_2/C_N_355_resized.mp4",
    "active_window": [
        16,
        22
    ],
    "varying_k": 7,
    "detection_status": "Global Event Zone",
    "saliency_weights": [
        0.0033691921214612773,
        0.0042489832274070225,
        0.005481403300103136,
        0.006657105887732946,
        0.007827122063593706,
        0.009204259785285995,
        0.010863352601309186,
        0.01279055608915956,
        0.0149575442200877,
        0.01718763806659742,
        0.019013492584486952,
        0.020232507429203392,
        0.022050809181823984,
        0.028025019295135747,
        0.04481945710754569,
        0.0799083167420082,
        0.1354967096784352,
        0.20324941926151213,
        0.2597690635039982,
        0.27606656482197384,
        0.24665487410439751,
        0.19504881982328381,
        0.1443569702208203,
        0.10231886792803138,
        0.06934290158552428,
        0.044980613136814854,
        0.02846997410464981,
        0.01811702586603736,
        0.01197139941979996,
        0.00829752231229774,
        0.0059586206336605186,
        0.0046936683445777845
    ],
    "clip_indices": [
        0,
        1,
        3,
        5,
        7,
        9,
        11,
        13,
        15,
        17,
        19,
        21,
        23,
        25,
        27,
        29,
        30,
        32,
        34,
        36,
        38,
        40,
        42,
        44,
        46,
        48,
        50,
        52,
        54,
        56,
        58,
        60
    ]
}