{
    "video_path": "FallVision/Fall/Chair/f_raw_c_2/C_N_476_resized.mp4",
    "active_window": [
        18,
        23
    ],
    "varying_k": 6,
    "detection_status": "Global Event Zone",
    "saliency_weights": [
        0.0050613160769827584,
        0.006634607878644578,
        0.008489596408975056,
        0.009539668380795934,
        0.009781217336711799,
        0.009675275593252285,
        0.00953751013912072,
        0.009534924673722326,
        0.009786925048760478,
        0.010381509585366062,
        0.011346446604735053,
        0.012693933174836407,
        0.014503184938805138,
        0.017024511683660332,
        0.021047590192084287,
        0.02919586981637643,
        0.04797244283515398,
        0.08695093195706247,
        0.15325468005295612,
        0.241358702633369,
        0.31753898896988464,
        0.33078087191496863,
        0.26899570245522436,
        0.17734749366500496,
        0.10158147643906176,
        0.05403539695594809,
        0.029262832700798463,
        0.01810073550285057,
        0.013129116849838814,
        0.010366790102789935,
        0.008250335139454612,
        0.006872345719644507
    ],
    "clip_indices": [
        0,
        1,
        3,
        5,
        7,
        9,
        11,
        13,
        15,
        17,
        19,
        20,
        22,
        24,
        26,
        28,
        30,
        32,
        34,
        36,
        38,
        39,
        41,
        43,
        45,
        47,
        49,
        51,
        53,
        55,
        57,
        59
    ]
}