{
    "video_path": "FallVision/Fall/Chair/f_raw_c_2/C_N_359_resized.mp4",
    "active_window": [
        14,
        20
    ],
    "varying_k": 7,
    "detection_status": "Global Event Zone",
    "saliency_weights": [
        0.006129753096615421,
        0.00869355106082247,
        0.011637471493534626,
        0.013184865357381084,
        0.013506190417580815,
        0.013461109094729208,
        0.013322858191532751,
        0.013029191602111072,
        0.01273020784733202,
        0.012866152985330729,
        0.014298385178280568,
        0.019178633133338504,
        0.03260031537994182,
        0.06377521979412976,
        0.1244547941697872,
        0.21407784524269313,
        0.29530183092344564,
        0.3136741204968396,
        0.2610681389224567,
        0.1821436340933688,
        0.11671064133348644,
        0.07438957965915462,
        0.050353825404100674,
        0.037466601707695155,
        0.03020154750886078,
        0.025382331781697756,
        0.02154113373987572,
        0.018322685283334007,
        0.015570596575733233,
        0.012833439185135999,
        0.009998455234482256,
        0.007986351504243875
    ],
    "clip_indices": [
        0,
        2,
        4,
        6,
        9,
        11,
        13,
        16,
        18,
        20,
        22,
        25,
        27,
        29,
        32,
        34,
        36,
        38,
        41,
        43,
        45,
        48,
        50,
        52,
        54,
        57,
        59,
        61,
        64,
        66,
        68,
        71
    ]
}