{
    "video_path": "FallVision/Fall/Chair/f_raw_c_2/C_N_392_resized.mp4",
    "active_window": [
        13,
        19
    ],
    "varying_k": 7,
    "detection_status": "Global Event Zone",
    "saliency_weights": [
        0.006798247385709182,
        0.011129612643885557,
        0.016498739774448143,
        0.020100863870416673,
        0.021781316970464374,
        0.022628030372443826,
        0.02362159651899723,
        0.02546968535494775,
        0.028645562689902673,
        0.033519850169283785,
        0.04066123092993772,
        0.052007816919335606,
        0.07210586181199508,
        0.10518272789338731,
        0.1488549848497018,
        0.19197136541230064,
        0.21587983714440334,
        0.20388575722065588,
        0.16046688908214835,
        0.10993435071946941,
        0.07083425185684786,
        0.04598419438433522,
        0.03230472400245163,
        0.02766162534293013,
        0.031989896206014556,
        0.04556769397452701,
        0.06328661382352997,
        0.07243152659294957,
        0.06501878871457853,
        0.04706139211503397,
        0.02894531523563069,
        0.017706060734762292
    ],
    "clip_indices": [
        0,
        2,
        5,
        8,
        11,
        14,
        17,
        20,
        22,
        25,
        28,
        31,
        34,
        37,
        40,
        43,
        45,
        48,
        51,
        54,
        57,
        60,
        63,
        66,
        68,
        71,
        74,
        77,
        80,
        83,
        86,
        89
    ]
}