{
    "video_path": "FallVision/Fall/Chair/f_raw_c_2/C_N_184_resized.mp4",
    "active_window": [
        10,
        20
    ],
    "varying_k": 11,
    "detection_status": "Global Event Zone",
    "saliency_weights": [
        0.0029002542723997435,
        0.0032785085268180153,
        0.0037269912143410803,
        0.004001640067441152,
        0.004178286745211476,
        0.004670418439594509,
        0.006653222255153723,
        0.013613545618427413,
        0.032336379190681136,
        0.06616292983842835,
        0.10538990398741781,
        0.13374557779100232,
        0.14193455246552641,
        0.13145936099439143,
        0.11512637923962946,
        0.11218554892628119,
        0.13727382230216303,
        0.188759595843575,
        0.23516470276853033,
        0.23091615415474265,
        0.17039845921890978,
        0.09734126059967028,
        0.04806951997507533,
        0.023805746080192237,
        0.013135072177398826,
        0.008445484090222168,
        0.006239818042634317,
        0.0051194022761630615,
        0.004504127610313208,
        0.004067906225697272,
        0.0036655806046062955,
        0.003383970823420761
    ],
    "clip_indices": [
        0,
        2,
        5,
        8,
        11,
        14,
        17,
        20,
        22,
        25,
        28,
        31,
        34,
        37,
        40,
        43,
        45,
        48,
        51,
        54,
        57,
        60,
        63,
        66,
        68,
        71,
        74,
        77,
        80,
        83,
        86,
        89
    ]
}