{
    "video_path": "FallVision/Fall/Chair/f_raw_c_2/C_N_219_resized.mp4",
    "active_window": [
        14,
        20
    ],
    "varying_k": 7,
    "detection_status": "Global Event Zone",
    "saliency_weights": [
        0.002954954184185201,
        0.0033452255785592702,
        0.0038113577841656296,
        0.004094969307516249,
        0.004213622133071524,
        0.0043098199798086954,
        0.004512727632867826,
        0.004990339333541443,
        0.006086323179556258,
        0.00851746845468571,
        0.013766293150290234,
        0.024711364246846522,
        0.04629545605227442,
        0.08431689408982769,
        0.1417703990341067,
        0.21352847218122095,
        0.2792842315164056,
        0.31053097338016283,
        0.29309266006026957,
        0.23480188841740335,
        0.1581302534825228,
        0.09062613704054012,
        0.04734657328518209,
        0.024817179568194507,
        0.014106663390346068,
        0.009129989408489926,
        0.006709917172532215,
        0.005452750813401203,
        0.004746900904460901,
        0.004249959255997058,
        0.0038105586227283527,
        0.003511313265781517
    ],
    "clip_indices": [
        0,
        2,
        5,
        8,
        11,
        14,
        17,
        20,
        22,
        25,
        28,
        31,
        34,
        37,
        40,
        43,
        45,
        48,
        51,
        54,
        57,
        60,
        63,
        66,
        68,
        71,
        74,
        77,
        80,
        83,
        86,
        89
    ]
}