{
    "video_path": "FallVision/Fall/Chair/f_raw_c_2/C_N_231_resized.mp4",
    "active_window": [
        19,
        26
    ],
    "varying_k": 8,
    "detection_status": "Global Event Zone",
    "saliency_weights": [
        0.006093145127340294,
        0.010027585779457844,
        0.014695976529610272,
        0.017502551672043364,
        0.018703548175296392,
        0.01964310480647069,
        0.020934805926693893,
        0.02251019697098519,
        0.023995487846556238,
        0.025086526685201407,
        0.025953085690157234,
        0.027243841424927466,
        0.02992486465895637,
        0.0348009272799927,
        0.04174076355362281,
        0.04981357970775203,
        0.05828743056504449,
        0.06849675731313944,
        0.08623293699894377,
        0.11799807446438709,
        0.15934473538042487,
        0.19332672956238023,
        0.2052687134006648,
        0.19172241394022196,
        0.16009005891249217,
        0.1255694250819201,
        0.09840313526175344,
        0.07679191066544505,
        0.056323531036324544,
        0.03735207548157296,
        0.022490849522839362,
        0.014055386223174926
    ],
    "clip_indices": [
        0,
        1,
        3,
        5,
        7,
        9,
        11,
        13,
        15,
        17,
        19,
        20,
        22,
        24,
        26,
        28,
        30,
        32,
        34,
        36,
        38,
        39,
        41,
        43,
        45,
        47,
        49,
        51,
        53,
        55,
        57,
        59
    ]
}