{
    "video_path": "FallVision/Fall/Chair/f_raw_c_2/C_N_38.mp4",
    "active_window": [
        13,
        21
    ],
    "varying_k": 9,
    "detection_status": "Global Event Zone",
    "saliency_weights": [
        0.0030648560556155065,
        0.004332790707670516,
        0.005848070319608824,
        0.006796971565324382,
        0.007326313337895372,
        0.008081824431738667,
        0.009711787376044903,
        0.012582402079826803,
        0.016709938682930157,
        0.02320507843969441,
        0.036089299608285615,
        0.060354766382098766,
        0.09760183067013224,
        0.1431606267494745,
        0.1838850873751484,
        0.2054410352559911,
        0.20732861056253513,
        0.20072199991780848,
        0.19145157474821123,
        0.17565880443590162,
        0.14907506747275145,
        0.11277221600983739,
        0.0736543510024787,
        0.042179354132019856,
        0.023886437606610085,
        0.015417589116863245,
        0.011433399817449105,
        0.009314904948280769,
        0.008054019204596797,
        0.006900061670216917,
        0.005522624077392863,
        0.004450790597015626
    ],
    "clip_indices": [
        0,
        1,
        2,
        4,
        5,
        7,
        8,
        9,
        11,
        12,
        14,
        15,
        17,
        18,
        19,
        21,
        22,
        24,
        25,
        26,
        28,
        29,
        31,
        32,
        34,
        35,
        36,
        38,
        39,
        41,
        42,
        44
    ]
}