{
    "video_path": "FallVision/Fall/Chair/f_raw_c_2/C_N_131_resized.mp4",
    "active_window": [
        12,
        20
    ],
    "varying_k": 9,
    "detection_status": "Global Event Zone",
    "saliency_weights": [
        0.0027543926416131476,
        0.0032222253424266122,
        0.0037790707427242066,
        0.004108691839075491,
        0.004216580780725704,
        0.0042507529209611155,
        0.00436526556347944,
        0.004939406225870258,
        0.007197972989133668,
        0.01452601218938094,
        0.03377260221543468,
        0.07180631254286778,
        0.12847936329698964,
        0.19266127600841937,
        0.2402299842765213,
        0.247944949449279,
        0.22073310233529353,
        0.18648806621731248,
        0.16193666408291088,
        0.1431672131329323,
        0.12165981875717918,
        0.09408408021149589,
        0.06355149687870539,
        0.03763725570813871,
        0.021142567080072693,
        0.012499405209498929,
        0.008225884492609178,
        0.006097824361745928,
        0.0049792176636803106,
        0.004274204262469664,
        0.0037215701082452595,
        0.0033676395965509323
    ],
    "clip_indices": [
        0,
        2,
        5,
        8,
        11,
        14,
        17,
        20,
        23,
        26,
        29,
        31,
        34,
        37,
        40,
        43,
        46,
        49,
        52,
        55,
        58,
        60,
        63,
        66,
        69,
        72,
        75,
        78,
        81,
        84,
        87,
        90
    ]
}