{
    "video_path": "FallVision/Fall/Chair/f_raw_c_2/C_N_432.mp4",
    "active_window": [
        7,
        12
    ],
    "varying_k": 6,
    "detection_status": "Global Event Zone",
    "saliency_weights": [
        0.0042882767772813735,
        0.004860851752676176,
        0.005609008369971824,
        0.00653930406381292,
        0.009499235519199529,
        0.0214721450006417,
        0.05738363088884871,
        0.12952600504010173,
        0.23075058300456391,
        0.3299840460295105,
        0.37329435653350623,
        0.32189562822343476,
        0.2087869652443603,
        0.10660715562183443,
        0.048904955248796664,
        0.02425410980699237,
        0.014793087599155258,
        0.011577474235300164,
        0.01113521463272042,
        0.011854036939523634,
        0.012713779463604264,
        0.013025555368422294,
        0.012684702936500456,
        0.012179298499625214,
        0.011917408860719516,
        0.011836911030138484,
        0.011623440849866934,
        0.010934076351026502,
        0.0096567712149873,
        0.008085440112321578,
        0.006655497651041471,
        0.005771970151468627
    ],
    "clip_indices": [
        0,
        2,
        4,
        6,
        9,
        11,
        13,
        16,
        18,
        20,
        22,
        25,
        27,
        29,
        32,
        34,
        36,
        38,
        41,
        43,
        45,
        48,
        50,
        52,
        54,
        57,
        59,
        61,
        64,
        66,
        68,
        71
    ]
}