{
    "video_path": "FallVision/Fall/Chair/f_raw_c_2/C_N_114_resized.mp4",
    "active_window": [
        15,
        21
    ],
    "varying_k": 7,
    "detection_status": "Global Event Zone",
    "saliency_weights": [
        0.002763179123197533,
        0.0030411911734812315,
        0.003392457677030775,
        0.003695915878410962,
        0.004128983327378422,
        0.005140056036566943,
        0.007428001115332924,
        0.011763846024424901,
        0.01864662929093657,
        0.027908716583645347,
        0.03825586715209512,
        0.04832164758321641,
        0.058556314142896575,
        0.07176348996547416,
        0.09294337597905583,
        0.1274317111273621,
        0.17637821160619943,
        0.23164547004871366,
        0.2705154179092848,
        0.2655273168721015,
        0.21508976741094474,
        0.14854548682288182,
        0.09259044674564865,
        0.05425568255690306,
        0.030766808986722807,
        0.017508971783839443,
        0.010541176279649105,
        0.007050568743092881,
        0.005243973705733061,
        0.004206328872115698,
        0.003545055867700557,
        0.0031854509276502286
    ],
    "clip_indices": [
        0,
        5,
        11,
        17,
        23,
        29,
        34,
        40,
        46,
        52,
        58,
        63,
        69,
        75,
        81,
        87,
        92,
        98,
        104,
        110,
        116,
        121,
        127,
        133,
        139,
        145,
        150,
        156,
        162,
        168,
        174,
        180
    ]
}