{
    "video_path": "FallVision/Fall/Chair/f_raw_c_2/C_N_230_resized.mp4",
    "active_window": [
        15,
        28
    ],
    "varying_k": 14,
    "detection_status": "Global Event Zone",
    "saliency_weights": [
        0.003985920565950056,
        0.00650975452470255,
        0.009441004088345039,
        0.011037428271318943,
        0.011441582451655531,
        0.01171660149814921,
        0.01290229254377122,
        0.015889694817997606,
        0.021267637157162504,
        0.028709658067726587,
        0.03628515858327301,
        0.04249615324951441,
        0.04941314261025839,
        0.060789555414108784,
        0.07724321081819105,
        0.09528116416036259,
        0.1088698622812009,
        0.11239247462439693,
        0.10572766474897116,
        0.09483272419831919,
        0.08716267747297182,
        0.08826103260799323,
        0.09864287824738956,
        0.113440038360159,
        0.12747310358605757,
        0.13752568029693335,
        0.13945990089444138,
        0.12722794713747737,
        0.09974122824703543,
        0.06621284732639357,
        0.03781963229693666,
        0.02143080362277708
    ],
    "clip_indices": [
        0,
        2,
        5,
        8,
        11,
        14,
        17,
        20,
        22,
        25,
        28,
        31,
        34,
        37,
        40,
        43,
        45,
        48,
        51,
        54,
        57,
        60,
        63,
        66,
        68,
        71,
        74,
        77,
        80,
        83,
        86,
        89
    ]
}