{
    "video_path": "FallVision/Fall/Chair/f_raw_c_2/C_N_389_resized.mp4",
    "active_window": [
        16,
        21
    ],
    "varying_k": 6,
    "detection_status": "Global Event Zone",
    "saliency_weights": [
        0.005085722195459526,
        0.0067039979607259916,
        0.008656986708032771,
        0.009899269294817516,
        0.010505718702730276,
        0.010943416482920567,
        0.011345733470188154,
        0.011698539377812218,
        0.01218993354956295,
        0.013108548956808717,
        0.014627669486539562,
        0.01699730227312069,
        0.02112476465287999,
        0.02971776811496783,
        0.048917582784822985,
        0.08775194236156426,
        0.15374126061171134,
        0.24139178650192622,
        0.314316727965044,
        0.32100524212158726,
        0.25455727753789936,
        0.1640597157348892,
        0.0937676058552144,
        0.05225183484671604,
        0.03161600712161948,
        0.022765697882393597,
        0.019319612382712785,
        0.0179256519562047,
        0.016807301924861982,
        0.014861951795486841,
        0.011973045871438538,
        0.009626399764697903
    ],
    "clip_indices": [
        0,
        2,
        5,
        8,
        11,
        14,
        17,
        20,
        22,
        25,
        28,
        31,
        34,
        37,
        40,
        43,
        45,
        48,
        51,
        54,
        57,
        60,
        63,
        66,
        68,
        71,
        74,
        77,
        80,
        83,
        86,
        89
    ]
}