{
    "video_path": "FallVision/Fall/Chair/f_raw_c_2/C_N_548.mp4",
    "active_window": [
        14,
        20
    ],
    "varying_k": 7,
    "detection_status": "Global Event Zone",
    "saliency_weights": [
        0.004054908035260628,
        0.005236853009132321,
        0.007014154791922449,
        0.008844126041156567,
        0.010485512283452183,
        0.011833217862786443,
        0.01281982551206793,
        0.013526185814786684,
        0.014406905211196738,
        0.01636737765398999,
        0.021013046172332857,
        0.03141354103670585,
        0.0530824259193917,
        0.09297235057314736,
        0.1554558050736946,
        0.23399211406775425,
        0.2996086423656029,
        0.31413769004096975,
        0.2694074004474049,
        0.193112436309014,
        0.11755543162776935,
        0.06239417553449362,
        0.032117474594648386,
        0.018740591954384517,
        0.012958358778935832,
        0.010099199570421812,
        0.008459575887735766,
        0.007420158780775177,
        0.006669975494702706,
        0.005953028601392834,
        0.005186405665046086,
        0.004628892306630259
    ],
    "clip_indices": [
        0,
        1,
        3,
        5,
        7,
        9,
        11,
        13,
        15,
        17,
        19,
        20,
        22,
        24,
        26,
        28,
        30,
        32,
        34,
        36,
        38,
        39,
        41,
        43,
        45,
        47,
        49,
        51,
        53,
        55,
        57,
        59
    ]
}