{
    "video_path": "FallVision/Fall/Chair/f_raw_c_2/C_N_196_resized.mp4",
    "active_window": [
        13,
        19
    ],
    "varying_k": 7,
    "detection_status": "Global Event Zone",
    "saliency_weights": [
        0.003300161558156954,
        0.0038100133370788094,
        0.0044170941800712555,
        0.0047772297801430205,
        0.0048971342389777855,
        0.004937363694149985,
        0.005046320227370975,
        0.00550388736756656,
        0.007022492250298948,
        0.011051094665235062,
        0.020351862096573144,
        0.03980161011442653,
        0.07656115583681804,
        0.13524524811142996,
        0.20875017151827618,
        0.2775735834539917,
        0.31594091359415777,
        0.3031602055135362,
        0.24339908730272888,
        0.16493065626655737,
        0.09497490539718828,
        0.047165743108058045,
        0.022356297620667057,
        0.012200125956566905,
        0.008235063449396807,
        0.006495559562349214,
        0.005669766199256775,
        0.0052850277137113395,
        0.0050749916330174215,
        0.004809857790520056,
        0.004406513832795952,
        0.004068293968659941
    ],
    "clip_indices": [
        0,
        2,
        5,
        8,
        11,
        14,
        17,
        20,
        23,
        26,
        29,
        31,
        34,
        37,
        40,
        43,
        46,
        49,
        52,
        55,
        58,
        60,
        63,
        66,
        69,
        72,
        75,
        78,
        81,
        84,
        87,
        90
    ]
}