{
    "video_path": "FallVision/Fall/Chair/f_raw_c_2/C_N_365_resized.mp4",
    "active_window": [
        9,
        16
    ],
    "varying_k": 8,
    "detection_status": "Global Event Zone",
    "saliency_weights": [
        0.0035708551076195933,
        0.004930010344587175,
        0.006861117974985446,
        0.009125278219050896,
        0.012945138806620477,
        0.020190745154580983,
        0.03247599208904199,
        0.051265858737750095,
        0.07770743104087124,
        0.11126987232104413,
        0.14791914416560314,
        0.18310003393950092,
        0.2159057242789102,
        0.24340374574473023,
        0.25084178232383114,
        0.22168396629817985,
        0.16289904292735063,
        0.10190318840785184,
        0.05773319479550863,
        0.03191344466574425,
        0.018945973990411806,
        0.013126385876317283,
        0.010618428396507767,
        0.009582233863836609,
        0.00920247888705287,
        0.009047513313840877,
        0.008880851162282578,
        0.008594452155097592,
        0.008069688343887143,
        0.007130724748864503,
        0.005842585259291808,
        0.004833103579064712
    ],
    "clip_indices": [
        0,
        2,
        4,
        6,
        9,
        11,
        13,
        16,
        18,
        20,
        22,
        25,
        27,
        29,
        32,
        34,
        36,
        38,
        41,
        43,
        45,
        48,
        50,
        52,
        54,
        57,
        59,
        61,
        64,
        66,
        68,
        71
    ]
}