{
    "video_path": "FallVision/Fall/Chair/f_raw_c_2/C_N_200_resized.mp4",
    "active_window": [
        14,
        19
    ],
    "varying_k": 6,
    "detection_status": "Global Event Zone",
    "saliency_weights": [
        0.00397270251808209,
        0.004822988181801263,
        0.006022868324568443,
        0.00716995014500807,
        0.008269346869554977,
        0.009474009227958779,
        0.010838381957544328,
        0.012405162270876943,
        0.014432145539908492,
        0.017746498061223547,
        0.024304494407839043,
        0.03748612334130978,
        0.062333211976762344,
        0.10515312349415107,
        0.17046623735628402,
        0.25041861370176466,
        0.30949333365734083,
        0.30390165307795836,
        0.23608090641321483,
        0.15571817095949353,
        0.09908807211196416,
        0.06574370036668585,
        0.04447845202116761,
        0.029719689991037378,
        0.019722193368874597,
        0.01339150164721856,
        0.009686475485015524,
        0.007604219428234339,
        0.006357025353135296,
        0.005478962914565217,
        0.004782676163570127,
        0.004348114608156477
    ],
    "clip_indices": [
        0,
        1,
        3,
        5,
        7,
        9,
        11,
        13,
        15,
        17,
        19,
        20,
        22,
        24,
        26,
        28,
        30,
        32,
        34,
        36,
        38,
        39,
        41,
        43,
        45,
        47,
        49,
        51,
        53,
        55,
        57,
        59
    ]
}