{
    "video_path": "FallVision/Fall/Chair/f_raw_c_2/C_N_501.mp4",
    "active_window": [
        13,
        19
    ],
    "varying_k": 7,
    "detection_status": "Global Event Zone",
    "saliency_weights": [
        0.011242113236854475,
        0.019217237363021382,
        0.02845816332294645,
        0.03330455286713266,
        0.03372878667726648,
        0.0321284831821433,
        0.03015254860509707,
        0.028644006396562942,
        0.028225757719711912,
        0.02996971506057851,
        0.03624682578266051,
        0.05134438122334388,
        0.08119958450420728,
        0.12831018373283454,
        0.18294598838511847,
        0.22561300904579,
        0.2385935628545971,
        0.21452774156511312,
        0.1648558700293635,
        0.11447071167627759,
        0.07875447462663282,
        0.05620073309210584,
        0.0410780006975186,
        0.030822217974073318,
        0.02451471155922441,
        0.02107061975150859,
        0.01943695979495976,
        0.018808856689383487,
        0.01820179939350365,
        0.016257673494979336,
        0.012653966665064256,
        0.009523675579185811
    ],
    "clip_indices": [
        0,
        1,
        3,
        5,
        7,
        9,
        11,
        13,
        15,
        17,
        19,
        20,
        22,
        24,
        26,
        28,
        30,
        32,
        34,
        36,
        38,
        39,
        41,
        43,
        45,
        47,
        49,
        51,
        53,
        55,
        57,
        59
    ]
}