{
    "video_path": "FallVision/Fall/Chair/f_raw_c_2/C_N_447_resized.mp4",
    "active_window": [
        13,
        18
    ],
    "varying_k": 6,
    "detection_status": "Global Event Zone",
    "saliency_weights": [
        0.0036479283405011186,
        0.004030966841785213,
        0.004591633814654649,
        0.0052008064228702775,
        0.005948653252768334,
        0.006929621364775016,
        0.008076728241873879,
        0.00961647424567997,
        0.01263722159694681,
        0.018571683228456558,
        0.02886489589324987,
        0.04785540554651993,
        0.08613974049764248,
        0.15303050069024698,
        0.24075009718070692,
        0.32140550066597917,
        0.3545822871663244,
        0.30956720545118893,
        0.2057489119873196,
        0.1049728885142814,
        0.04585436256240592,
        0.021108500703066253,
        0.011823718517888106,
        0.008131866418526519,
        0.006581618354745524,
        0.005898833708351674,
        0.005539831228840292,
        0.005292454843082868,
        0.0050615009819310495,
        0.004774207541359869,
        0.004429318849661971,
        0.0041699766384108205
    ],
    "clip_indices": [
        0,
        2,
        4,
        6,
        9,
        11,
        13,
        16,
        18,
        20,
        22,
        25,
        27,
        29,
        32,
        34,
        36,
        38,
        41,
        43,
        45,
        48,
        50,
        52,
        54,
        57,
        59,
        61,
        64,
        66,
        68,
        71
    ]
}