{
    "video_path": "FallVision/Fall/Chair/f_raw_c_2/C_N_137.mp4",
    "active_window": [
        24,
        29
    ],
    "varying_k": 6,
    "detection_status": "Global Event Zone",
    "saliency_weights": [
        0.004029089095534639,
        0.005174252003801842,
        0.006470743030684663,
        0.007113993777587991,
        0.007205251459399796,
        0.007209641829782684,
        0.007445304207942825,
        0.00832150939001957,
        0.010737470826569147,
        0.015924271516857477,
        0.02488667704126371,
        0.037379259465160304,
        0.050567016099603145,
        0.06064158120772113,
        0.06614459015196936,
        0.0677312328090057,
        0.06580905032160789,
        0.060199802082390785,
        0.05159494745452564,
        0.04207734850776503,
        0.03454502915980068,
        0.03314742444698901,
        0.04467568056022667,
        0.07766303628921778,
        0.1353485323188257,
        0.20805797642479817,
        0.2673553850904748,
        0.26960072455366774,
        0.2012593118322333,
        0.1103102253010367,
        0.04834826666850662,
        0.022516731128689772
    ],
    "clip_indices": [
        0,
        2,
        5,
        8,
        11,
        14,
        17,
        20,
        22,
        25,
        28,
        31,
        34,
        37,
        40,
        43,
        45,
        48,
        51,
        54,
        57,
        60,
        63,
        66,
        68,
        71,
        74,
        77,
        80,
        83,
        86,
        89
    ]
}