{
    "video_path": "FallVision/Fall/Chair/f_raw_c_2/C_N_126_resized.mp4",
    "active_window": [
        12,
        18
    ],
    "varying_k": 7,
    "detection_status": "Global Event Zone",
    "saliency_weights": [
        0.005489755157855108,
        0.007691122106420717,
        0.01057618496793182,
        0.01277948566707579,
        0.013980005276145168,
        0.014432096687318884,
        0.01462752324430739,
        0.015428814343772627,
        0.01855669479170898,
        0.027387902749403278,
        0.04801157183253797,
        0.08863616033347035,
        0.15591632846481848,
        0.24361477362452094,
        0.3169212210399013,
        0.3315059250215467,
        0.2803900384832887,
        0.19600393670531918,
        0.11413783904121974,
        0.05603135569668555,
        0.025481912891845326,
        0.012877264037345255,
        0.007977298312311195,
        0.005946688198193668,
        0.005115959472505776,
        0.004816414324263518,
        0.00472307892232786,
        0.004690012114801029,
        0.004631740261150602,
        0.004469387044490087,
        0.004198636203576023,
        0.003971848733956304
    ],
    "clip_indices": [
        0,
        1,
        3,
        5,
        7,
        9,
        11,
        13,
        15,
        17,
        19,
        20,
        22,
        24,
        26,
        28,
        30,
        32,
        34,
        36,
        38,
        39,
        41,
        43,
        45,
        47,
        49,
        51,
        53,
        55,
        57,
        59
    ]
}