{
    "video_path": "FallVision/Fall/Chair/f_raw_c_2/C_N_545.mp4",
    "active_window": [
        17,
        23
    ],
    "varying_k": 7,
    "detection_status": "Global Event Zone",
    "saliency_weights": [
        0.00456132013284632,
        0.006495021884463582,
        0.008815598000166049,
        0.010217224412718828,
        0.010670981069357868,
        0.010688091827413697,
        0.010591305268147303,
        0.01049859961869811,
        0.01043842765127484,
        0.010432569232546866,
        0.010569679979382149,
        0.011072993760159272,
        0.012512023554330906,
        0.0164736463468335,
        0.026560941358743158,
        0.047983701219283456,
        0.08541769453828586,
        0.13981817030235127,
        0.2031977948518358,
        0.25825535137321026,
        0.28528287491236687,
        0.2701216095119948,
        0.21685605763724936,
        0.14984602171187733,
        0.09208079989441406,
        0.052447249310898364,
        0.030219208551523984,
        0.019462316541621713,
        0.014114615568471631,
        0.010755426132970015,
        0.008089095784334855,
        0.00637435975229649
    ],
    "clip_indices": [
        0,
        1,
        3,
        5,
        7,
        9,
        11,
        13,
        15,
        17,
        19,
        20,
        22,
        24,
        26,
        28,
        30,
        32,
        34,
        36,
        38,
        39,
        41,
        43,
        45,
        47,
        49,
        51,
        53,
        55,
        57,
        59
    ]
}