{
    "video_path": "FallVision/Fall/Chair/f_raw_c_2/C_N_120_resized.mp4",
    "active_window": [
        21,
        26
    ],
    "varying_k": 6,
    "detection_status": "Global Event Zone",
    "saliency_weights": [
        0.002627218114827532,
        0.002881213750100804,
        0.00318448845894362,
        0.003368525783734486,
        0.0034449911882515863,
        0.0035134661684820675,
        0.003685253508177063,
        0.004144898117016164,
        0.005294752216911695,
        0.007950503442763058,
        0.01359087167293135,
        0.02421175491250762,
        0.041477170022069784,
        0.06419505963429709,
        0.08476569463193653,
        0.09312388712267408,
        0.0867701944856264,
        0.07211576794801897,
        0.059009721399727,
        0.05887301173859572,
        0.08455507287469527,
        0.14330241879226635,
        0.2177243137468043,
        0.2649184851509614,
        0.2567259602257267,
        0.20269789362738747,
        0.13011688719420622,
        0.0673771827446721,
        0.03020810544970335,
        0.013805961698139768,
        0.007243002833601244,
        0.0047870804893319924
    ],
    "clip_indices": [
        0,
        1,
        3,
        5,
        7,
        9,
        11,
        13,
        15,
        17,
        19,
        20,
        22,
        24,
        26,
        28,
        30,
        32,
        34,
        36,
        38,
        39,
        41,
        43,
        45,
        47,
        49,
        51,
        53,
        55,
        57,
        59
    ]
}