{
    "video_path": "FallVision/Fall/Chair/f_raw_c_2/C_N_543.mp4",
    "active_window": [
        9,
        18
    ],
    "varying_k": 10,
    "detection_status": "Global Event Zone",
    "saliency_weights": [
        0.0020017474224727997,
        0.00236339959333167,
        0.002807779230955508,
        0.0031565310436333298,
        0.0036645211285387595,
        0.005277936303505325,
        0.010352777876975007,
        0.023918999387932287,
        0.05394289706869852,
        0.10317490351908802,
        0.15779030683597217,
        0.19639524748782575,
        0.2082366167362426,
        0.19767853982341677,
        0.18249286575294488,
        0.18031070314295466,
        0.18562551433028815,
        0.17557025718111297,
        0.14141792883767543,
        0.09603127939341703,
        0.055210942838559436,
        0.027310446253454603,
        0.01298427344085843,
        0.007252581221611392,
        0.00505592586765906,
        0.004084225611279451,
        0.00361439660999383,
        0.003381264597558647,
        0.0032255543373130523,
        0.003017708705060583,
        0.002723196234796222,
        0.0024845101153177923
    ],
    "clip_indices": [
        0,
        2,
        5,
        8,
        11,
        14,
        17,
        20,
        22,
        25,
        28,
        31,
        34,
        37,
        40,
        43,
        45,
        48,
        51,
        54,
        57,
        60,
        63,
        66,
        68,
        71,
        74,
        77,
        80,
        83,
        86,
        89
    ]
}