{
    "video_path": "FallVision/Fall/Chair/f_raw_c_2/C_N_92_resized.mp4",
    "active_window": [
        8,
        14
    ],
    "varying_k": 7,
    "detection_status": "Global Event Zone",
    "saliency_weights": [
        0.00368488888686522,
        0.00480722475888439,
        0.006447802368430067,
        0.008249241709669413,
        0.010879286309632322,
        0.01698149523524437,
        0.03254200764107708,
        0.06591189999209546,
        0.12412077493908817,
        0.2018402341071367,
        0.26809230515340415,
        0.2878109818493917,
        0.2591458492795117,
        0.20616010128043658,
        0.15021819275183335,
        0.10219190088132697,
        0.06638193666995651,
        0.04349727768677474,
        0.03153087679918413,
        0.026541737625943782,
        0.024520093543964373,
        0.022473597268446836,
        0.01927256847614375,
        0.01564008997745095,
        0.012547277885443821,
        0.010285906496672015,
        0.008757638991785055,
        0.007748793477962104,
        0.006992729452151979,
        0.00619125499359872,
        0.005256316277982687,
        0.004551389760354892
    ],
    "clip_indices": [
        0,
        1,
        3,
        5,
        7,
        9,
        11,
        13,
        15,
        17,
        19,
        20,
        22,
        24,
        26,
        28,
        30,
        32,
        34,
        36,
        38,
        39,
        41,
        43,
        45,
        47,
        49,
        51,
        53,
        55,
        57,
        59
    ]
}