{
    "video_path": "FallVision/Fall/Chair/f_raw_c_2/C_N_129_resized.mp4",
    "active_window": [
        24,
        29
    ],
    "varying_k": 6,
    "detection_status": "Global Event Zone",
    "saliency_weights": [
        0.0045251198916413105,
        0.005290079638385667,
        0.006195927361682873,
        0.0067229749532235865,
        0.006882696279562175,
        0.006902207619834632,
        0.006907958434499383,
        0.0069328389201417095,
        0.006983529552943891,
        0.007082993195480487,
        0.007301010436683046,
        0.007732063903435381,
        0.008448817847159645,
        0.009501248945882283,
        0.01091948191981212,
        0.012669839726037638,
        0.014582435181532483,
        0.016476760861556496,
        0.018515667494958168,
        0.021382692799300634,
        0.02631679573874177,
        0.03541602082467783,
        0.052384044747146793,
        0.08404895575719673,
        0.14152138320282032,
        0.2321305586300796,
        0.3288262546414381,
        0.360727594886288,
        0.29177767761413087,
        0.1776193030931111,
        0.08854527350916562,
        0.045045018331047196
    ],
    "clip_indices": [
        0,
        1,
        3,
        5,
        7,
        9,
        11,
        13,
        15,
        17,
        19,
        20,
        22,
        24,
        26,
        28,
        30,
        32,
        34,
        36,
        38,
        39,
        41,
        43,
        45,
        47,
        49,
        51,
        53,
        55,
        57,
        59
    ]
}