{
    "video_path": "FallVision/Fall/Chair/f_raw_c_2/C_N_119_resized.mp4",
    "active_window": [
        21,
        26
    ],
    "varying_k": 6,
    "detection_status": "Global Event Zone",
    "saliency_weights": [
        0.0030195706776011844,
        0.003287325048650346,
        0.0036078964442859333,
        0.0038052947247855518,
        0.00389265086389447,
        0.003965321565325133,
        0.0041044822221449374,
        0.00442917641666668,
        0.005210014616148712,
        0.006967054972346104,
        0.010489022783296637,
        0.016282116171630744,
        0.023637783172589202,
        0.030766803421434,
        0.035551135795206065,
        0.03648601103637095,
        0.03409381757759663,
        0.030948143369659717,
        0.030834583387652152,
        0.040033733648337046,
        0.06985274292416876,
        0.1314506585009402,
        0.2172576110622536,
        0.2945246454525926,
        0.3268017070771435,
        0.2927786300777031,
        0.20353747010514045,
        0.10830782232150718,
        0.047808040878297424,
        0.020788831495514616,
        0.010196489351197421,
        0.006373460279100738
    ],
    "clip_indices": [
        0,
        1,
        3,
        5,
        7,
        9,
        11,
        13,
        15,
        17,
        19,
        20,
        22,
        24,
        26,
        28,
        30,
        32,
        34,
        36,
        38,
        39,
        41,
        43,
        45,
        47,
        49,
        51,
        53,
        55,
        57,
        59
    ]
}