{
    "video_path": "FallVision/Fall/Chair/f_raw_c_2/C_N_427.mp4",
    "active_window": [
        20,
        25
    ],
    "varying_k": 6,
    "detection_status": "Global Event Zone",
    "saliency_weights": [
        0.0024986084562430774,
        0.0031185966670389613,
        0.003856084132474129,
        0.004299286458816953,
        0.004482131605601028,
        0.004650004742155232,
        0.0050607944396147166,
        0.006128904450851392,
        0.008748828539649693,
        0.014639983927311095,
        0.0264254777149368,
        0.04565336681791113,
        0.06950487662080565,
        0.09154168788189462,
        0.10484519282125893,
        0.1052016703517851,
        0.09534634158987382,
        0.08388841268266344,
        0.0793800519341082,
        0.08790319966009064,
        0.11274153704147956,
        0.15156842517734892,
        0.1899811779413988,
        0.20374253203406223,
        0.1818654322563916,
        0.13823001124137302,
        0.09273603975836794,
        0.05756021749326616,
        0.036090473240009566,
        0.023762341000374606,
        0.015314199302483187,
        0.010193714814621911
    ],
    "clip_indices": [
        0,
        1,
        3,
        5,
        7,
        9,
        11,
        13,
        15,
        17,
        19,
        20,
        22,
        24,
        26,
        28,
        30,
        32,
        34,
        36,
        38,
        39,
        41,
        43,
        45,
        47,
        49,
        51,
        53,
        55,
        57,
        59
    ]
}