{
    "video_path": "FallVision/Fall/Chair/f_raw_c_2/C_N_460.mp4",
    "active_window": [
        22,
        29
    ],
    "varying_k": 8,
    "detection_status": "Global Event Zone",
    "saliency_weights": [
        0.0034624531382548276,
        0.004816803630551323,
        0.006458537740506169,
        0.007465164681015547,
        0.007751765645245219,
        0.007618453243905024,
        0.007318757592567768,
        0.0070206701621767665,
        0.006839629896923563,
        0.00684374477574557,
        0.00702627307557907,
        0.007308444272425107,
        0.007549530329928859,
        0.007605064423080047,
        0.007430631623340589,
        0.007112345306462419,
        0.006883941400494389,
        0.007235977451863884,
        0.009494322791606054,
        0.018105213085231615,
        0.04395479339573536,
        0.09817908807878775,
        0.17066307967120936,
        0.2277405922365846,
        0.25038318288226274,
        0.25207032797387835,
        0.24569080067807397,
        0.22275428018252053,
        0.17583364361065518,
        0.11753016473128078,
        0.06661152726331403,
        0.03645092825688408
    ],
    "clip_indices": [
        0,
        1,
        3,
        5,
        7,
        9,
        11,
        13,
        15,
        17,
        19,
        20,
        22,
        24,
        26,
        28,
        30,
        32,
        34,
        36,
        38,
        39,
        41,
        43,
        45,
        47,
        49,
        51,
        53,
        55,
        57,
        59
    ]
}