{
    "video_path": "FallVision/Fall/Chair/f_raw_c_2/C_N_383_resized.mp4",
    "active_window": [
        13,
        19
    ],
    "varying_k": 7,
    "detection_status": "Global Event Zone",
    "saliency_weights": [
        0.006936431028899759,
        0.011239457643505719,
        0.016455184231385873,
        0.01991555371832229,
        0.022114180190914715,
        0.024743559886281102,
        0.028638311314156055,
        0.03378914161922744,
        0.03973722533860406,
        0.04634777697559389,
        0.0547088992152808,
        0.06675843885696991,
        0.08448054780262364,
        0.11013289714310398,
        0.1457746339223211,
        0.18729704083537135,
        0.21504121338104654,
        0.20447040847547043,
        0.15713008419342214,
        0.10185097445619323,
        0.06152166659758167,
        0.03942120009518403,
        0.03071232582546405,
        0.030566241845786667,
        0.03589489737483238,
        0.04469737496847644,
        0.05355941277820318,
        0.05665933316484459,
        0.05058246380403998,
        0.03814436814020601,
        0.024761078051326643,
        0.015856298261810082
    ],
    "clip_indices": [
        0,
        2,
        5,
        8,
        11,
        14,
        17,
        20,
        22,
        25,
        28,
        31,
        34,
        37,
        40,
        43,
        45,
        48,
        51,
        54,
        57,
        60,
        63,
        66,
        68,
        71,
        74,
        77,
        80,
        83,
        86,
        89
    ]
}