{
    "video_path": "FallVision/Fall/Chair/f_raw_c_2/C_N_60.mp4",
    "active_window": [
        21,
        27
    ],
    "varying_k": 7,
    "detection_status": "Global Event Zone",
    "saliency_weights": [
        0.010347140590523279,
        0.01790728005111025,
        0.026887181939035734,
        0.032168705520257926,
        0.033841330576890774,
        0.03409709696628052,
        0.03412730707853096,
        0.03424120938716304,
        0.034540305113891945,
        0.03502676239635437,
        0.03549799982138148,
        0.03571358276100811,
        0.03568770029427658,
        0.03562318630096887,
        0.03568274560394147,
        0.03602341740076699,
        0.03704540980391148,
        0.039647833982453716,
        0.045608788028691144,
        0.058221750769375594,
        0.08254095814421092,
        0.12166797230196094,
        0.16668984162360848,
        0.19615586678149366,
        0.1966893361125557,
        0.1741744097209258,
        0.14118638762957236,
        0.10757350181473047,
        0.0783364254817521,
        0.05354154450230722,
        0.0329847984723755,
        0.020230014962744056
    ],
    "clip_indices": [
        0,
        2,
        4,
        6,
        9,
        11,
        13,
        16,
        18,
        20,
        22,
        25,
        27,
        29,
        32,
        34,
        36,
        38,
        41,
        43,
        45,
        48,
        50,
        52,
        54,
        57,
        59,
        61,
        64,
        66,
        68,
        71
    ]
}