{
    "video_path": "FallVision/Fall/Chair/f_raw_c_2/C_N_95_resized.mp4",
    "active_window": [
        15,
        25
    ],
    "varying_k": 11,
    "detection_status": "Global Event Zone",
    "saliency_weights": [
        0.0024439495004326297,
        0.002885324448358099,
        0.003411764820882396,
        0.003725752487026852,
        0.0038303845023678583,
        0.003850256463390449,
        0.0038526688379702956,
        0.003853993125847567,
        0.0038609504943796767,
        0.003895074215331239,
        0.0040585782351096,
        0.004820998487059588,
        0.008011423884769591,
        0.019561588289543314,
        0.051771524813921305,
        0.11190378791983407,
        0.18030917421059497,
        0.22018764152839296,
        0.21787010111085447,
        0.19119734016861376,
        0.1632951245184629,
        0.14752246948968478,
        0.14495287286987454,
        0.14596986529649122,
        0.13858488671107405,
        0.11495138601125668,
        0.077693710924231,
        0.04203164299812128,
        0.020259821794118164,
        0.01056482169162154,
        0.006349504526528512,
        0.004496728830186989
    ],
    "clip_indices": [
        0,
        2,
        5,
        8,
        11,
        14,
        17,
        20,
        22,
        25,
        28,
        31,
        34,
        37,
        40,
        43,
        45,
        48,
        51,
        54,
        57,
        60,
        63,
        66,
        68,
        71,
        74,
        77,
        80,
        83,
        86,
        89
    ]
}