{
    "video_path": "FallVision/Fall/Chair/f_raw_c_2/C_N_428.mp4",
    "active_window": [
        12,
        19
    ],
    "varying_k": 8,
    "detection_status": "Global Event Zone",
    "saliency_weights": [
        0.0023046062583243635,
        0.002721055749202725,
        0.0032554830099983086,
        0.0037891098888893932,
        0.004831899195417006,
        0.007762357065491659,
        0.01485231779669551,
        0.027255587242964258,
        0.04253497986635661,
        0.057404806521315396,
        0.07217284920376585,
        0.09104581937515323,
        0.12033411682633534,
        0.16272766365221908,
        0.20865073743412302,
        0.24021259141480658,
        0.24485608230501693,
        0.22072209075509175,
        0.1766446718502061,
        0.1279188457278559,
        0.08581168106872722,
        0.053878393561161295,
        0.031849395155027334,
        0.018201117073920345,
        0.010829679278142216,
        0.007192023759796473,
        0.005303166238488852,
        0.0042712895969915475,
        0.003729176077164798,
        0.003378184494896145,
        0.0030405071062559086,
        0.0027908905152740004
    ],
    "clip_indices": [
        0,
        3,
        7,
        11,
        15,
        19,
        23,
        26,
        30,
        34,
        38,
        42,
        46,
        49,
        53,
        57,
        61,
        65,
        69,
        72,
        76,
        80,
        84,
        88,
        92,
        95,
        99,
        103,
        107,
        111,
        115,
        119
    ]
}