{
    "video_path": "FallVision/Fall/Chair/f_raw_c_2/C_N_203_resized.mp4",
    "active_window": [
        9,
        15
    ],
    "varying_k": 7,
    "detection_status": "Global Event Zone",
    "saliency_weights": [
        0.0031768412672332274,
        0.003880992446414335,
        0.005502732052834414,
        0.008847151964705577,
        0.015586139955939375,
        0.027442638708320352,
        0.04531972775284524,
        0.07050859417612329,
        0.10593089304565365,
        0.15420286943829573,
        0.21305605137044964,
        0.2698855425669926,
        0.29706142306423416,
        0.27015264998808425,
        0.2008978101925481,
        0.12718564704627774,
        0.07343408018325723,
        0.04149312144247436,
        0.024867352277572606,
        0.017001565984030933,
        0.013377521292997976,
        0.01147705041922489,
        0.01008278254380993,
        0.008778592644604628,
        0.007546924120061395,
        0.0065380821299687725,
        0.005836492166400428,
        0.005340455332886313,
        0.004902134088314934,
        0.004444566289648986,
        0.003987781465802106,
        0.00367542162342605
    ],
    "clip_indices": [
        0,
        1,
        3,
        5,
        7,
        9,
        11,
        13,
        15,
        17,
        19,
        20,
        22,
        24,
        26,
        28,
        30,
        32,
        34,
        36,
        38,
        39,
        41,
        43,
        45,
        47,
        49,
        51,
        53,
        55,
        57,
        59
    ]
}