{
    "video_path": "FallVision/Fall/Chair/f_raw_c_2/C_N_215_resized.mp4",
    "active_window": [
        16,
        21
    ],
    "varying_k": 6,
    "detection_status": "Global Event Zone",
    "saliency_weights": [
        0.004242289490986548,
        0.005220175776888249,
        0.0064967955615346535,
        0.007582701157555008,
        0.008697865363849554,
        0.010361999544800157,
        0.01294251583883968,
        0.01653399198501011,
        0.020795748691156513,
        0.02489673574454064,
        0.02756533865005678,
        0.02806417921779567,
        0.02789323727218094,
        0.0312437245278802,
        0.04508096190956967,
        0.07876261804110737,
        0.14083424808517242,
        0.22722561441484068,
        0.3016383219211076,
        0.311305610530922,
        0.2486859586014703,
        0.1631897639693736,
        0.09846214015592679,
        0.060917768844466966,
        0.0411252011582574,
        0.030356765543258793,
        0.023419213709807728,
        0.018183940713514937,
        0.013965044181225426,
        0.01052252417549165,
        0.007863043298778126,
        0.006308764803421372
    ],
    "clip_indices": [
        0,
        1,
        3,
        5,
        7,
        9,
        11,
        13,
        15,
        17,
        19,
        21,
        23,
        25,
        27,
        29,
        30,
        32,
        34,
        36,
        38,
        40,
        42,
        44,
        46,
        48,
        50,
        52,
        54,
        56,
        58,
        60
    ]
}