{
    "video_path": "FallVision/Fall/Chair/f_raw_c_2/C_N_386_resized.mp4",
    "active_window": [
        15,
        20
    ],
    "varying_k": 6,
    "detection_status": "Global Event Zone",
    "saliency_weights": [
        0.006138850769982301,
        0.009172578996205681,
        0.012807452403788297,
        0.015043515941370962,
        0.01600612094091101,
        0.01674644157764309,
        0.018028832010283262,
        0.020214579707102706,
        0.02325251919836615,
        0.02661084211798538,
        0.029293246944964962,
        0.031161948023546743,
        0.035572630536584146,
        0.05165006737438303,
        0.0945573735239557,
        0.17133258381616367,
        0.25525986071391243,
        0.29791591109299953,
        0.2782138617030999,
        0.21486356189121564,
        0.13997849396528045,
        0.08084478001267777,
        0.04794000885527777,
        0.033437961193750664,
        0.026547158233932795,
        0.022355929914139525,
        0.019507123442967067,
        0.017489619153005443,
        0.01574359281459633,
        0.01350148102482104,
        0.010606713326212191,
        0.008350006674787113
    ],
    "clip_indices": [
        0,
        2,
        5,
        8,
        11,
        14,
        17,
        20,
        22,
        25,
        28,
        31,
        34,
        37,
        40,
        43,
        45,
        48,
        51,
        54,
        57,
        60,
        63,
        66,
        68,
        71,
        74,
        77,
        80,
        83,
        86,
        89
    ]
}