{
    "video_path": "FallVision/Fall/Chair/f_raw_c_2/C_N_307_resized.mp4",
    "active_window": [
        15,
        21
    ],
    "varying_k": 7,
    "detection_status": "Global Event Zone",
    "saliency_weights": [
        0.004018434160976734,
        0.004680270199332394,
        0.005469271575709701,
        0.00594830469294018,
        0.006162986924732007,
        0.0064204028321216845,
        0.007064593995080245,
        0.008352296966828066,
        0.010290299554401727,
        0.012559971240728576,
        0.014496174762438665,
        0.015762419793348578,
        0.01799388808003013,
        0.027568052854879798,
        0.058292729551865506,
        0.12313902296791411,
        0.21558766423096853,
        0.30566559996892034,
        0.35084970284925954,
        0.3174935929225708,
        0.22038716237237377,
        0.12123622696807337,
        0.06225139393989861,
        0.03702472545768205,
        0.02581823632719233,
        0.019256022311937505,
        0.014888236109294448,
        0.011887511216416596,
        0.009717347087586668,
        0.007981118895582538,
        0.006530808818965119,
        0.005614996475072723
    ],
    "clip_indices": [
        0,
        5,
        11,
        17,
        23,
        28,
        34,
        40,
        46,
        51,
        57,
        63,
        69,
        75,
        80,
        86,
        92,
        98,
        103,
        109,
        115,
        121,
        127,
        132,
        138,
        144,
        150,
        155,
        161,
        167,
        173,
        179
    ]
}