{
    "video_path": "FallVision/Fall/Chair/f_raw_c_2/C_N_451.mp4",
    "active_window": [
        11,
        17
    ],
    "varying_k": 7,
    "detection_status": "Global Event Zone",
    "saliency_weights": [
        0.003630390396149631,
        0.00471353635990941,
        0.006420827306807573,
        0.008433323971435334,
        0.010821644425249749,
        0.01365996177153844,
        0.016837547941595195,
        0.021382571347649537,
        0.031691667219959856,
        0.05662112743905198,
        0.10826005710965023,
        0.1885198985200094,
        0.26988589213701336,
        0.3123543143132306,
        0.3015561208071887,
        0.2509198938474564,
        0.18221908753682456,
        0.11526139905804483,
        0.06283934319805404,
        0.029781775886153685,
        0.01384353279190113,
        0.007906193282143393,
        0.005824708934310464,
        0.004978980202854451,
        0.004606774077367364,
        0.0044402766821404795,
        0.0043512648207022445,
        0.004283776655944763,
        0.004191885031272666,
        0.004012131724512641,
        0.0037414637653925883,
        0.0035210137189271274
    ],
    "clip_indices": [
        0,
        2,
        5,
        8,
        11,
        14,
        17,
        20,
        22,
        25,
        28,
        31,
        34,
        37,
        40,
        43,
        45,
        48,
        51,
        54,
        57,
        60,
        63,
        66,
        68,
        71,
        74,
        77,
        80,
        83,
        86,
        89
    ]
}