{
    "video_path": "FallVision/Fall/Chair/f_raw_c_2/C_N_539.mp4",
    "active_window": [
        20,
        26
    ],
    "varying_k": 7,
    "detection_status": "Global Event Zone",
    "saliency_weights": [
        0.0045653949401473284,
        0.006025391972765252,
        0.007793066554797638,
        0.008899984104900682,
        0.009331392735430724,
        0.009461146516065362,
        0.009493586695596606,
        0.009487730406714249,
        0.009488381061947548,
        0.009549929294556846,
        0.009725793484530586,
        0.010100790559949864,
        0.010845159487679942,
        0.01221543769516085,
        0.014531009650029042,
        0.018243638615270452,
        0.024245290807158017,
        0.03496066416283106,
        0.05606057580981744,
        0.09535776460332668,
        0.15677080817689046,
        0.23279552385345886,
        0.2954959421561894,
        0.30384257384371116,
        0.24843280747057161,
        0.17042682519744462,
        0.1098328091048715,
        0.07137864912446894,
        0.04567264998891547,
        0.02775061204454156,
        0.016335079607320536,
        0.010717055356892604
    ],
    "clip_indices": [
        0,
        2,
        5,
        8,
        11,
        14,
        17,
        20,
        22,
        25,
        28,
        31,
        34,
        37,
        40,
        43,
        45,
        48,
        51,
        54,
        57,
        60,
        63,
        66,
        68,
        71,
        74,
        77,
        80,
        83,
        86,
        89
    ]
}