{
    "video_path": "FallVision/Fall/Chair/f_raw_c_2/C_N_84_resized.mp4",
    "active_window": [
        16,
        24
    ],
    "varying_k": 9,
    "detection_status": "Global Event Zone",
    "saliency_weights": [
        0.0030484258101296617,
        0.0038350461817414955,
        0.004767482314332965,
        0.005312520170278279,
        0.005482194851147556,
        0.005505803742316092,
        0.0055015854951598366,
        0.005494939619080499,
        0.005503902684726709,
        0.005590770545037954,
        0.005986534697781142,
        0.007504101978419508,
        0.012226589516279064,
        0.02368741803064492,
        0.04614507688628431,
        0.08094278119521668,
        0.1206763995711851,
        0.154384589207664,
        0.18281280160207375,
        0.21572307651478057,
        0.24874881662155657,
        0.25947215246166466,
        0.23331610993848179,
        0.1773925355337914,
        0.11122547829028392,
        0.05742774797189158,
        0.027762959121580773,
        0.01589293510509631,
        0.011063853976732162,
        0.008195754261919538,
        0.006083596437019162,
        0.00482808517941292
    ],
    "clip_indices": [
        0,
        3,
        7,
        11,
        15,
        19,
        22,
        26,
        30,
        34,
        38,
        41,
        45,
        49,
        53,
        57,
        60,
        64,
        68,
        72,
        76,
        79,
        83,
        87,
        91,
        95,
        98,
        102,
        106,
        110,
        114,
        118
    ]
}