{
    "video_path": "FallVision/Fall/Chair/f_raw_c_2/C_N_522.mp4",
    "active_window": [
        12,
        18
    ],
    "varying_k": 7,
    "detection_status": "Global Event Zone",
    "saliency_weights": [
        0.005835366875011502,
        0.008379422253845567,
        0.011413538132470449,
        0.01322190210386702,
        0.013830995390773251,
        0.014033349161673814,
        0.014463113430981302,
        0.01578040267774495,
        0.019343190045744967,
        0.02841385047769862,
        0.049550815318364874,
        0.0908522598630114,
        0.15664442782641333,
        0.23805450798167999,
        0.3014589657727808,
        0.30755236499270555,
        0.2551387469107845,
        0.17965506016505284,
        0.11248745340762667,
        0.06520116905943531,
        0.03716829614589152,
        0.022544821431036543,
        0.015533879047997847,
        0.012360528496798844,
        0.010921284772948188,
        0.010227176661286192,
        0.009850018093185363,
        0.009591904740383211,
        0.00923160512899418,
        0.008437275323620371,
        0.007174290473776221,
        0.006127116346772613
    ],
    "clip_indices": [
        0,
        1,
        3,
        5,
        7,
        9,
        11,
        13,
        15,
        17,
        19,
        20,
        22,
        24,
        26,
        28,
        30,
        32,
        34,
        36,
        38,
        39,
        41,
        43,
        45,
        47,
        49,
        51,
        53,
        55,
        57,
        59
    ]
}