{
    "video_path": "FallVision/Fall/Chair/f_raw_c_2/C_N_47.mp4",
    "active_window": [
        11,
        18
    ],
    "varying_k": 8,
    "detection_status": "Global Event Zone",
    "saliency_weights": [
        0.008480612641141794,
        0.014260896379954709,
        0.02150296175663096,
        0.026410788977269353,
        0.02841719811271507,
        0.02858822226268721,
        0.02828791281909091,
        0.029432371857322635,
        0.035100110437526894,
        0.04881931285106765,
        0.07310564383018506,
        0.10880984867912973,
        0.15357150002665276,
        0.19909428203327756,
        0.228294353799033,
        0.2240907004790013,
        0.1883042004688142,
        0.14021466405951305,
        0.09714579260608686,
        0.06654438027279631,
        0.04835172940770492,
        0.038308117483647236,
        0.03241991816816583,
        0.028782765234174605,
        0.02656133557979061,
        0.025138335283754903,
        0.024082679441244134,
        0.023124944547593788,
        0.02168966769756255,
        0.01872896149632428,
        0.014182089959872803,
        0.010455539132011983
    ],
    "clip_indices": [
        0,
        2,
        4,
        6,
        9,
        11,
        13,
        16,
        18,
        20,
        22,
        25,
        27,
        29,
        32,
        34,
        36,
        38,
        41,
        43,
        45,
        48,
        50,
        52,
        54,
        57,
        59,
        61,
        64,
        66,
        68,
        71
    ]
}