{
    "video_path": "FallVision/Fall/Chair/f_raw_c_2/C_N_382_resized.mp4",
    "active_window": [
        15,
        21
    ],
    "varying_k": 7,
    "detection_status": "Global Event Zone",
    "saliency_weights": [
        0.005552895676048669,
        0.00858829564215308,
        0.012252693191535009,
        0.01455707908465504,
        0.01558226213607942,
        0.01628939440132212,
        0.017330935871469777,
        0.019019024267205743,
        0.02143479857459023,
        0.02431962789859843,
        0.02698132415646514,
        0.02936836730143833,
        0.0341583968124444,
        0.04824506144679187,
        0.08272943512839388,
        0.14360207145946194,
        0.21455364806691868,
        0.26280712970425635,
        0.26768619882255595,
        0.2313842298774349,
        0.1723994340319877,
        0.11603922846392711,
        0.07686644304121594,
        0.05268022372023014,
        0.036981953361325856,
        0.026708682344248134,
        0.020633573756266683,
        0.017267125549317894,
        0.015010364404600992,
        0.012603601669553932,
        0.00971042058565057,
        0.007499998985749844
    ],
    "clip_indices": [
        0,
        3,
        7,
        11,
        15,
        19,
        23,
        26,
        30,
        34,
        38,
        42,
        46,
        49,
        53,
        57,
        61,
        65,
        69,
        72,
        76,
        80,
        84,
        88,
        92,
        95,
        99,
        103,
        107,
        111,
        115,
        119
    ]
}