{
    "video_path": "FallVision/Fall/Chair/f_raw_c_2/C_N_212_resized.mp4",
    "active_window": [
        23,
        28
    ],
    "varying_k": 6,
    "detection_status": "Global Event Zone",
    "saliency_weights": [
        0.00549804424108623,
        0.008631841564717243,
        0.01193163747207011,
        0.01304766662199941,
        0.012485307672856695,
        0.011817749314300244,
        0.011848539749994115,
        0.012926605129899293,
        0.015568494924614651,
        0.020171081062879764,
        0.026393438760285912,
        0.03359413372034761,
        0.04168725872454613,
        0.05119079227272396,
        0.06269957690075126,
        0.07567317882714245,
        0.0866918749667597,
        0.0907534737664084,
        0.08581249788023547,
        0.07438828103390023,
        0.06231038414746274,
        0.058088874429297666,
        0.07158065432644449,
        0.10935117597267432,
        0.1622759478052297,
        0.20213423982855686,
        0.20653369364162205,
        0.1760866398582771,
        0.1252616929334182,
        0.07430333991204842,
        0.03842004418251155,
        0.02082790587016501
    ],
    "clip_indices": [
        0,
        1,
        3,
        4,
        6,
        7,
        9,
        10,
        12,
        13,
        15,
        16,
        18,
        19,
        21,
        22,
        24,
        25,
        27,
        28,
        30,
        31,
        33,
        34,
        36,
        37,
        39,
        40,
        42,
        43,
        45,
        47
    ]
}