{
    "video_path": "FallVision/Fall/Chair/f_raw_c_2/C_N_45.mp4",
    "active_window": [
        17,
        24
    ],
    "varying_k": 8,
    "detection_status": "Global Event Zone",
    "saliency_weights": [
        0.009069389909369374,
        0.015538385153680424,
        0.023183959819104615,
        0.027606219673042262,
        0.028924232867257815,
        0.029070398891973867,
        0.02907825445901785,
        0.029198655593009413,
        0.029502262431259536,
        0.029986520395229255,
        0.030513032553091263,
        0.031026572711006416,
        0.03192690398312351,
        0.0340360626483713,
        0.03850188939125815,
        0.04748704688049679,
        0.0650412707883126,
        0.09469970865420979,
        0.1334122118146674,
        0.1707625738623978,
        0.19490574153874213,
        0.19728564512843116,
        0.17757357305001298,
        0.14477844787471247,
        0.11000354945486254,
        0.08161108945737397,
        0.06289757385222021,
        0.05121781190469653,
        0.042146940680253514,
        0.03257236404359355,
        0.022153236583156793,
        0.014623823904566506
    ],
    "clip_indices": [
        0,
        2,
        4,
        6,
        9,
        11,
        13,
        16,
        18,
        20,
        22,
        25,
        27,
        29,
        32,
        34,
        36,
        38,
        41,
        43,
        45,
        48,
        50,
        52,
        54,
        57,
        59,
        61,
        64,
        66,
        68,
        71
    ]
}