{
    "video_path": "FallVision/Fall/Chair/f_raw_c_2/C_N_96_resized.mp4",
    "active_window": [
        20,
        25
    ],
    "varying_k": 6,
    "detection_status": "Global Event Zone",
    "saliency_weights": [
        0.007182611495440434,
        0.01054004509397724,
        0.014452152962007508,
        0.01660001298155144,
        0.017089707262771387,
        0.016977974096983067,
        0.01678699449977154,
        0.016609844678483334,
        0.016492907568763274,
        0.01648690689066854,
        0.01657949800214469,
        0.01672890488851294,
        0.016937610854319163,
        0.017240034426483947,
        0.01766543973298512,
        0.018372204758943737,
        0.02018849801349639,
        0.026145480152675073,
        0.04386961757876036,
        0.08422372865199164,
        0.15337289703048196,
        0.24271893208677175,
        0.3164784422908156,
        0.32137770302582447,
        0.24651157387454797,
        0.14837735432029314,
        0.08044873246970188,
        0.046531878840854954,
        0.030264397587896796,
        0.02093750856586228,
        0.014449533675057441,
        0.01061845599476932
    ],
    "clip_indices": [
        0,
        2,
        4,
        6,
        9,
        11,
        13,
        16,
        18,
        20,
        22,
        25,
        27,
        29,
        32,
        34,
        36,
        38,
        41,
        43,
        45,
        48,
        50,
        52,
        54,
        57,
        59,
        61,
        64,
        66,
        68,
        71
    ]
}