{
    "video_path": "FallVision/Fall/Chair/f_raw_c_2/C_N_213_resized.mp4",
    "active_window": [
        8,
        13
    ],
    "varying_k": 6,
    "detection_status": "Global Event Zone",
    "saliency_weights": [
        0.008734375378954704,
        0.014987212226580277,
        0.02558516512139177,
        0.03825176308521876,
        0.05043384865232165,
        0.06096326885855096,
        0.07320092108056245,
        0.09702135904321696,
        0.14769031611963113,
        0.22443766929454556,
        0.2839391901105407,
        0.2769696193907926,
        0.2120974412164161,
        0.13798337006422484,
        0.08474596249006877,
        0.05395159796767364,
        0.037862414483848486,
        0.02949133877042783,
        0.024617245736986426,
        0.021325892584056816,
        0.018861900372261597,
        0.01694111668092936,
        0.015432976199212117,
        0.014258926792346999,
        0.013435063071234363,
        0.013045506474459411,
        0.01298848020039498,
        0.012822526119195697,
        0.01208031722384394,
        0.010566205721312878,
        0.008549550071773871,
        0.007008385562105351
    ],
    "clip_indices": [
        0,
        1,
        3,
        4,
        6,
        7,
        9,
        10,
        12,
        13,
        15,
        16,
        18,
        19,
        21,
        22,
        24,
        25,
        27,
        28,
        30,
        31,
        33,
        34,
        36,
        37,
        39,
        40,
        42,
        43,
        45,
        47
    ]
}