{
    "video_path": "FallVision/Fall/Chair/f_raw_c_2/C_N_367_resized.mp4",
    "active_window": [
        16,
        22
    ],
    "varying_k": 7,
    "detection_status": "Global Event Zone",
    "saliency_weights": [
        0.004425800816617139,
        0.005568363729183403,
        0.006985167443752482,
        0.007944779291892691,
        0.008428996056304781,
        0.008744006809821542,
        0.009150380149209273,
        0.009869664867961734,
        0.011158952545727314,
        0.013297943395835711,
        0.016521879995565293,
        0.021041126845103918,
        0.02722375938671265,
        0.036513870421863034,
        0.05313571563726449,
        0.08511883972211795,
        0.14274912552641145,
        0.2259880759625943,
        0.3016229594750315,
        0.3171247807549604,
        0.26151980486729715,
        0.1786461285629407,
        0.11010345829601978,
        0.06575582178908951,
        0.040172000171339546,
        0.02611021702098243,
        0.018275965760647127,
        0.013785712257589688,
        0.011061102349774348,
        0.00904748370462042,
        0.007264488344845978,
        0.0060621653480929846
    ],
    "clip_indices": [
        0,
        2,
        4,
        6,
        9,
        11,
        13,
        16,
        18,
        20,
        22,
        25,
        27,
        29,
        32,
        34,
        36,
        38,
        41,
        43,
        45,
        48,
        50,
        52,
        54,
        57,
        59,
        61,
        64,
        66,
        68,
        71
    ]
}