{
    "video_path": "FallVision/Fall/Chair/f_raw_c_2/C_N_279_resized.mp4",
    "active_window": [
        18,
        23
    ],
    "varying_k": 6,
    "detection_status": "Global Event Zone",
    "saliency_weights": [
        0.0039916283959369435,
        0.0046106306041734085,
        0.005296243107742118,
        0.0056104875079839266,
        0.005642440936222094,
        0.0056986176450100606,
        0.005992227472979303,
        0.006698496605791072,
        0.008123687215188602,
        0.010942190068856408,
        0.01636179871569361,
        0.025363838190735337,
        0.037364318067245945,
        0.05032482295783433,
        0.061781457291711424,
        0.0708199857686252,
        0.0814934098123172,
        0.10407563111730661,
        0.15233975744901984,
        0.2298665384381593,
        0.3029658677987136,
        0.3112242294921137,
        0.23988244277685203,
        0.14348707467612476,
        0.07370905645774468,
        0.03688632764192534,
        0.02009816087680747,
        0.012827249905783777,
        0.009321365101440701,
        0.007210490040844118,
        0.005755803762833028,
        0.004927054682395297
    ],
    "clip_indices": [
        0,
        2,
        5,
        8,
        11,
        14,
        17,
        20,
        22,
        25,
        28,
        31,
        34,
        37,
        40,
        43,
        45,
        48,
        51,
        54,
        57,
        60,
        63,
        66,
        68,
        71,
        74,
        77,
        80,
        83,
        86,
        89
    ]
}