{
    "video_path": "FallVision/Fall/Chair/f_raw_c_2/C_N_472_resized.mp4",
    "active_window": [
        19,
        25
    ],
    "varying_k": 7,
    "detection_status": "Global Event Zone",
    "saliency_weights": [
        0.005118257503858723,
        0.00746891717194011,
        0.010278708555795713,
        0.01196550544108576,
        0.012536595057378995,
        0.012644663392246907,
        0.012647681838682229,
        0.012640335100708312,
        0.012661081155857394,
        0.012755315537393841,
        0.012973419165379016,
        0.013326558807727432,
        0.013742197926743135,
        0.014228089726064038,
        0.015204721415257916,
        0.017686316624057917,
        0.02365288574832919,
        0.037474031877355256,
        0.06756327840941559,
        0.12164403998478457,
        0.193182191848203,
        0.25845651463399855,
        0.2916450426865518,
        0.27709342061766973,
        0.22026544550901542,
        0.14983589681226592,
        0.09200394270467999,
        0.0540045573913155,
        0.03241632881272994,
        0.020596552343262724,
        0.013330019717405248,
        0.009330355936923981
    ],
    "clip_indices": [
        0,
        1,
        3,
        5,
        7,
        9,
        11,
        13,
        15,
        17,
        19,
        20,
        22,
        24,
        26,
        28,
        30,
        32,
        34,
        36,
        38,
        39,
        41,
        43,
        45,
        47,
        49,
        51,
        53,
        55,
        57,
        59
    ]
}