{
    "video_path": "FallVision/Fall/Chair/f_raw_c_2/C_N_246.mp4",
    "active_window": [
        13,
        21
    ],
    "varying_k": 9,
    "detection_status": "Global Event Zone",
    "saliency_weights": [
        0.005471653825445861,
        0.008394026397829603,
        0.011147713295748856,
        0.011369762642816415,
        0.009888714992333774,
        0.008618318400345956,
        0.008329618068500494,
        0.009105671073265577,
        0.011313855356508088,
        0.016056471011137968,
        0.025459783255587874,
        0.04219017031774774,
        0.06830773050105658,
        0.10414590147547474,
        0.14633407464572074,
        0.18652720269020195,
        0.2112726647314492,
        0.20839247536262925,
        0.18099212944510668,
        0.14676103573731356,
        0.11976345638508881,
        0.10262648935202276,
        0.09159780257240702,
        0.08116541109074457,
        0.06837067737495756,
        0.05442146902892838,
        0.0414840705919465,
        0.030463426798128454,
        0.021471159321200018,
        0.014411072246074762,
        0.009290755075340216,
        0.006449194242375073
    ],
    "clip_indices": [
        0,
        1,
        3,
        5,
        7,
        9,
        11,
        13,
        15,
        17,
        19,
        20,
        22,
        24,
        26,
        28,
        30,
        32,
        34,
        36,
        38,
        39,
        41,
        43,
        45,
        47,
        49,
        51,
        53,
        55,
        57,
        59
    ]
}