{
    "video_path": "FallVision/Fall/Chair/f_raw_c_2/C_N_505.mp4",
    "active_window": [
        14,
        19
    ],
    "varying_k": 6,
    "detection_status": "Global Event Zone",
    "saliency_weights": [
        0.009049511502721442,
        0.014725876070075765,
        0.020471053377254068,
        0.02185725883992567,
        0.019997447875208352,
        0.01846858757165732,
        0.019983854334136804,
        0.02554316653921076,
        0.03374795917249071,
        0.04177164078831584,
        0.047174217264607056,
        0.05113808559562952,
        0.06232316490978546,
        0.09129307165039574,
        0.1384507096434609,
        0.19087069535841364,
        0.2253451357118596,
        0.22025408467688087,
        0.1783432407395248,
        0.1257397922533628,
        0.0834383448189602,
        0.055843732413032386,
        0.040562686686670374,
        0.03503606267233128,
        0.03696621727293264,
        0.04333491014477272,
        0.04976734314807779,
        0.0507368048761157,
        0.04360591677583035,
        0.03166802488722203,
        0.020078162697228615,
        0.012844547574563239
    ],
    "clip_indices": [
        0,
        2,
        5,
        8,
        11,
        14,
        17,
        20,
        22,
        25,
        28,
        31,
        34,
        37,
        40,
        43,
        45,
        48,
        51,
        54,
        57,
        60,
        63,
        66,
        68,
        71,
        74,
        77,
        80,
        83,
        86,
        89
    ]
}