{
    "video_path": "FallVision/Fall/Chair/f_raw_c_2/C_N_142.mp4",
    "active_window": [
        22,
        28
    ],
    "varying_k": 7,
    "detection_status": "Global Event Zone",
    "saliency_weights": [
        0.007759110993639904,
        0.013077060994275929,
        0.019209987169371143,
        0.022430089130016755,
        0.022923402695338102,
        0.022452355585553425,
        0.022006239161678168,
        0.021930797149739077,
        0.022500865423772158,
        0.02408509266880824,
        0.027170601616246702,
        0.032460839353644785,
        0.04073614642635053,
        0.051470600436338776,
        0.060755524843404636,
        0.06339208231442094,
        0.05833419537211052,
        0.0493285527128538,
        0.041673292465342855,
        0.04090087993265519,
        0.05262395518612625,
        0.08062110044278376,
        0.12129538615484906,
        0.1622126693388831,
        0.19048337869324322,
        0.19834941318650248,
        0.1842155694754811,
        0.15312344476889989,
        0.11319293299632852,
        0.07353120721006462,
        0.041895083208275084,
        0.02381114683452562
    ],
    "clip_indices": [
        0,
        1,
        3,
        5,
        7,
        9,
        11,
        13,
        15,
        17,
        19,
        20,
        22,
        24,
        26,
        28,
        30,
        32,
        34,
        36,
        38,
        39,
        41,
        43,
        45,
        47,
        49,
        51,
        53,
        55,
        57,
        59
    ]
}