{
    "video_path": "FallVision/Fall/Chair/f_raw_c_2/C_N_499.mp4",
    "active_window": [
        13,
        19
    ],
    "varying_k": 7,
    "detection_status": "Global Event Zone",
    "saliency_weights": [
        0.011236897097069175,
        0.019216543814576062,
        0.028475043410558565,
        0.033352870061723675,
        0.033802230113337495,
        0.032203196440971804,
        0.030216774202752275,
        0.028707734694097296,
        0.02830221792385265,
        0.03006290982860965,
        0.03635894041850236,
        0.051510875138616415,
        0.08154055453663532,
        0.1289631896256121,
        0.18381236240355553,
        0.22627588752293742,
        0.23867688253903424,
        0.21403646488264624,
        0.1640872000010094,
        0.11375604950843343,
        0.07828705065926486,
        0.05597109314689261,
        0.040968031470515705,
        0.030749544635800242,
        0.024458554339997423,
        0.02102501325888335,
        0.019389033832399982,
        0.018743965588498713,
        0.018114929045974136,
        0.016164206057367344,
        0.01257889717873506,
        0.009471530752774989
    ],
    "clip_indices": [
        0,
        1,
        3,
        5,
        7,
        9,
        11,
        13,
        15,
        17,
        19,
        20,
        22,
        24,
        26,
        28,
        30,
        32,
        34,
        36,
        38,
        39,
        41,
        43,
        45,
        47,
        49,
        51,
        53,
        55,
        57,
        59
    ]
}