{
    "video_path": "FallVision/Fall/Chair/f_raw_c_2/C_N_287_resized.mp4",
    "active_window": [
        9,
        15
    ],
    "varying_k": 7,
    "detection_status": "Global Event Zone",
    "saliency_weights": [
        0.0034194139294419796,
        0.004434820340662124,
        0.005992869655133239,
        0.00807225714906066,
        0.011813833324244235,
        0.019253881949325733,
        0.03309909217025028,
        0.05665484518721348,
        0.09318552470200701,
        0.14352881175039883,
        0.20180748410481195,
        0.25430351248843286,
        0.2804268870523905,
        0.2639527934228687,
        0.21210751174933534,
        0.14992749994705065,
        0.09761099257383982,
        0.06281996390830417,
        0.043248047323056094,
        0.031405228348551306,
        0.022080258555500096,
        0.01462953823236901,
        0.009613368254888718,
        0.006726783337010675,
        0.005243688949273838,
        0.0045151182191828995,
        0.004125133929490629,
        0.0039015154135220906,
        0.0037575554944804996,
        0.003590359318513158,
        0.003357311934931795,
        0.0031671799464708067
    ],
    "clip_indices": [
        0,
        3,
        7,
        11,
        15,
        19,
        23,
        26,
        30,
        34,
        38,
        42,
        46,
        49,
        53,
        57,
        61,
        65,
        69,
        72,
        76,
        80,
        84,
        88,
        92,
        95,
        99,
        103,
        107,
        111,
        115,
        119
    ]
}