{
    "video_path": "FallVision/Fall/Chair/f_raw_c_2/C_N_424.mp4",
    "active_window": [
        10,
        17
    ],
    "varying_k": 8,
    "detection_status": "Global Event Zone",
    "saliency_weights": [
        0.0022371802839097725,
        0.0030507665936977827,
        0.004681870811925384,
        0.0073845799382936134,
        0.011707388575158184,
        0.01799038960756588,
        0.025865445719975053,
        0.035194124082269775,
        0.047481491836194406,
        0.06628427281459705,
        0.09642871927435037,
        0.13794280070395376,
        0.17762386651545645,
        0.19751589410349335,
        0.19315808811946206,
        0.17245158520479142,
        0.14257924264426503,
        0.10732450769121575,
        0.07272879925018398,
        0.04809203981853387,
        0.040086357808397116,
        0.04894862001784395,
        0.06742930371085774,
        0.08238709203072361,
        0.08381634598533232,
        0.07038952230346518,
        0.047758474813947835,
        0.02625275248825374,
        0.01307418921087558,
        0.007078782434395886,
        0.004400081446057851,
        0.0032104148530407127
    ],
    "clip_indices": [
        0,
        1,
        3,
        5,
        7,
        9,
        11,
        13,
        15,
        17,
        19,
        20,
        22,
        24,
        26,
        28,
        30,
        32,
        34,
        36,
        38,
        39,
        41,
        43,
        45,
        47,
        49,
        51,
        53,
        55,
        57,
        59
    ]
}