{
    "video_path": "FallVision/Fall/Chair/f_raw_c_2/C_N_170_resized.mp4",
    "active_window": [
        22,
        27
    ],
    "varying_k": 6,
    "detection_status": "Global Event Zone",
    "saliency_weights": [
        0.006424001498059578,
        0.009263201711463163,
        0.01446217347930251,
        0.02094404470147519,
        0.026351202064885698,
        0.028541200100021945,
        0.027528393029291894,
        0.024506684124483265,
        0.02052291676141,
        0.01634662149080123,
        0.012637605825492611,
        0.009879242413822504,
        0.008129128001094308,
        0.007147548040529658,
        0.006695695416202695,
        0.006627421313556599,
        0.0068950569810262725,
        0.007694539578143771,
        0.009922273304128326,
        0.016096184318329234,
        0.0320067464919805,
        0.06799144781001712,
        0.13719534874019484,
        0.24330140996745986,
        0.34848338403109164,
        0.3727603266150242,
        0.2857501184836754,
        0.15964954669465908,
        0.07188223129095678,
        0.030757146058767296,
        0.014439477289774471,
        0.008793603122357191
    ],
    "clip_indices": [
        0,
        3,
        7,
        11,
        15,
        19,
        23,
        26,
        30,
        34,
        38,
        42,
        46,
        49,
        53,
        57,
        61,
        65,
        69,
        72,
        76,
        80,
        84,
        88,
        92,
        95,
        99,
        103,
        107,
        111,
        115,
        119
    ]
}