{
    "video_path": "FallVision/Fall/Chair/f_raw_c_2/C_N_138.mp4",
    "active_window": [
        22,
        28
    ],
    "varying_k": 7,
    "detection_status": "Global Event Zone",
    "saliency_weights": [
        0.003163449983848152,
        0.004029064945211529,
        0.0049711677742969845,
        0.005384373307124827,
        0.005447892488840985,
        0.0055893926195147835,
        0.00591665140544192,
        0.006326815405699494,
        0.006732488570175903,
        0.007128369037863232,
        0.007651642116448256,
        0.008709434861370395,
        0.011028193305850604,
        0.014827361981791718,
        0.01850217401778442,
        0.019671740240225225,
        0.018005764508432255,
        0.015341863513929445,
        0.013842248412028567,
        0.01719269079166955,
        0.03452948868644085,
        0.07687306914784009,
        0.14103987329220435,
        0.205733923061988,
        0.25322046452784464,
        0.27983891364756736,
        0.28130361726130815,
        0.2456965607983495,
        0.17446379955297592,
        0.09812600828593816,
        0.046352198806246074,
        0.023118389221090455
    ],
    "clip_indices": [
        0,
        2,
        5,
        8,
        11,
        14,
        17,
        20,
        22,
        25,
        28,
        31,
        34,
        37,
        40,
        43,
        45,
        48,
        51,
        54,
        57,
        60,
        63,
        66,
        68,
        71,
        74,
        77,
        80,
        83,
        86,
        89
    ]
}