{
    "video_path": "FallVision/No Fall/Bed/nf_raw_b_3/B_D_0225_resized.mp4",
    "active_window": [
        23,
        29
    ],
    "varying_k": 7,
    "detection_status": "Global Event Zone",
    "saliency_weights": [
        0.02066186710293448,
        0.036202876591048413,
        0.050945861382620555,
        0.05303577937613409,
        0.04849079021873472,
        0.04792536345306409,
        0.05222554991362991,
        0.05706859681715386,
        0.06063621414431655,
        0.06379847352384914,
        0.06802430380016763,
        0.0732302588050664,
        0.07577423134068123,
        0.07155404899411315,
        0.062034374588219386,
        0.05294839265243805,
        0.047983194603357496,
        0.047224608126531245,
        0.04930623123665151,
        0.05294600059345419,
        0.057879044825324064,
        0.06462289650855726,
        0.0728128780940568,
        0.08055779555068483,
        0.0859511870565432,
        0.08863365381433627,
        0.09131798668197928,
        0.09877444099358369,
        0.10778066307004869,
        0.10179573227608205,
        0.0732272496964688,
        0.04433575887119694
    ],
    "clip_indices": [
        0,
        3,
        7,
        11,
        15,
        19,
        23,
        26,
        30,
        34,
        38,
        42,
        46,
        49,
        53,
        57,
        61,
        65,
        69,
        72,
        76,
        80,
        84,
        88,
        92,
        95,
        99,
        103,
        107,
        111,
        115,
        119
    ]
}