{
    "video_path": "FallVision/No Fall/Bed/nf_raw_b_3/B_D_0233.mp4",
    "active_window": [
        1,
        11
    ],
    "varying_k": 11,
    "detection_status": "Global Event Zone",
    "saliency_weights": [
        0.06945065157201741,
        0.12093851241206222,
        0.16394067058783968,
        0.1546503968320681,
        0.11616147745404436,
        0.09332531742477303,
        0.10231165130855745,
        0.13242694843270764,
        0.15650860258567745,
        0.15144841979105023,
        0.12213834603226917,
        0.08928377335373762,
        0.06439792848872437,
        0.04783301905477811,
        0.03732466938509883,
        0.03128664700419365,
        0.028389352550487412,
        0.0272709879830874,
        0.02693214002705964,
        0.02684216848443509,
        0.026759342008247013,
        0.026613350517571237,
        0.026474511642300087,
        0.026506992814554493,
        0.026798844651794832,
        0.027276574349281678,
        0.027804443797544303,
        0.028116740299419643,
        0.027331957290302883,
        0.02386643362698894,
        0.01765092193781878,
        0.012348714224121697
    ],
    "clip_indices": [
        0,
        3,
        7,
        11,
        15,
        19,
        23,
        26,
        30,
        34,
        38,
        42,
        46,
        49,
        53,
        57,
        61,
        65,
        69,
        72,
        76,
        80,
        84,
        88,
        92,
        95,
        99,
        103,
        107,
        111,
        115,
        119
    ]
}