{
    "video_path": "FallVision/No Fall/Bed/nf_raw_b_3/B_D_0114.mp4",
    "active_window": [
        7,
        22
    ],
    "varying_k": 16,
    "detection_status": "Global Event Zone",
    "saliency_weights": [
        0.04253239408646004,
        0.07293730817261054,
        0.095369753829573,
        0.08269589023773904,
        0.05293509633437851,
        0.038990561107835484,
        0.05409861133555063,
        0.09080478964154448,
        0.12497776612885997,
        0.13298533942524338,
        0.11348032004812357,
        0.08124071632030988,
        0.05158536606324247,
        0.034238092471548645,
        0.030663190832539274,
        0.03704282366282122,
        0.050271480086807444,
        0.06888546298230233,
        0.09004791559363137,
        0.1082307401640286,
        0.11662594388754333,
        0.11005002527135438,
        0.09081789225948793,
        0.0694447339742956,
        0.054078618208683545,
        0.04467950760962147,
        0.0378836359106971,
        0.03094863068439762,
        0.022964966851113964,
        0.015195563606058868,
        0.009308999148810278,
        0.00612940142868028
    ],
    "clip_indices": [
        0,
        2,
        5,
        8,
        11,
        14,
        17,
        20,
        22,
        25,
        28,
        31,
        34,
        37,
        40,
        43,
        45,
        48,
        51,
        54,
        57,
        60,
        63,
        66,
        68,
        71,
        74,
        77,
        80,
        83,
        86,
        89
    ]
}