{
    "video_path": "FallVision/No Fall/Bed/nf_raw_b_3/B_D_0144.mp4",
    "active_window": [
        11,
        19
    ],
    "varying_k": 9,
    "detection_status": "Global Event Zone",
    "saliency_weights": [
        0.022110414013811516,
        0.04099048008896697,
        0.06454431382043337,
        0.07997734018549887,
        0.08451508807957675,
        0.0805147311983731,
        0.07128728529026716,
        0.060674853176889684,
        0.05347940952617726,
        0.054181369034305926,
        0.06426497632483853,
        0.08046883796495893,
        0.09337999620921153,
        0.0939535081429674,
        0.08488894922474716,
        0.07704734150236092,
        0.07563610498395655,
        0.07756307020591739,
        0.0779144530034338,
        0.07390777075149686,
        0.06652818689061542,
        0.05994445564016061,
        0.05772916726728236,
        0.06038361016802949,
        0.06468323178337415,
        0.0649147635168299,
        0.05973144750027057,
        0.05517166202120477,
        0.05410225891186626,
        0.04919032909934106,
        0.03544515564079574,
        0.022078559048286445
    ],
    "clip_indices": [
        0,
        3,
        7,
        11,
        15,
        19,
        23,
        27,
        30,
        34,
        38,
        42,
        46,
        50,
        54,
        58,
        61,
        65,
        69,
        73,
        77,
        81,
        85,
        89,
        92,
        96,
        100,
        104,
        108,
        112,
        116,
        120
    ]
}