{
    "video_path": "FallVision/No Fall/Bed/nf_raw_b_3/B_D_0182.mp4",
    "active_window": [
        5,
        11
    ],
    "varying_k": 7,
    "detection_status": "Global Event Zone",
    "saliency_weights": [
        0.004216364045606658,
        0.00513531070894346,
        0.007754619170294414,
        0.018024527497087044,
        0.0507011581559759,
        0.11806374969149186,
        0.21344844213352793,
        0.3070647535727454,
        0.34658217207295505,
        0.2983021065214148,
        0.20219609230340047,
        0.1279222768131314,
        0.09285855804650019,
        0.07147690653653514,
        0.04860030227692359,
        0.028708028003988483,
        0.016684668894320027,
        0.011034178511794071,
        0.008669374711594673,
        0.007663768447358762,
        0.007143968521376045,
        0.006823328998139295,
        0.006624368213182973,
        0.0065060771032350116,
        0.006438392754440535,
        0.006402427326407967,
        0.006382243785812501,
        0.0063496161489780545,
        0.006235668333535928,
        0.005930919508081154,
        0.0054388063020990515,
        0.005031116206546449
    ],
    "clip_indices": [
        0,
        2,
        5,
        7,
        10,
        12,
        15,
        17,
        20,
        22,
        25,
        28,
        30,
        33,
        35,
        38,
        40,
        43,
        45,
        48,
        50,
        53,
        56,
        58,
        61,
        63,
        66,
        68,
        71,
        73,
        76,
        79
    ]
}