{
    "video_path": "FallVision/No Fall/Bed/nf_raw_b_3/B_D_0200.mp4",
    "active_window": [
        15,
        28
    ],
    "varying_k": 14,
    "detection_status": "Global Event Zone",
    "saliency_weights": [
        0.030245942046906928,
        0.053952804101563834,
        0.07730769054758882,
        0.08078928445209181,
        0.06767225450718728,
        0.051307015325476615,
        0.041633791494016865,
        0.04249665250617477,
        0.05033676452651495,
        0.0584661187461709,
        0.06267456691331205,
        0.06251556733722652,
        0.06132065540662006,
        0.06315476930276286,
        0.06803203890972917,
        0.07275355029315794,
        0.07539969993048454,
        0.07630388969127366,
        0.07621931567995732,
        0.07555754893084812,
        0.07480012574321585,
        0.07448466003235218,
        0.07436793231609262,
        0.07352151871702818,
        0.072329736063633,
        0.07305543842193837,
        0.07648112354874015,
        0.07952095787474067,
        0.07719554895295407,
        0.06507382550072367,
        0.04435105138675303,
        0.02707390310868247
    ],
    "clip_indices": [
        0,
        2,
        5,
        8,
        11,
        14,
        17,
        20,
        22,
        25,
        28,
        31,
        34,
        37,
        40,
        43,
        45,
        48,
        51,
        54,
        57,
        60,
        63,
        66,
        68,
        71,
        74,
        77,
        80,
        83,
        86,
        89
    ]
}