{
    "video_path": "FallVision/No Fall/Bed/nf_raw_b_3/B_D_0191.mp4",
    "active_window": [
        0,
        4
    ],
    "varying_k": 5,
    "detection_status": "Global Event Zone",
    "saliency_weights": [
        0.20493630608676616,
        0.35195785224312903,
        0.4599824565997037,
        0.3940792237984335,
        0.22958777557401738,
        0.10222277780696187,
        0.044422651686758255,
        0.024448191281110775,
        0.017642583539308244,
        0.01513705101766858,
        0.014380339094596985,
        0.014470935044798086,
        0.014713223269025886,
        0.01450579279319349,
        0.013718364321785706,
        0.012626817125275918,
        0.011544964987614066,
        0.010661525237266444,
        0.010009316337715433,
        0.009507020237427739,
        0.009068043182507167,
        0.008650835003469515,
        0.008253890263755583,
        0.00789985790124257,
        0.007603913028726789,
        0.007359007202223061,
        0.007154319333952858,
        0.006980804519366231,
        0.006800508836772868,
        0.006535030664360041,
        0.0061751996499143195,
        0.005890983577731467
    ],
    "clip_indices": [
        0,
        1,
        3,
        4,
        6,
        7,
        9,
        11,
        12,
        14,
        15,
        17,
        18,
        20,
        22,
        23,
        25,
        26,
        28,
        30,
        31,
        33,
        34,
        36,
        37,
        39,
        41,
        42,
        44,
        45,
        47,
        49
    ]
}