{
    "video_path": "FallVision/No Fall/Bed/nf_raw_b_3/B_D_0015.mp4",
    "active_window": [
        8,
        14
    ],
    "varying_k": 7,
    "detection_status": "Global Event Zone",
    "saliency_weights": [
        0.02065222122629622,
        0.03779354683822743,
        0.05745665664465412,
        0.0676867363229985,
        0.06953428441087042,
        0.06912107346533272,
        0.06951133067450696,
        0.07098957763288447,
        0.07276911242594168,
        0.0739970987861289,
        0.0744543408206646,
        0.07436921259308865,
        0.07395836250663716,
        0.07326646101091643,
        0.07217954837670928,
        0.07071260132537627,
        0.06946196643618063,
        0.06924287721830788,
        0.06994476207942191,
        0.07052634661543175,
        0.0703406725629192,
        0.06964329082426846,
        0.06897830317175531,
        0.06873526722527477,
        0.06897287004640568,
        0.06939814962514562,
        0.06963356964070203,
        0.06902913831516688,
        0.06537262592656504,
        0.05467286249042271,
        0.03697086659552658,
        0.02219833528742466
    ],
    "clip_indices": [
        0,
        11,
        23,
        34,
        46,
        57,
        69,
        81,
        92,
        104,
        115,
        127,
        138,
        150,
        162,
        173,
        185,
        196,
        208,
        220,
        231,
        243,
        254,
        266,
        277,
        289,
        301,
        312,
        324,
        335,
        347,
        359
    ]
}