{
    "video_path": "FallVision/No Fall/Bed/nf_raw_b_3/B_D_0036.mp4",
    "active_window": [
        5,
        21
    ],
    "varying_k": 17,
    "detection_status": "Global Event Zone",
    "saliency_weights": [
        0.02019587068386921,
        0.03709290123946311,
        0.05687981022661511,
        0.06812442249976564,
        0.07172740130328634,
        0.07296528062272886,
        0.0734668526505772,
        0.07282945355243128,
        0.07189746374045772,
        0.07192941654699318,
        0.0725504508016711,
        0.07262325777812806,
        0.07223601835401804,
        0.07235579549976603,
        0.07327585547917057,
        0.07448724637268739,
        0.07547885613194812,
        0.07599228354760965,
        0.07585331213253604,
        0.07497932629605733,
        0.07361926272415202,
        0.07220470500473877,
        0.07057139832277115,
        0.06793927184980487,
        0.06439093422679963,
        0.061522940021150475,
        0.06071524929318357,
        0.061501146924605885,
        0.06071223155934411,
        0.05274505863993954,
        0.036515589061436905,
        0.022172766381833544
    ],
    "clip_indices": [
        0,
        3,
        7,
        11,
        15,
        19,
        23,
        26,
        30,
        34,
        38,
        42,
        46,
        49,
        53,
        57,
        61,
        65,
        69,
        72,
        76,
        80,
        84,
        88,
        92,
        95,
        99,
        103,
        107,
        111,
        115,
        119
    ]
}