{
    "video_path": "FallVision/No Fall/Bed/nf_raw_b_3/B_D_0242.mp4",
    "active_window": [
        0,
        4
    ],
    "varying_k": 5,
    "detection_status": "Global Event Zone",
    "saliency_weights": [
        0.1399762381124417,
        0.24060546100237187,
        0.3152502736121341,
        0.27231814238210045,
        0.16362514829689545,
        0.08157516716238543,
        0.04690971466689018,
        0.036527524237632135,
        0.03359662570219308,
        0.03287580068353349,
        0.03311408840583487,
        0.03367000694699021,
        0.03370950324506476,
        0.03264698515498802,
        0.03109261581182273,
        0.030329794198975205,
        0.03073704364764044,
        0.03166451585478537,
        0.03252362678757062,
        0.03318453814979015,
        0.03366298121104502,
        0.033941779229906106,
        0.034037505165105175,
        0.03404411751745176,
        0.03406015170639967,
        0.03413253222306063,
        0.03421981200429229,
        0.034044131425525405,
        0.032699288004566285,
        0.02864614359290589,
        0.02190799178867188,
        0.016279293410588147
    ],
    "clip_indices": [
        0,
        4,
        9,
        14,
        19,
        24,
        28,
        33,
        38,
        43,
        48,
        52,
        57,
        62,
        67,
        72,
        76,
        81,
        86,
        91,
        96,
        100,
        105,
        110,
        115,
        120,
        124,
        129,
        134,
        139,
        144,
        149
    ]
}