{
    "video_path": "FallVision/No Fall/Bed/nf_raw_b_3/B_D_0021.mp4",
    "active_window": [
        19,
        28
    ],
    "varying_k": 10,
    "detection_status": "Global Event Zone",
    "saliency_weights": [
        0.02132773361343713,
        0.038949427073377355,
        0.059012190602547004,
        0.06939063990026187,
        0.07187692355452802,
        0.07256356819370233,
        0.07205571204907563,
        0.06867536366323364,
        0.06397512987994541,
        0.06104008871756511,
        0.060684541183913886,
        0.06188733740532891,
        0.06370769547516615,
        0.06558539298251068,
        0.06689006009192949,
        0.0671728230726484,
        0.06699994690753763,
        0.06762559997517681,
        0.06952847534921879,
        0.07202441564619971,
        0.07405735178673906,
        0.07486652657607745,
        0.07462149361043588,
        0.07437964495119172,
        0.07472238870349801,
        0.07515887256137982,
        0.07530645937062816,
        0.07516436229001774,
        0.0725125170888349,
        0.061841004202288594,
        0.04227649023202239,
        0.025414464905705612
    ],
    "clip_indices": [
        0,
        11,
        23,
        34,
        46,
        57,
        69,
        81,
        92,
        104,
        115,
        127,
        138,
        150,
        162,
        173,
        185,
        196,
        208,
        220,
        231,
        243,
        254,
        266,
        277,
        289,
        301,
        312,
        324,
        335,
        347,
        359
    ]
}