{
    "video_path": "FallVision/No Fall/Bed/nf_raw_b_3/B_D_0088_resized.mp4",
    "active_window": [
        22,
        28
    ],
    "varying_k": 7,
    "detection_status": "Global Event Zone",
    "saliency_weights": [
        0.024317923277961694,
        0.04419987408082934,
        0.06614758869687065,
        0.07546258718559344,
        0.073273574733645,
        0.06716630690948189,
        0.06162236157693618,
        0.05803059103465541,
        0.05636212255675356,
        0.05651917706284839,
        0.05916444929512957,
        0.06427556004467347,
        0.06892885200436334,
        0.06971710740225467,
        0.0676484502510685,
        0.06622867259571905,
        0.06506518576792522,
        0.060853699412295,
        0.054839802979339415,
        0.053151154395879,
        0.058658843748315405,
        0.06806727077036369,
        0.07664920194507674,
        0.08152836780884445,
        0.08278055496155295,
        0.08317949364896007,
        0.08465411925921969,
        0.08576273152072933,
        0.08236795390686846,
        0.06925103723358071,
        0.04687269640997434,
        0.028111974349476772
    ],
    "clip_indices": [
        0,
        2,
        4,
        6,
        9,
        11,
        13,
        16,
        18,
        20,
        22,
        25,
        27,
        29,
        32,
        34,
        36,
        38,
        41,
        43,
        45,
        48,
        50,
        52,
        54,
        57,
        59,
        61,
        64,
        66,
        68,
        71
    ]
}