{
    "video_path": "FallVision/No Fall/Bed/nf_raw_b_3/B_D_0159.mp4",
    "active_window": [
        1,
        14
    ],
    "varying_k": 14,
    "detection_status": "Global Event Zone",
    "saliency_weights": [
        0.062171708519183966,
        0.10824818133149984,
        0.14695078037282905,
        0.13919786235354076,
        0.10485875359407243,
        0.08007249273697216,
        0.07131431316635463,
        0.06955475901250782,
        0.07423349223973591,
        0.0913388769723851,
        0.12271444566464988,
        0.16003802572634895,
        0.18128668898768902,
        0.16579357330070707,
        0.1208863918626057,
        0.074218184291416,
        0.04272023431562526,
        0.025929359740049902,
        0.01831465886084334,
        0.015888667311512762,
        0.01671827553156469,
        0.01996335490990385,
        0.024330725666278336,
        0.0275311943915337,
        0.027577943012459576,
        0.023837631057794094,
        0.017416871523428,
        0.01111331945539425,
        0.00701780731460102,
        0.004843006366671659,
        0.003564145804688507,
        0.002859451316619535
    ],
    "clip_indices": [
        0,
        5,
        11,
        17,
        23,
        28,
        34,
        40,
        46,
        51,
        57,
        63,
        69,
        75,
        80,
        86,
        92,
        98,
        103,
        109,
        115,
        121,
        127,
        132,
        138,
        144,
        150,
        155,
        161,
        167,
        173,
        179
    ]
}