{
    "video_path": "FallVision/No Fall/Bed/nf_raw_b_3/B_D_0195.mp4",
    "active_window": [
        11,
        27
    ],
    "varying_k": 17,
    "detection_status": "Global Event Zone",
    "saliency_weights": [
        0.0170137358447531,
        0.031130966768996446,
        0.04749277220943561,
        0.055979996594891474,
        0.05636867957140469,
        0.0534358798594623,
        0.05203475775345001,
        0.05491370608743852,
        0.06088667479907167,
        0.06704850121847625,
        0.07189185592841627,
        0.07524809718503583,
        0.07720791851246614,
        0.07792428125843712,
        0.07791688738650064,
        0.07786604795816798,
        0.0779751635621807,
        0.0779416220911573,
        0.07744919534513925,
        0.07643027279095409,
        0.07511826732432056,
        0.0739695806708555,
        0.0733641338267179,
        0.07344660782098462,
        0.07415520785602966,
        0.0752381726436555,
        0.07627071109383159,
        0.07628398552776419,
        0.07260487990788611,
        0.06083242983546082,
        0.04114750550034067,
        0.024693190953678675
    ],
    "clip_indices": [
        0,
        2,
        5,
        8,
        11,
        14,
        17,
        20,
        22,
        25,
        28,
        31,
        34,
        37,
        40,
        43,
        45,
        48,
        51,
        54,
        57,
        60,
        63,
        66,
        68,
        71,
        74,
        77,
        80,
        83,
        86,
        89
    ]
}