{
    "video_path": "FallVision/No Fall/Bed/nf_raw_b_3/B_D_0112.mp4",
    "active_window": [
        7,
        12
    ],
    "varying_k": 6,
    "detection_status": "Global Event Zone",
    "saliency_weights": [
        0.004205043091118201,
        0.0046867780600752754,
        0.005277050361197558,
        0.006248842989942826,
        0.011246085841529994,
        0.03489516720940105,
        0.10641389095918591,
        0.2324999566025418,
        0.3522285454407929,
        0.389437796531513,
        0.3352487517112946,
        0.2334220258403693,
        0.13204503168807663,
        0.06255414817443229,
        0.028788741124653003,
        0.015969270386893233,
        0.011028403497802371,
        0.008651364886140711,
        0.007346262413127341,
        0.00666204365357354,
        0.006431253366722737,
        0.006557620829656198,
        0.006847984184902155,
        0.006993158105474294,
        0.0068250948042043475,
        0.006448840756120646,
        0.00603898413906756,
        0.005688774713936457,
        0.005399489380858782,
        0.0050993041010489425,
        0.00476175189494525,
        0.004511241359060481
    ],
    "clip_indices": [
        0,
        2,
        5,
        8,
        11,
        14,
        17,
        20,
        22,
        25,
        28,
        31,
        34,
        37,
        40,
        43,
        45,
        48,
        51,
        54,
        57,
        60,
        63,
        66,
        68,
        71,
        74,
        77,
        80,
        83,
        86,
        89
    ]
}