{
    "video_path": "FallVision/No Fall/Bed/nf_raw_b_3/B_D_0057.mp4",
    "active_window": [
        20,
        26
    ],
    "varying_k": 7,
    "detection_status": "Global Event Zone",
    "saliency_weights": [
        0.01982850272697176,
        0.036516000849121,
        0.056337458471944796,
        0.06800469277351746,
        0.07172622603419326,
        0.07226347860242784,
        0.07197870724650818,
        0.07123186845575719,
        0.07012184783649722,
        0.06898805422402493,
        0.06841876036280031,
        0.06879582531015664,
        0.06962154184689494,
        0.06986532350366645,
        0.06890907427359558,
        0.06697278699577035,
        0.06526158756210293,
        0.06533252541769569,
        0.06759465344241994,
        0.07097538937984334,
        0.07386845310800998,
        0.07497246187875838,
        0.07425357738366938,
        0.0730211217738872,
        0.07227454070604028,
        0.07187987102123435,
        0.07154838919352854,
        0.07107357995544422,
        0.06822641485021447,
        0.05797113493968416,
        0.039617807761647555,
        0.023905559892736804
    ],
    "clip_indices": [
        0,
        2,
        5,
        8,
        11,
        14,
        17,
        20,
        22,
        25,
        28,
        31,
        34,
        37,
        40,
        43,
        45,
        48,
        51,
        54,
        57,
        60,
        63,
        66,
        68,
        71,
        74,
        77,
        80,
        83,
        86,
        89
    ]
}