{
    "video_path": "FallVision/No Fall/Bed/nf_raw_b_3/B_D_0172.mp4",
    "active_window": [
        4,
        11
    ],
    "varying_k": 8,
    "detection_status": "Global Event Zone",
    "saliency_weights": [
        0.010222307900487023,
        0.02018146077876041,
        0.04022401111657646,
        0.07109259031630193,
        0.11245140223816208,
        0.16156777581334203,
        0.21166095305752697,
        0.2529146638942222,
        0.27422057907426506,
        0.2663106433494318,
        0.22735534134923774,
        0.16520162266422472,
        0.09911006283215704,
        0.050135256108125796,
        0.02397678209588918,
        0.012685935042075852,
        0.007962101782337886,
        0.005795930101343105,
        0.00468581170401409,
        0.004074385428656437,
        0.0037320222059479156,
        0.0035468857068296647,
        0.0034581087821316586,
        0.0034300509361232818,
        0.0034364802925476866,
        0.003453572244278033,
        0.003464764185287743,
        0.0034586880477211826,
        0.0034031666830905277,
        0.0032377100118533794,
        0.0029634759257113224,
        0.0027345607403796443
    ],
    "clip_indices": [
        0,
        11,
        23,
        34,
        46,
        57,
        69,
        81,
        92,
        104,
        115,
        127,
        138,
        150,
        162,
        173,
        185,
        196,
        208,
        220,
        231,
        243,
        254,
        266,
        277,
        289,
        301,
        312,
        324,
        335,
        347,
        359
    ]
}