{
    "video_path": "FallVision/No Fall/Bed/nf_raw_b_3/B_D_0054.mp4",
    "active_window": [
        23,
        27
    ],
    "varying_k": 5,
    "detection_status": "Global Event Zone",
    "saliency_weights": [
        0.019335591683664544,
        0.035545498781273,
        0.054584472723501504,
        0.06540325164769914,
        0.06854103920521797,
        0.06908307192949323,
        0.06953375668261001,
        0.07015491486465938,
        0.070622835532372,
        0.0707073927102795,
        0.0705711119809061,
        0.07052845620172099,
        0.0706260323035229,
        0.0707155693266581,
        0.07076459315083536,
        0.07085454962966134,
        0.07097199894254186,
        0.07100685984945669,
        0.07094003806817557,
        0.07087676224888761,
        0.07090164955494802,
        0.07102401921305598,
        0.07124600024953187,
        0.07158156357695428,
        0.07197767782605027,
        0.07228699207699794,
        0.07236424661026393,
        0.07173386850683436,
        0.06811613117662091,
        0.05713581569305835,
        0.03866215977359666,
        0.02315643514765993
    ],
    "clip_indices": [
        0,
        1,
        3,
        5,
        7,
        9,
        11,
        13,
        15,
        17,
        19,
        20,
        22,
        24,
        26,
        28,
        30,
        32,
        34,
        36,
        38,
        39,
        41,
        43,
        45,
        47,
        49,
        51,
        53,
        55,
        57,
        59
    ]
}