{
    "video_path": "FallVision/No Fall/Bed/nf_raw_b_3/B_D_0227_resized.mp4",
    "active_window": [
        14,
        20
    ],
    "varying_k": 7,
    "detection_status": "Global Event Zone",
    "saliency_weights": [
        0.02328353434899575,
        0.04135383665439574,
        0.059508735209709895,
        0.0645147904020974,
        0.06222518862913061,
        0.06317501338624229,
        0.06713795267369742,
        0.06839191259355247,
        0.06472541611688298,
        0.05793650372500945,
        0.05213182147907397,
        0.05146119106241806,
        0.05726328074085324,
        0.067610725839219,
        0.0779574273341305,
        0.08433398831376833,
        0.08842990069619491,
        0.09440394668208321,
        0.09868130299963976,
        0.0922777718434456,
        0.07761076511550263,
        0.06988425863112954,
        0.07489767778288511,
        0.08096117638190214,
        0.07820105729043883,
        0.06976110708771685,
        0.062169298400344235,
        0.057513241766745285,
        0.0536238391739274,
        0.04567748445867451,
        0.03226121284898978,
        0.020832100435824383
    ],
    "clip_indices": [
        0,
        2,
        5,
        8,
        11,
        14,
        17,
        20,
        22,
        25,
        28,
        31,
        34,
        37,
        40,
        43,
        45,
        48,
        51,
        54,
        57,
        60,
        63,
        66,
        68,
        71,
        74,
        77,
        80,
        83,
        86,
        89
    ]
}