{
    "video_path": "FallVision/No Fall/Bed/nf_raw_b_3/B_D_0003.mp4",
    "active_window": [
        14,
        19
    ],
    "varying_k": 6,
    "detection_status": "Global Event Zone",
    "saliency_weights": [
        0.02087962258826815,
        0.03772377336727754,
        0.056694213465971866,
        0.06580144348080284,
        0.06629701297466503,
        0.06446839015516498,
        0.06322444161905845,
        0.06273766054229779,
        0.06261610267732011,
        0.062486238262804764,
        0.06208176483609078,
        0.06166420465355695,
        0.06271401663476547,
        0.0676646556225565,
        0.07865117789344181,
        0.09496636520159203,
        0.109491511106523,
        0.11234356779969557,
        0.10183554219425973,
        0.08571901636043193,
        0.07153658940061107,
        0.06202786475715203,
        0.05672465220366862,
        0.053885671169675395,
        0.05279921257227726,
        0.05445144278100868,
        0.05904353831516772,
        0.06403029730230587,
        0.06490411425193254,
        0.05670136465330897,
        0.03961751550416395,
        0.024629175352489707
    ],
    "clip_indices": [
        0,
        3,
        7,
        11,
        15,
        19,
        23,
        26,
        30,
        34,
        38,
        42,
        46,
        49,
        53,
        57,
        61,
        65,
        69,
        72,
        76,
        80,
        84,
        88,
        92,
        95,
        99,
        103,
        107,
        111,
        115,
        119
    ]
}