{
    "video_path": "FallVision/No Fall/Bed/nf_raw_b_3/B_D_0248.mp4",
    "active_window": [
        16,
        21
    ],
    "varying_k": 6,
    "detection_status": "Global Event Zone",
    "saliency_weights": [
        0.02009830363690598,
        0.036546702716246666,
        0.05782834735032064,
        0.0737445682117352,
        0.08258811913721953,
        0.08668677032146051,
        0.08815546501909505,
        0.08753258950881529,
        0.08322261707836687,
        0.07397159624594668,
        0.06220459360934168,
        0.052007109659270315,
        0.04513992216760125,
        0.042027065090703135,
        0.045274835973831556,
        0.06022306173926165,
        0.09213687369253487,
        0.13866899426943866,
        0.17814734009556157,
        0.1794754990830597,
        0.1398547642739144,
        0.09101853165476723,
        0.05834996528276197,
        0.041405019244538044,
        0.031693605295046064,
        0.025214499367209417,
        0.020971824183157683,
        0.018311574703223713,
        0.016310613583025175,
        0.013819769136363874,
        0.0105080886696059,
        0.007882675259828394
    ],
    "clip_indices": [
        0,
        3,
        7,
        11,
        15,
        19,
        23,
        26,
        30,
        34,
        38,
        42,
        46,
        49,
        53,
        57,
        61,
        65,
        69,
        72,
        76,
        80,
        84,
        88,
        92,
        95,
        99,
        103,
        107,
        111,
        115,
        119
    ]
}