{
    "video_path": "FallVision/No Fall/Bed/nf_raw_b_3/B_D_0038.mp4",
    "active_window": [
        5,
        27
    ],
    "varying_k": 23,
    "detection_status": "Global Event Zone",
    "saliency_weights": [
        0.020195937164943396,
        0.03711964298120392,
        0.05696101862813112,
        0.06816920415950846,
        0.07134585634155191,
        0.07177798906305549,
        0.07190779067238394,
        0.07200337843910043,
        0.07224487031078904,
        0.07284138045628885,
        0.07346255247112021,
        0.0734315430612725,
        0.07228144101155815,
        0.07002290495767655,
        0.06732142286232654,
        0.0651247713556412,
        0.06387670473915263,
        0.06354166351054327,
        0.06423579594170284,
        0.06615757099385763,
        0.06873154867306305,
        0.0706561164072973,
        0.07143608239123125,
        0.07188630032019788,
        0.07265468098052752,
        0.07342058557828256,
        0.07373129081511193,
        0.0732007179851853,
        0.06966283636975099,
        0.05857525434040242,
        0.03969980951792758,
        0.02379465773750642
    ],
    "clip_indices": [
        0,
        3,
        7,
        11,
        15,
        19,
        23,
        26,
        30,
        34,
        38,
        42,
        46,
        49,
        53,
        57,
        61,
        65,
        69,
        72,
        76,
        80,
        84,
        88,
        92,
        95,
        99,
        103,
        107,
        111,
        115,
        119
    ]
}