{
    "video_path": "FallVision/No Fall/Bed/nf_raw_b_3/B_D_0244.mp4",
    "active_window": [
        2,
        9
    ],
    "varying_k": 8,
    "detection_status": "Global Event Zone",
    "saliency_weights": [
        0.0345322735270656,
        0.0637908578182309,
        0.10250578886241304,
        0.13709672591189095,
        0.1737642748012123,
        0.21551106236499024,
        0.2390309134034827,
        0.22035655354193096,
        0.17042854918307704,
        0.11783709239243993,
        0.07781594204339777,
        0.05163430135183632,
        0.03610788053614107,
        0.027789880389172086,
        0.024076406478031474,
        0.023189730110809787,
        0.023970892359949737,
        0.025527353295688948,
        0.02684943517395347,
        0.02696870493468266,
        0.025797318418594353,
        0.024191802615651854,
        0.02280535594533415,
        0.021624894558216333,
        0.020674257117810995,
        0.020359437044651867,
        0.0207991537163883,
        0.021311868622473265,
        0.020817682243223327,
        0.01833996345625835,
        0.014080250637976861,
        0.010518588266124331
    ],
    "clip_indices": [
        0,
        2,
        5,
        8,
        11,
        14,
        17,
        20,
        22,
        25,
        28,
        31,
        34,
        37,
        40,
        43,
        45,
        48,
        51,
        54,
        57,
        60,
        63,
        66,
        68,
        71,
        74,
        77,
        80,
        83,
        86,
        89
    ]
}