{
    "video_path": "FallVision/No Fall/Bed/nf_raw_b_3/B_D_0018.mp4",
    "active_window": [
        2,
        19
    ],
    "varying_k": 18,
    "detection_status": "Global Event Zone",
    "saliency_weights": [
        0.02650617479252461,
        0.048516026475188274,
        0.07372989610055562,
        0.08643732141752439,
        0.08702233315869423,
        0.08236853859073606,
        0.07626468682381643,
        0.06994360657766688,
        0.06440571437558928,
        0.06056576197921071,
        0.05858488791212735,
        0.0582939094608588,
        0.05993732479306129,
        0.06374280808107166,
        0.06882082984956846,
        0.0734618629639682,
        0.07645708756150099,
        0.07739033875057222,
        0.07621941894778769,
        0.07324185981379366,
        0.06948319850216064,
        0.06648079333239565,
        0.06490659832866595,
        0.06410905750614554,
        0.06339972494857755,
        0.06286927932699486,
        0.06306044138993183,
        0.06410755186105552,
        0.06351777360019199,
        0.05544877311753718,
        0.038532832575311315,
        0.023461835021650432
    ],
    "clip_indices": [
        0,
        11,
        23,
        34,
        46,
        57,
        69,
        81,
        92,
        104,
        115,
        127,
        138,
        150,
        162,
        173,
        185,
        196,
        208,
        220,
        231,
        243,
        254,
        266,
        277,
        289,
        301,
        312,
        324,
        335,
        347,
        359
    ]
}