{
    "video_path": "FallVision/No Fall/Bed/nf_raw_b_3/B_D_0258.mp4",
    "active_window": [
        2,
        7
    ],
    "varying_k": 6,
    "detection_status": "Global Event Zone",
    "saliency_weights": [
        0.03445906593157792,
        0.07884363892625652,
        0.17599402849692058,
        0.3048623412534225,
        0.37800632793961153,
        0.32862753544125545,
        0.2124384223552231,
        0.1244100927711049,
        0.08476023309675944,
        0.06473252093772959,
        0.04717746406096229,
        0.032184386631873736,
        0.021799850867353,
        0.01550221335511201,
        0.011927750204581766,
        0.009914008319572065,
        0.008721719509202688,
        0.007960965849672782,
        0.0074593945233057055,
        0.007157179093708419,
        0.00701023303315868,
        0.0069543521275304025,
        0.0069379163584239,
        0.00696898660448478,
        0.0071814371206014695,
        0.007819000693930362,
        0.008969253061831012,
        0.0103436817280921,
        0.01132799935743683,
        0.01113042174360113,
        0.009607933837955203,
        0.008060400423898152
    ],
    "clip_indices": [
        0,
        5,
        11,
        17,
        23,
        28,
        34,
        40,
        46,
        51,
        57,
        63,
        69,
        75,
        80,
        86,
        92,
        98,
        103,
        109,
        115,
        121,
        127,
        132,
        138,
        144,
        150,
        155,
        161,
        167,
        173,
        179
    ]
}