{
    "video_path": "FallVision/No Fall/Bed/nf_raw_b_3/B_D_0093_resized.mp4",
    "active_window": [
        21,
        28
    ],
    "varying_k": 8,
    "detection_status": "Global Event Zone",
    "saliency_weights": [
        0.022663651239261295,
        0.04162128419501172,
        0.06379362719920734,
        0.07607526982575691,
        0.07877172220498294,
        0.07730719705839509,
        0.07396077549664962,
        0.06899581730232598,
        0.06351952482396873,
        0.05921921324093038,
        0.05702559008915929,
        0.056856788593020756,
        0.05766094800899475,
        0.05802429389638082,
        0.05718551505456074,
        0.055438372473373014,
        0.05422344607189364,
        0.055350256216752866,
        0.0592571716237328,
        0.06483290067442128,
        0.07091448829276886,
        0.07684867118047892,
        0.08191841465317111,
        0.0851772089142476,
        0.08629080706634942,
        0.08592182022163224,
        0.08466228979530949,
        0.08201868992659035,
        0.07573497964896334,
        0.0621429836322398,
        0.0418364921133587,
        0.025435088092295208
    ],
    "clip_indices": [
        0,
        1,
        3,
        4,
        6,
        7,
        9,
        10,
        12,
        13,
        15,
        16,
        18,
        19,
        21,
        22,
        24,
        25,
        27,
        28,
        30,
        31,
        33,
        34,
        36,
        37,
        39,
        40,
        42,
        43,
        45,
        47
    ]
}