{
    "video_path": "FallVision/No Fall/Bed/nf_raw_b_3/B_D_0177.mp4",
    "active_window": [
        4,
        11
    ],
    "varying_k": 8,
    "detection_status": "Global Event Zone",
    "saliency_weights": [
        0.019498032418670003,
        0.03538062872889399,
        0.05666975973863034,
        0.07722159903781249,
        0.10368564082592943,
        0.14324615964102286,
        0.18939342223145328,
        0.22558200352247915,
        0.23320613873200235,
        0.20363560486829602,
        0.1531765761426812,
        0.11004548263857143,
        0.08972250232132846,
        0.08988112922925026,
        0.09374244105647209,
        0.08262203414000904,
        0.05617774473675595,
        0.03009578814315586,
        0.014570511778829141,
        0.00784546740457655,
        0.005228463113356556,
        0.0041555194742179166,
        0.003676511088263069,
        0.0035018333418027907,
        0.0035390371550544286,
        0.003715999211259022,
        0.003952548373852346,
        0.004152890980419299,
        0.0042021271463961035,
        0.003984904154763203,
        0.0035224629691050086,
        0.0031169103402354965
    ],
    "clip_indices": [
        0,
        7,
        15,
        23,
        30,
        38,
        46,
        53,
        61,
        69,
        77,
        84,
        92,
        100,
        107,
        115,
        123,
        131,
        138,
        146,
        154,
        161,
        169,
        177,
        185,
        192,
        200,
        208,
        215,
        223,
        231,
        239
    ]
}