{
    "video_path": "FallVision/No Fall/Bed/nf_raw_b_3/B_D_0089_resized.mp4",
    "active_window": [
        10,
        25
    ],
    "varying_k": 16,
    "detection_status": "Global Event Zone",
    "saliency_weights": [
        0.01679952826438729,
        0.030790457450591342,
        0.04720634459061006,
        0.056658060060741144,
        0.06006384219431252,
        0.062143407409201185,
        0.06475718779033529,
        0.06757151586088239,
        0.06999480802903302,
        0.07170065840549304,
        0.072710245692314,
        0.0732541241367118,
        0.07359135533912228,
        0.07388974829048625,
        0.07411742673277796,
        0.0741466329807283,
        0.07399962176145325,
        0.07384669195192184,
        0.07379336494221472,
        0.0738460026416599,
        0.0740624895062093,
        0.07455195338138239,
        0.07522833777814827,
        0.07567351530546168,
        0.07529497588000805,
        0.07366534139514855,
        0.07131486621232881,
        0.0695533631371804,
        0.06692120279118109,
        0.05746928564163789,
        0.03943371174164934,
        0.023625329753000524
    ],
    "clip_indices": [
        0,
        2,
        4,
        6,
        9,
        11,
        13,
        16,
        18,
        20,
        22,
        25,
        27,
        29,
        32,
        34,
        36,
        38,
        41,
        43,
        45,
        48,
        50,
        52,
        54,
        57,
        59,
        61,
        64,
        66,
        68,
        71
    ]
}