{
    "video_path": "FallVision/No Fall/Bed/nf_raw_b_3/B_D_0255.mp4",
    "active_window": [
        2,
        7
    ],
    "varying_k": 6,
    "detection_status": "Global Event Zone",
    "saliency_weights": [
        0.028760096086914155,
        0.061832062833840476,
        0.1270890464775738,
        0.20992083458503186,
        0.2653829727336701,
        0.25548874626496954,
        0.19508423305671974,
        0.12398788306325961,
        0.06762738915449067,
        0.03401572943874418,
        0.018769928377221443,
        0.012920983406592933,
        0.010912079793241039,
        0.011390194793575684,
        0.015235049616399411,
        0.02482922598191989,
        0.043571433222466455,
        0.0715580615720892,
        0.09754290171027882,
        0.10352909759550097,
        0.08552024776973957,
        0.05818631104777945,
        0.035804537153920415,
        0.02222060280915454,
        0.01572415345391792,
        0.013256761835617966,
        0.012241959656009323,
        0.011198280530791577,
        0.009575810132636562,
        0.007611627966495178,
        0.005821302496979949,
        0.004712233184779025
    ],
    "clip_indices": [
        0,
        3,
        7,
        11,
        15,
        19,
        23,
        26,
        30,
        34,
        38,
        42,
        46,
        49,
        53,
        57,
        61,
        65,
        69,
        72,
        76,
        80,
        84,
        88,
        92,
        95,
        99,
        103,
        107,
        111,
        115,
        119
    ]
}