{
    "video_path": "FallVision/No Fall/Bed/nf_raw_b_3/B_D_0157.mp4",
    "active_window": [
        8,
        19
    ],
    "varying_k": 12,
    "detection_status": "Global Event Zone",
    "saliency_weights": [
        0.022391878981256275,
        0.041041138946341205,
        0.06267857166914363,
        0.07428624230414477,
        0.07635257875804986,
        0.07497194840514045,
        0.07384390527895154,
        0.07398478355351942,
        0.07480788348144568,
        0.0755889457631082,
        0.07682932663986763,
        0.07941695403077008,
        0.08292966831970185,
        0.0859665034845213,
        0.08754679453689934,
        0.08745843551261673,
        0.08600392147635766,
        0.08363460823723365,
        0.08048686071657152,
        0.07643663642726675,
        0.07167426474728604,
        0.06678042314787604,
        0.06203896126195153,
        0.05727443141258872,
        0.05268189783092114,
        0.04920016209291811,
        0.04754802211831031,
        0.047238446234735505,
        0.045951247084281804,
        0.039686656069319315,
        0.027690719922729673,
        0.017230995922845237
    ],
    "clip_indices": [
        0,
        2,
        5,
        8,
        11,
        14,
        17,
        20,
        23,
        26,
        29,
        31,
        34,
        37,
        40,
        43,
        46,
        49,
        52,
        55,
        58,
        60,
        63,
        66,
        69,
        72,
        75,
        78,
        81,
        84,
        87,
        90
    ]
}