{
    "video_path": "FallVision/No Fall/Bed/nf_raw_b_3/B_D_0072.mp4",
    "active_window": [
        0,
        5
    ],
    "varying_k": 6,
    "detection_status": "Global Event Zone",
    "saliency_weights": [
        0.1744217327420317,
        0.30114745834030543,
        0.3999374735660499,
        0.3571084464465828,
        0.23015839939310712,
        0.12690808508962215,
        0.07423235242674722,
        0.048741221924614594,
        0.033337346900348966,
        0.023245500055556683,
        0.01719658072812117,
        0.014104956030784264,
        0.012774318300091726,
        0.012140820400482602,
        0.01168497081286999,
        0.011499735806351163,
        0.01216577544141016,
        0.01428978023687235,
        0.017622391770756814,
        0.020926484640267903,
        0.0227531864982764,
        0.02212812511228418,
        0.01933660728347102,
        0.01594312739120339,
        0.01318052242639315,
        0.011108264383085566,
        0.009435592470936373,
        0.008117181565588603,
        0.007144838103191405,
        0.006332273397163106,
        0.005559070026966928,
        0.00502264851959572
    ],
    "clip_indices": [
        0,
        2,
        5,
        8,
        11,
        14,
        17,
        20,
        22,
        25,
        28,
        31,
        34,
        37,
        40,
        43,
        45,
        48,
        51,
        54,
        57,
        60,
        63,
        66,
        68,
        71,
        74,
        77,
        80,
        83,
        86,
        89
    ]
}