{
    "video_path": "FallVision/No Fall/Bed/nf_raw_b_3/B_D_0220.mp4",
    "active_window": [
        6,
        13
    ],
    "varying_k": 8,
    "detection_status": "Global Event Zone",
    "saliency_weights": [
        0.005895961259879725,
        0.010177721089936684,
        0.018679171435998176,
        0.03312180269906613,
        0.057190161248512644,
        0.09042360993719634,
        0.1224378912228396,
        0.1462473606002795,
        0.1737101519408032,
        0.2159387674487761,
        0.2542716507042787,
        0.2576944203276318,
        0.21969543470596822,
        0.15779227641963983,
        0.09522153690547919,
        0.04984239000326716,
        0.025593075510031767,
        0.015111852536159417,
        0.010947035950231956,
        0.009729779272036668,
        0.010097953040448344,
        0.011057045119457511,
        0.011716685125795689,
        0.011412304067774819,
        0.010084286715899872,
        0.008389689557817997,
        0.006954595336720448,
        0.005893441530698575,
        0.0050747897099538575,
        0.004367496807446457,
        0.0037421000117973304,
        0.0033363054266633014
    ],
    "clip_indices": [
        0,
        3,
        7,
        11,
        15,
        19,
        23,
        26,
        30,
        34,
        38,
        42,
        46,
        49,
        53,
        57,
        61,
        65,
        69,
        72,
        76,
        80,
        84,
        88,
        92,
        95,
        99,
        103,
        107,
        111,
        115,
        119
    ]
}