{
    "video_path": "FallVision/No Fall/Bed/nf_raw_b_3/B_D_0099.mp4",
    "active_window": [
        4,
        9
    ],
    "varying_k": 6,
    "detection_status": "Global Event Zone",
    "saliency_weights": [
        0.019737527291025375,
        0.036471610222031166,
        0.05665560570624499,
        0.06908140609334211,
        0.07349150807947069,
        0.07423733181265255,
        0.07399438425628524,
        0.07358616549303187,
        0.07293680180102018,
        0.07187695124223274,
        0.07080028451506387,
        0.07042899445584133,
        0.0711756457676988,
        0.07278356347906575,
        0.07409083049265866,
        0.07379784004929602,
        0.0720321514734078,
        0.0701682951767437,
        0.06911983040759849,
        0.06883648624444397,
        0.06902387695978807,
        0.0694945509468918,
        0.069994682229789,
        0.07014041244170356,
        0.06972648236145618,
        0.0689093218484338,
        0.06796839997658025,
        0.06674624451162212,
        0.06320019861996254,
        0.053097761056933576,
        0.03610232310378368,
        0.021810209934885375
    ],
    "clip_indices": [
        0,
        2,
        4,
        6,
        9,
        11,
        13,
        16,
        18,
        20,
        22,
        25,
        27,
        29,
        32,
        34,
        36,
        38,
        41,
        43,
        45,
        48,
        50,
        52,
        54,
        57,
        59,
        61,
        64,
        66,
        68,
        71
    ]
}