{
    "video_path": "FallVision/No Fall/Bed/nf_raw_b_3/B_D_0192.mp4",
    "active_window": [
        4,
        9
    ],
    "varying_k": 6,
    "detection_status": "Global Event Zone",
    "saliency_weights": [
        0.006868581558434441,
        0.015363773493651376,
        0.04104869590055675,
        0.0948534646386976,
        0.18058749951317227,
        0.27975859979728857,
        0.33783780267932934,
        0.3111903652452377,
        0.22733694515866854,
        0.14565449163752525,
        0.0922945210672206,
        0.06268120981747265,
        0.046827907545402926,
        0.03781236424247755,
        0.03149886744313511,
        0.025660947819541872,
        0.019899971602340194,
        0.01497695194649277,
        0.011426918082502163,
        0.009117556454622746,
        0.007686367498011283,
        0.006813276622846318,
        0.006277291271980821,
        0.005943417025487809,
        0.005728518222407042,
        0.005578224668954817,
        0.005457884588945404,
        0.005343253168671609,
        0.005196026668827182,
        0.004957969800258276,
        0.004634239310382481,
        0.004379959529104307
    ],
    "clip_indices": [
        0,
        1,
        3,
        4,
        6,
        7,
        9,
        11,
        12,
        14,
        15,
        17,
        18,
        20,
        22,
        23,
        25,
        26,
        28,
        30,
        31,
        33,
        34,
        36,
        37,
        39,
        41,
        42,
        44,
        45,
        47,
        49
    ]
}