{
    "video_path": "FallVision/No Fall/Bed/nf_raw_b_3/B_D_0052.mp4",
    "active_window": [
        26,
        29
    ],
    "varying_k": 4,
    "detection_status": "Global Event Zone",
    "saliency_weights": [
        0.022393844223551656,
        0.04047585233868162,
        0.06079201436581376,
        0.07068001934930351,
        0.072129278458648,
        0.0720351540865995,
        0.07212864883055495,
        0.07096355136078238,
        0.06805483288151049,
        0.06411986979443052,
        0.06017173052659123,
        0.05688749830846976,
        0.054141039273816124,
        0.05180223456821776,
        0.05105073357756003,
        0.053253045242885454,
        0.05709918427192162,
        0.059311271718787986,
        0.05867153583163972,
        0.056853296949599626,
        0.055745892127983615,
        0.05603036347737827,
        0.05740024430353788,
        0.05938700325625844,
        0.06317509144480868,
        0.07187388049084012,
        0.08662722499193884,
        0.10328727103870439,
        0.11273467862212633,
        0.10299170342603603,
        0.07267648727953843,
        0.044127707206835384
    ],
    "clip_indices": [
        0,
        3,
        7,
        11,
        15,
        19,
        23,
        26,
        30,
        34,
        38,
        42,
        46,
        49,
        53,
        57,
        61,
        65,
        69,
        72,
        76,
        80,
        84,
        88,
        92,
        95,
        99,
        103,
        107,
        111,
        115,
        119
    ]
}