{
    "video_path": "FallVision/No Fall/Bed/nf_raw_b_3/B_D_0116.mp4",
    "active_window": [
        1,
        29
    ],
    "varying_k": 29,
    "detection_status": "Global Event Zone",
    "saliency_weights": [
        0.09319875191054194,
        0.16039964848888788,
        0.2108090776514613,
        0.18330159756412495,
        0.11115365330338585,
        0.054838311235868055,
        0.028801464833533276,
        0.019202023093999883,
        0.01606576481600318,
        0.016299877991003582,
        0.018199585170719984,
        0.02004104544995838,
        0.020853936920514488,
        0.02043399290051045,
        0.01897651178199608,
        0.01688649845274639,
        0.014708590401934719,
        0.013019991733588698,
        0.012189059964441744,
        0.012299195010250348,
        0.013264586511520822,
        0.015262467748649002,
        0.019794528641895067,
        0.03063148794620623,
        0.05378989859982178,
        0.09424975398214042,
        0.1441036206426825,
        0.17728205142450792,
        0.1734813247142119,
        0.13712301808162358,
        0.08714260885693734,
        0.05012724860833305
    ],
    "clip_indices": [
        0,
        2,
        5,
        8,
        11,
        14,
        17,
        20,
        22,
        25,
        28,
        31,
        34,
        37,
        40,
        43,
        45,
        48,
        51,
        54,
        57,
        60,
        63,
        66,
        68,
        71,
        74,
        77,
        80,
        83,
        86,
        89
    ]
}