{
    "video_path": "FallVision/No Fall/Bed/nf_raw_b_3/B_D_0230.mp4",
    "active_window": [
        3,
        10
    ],
    "varying_k": 8,
    "detection_status": "Global Event Zone",
    "saliency_weights": [
        0.02952999631614535,
        0.053065480525581285,
        0.07991520552836648,
        0.09725049170947746,
        0.11613454627356863,
        0.14762861739143052,
        0.17727023603449496,
        0.18386183670969636,
        0.1666772893938251,
        0.13820012903074247,
        0.10838293098690296,
        0.08224680716618339,
        0.062010635443524635,
        0.04828228289094868,
        0.040128654271946305,
        0.03566348225572284,
        0.03317497231669639,
        0.03158874232298206,
        0.030593307967853006,
        0.0303684720772919,
        0.030902635655680872,
        0.03180071911156801,
        0.03274958162953473,
        0.0337161499402098,
        0.034650838356692984,
        0.03533236878520081,
        0.035609181430083646,
        0.035392188089648634,
        0.03383624769403111,
        0.02907590753019467,
        0.02104347059613848,
        0.014293962249669424
    ],
    "clip_indices": [
        0,
        3,
        7,
        11,
        15,
        19,
        23,
        26,
        30,
        34,
        38,
        42,
        46,
        49,
        53,
        57,
        61,
        65,
        69,
        72,
        76,
        80,
        84,
        88,
        92,
        95,
        99,
        103,
        107,
        111,
        115,
        119
    ]
}