{
    "video_path": "FallVision/No Fall/Bed/nf_raw_b_3/B_D_0025.mp4",
    "active_window": [
        9,
        27
    ],
    "varying_k": 19,
    "detection_status": "Global Event Zone",
    "saliency_weights": [
        0.018476353043342893,
        0.03362657823635057,
        0.05069881845250427,
        0.05935223657654688,
        0.061858195854345446,
        0.06432943992985538,
        0.06761958449325078,
        0.06988043967440244,
        0.07110117377727694,
        0.07232068439638721,
        0.07337156143192253,
        0.0734540180838355,
        0.07281797892474487,
        0.07241114538920947,
        0.07246843612793236,
        0.07254168925847704,
        0.07246469254396967,
        0.07241265389040458,
        0.07219913957031884,
        0.07136722093970319,
        0.07022507697266675,
        0.06989692143871995,
        0.07082396168507007,
        0.0722063110322953,
        0.07327201233858338,
        0.07398652142984471,
        0.07436438676675505,
        0.07362046064032993,
        0.06930923858322949,
        0.05752137259240028,
        0.0386118812212427,
        0.02300143613440553
    ],
    "clip_indices": [
        0,
        15,
        30,
        46,
        61,
        77,
        92,
        108,
        123,
        139,
        154,
        169,
        185,
        200,
        216,
        231,
        247,
        262,
        278,
        293,
        309,
        324,
        339,
        355,
        370,
        386,
        401,
        417,
        432,
        448,
        463,
        479
    ]
}