{
    "video_path": "FallVision/No Fall/Bed/nf_raw_b_3/B_D_0231.mp4",
    "active_window": [
        0,
        4
    ],
    "varying_k": 5,
    "detection_status": "Global Event Zone",
    "saliency_weights": [
        0.12776370108133897,
        0.22003944135785963,
        0.2897227168412903,
        0.2531598857554558,
        0.15563916179058898,
        0.07972670910797665,
        0.04537609815779434,
        0.0337396404953876,
        0.030684884337924687,
        0.031954445136665316,
        0.037045092214633674,
        0.04574373223823179,
        0.056281587159593596,
        0.06556963503453325,
        0.0705153158164427,
        0.06919822238562459,
        0.06236973004833791,
        0.05291076486283209,
        0.04343635593074947,
        0.035384915782248186,
        0.029323545475825177,
        0.025264159394770985,
        0.02290170068396473,
        0.02174623633371591,
        0.021366020580516162,
        0.02147584638364493,
        0.021814543374837386,
        0.02198394277344584,
        0.02131023815742289,
        0.01891890985734242,
        0.01491012319163538,
        0.01156587567015534
    ],
    "clip_indices": [
        0,
        2,
        5,
        8,
        11,
        14,
        17,
        20,
        22,
        25,
        28,
        31,
        34,
        37,
        40,
        43,
        45,
        48,
        51,
        54,
        57,
        60,
        63,
        66,
        68,
        71,
        74,
        77,
        80,
        83,
        86,
        89
    ]
}