{
    "video_path": "FallVision/No Fall/Bed/nf_raw_b_3/B_D_0040.mp4",
    "active_window": [
        19,
        23
    ],
    "varying_k": 5,
    "detection_status": "Peak Only",
    "saliency_weights": [
        0.019105605378069504,
        0.035244925103518635,
        0.0545704907238227,
        0.06624882901341972,
        0.0703161573553027,
        0.07117852808156191,
        0.07113930569673622,
        0.07069320356721129,
        0.07003510375231334,
        0.06936733801704573,
        0.06876896347918471,
        0.06827800210413242,
        0.06805786240413464,
        0.06831193187601688,
        0.06903580976566395,
        0.06997810071083836,
        0.07075768927187526,
        0.07112018914766718,
        0.07134192459534278,
        0.07198602182112396,
        0.07289766112861779,
        0.07314607101888865,
        0.0723975816795728,
        0.07145343819767735,
        0.07114862104160713,
        0.07162080112887362,
        0.07243516642819772,
        0.07241466504777823,
        0.06883058151918148,
        0.05755093639717611,
        0.038840190575662736,
        0.02324567678930661
    ],
    "clip_indices": [
        0,
        1,
        3,
        5,
        7,
        9,
        11,
        13,
        15,
        17,
        19,
        20,
        22,
        24,
        26,
        28,
        30,
        32,
        34,
        36,
        38,
        39,
        41,
        43,
        45,
        47,
        49,
        51,
        53,
        55,
        57,
        59
    ]
}