{
    "video_path": "FallVision/No Fall/Bed/nf_raw_b_3/B_D_0214.mp4",
    "active_window": [
        9,
        19
    ],
    "varying_k": 11,
    "detection_status": "Global Event Zone",
    "saliency_weights": [
        0.0028902589287988865,
        0.0042004213730028024,
        0.005775803323815706,
        0.007111111930510696,
        0.009383505531206213,
        0.014725099709081983,
        0.025552429452701905,
        0.04491985290550811,
        0.07609211941344415,
        0.11785175609181035,
        0.15826416642163812,
        0.1821489201781295,
        0.18474285568400933,
        0.17112353410212594,
        0.14949446462440374,
        0.12828708368716862,
        0.11470002032886499,
        0.11154293273322138,
        0.11159356094555455,
        0.1015468831232172,
        0.07824760629607866,
        0.052266621800593716,
        0.03315686338309089,
        0.02208565136203356,
        0.017231426518998363,
        0.017460421834971165,
        0.02113128510027517,
        0.02489143494329587,
        0.025603625585638265,
        0.022106627018373647,
        0.01557257530046409,
        0.010117909534765646
    ],
    "clip_indices": [
        0,
        3,
        7,
        11,
        15,
        19,
        23,
        26,
        30,
        34,
        38,
        42,
        46,
        49,
        53,
        57,
        61,
        65,
        69,
        72,
        76,
        80,
        84,
        88,
        92,
        95,
        99,
        103,
        107,
        111,
        115,
        119
    ]
}