{
    "video_path": "FallVision/No Fall/Bed/nf_raw_b_3/B_D_0155.mp4",
    "active_window": [
        15,
        23
    ],
    "varying_k": 9,
    "detection_status": "Global Event Zone",
    "saliency_weights": [
        0.01994991680511309,
        0.03668643216604193,
        0.056397906658961806,
        0.06769748952916427,
        0.07103925289116796,
        0.07143432568175825,
        0.07113893741674487,
        0.07039874328129414,
        0.06960634894171566,
        0.06928502447385546,
        0.06935956050665099,
        0.06946669748314271,
        0.06966043390259918,
        0.07025687850749093,
        0.0712350906596768,
        0.07228529663637544,
        0.07328269692926227,
        0.07426872597852713,
        0.07502099458084097,
        0.0751123986377395,
        0.07456258184077769,
        0.0739167691551618,
        0.07344294109567565,
        0.07281041122230991,
        0.07168206646071798,
        0.07009415062943983,
        0.06823727806632368,
        0.0659343453256556,
        0.061373673746285065,
        0.050879427517435384,
        0.03435644514640218,
        0.02073314209828286
    ],
    "clip_indices": [
        0,
        2,
        5,
        8,
        11,
        14,
        17,
        20,
        23,
        26,
        29,
        31,
        34,
        37,
        40,
        43,
        46,
        49,
        52,
        55,
        58,
        60,
        63,
        66,
        69,
        72,
        75,
        78,
        81,
        84,
        87,
        90
    ]
}