{
    "video_path": "FallVision/No Fall/Bed/nf_raw_b_3/B_D_0024.mp4",
    "active_window": [
        26,
        29
    ],
    "varying_k": 4,
    "detection_status": "Global Event Zone",
    "saliency_weights": [
        0.017757904110690795,
        0.03231233266405609,
        0.04954055581300902,
        0.0595298027044201,
        0.06245668738917967,
        0.06267591615695037,
        0.06277802166661428,
        0.06344930105225426,
        0.064347789291051,
        0.0649092206757057,
        0.06502510534007161,
        0.06491431854353492,
        0.06473040205207244,
        0.06451068222874039,
        0.06429065090087412,
        0.0641187748777241,
        0.06399389655170529,
        0.0638749471887709,
        0.0637598039228528,
        0.06369987689375572,
        0.06374252615058351,
        0.06391425568167808,
        0.0642786346217485,
        0.06508776119866648,
        0.06709474294259754,
        0.07168940403384794,
        0.08023192909449278,
        0.09239534626736648,
        0.10194579845904861,
        0.0954075820827969,
        0.0685516748722686,
        0.04211119412330619
    ],
    "clip_indices": [
        0,
        15,
        30,
        46,
        61,
        77,
        92,
        108,
        123,
        139,
        154,
        169,
        185,
        200,
        216,
        231,
        247,
        262,
        278,
        293,
        309,
        324,
        339,
        355,
        370,
        386,
        401,
        417,
        432,
        448,
        463,
        479
    ]
}