{
    "video_path": "FallVision/No Fall/Bed/nf_raw_b_3/B_D_0062.mp4",
    "active_window": [
        1,
        5
    ],
    "varying_k": 5,
    "detection_status": "Peak Only",
    "saliency_weights": [
        0.024839683672135224,
        0.044932425291590854,
        0.0666734857360041,
        0.07572912344865629,
        0.07563725519032943,
        0.07496352093441905,
        0.0740581891641875,
        0.07016920616828887,
        0.06569826453044891,
        0.06516404703976933,
        0.06879679188896529,
        0.07330865296160839,
        0.07540670700497329,
        0.07362008654149108,
        0.06951819795793737,
        0.06616407900253259,
        0.0646257862459875,
        0.06361255597893901,
        0.06172683851128759,
        0.058961900513663526,
        0.05741309617183531,
        0.05994146829222453,
        0.06565516543936929,
        0.06928524664859033,
        0.06838440144452632,
        0.06682666818538816,
        0.0686442081235782,
        0.0731512086730811,
        0.07522377534906019,
        0.06698629002158671,
        0.04694594921747823,
        0.028646418599960057
    ],
    "clip_indices": [
        0,
        2,
        5,
        8,
        11,
        14,
        17,
        20,
        22,
        25,
        28,
        31,
        34,
        37,
        40,
        43,
        45,
        48,
        51,
        54,
        57,
        60,
        63,
        66,
        68,
        71,
        74,
        77,
        80,
        83,
        86,
        89
    ]
}