{
    "video_path": "FallVision/No Fall/Bed/nf_raw_b_3/B_D_0207.mp4",
    "active_window": [
        18,
        23
    ],
    "varying_k": 6,
    "detection_status": "Global Event Zone",
    "saliency_weights": [
        0.004936574246484003,
        0.005958359785921877,
        0.007211769759844216,
        0.008032369725776206,
        0.008405008077405197,
        0.008579584940862485,
        0.0086967156416143,
        0.008823422793711832,
        0.009068454895287983,
        0.009583035657389655,
        0.010497877359456818,
        0.01180480291958901,
        0.013235346317885345,
        0.014652663938266827,
        0.017124973988349404,
        0.024803977371530457,
        0.047352119798430445,
        0.09744406699600708,
        0.18097321735631505,
        0.28503579588034994,
        0.36411270995468614,
        0.3574257840008006,
        0.2602019789733816,
        0.142941942495535,
        0.06589374733181744,
        0.030561087493827632,
        0.01666296409429354,
        0.011286724660312008,
        0.008917949813317562,
        0.007507686793259685,
        0.0064365681234929955,
        0.005767711999387666
    ],
    "clip_indices": [
        0,
        3,
        7,
        11,
        15,
        19,
        23,
        26,
        30,
        34,
        38,
        42,
        46,
        49,
        53,
        57,
        61,
        65,
        69,
        72,
        76,
        80,
        84,
        88,
        92,
        95,
        99,
        103,
        107,
        111,
        115,
        119
    ]
}