{
    "video_path": "FallVision/No Fall/Bed/nf_raw_b_3/B_D_0065.mp4",
    "active_window": [
        1,
        5
    ],
    "varying_k": 5,
    "detection_status": "Global Event Zone",
    "saliency_weights": [
        0.07457952227109928,
        0.13071566186691785,
        0.1799142128531675,
        0.174615013585375,
        0.1340234814495445,
        0.09809779535795443,
        0.07810682064417762,
        0.06709670262517982,
        0.06000487783771692,
        0.05561897204381662,
        0.05309347914770887,
        0.051356983722691554,
        0.04993934924412628,
        0.048840111284976076,
        0.04788412645219808,
        0.046706731380064016,
        0.04519133128887405,
        0.043532095273775884,
        0.04198750522817406,
        0.04088199040654638,
        0.04083014136652703,
        0.0425196904315292,
        0.04573750693667029,
        0.049137649765036207,
        0.051602759000071455,
        0.05301370914657698,
        0.053643168990983925,
        0.053427612246726736,
        0.051006259742080555,
        0.0436120282005381,
        0.03125783734459175,
        0.02091862620042418
    ],
    "clip_indices": [
        0,
        2,
        5,
        8,
        11,
        14,
        17,
        20,
        22,
        25,
        28,
        31,
        34,
        37,
        40,
        43,
        45,
        48,
        51,
        54,
        57,
        60,
        63,
        66,
        68,
        71,
        74,
        77,
        80,
        83,
        86,
        89
    ]
}