{
    "video_path": "FallVision/No Fall/Bed/nf_raw_b_3/B_D_0217.mp4",
    "active_window": [
        9,
        15
    ],
    "varying_k": 7,
    "detection_status": "Global Event Zone",
    "saliency_weights": [
        0.004528356311112731,
        0.005901389788723042,
        0.007565643545232168,
        0.008707394578537682,
        0.009741319032647194,
        0.01235349581240569,
        0.01995967654204496,
        0.03835590829360042,
        0.07570468238357236,
        0.13720739937723717,
        0.21592326393153402,
        0.290695181826493,
        0.3280447345568861,
        0.30185975940465315,
        0.22600307251329363,
        0.14262518075737574,
        0.0799029276257609,
        0.04183882640063833,
        0.022093875086839194,
        0.012850036691435059,
        0.0085954344628834,
        0.006711491969708336,
        0.0061607766805147415,
        0.006494512032455577,
        0.00725539977564542,
        0.007794558945677337,
        0.007717751819241529,
        0.007172025090998789,
        0.006439115377161199,
        0.005637745389412521,
        0.004858029822857642,
        0.004335029454724881
    ],
    "clip_indices": [
        0,
        3,
        7,
        11,
        15,
        19,
        23,
        26,
        30,
        34,
        38,
        42,
        46,
        49,
        53,
        57,
        61,
        65,
        69,
        72,
        76,
        80,
        84,
        88,
        92,
        95,
        99,
        103,
        107,
        111,
        115,
        119
    ]
}