{
    "video_path": "FallVision/No Fall/Bed/nf_raw_b_3/B_D_0105.mp4",
    "active_window": [
        8,
        14
    ],
    "varying_k": 7,
    "detection_status": "Global Event Zone",
    "saliency_weights": [
        0.019985147596645804,
        0.036645294810729895,
        0.055992417081773604,
        0.06654550930552947,
        0.06908831468907957,
        0.06918708673779042,
        0.06958951009102124,
        0.0706505020241113,
        0.07212710546103299,
        0.07371086737513757,
        0.07506073389507663,
        0.07575295645553602,
        0.07531194591620109,
        0.07364537317684322,
        0.07171019935076564,
        0.07080902524564239,
        0.07087446038092528,
        0.07063552784360883,
        0.06944109707115664,
        0.06776511357306461,
        0.0663093526290792,
        0.06554872969785465,
        0.06583689598443543,
        0.06735045270443926,
        0.06961568554294748,
        0.0714306712409728,
        0.0720425958356781,
        0.07144834578883397,
        0.06796500681063372,
        0.05720867086295431,
        0.03884351584739717,
        0.023340596520895228
    ],
    "clip_indices": [
        0,
        7,
        15,
        23,
        30,
        38,
        46,
        53,
        61,
        69,
        77,
        84,
        92,
        100,
        107,
        115,
        123,
        131,
        138,
        146,
        154,
        161,
        169,
        177,
        185,
        192,
        200,
        208,
        215,
        223,
        231,
        239
    ]
}