{
    "video_path": "FallVision/No Fall/Bed/nf_raw_b_3/B_D_0184.mp4",
    "active_window": [
        1,
        6
    ],
    "varying_k": 6,
    "detection_status": "Global Event Zone",
    "saliency_weights": [
        0.07550702127840585,
        0.1486912687333131,
        0.2623527875188541,
        0.3672031115229063,
        0.3972521217586388,
        0.3182406982452196,
        0.18744495011973691,
        0.0875829006102035,
        0.03936298981730698,
        0.021196124516532133,
        0.014405065633585075,
        0.011349329645429581,
        0.00957522719155936,
        0.0083348695503683,
        0.007413283729657084,
        0.00675227845548061,
        0.006298985350642577,
        0.005981672260039041,
        0.0057570332028945995,
        0.005620337633037744,
        0.005575819867232223,
        0.005635982252446105,
        0.00585737646872061,
        0.00630615663987456,
        0.00688072872371529,
        0.007259193231348578,
        0.007218311032086298,
        0.006839533924496708,
        0.006305206585225289,
        0.005741873667708621,
        0.005245442216493106,
        0.004936528548622566
    ],
    "clip_indices": [
        0,
        2,
        5,
        7,
        10,
        13,
        15,
        18,
        21,
        23,
        26,
        29,
        31,
        34,
        37,
        39,
        42,
        44,
        47,
        50,
        52,
        55,
        58,
        60,
        63,
        66,
        68,
        71,
        74,
        76,
        79,
        82
    ]
}