{
    "video_path": "FallVision/No Fall/Bed/nf_raw_b_3/B_D_0234.mp4",
    "active_window": [
        0,
        5
    ],
    "varying_k": 6,
    "detection_status": "Global Event Zone",
    "saliency_weights": [
        0.09554993649443816,
        0.16867468422031917,
        0.23586887464746226,
        0.23470065579224342,
        0.1811194618648921,
        0.12047415796419488,
        0.07556262078335482,
        0.049762267601380486,
        0.038782618287064016,
        0.037193023975305106,
        0.042196907956541754,
        0.05226523484035316,
        0.06407745426309187,
        0.07293004941230921,
        0.07533947651724496,
        0.0703495265053368,
        0.0603792116075641,
        0.049780154278141434,
        0.0411029116723461,
        0.034351021843464745,
        0.029146008499238825,
        0.02566014553259623,
        0.023834971065384,
        0.02298922789342296,
        0.022522637536851402,
        0.022317668909425874,
        0.02238278115364021,
        0.02247820863277787,
        0.021881459144089718,
        0.01944009505095413,
        0.015094991328011311,
        0.011394644734017918
    ],
    "clip_indices": [
        0,
        2,
        5,
        8,
        11,
        14,
        17,
        20,
        22,
        25,
        28,
        31,
        34,
        37,
        40,
        43,
        45,
        48,
        51,
        54,
        57,
        60,
        63,
        66,
        68,
        71,
        74,
        77,
        80,
        83,
        86,
        89
    ]
}