{
    "video_path": "FallVision/No Fall/Bed/nf_raw_b_3/B_D_0199.mp4",
    "active_window": [
        16,
        28
    ],
    "varying_k": 13,
    "detection_status": "Global Event Zone",
    "saliency_weights": [
        0.020400391802970486,
        0.036829705432997725,
        0.054387533758380915,
        0.06011214668934481,
        0.05439784049728291,
        0.04487138379006866,
        0.039974431177232525,
        0.04440284698448655,
        0.054563635758311815,
        0.06349452896776968,
        0.06815659562591163,
        0.06923362617772219,
        0.0684929636453378,
        0.06766317804752005,
        0.06801440550546922,
        0.07009271909320541,
        0.07330307777681824,
        0.07626936920581323,
        0.07801212850814651,
        0.07851330177486206,
        0.07873100635301485,
        0.08004753262036408,
        0.08270037556357422,
        0.08530205669615624,
        0.08645552616528329,
        0.08580516231463443,
        0.083798043372517,
        0.08093655989900303,
        0.07549790580551521,
        0.06278412489911156,
        0.042399907945498014,
        0.02547006412988062
    ],
    "clip_indices": [
        0,
        2,
        5,
        8,
        11,
        14,
        17,
        20,
        22,
        25,
        28,
        31,
        34,
        37,
        40,
        43,
        45,
        48,
        51,
        54,
        57,
        60,
        63,
        66,
        68,
        71,
        74,
        77,
        80,
        83,
        86,
        89
    ]
}