{
    "video_path": "FallVision/No Fall/Bed/nf_raw_b_3/B_D_0029.mp4",
    "active_window": [
        18,
        28
    ],
    "varying_k": 11,
    "detection_status": "Global Event Zone",
    "saliency_weights": [
        0.01951452037366277,
        0.035859217923340445,
        0.05511230744606983,
        0.06610237109746625,
        0.06912106892431624,
        0.06894348716619908,
        0.06787633930411822,
        0.0665086141116892,
        0.0657584408463496,
        0.06631704689800932,
        0.06725812653368372,
        0.06713794398837956,
        0.06609821548107195,
        0.06543791680590097,
        0.0658918529971369,
        0.06731455317987353,
        0.06922726007319738,
        0.07116401568516859,
        0.07285875250020185,
        0.07416746877247582,
        0.07478410077123822,
        0.07432148106031547,
        0.07296013646794433,
        0.07165895085782789,
        0.07138211788232202,
        0.07253253788631438,
        0.07473587473808455,
        0.0763874491941651,
        0.07402202396876237,
        0.06270744440475746,
        0.04259432389560935,
        0.025524601547067878
    ],
    "clip_indices": [
        0,
        3,
        7,
        11,
        15,
        19,
        23,
        26,
        30,
        34,
        38,
        42,
        46,
        49,
        53,
        57,
        61,
        65,
        69,
        72,
        76,
        80,
        84,
        88,
        92,
        95,
        99,
        103,
        107,
        111,
        115,
        119
    ]
}