{
    "video_path": "FallVision/No Fall/Bed/nf_raw_b_1/B_N_477_resized.mp4",
    "active_window": [
        20,
        24
    ],
    "varying_k": 5,
    "detection_status": "Global Event Zone",
    "saliency_weights": [
        0.019807619171674846,
        0.03647485451905212,
        0.05618031519363615,
        0.06755501088362789,
        0.07080292703731816,
        0.07085728370454634,
        0.07051089044967415,
        0.07043756686734838,
        0.07044039512475558,
        0.07023197100158024,
        0.06995194394729866,
        0.06993043276982225,
        0.07018070542188476,
        0.07046253198069957,
        0.07063276633618934,
        0.07071086926284084,
        0.0707657669051694,
        0.07085731899925046,
        0.07102227624139434,
        0.07126684022339888,
        0.07155219750986583,
        0.07179486225959225,
        0.07190326048919059,
        0.07181760836145049,
        0.07157018193690277,
        0.07128874010540451,
        0.0709897143453048,
        0.07008760903661695,
        0.06625892684044454,
        0.055373847258465364,
        0.037419842637548745,
        0.022442946035124575
    ],
    "clip_indices": [
        0,
        5,
        11,
        17,
        23,
        28,
        34,
        40,
        46,
        51,
        57,
        63,
        69,
        75,
        80,
        86,
        92,
        98,
        103,
        109,
        115,
        121,
        127,
        132,
        138,
        144,
        150,
        155,
        161,
        167,
        173,
        179
    ]
}