{
    "video_path": "FallVision/No Fall/Bed/nf_raw_b_1/B_N_328.mp4",
    "active_window": [
        0,
        4
    ],
    "varying_k": 5,
    "detection_status": "Global Event Zone",
    "saliency_weights": [
        0.1475304996882556,
        0.2549175133210079,
        0.3384584566938983,
        0.30168546706325317,
        0.19346632693501503,
        0.1057729046459342,
        0.06260566168443463,
        0.045283593070269475,
        0.03949935381862484,
        0.04126206548921622,
        0.050189041288297896,
        0.06395839981343157,
        0.07415949020274053,
        0.07164608634836674,
        0.0574004635740905,
        0.04047727387170874,
        0.02730735672706345,
        0.018878152171323,
        0.013949714949120388,
        0.011095506037110073,
        0.009401704758360038,
        0.008485251058645041,
        0.008106437041505422,
        0.00799062669115947,
        0.008015775951477757,
        0.00828261948382079,
        0.008804029112059762,
        0.009291339270714169,
        0.009353606033569868,
        0.00871313464696264,
        0.007476674970873686,
        0.006420953097519472
    ],
    "clip_indices": [
        0,
        6,
        13,
        20,
        26,
        33,
        40,
        47,
        53,
        60,
        67,
        74,
        80,
        87,
        94,
        101,
        107,
        114,
        121,
        128,
        134,
        141,
        148,
        155,
        161,
        168,
        175,
        182,
        188,
        195,
        202,
        209
    ]
}