{
    "video_path": "FallVision/No Fall/Bed/nf_raw_b_1/B_N_345_resized.mp4",
    "active_window": [
        9,
        14
    ],
    "varying_k": 6,
    "detection_status": "Global Event Zone",
    "saliency_weights": [
        0.026338425294015665,
        0.04535760339050439,
        0.06184192229140334,
        0.0609298522351559,
        0.0528170014303551,
        0.05227254347581511,
        0.057237734665934556,
        0.06273278762562162,
        0.0793537636038192,
        0.11668577569831338,
        0.15688677204014195,
        0.17154943518759982,
        0.156187003433033,
        0.12632632610598374,
        0.09513045481034421,
        0.06825059665145328,
        0.04899175523976185,
        0.03979684188995264,
        0.03947264800763775,
        0.043264788383591254,
        0.04699362537795092,
        0.04896872273406908,
        0.04936091914169691,
        0.04932189787566445,
        0.04957265250099998,
        0.049699824273640655,
        0.04873763695954331,
        0.04567061670872673,
        0.03986863698562925,
        0.03155910422067146,
        0.02229130225760158,
        0.01572578960001799
    ],
    "clip_indices": [
        0,
        4,
        9,
        13,
        18,
        23,
        27,
        32,
        36,
        41,
        46,
        50,
        55,
        59,
        64,
        69,
        73,
        78,
        83,
        87,
        92,
        96,
        101,
        106,
        110,
        115,
        119,
        124,
        129,
        133,
        138,
        143
    ]
}