{
    "video_path": "FallVision/No Fall/Bed/nf_raw_b_1/B_N_233.mp4",
    "active_window": [
        1,
        6
    ],
    "varying_k": 6,
    "detection_status": "Global Event Zone",
    "saliency_weights": [
        0.07600197719865302,
        0.13523680959865683,
        0.19288199747615328,
        0.200995888758019,
        0.17129053778886144,
        0.13636919635335779,
        0.10891100968997874,
        0.08754746446325164,
        0.07048068218679733,
        0.05792333872207144,
        0.05088867465334147,
        0.05070419108042394,
        0.05850325083529276,
        0.07320484749718295,
        0.08843216916740396,
        0.09515284688625701,
        0.08903546716838673,
        0.07232208463622483,
        0.051502331249267674,
        0.034154068572528756,
        0.023764608505757887,
        0.01861422666863046,
        0.015927798281266614,
        0.01421606861086033,
        0.013009151494246543,
        0.01232726227320733,
        0.012162061436194223,
        0.012179678594254785,
        0.011836195618832764,
        0.010572133134282739,
        0.00841968786372975,
        0.006615540891348642
    ],
    "clip_indices": [
        0,
        3,
        7,
        11,
        15,
        19,
        23,
        26,
        30,
        34,
        38,
        42,
        46,
        49,
        53,
        57,
        61,
        65,
        69,
        72,
        76,
        80,
        84,
        88,
        92,
        95,
        99,
        103,
        107,
        111,
        115,
        119
    ]
}