{
    "video_path": "FallVision/No Fall/Bed/nf_raw_b_1/B_N_508.mp4",
    "active_window": [
        4,
        15
    ],
    "varying_k": 12,
    "detection_status": "Global Event Zone",
    "saliency_weights": [
        0.02020957532778805,
        0.0373244885943822,
        0.05785996019347367,
        0.07028567241122602,
        0.07441717642760315,
        0.07475197477746252,
        0.07389080332698753,
        0.07273571826400113,
        0.07189026574901726,
        0.0717613341581764,
        0.07215180519079556,
        0.07258669081549321,
        0.07290414447480098,
        0.0731083645812269,
        0.07288704768962098,
        0.07183005307755695,
        0.0701505041252353,
        0.06851774146919952,
        0.06709530111397288,
        0.06550190027546181,
        0.06380541116336952,
        0.06278611258803876,
        0.06307219297252266,
        0.06465953056819565,
        0.06714870855276997,
        0.06992995703703461,
        0.0723159359296098,
        0.07324555902487583,
        0.07014133388373825,
        0.05888027091323114,
        0.039801753867780634,
        0.02382086354433556
    ],
    "clip_indices": [
        0,
        3,
        7,
        11,
        15,
        19,
        23,
        27,
        30,
        34,
        38,
        42,
        46,
        50,
        54,
        58,
        61,
        65,
        69,
        73,
        77,
        81,
        85,
        89,
        92,
        96,
        100,
        104,
        108,
        112,
        116,
        120
    ]
}