{
    "video_path": "FallVision/No Fall/Bed/nf_raw_b_1/B_N_429.mp4",
    "active_window": [
        21,
        27
    ],
    "varying_k": 7,
    "detection_status": "Global Event Zone",
    "saliency_weights": [
        0.02122681051109165,
        0.038604136601608365,
        0.058148696317420825,
        0.06729627895124299,
        0.06692800810101049,
        0.06363728154803674,
        0.06182707498826572,
        0.06311350517769446,
        0.06681973904591858,
        0.07101812090645002,
        0.07357448099075617,
        0.07312586292759485,
        0.07028315328447068,
        0.0669836598733798,
        0.06487465863876452,
        0.06455546724832674,
        0.06521081980433623,
        0.06537746301376,
        0.06483080450507303,
        0.06503861164334601,
        0.06795267166761512,
        0.07449373921250656,
        0.08237372287053078,
        0.08644049547225588,
        0.08442379952061825,
        0.07962624715768843,
        0.07569530148527039,
        0.07270329247707781,
        0.06769545964003203,
        0.05618711455304632,
        0.03802699257259182,
        0.023047653738043697
    ],
    "clip_indices": [
        0,
        13,
        27,
        40,
        54,
        67,
        81,
        94,
        108,
        121,
        135,
        148,
        162,
        175,
        189,
        202,
        216,
        229,
        243,
        256,
        270,
        283,
        297,
        310,
        324,
        337,
        351,
        364,
        378,
        391,
        405,
        419
    ]
}