{
    "video_path": "FallVision/No Fall/Bed/nf_raw_b_1/B_N_124.mp4",
    "active_window": [
        9,
        21
    ],
    "varying_k": 13,
    "detection_status": "Global Event Zone",
    "saliency_weights": [
        0.01986467932173165,
        0.036268756547481046,
        0.05510621862749229,
        0.06507406985436023,
        0.06746620546580251,
        0.06808949510550283,
        0.06902428728719456,
        0.07002617639992745,
        0.0715211330410572,
        0.07404746020658487,
        0.0766008583992279,
        0.07749687001317854,
        0.07631289298348914,
        0.07390514862486464,
        0.07154698455133884,
        0.07052201198097685,
        0.0718156089584827,
        0.07550022657382116,
        0.07971200939473423,
        0.08140445840826467,
        0.07945236551034976,
        0.07542287601782821,
        0.07104751527575127,
        0.06698321498701623,
        0.06368988341880888,
        0.06193071608738622,
        0.06190523799140883,
        0.062314961981000686,
        0.06010593102927019,
        0.05101514065458969,
        0.03493923744239685,
        0.02128722480147591
    ],
    "clip_indices": [
        0,
        3,
        7,
        11,
        15,
        19,
        23,
        27,
        30,
        34,
        38,
        42,
        46,
        50,
        54,
        58,
        61,
        65,
        69,
        73,
        77,
        81,
        85,
        89,
        92,
        96,
        100,
        104,
        108,
        112,
        116,
        120
    ]
}