{
    "video_path": "FallVision/No Fall/Bed/nf_raw_b_1/B_N_293_resized.mp4",
    "active_window": [
        0,
        31
    ],
    "varying_k": 32,
    "detection_status": "Static/Uniform",
    "saliency_weights": [
        0.019741180612053624,
        0.036357323277359216,
        0.056018874211589714,
        0.06742247237636513,
        0.07080512717167112,
        0.07104470713213516,
        0.07074669472171177,
        0.07049459099150095,
        0.07036218479847514,
        0.07035074532369384,
        0.07040190302814031,
        0.07044909944812913,
        0.07050201212303281,
        0.07060591873414203,
        0.07073741429508561,
        0.07081942262941293,
        0.07081854784589023,
        0.07075764040417534,
        0.07066010242184817,
        0.07054494638650866,
        0.0704736312349626,
        0.07052779568098999,
        0.07067539605019504,
        0.0707630838271183,
        0.07076513815706098,
        0.07087727146125214,
        0.07115611414970562,
        0.07090376741338691,
        0.06757266042681534,
        0.056769162051341596,
        0.03843238960701529,
        0.023017855137193798
    ],
    "clip_indices": [
        0,
        2,
        5,
        8,
        11,
        14,
        17,
        20,
        22,
        25,
        28,
        31,
        34,
        37,
        40,
        43,
        45,
        48,
        51,
        54,
        57,
        60,
        63,
        66,
        68,
        71,
        74,
        77,
        80,
        83,
        86,
        89
    ]
}