{
    "video_path": "FallVision/No Fall/Bed/nf_raw_b_1/B_N_388.mp4",
    "active_window": [
        1,
        10
    ],
    "varying_k": 10,
    "detection_status": "Global Event Zone",
    "saliency_weights": [
        0.06018363437497597,
        0.10865775569421562,
        0.16105781361088176,
        0.18305290950776074,
        0.18442216309247136,
        0.1891594343064184,
        0.2029528824363666,
        0.21479486220055655,
        0.20552048502794024,
        0.1640080352136001,
        0.10624826713959748,
        0.059617017409059204,
        0.033607339099396547,
        0.021308772778107415,
        0.01516377071141838,
        0.011813905044246401,
        0.010111966611297013,
        0.009533642163138064,
        0.009583497890339677,
        0.009734890731266215,
        0.009725625899628908,
        0.009631335852182189,
        0.009602185470589358,
        0.009689095318134413,
        0.009801131176142772,
        0.009737458614575473,
        0.009397809965116712,
        0.008877459795934552,
        0.008182243272437627,
        0.007068830806700071,
        0.005535333538570339,
        0.004320991741748373
    ],
    "clip_indices": [
        0,
        4,
        9,
        14,
        19,
        24,
        28,
        33,
        38,
        43,
        48,
        52,
        57,
        62,
        67,
        72,
        76,
        81,
        86,
        91,
        96,
        100,
        105,
        110,
        115,
        120,
        124,
        129,
        134,
        139,
        144,
        149
    ]
}