{
    "video_path": "FallVision/No Fall/Bed/nf_raw_b_1/B_N_184.mp4",
    "active_window": [
        24,
        28
    ],
    "varying_k": 5,
    "detection_status": "Peak Only",
    "saliency_weights": [
        0.020039996191618,
        0.03683158880226641,
        0.056538074517724274,
        0.06759558008369654,
        0.0702766429426766,
        0.0696660216102391,
        0.06863229658626174,
        0.06806256843197113,
        0.0683254483193812,
        0.06943377314761957,
        0.07068913479976949,
        0.07117451116642523,
        0.07065650463914588,
        0.06962565167733484,
        0.06891635870432462,
        0.06917462131820051,
        0.07013352943597037,
        0.07083679511732435,
        0.07071995121038657,
        0.06995813390842034,
        0.06908123590809655,
        0.06870112801873818,
        0.06930251598763132,
        0.07103270605551124,
        0.07338303255318296,
        0.07517050276355575,
        0.07550819252004244,
        0.07405767539508783,
        0.0691639907028602,
        0.05720746274205793,
        0.038461545205758174,
        0.023068127328159507
    ],
    "clip_indices": [
        0,
        3,
        6,
        9,
        12,
        15,
        18,
        21,
        24,
        27,
        30,
        33,
        36,
        39,
        42,
        45,
        49,
        52,
        55,
        58,
        61,
        64,
        67,
        70,
        73,
        76,
        79,
        82,
        85,
        88,
        91,
        95
    ]
}