{
    "video_path": "FallVision/No Fall/Bed/nf_raw_b_1/B_N_166_resized.mp4",
    "active_window": [
        9,
        17
    ],
    "varying_k": 9,
    "detection_status": "Global Event Zone",
    "saliency_weights": [
        0.0022706109817448423,
        0.0029356522734001115,
        0.004795113045645458,
        0.009715858156481183,
        0.021185022256367505,
        0.0400726941841557,
        0.0600172033806831,
        0.07423710932098498,
        0.08480375972274026,
        0.10016350858168563,
        0.12852465694829068,
        0.16948296009837277,
        0.20491766732655792,
        0.2134940181091394,
        0.19828636373977998,
        0.1788465957055354,
        0.1598778611855718,
        0.13072915413544753,
        0.09125493700495121,
        0.05636129223613535,
        0.03565912276959124,
        0.02559035223055016,
        0.01964885958403889,
        0.014692239550748378,
        0.01015437248794851,
        0.0066176481041851365,
        0.004511769662616478,
        0.003477140435217446,
        0.002946824419961906,
        0.0026130441750291606,
        0.002372099358974437,
        0.00223025497391933
    ],
    "clip_indices": [
        0,
        3,
        6,
        9,
        12,
        15,
        18,
        21,
        24,
        27,
        30,
        33,
        36,
        39,
        42,
        45,
        49,
        52,
        55,
        58,
        61,
        64,
        67,
        70,
        73,
        76,
        79,
        82,
        85,
        88,
        91,
        95
    ]
}