{
    "video_path": "FallVision/No Fall/Bed/nf_raw_b_1/B_N_538.mp4",
    "active_window": [
        17,
        22
    ],
    "varying_k": 6,
    "detection_status": "Global Event Zone",
    "saliency_weights": [
        0.027296533541046275,
        0.049267245269910526,
        0.07282573190758246,
        0.08177997999751063,
        0.07920990079459414,
        0.0746266301971863,
        0.070710140710989,
        0.0663966263913845,
        0.06268896688285022,
        0.061427602302133684,
        0.06197229329386763,
        0.06246768081875405,
        0.06282504515733509,
        0.06405355314201565,
        0.06583488446177309,
        0.06728300138832924,
        0.0698230610057356,
        0.07630687885340989,
        0.08649149922748378,
        0.09600579150672635,
        0.09951300973691606,
        0.09351988817592026,
        0.07945702058914365,
        0.06395986082945349,
        0.05309006101316854,
        0.04885897459580246,
        0.05023024484155447,
        0.05386068436565862,
        0.05499134390671209,
        0.04855164785661463,
        0.034201437628615605,
        0.021391130614263135
    ],
    "clip_indices": [
        0,
        5,
        11,
        17,
        23,
        29,
        34,
        40,
        46,
        52,
        58,
        63,
        69,
        75,
        81,
        87,
        92,
        98,
        104,
        110,
        116,
        121,
        127,
        133,
        139,
        145,
        150,
        156,
        162,
        168,
        174,
        180
    ]
}