{
    "video_path": "FallVision/No Fall/Bed/nf_raw_b_1/B_N_315.mp4",
    "active_window": [
        0,
        5
    ],
    "varying_k": 6,
    "detection_status": "Global Event Zone",
    "saliency_weights": [
        0.1685558812617926,
        0.2919581676039494,
        0.3901645513134918,
        0.35392142971764395,
        0.23800882174930682,
        0.14501589092097647,
        0.09915097652646906,
        0.07619140564553162,
        0.058640534636250546,
        0.04221647023768564,
        0.028211873194478147,
        0.018658583838824558,
        0.013339149013973484,
        0.010405917352749578,
        0.008545041687347741,
        0.0073666432835673284,
        0.006728582213029165,
        0.0064362051986001706,
        0.006324098454389448,
        0.006309454963063737,
        0.006379089129761051,
        0.006566447011164215,
        0.0069121912842304255,
        0.007410260527651686,
        0.007916715677617947,
        0.00815118580908257,
        0.007977369284478487,
        0.007561775509395664,
        0.007078725195348002,
        0.006505481267791157,
        0.0058439171210645825,
        0.0053527161749167005
    ],
    "clip_indices": [
        0,
        7,
        15,
        23,
        30,
        38,
        46,
        53,
        61,
        69,
        77,
        84,
        92,
        100,
        107,
        115,
        123,
        131,
        138,
        146,
        154,
        161,
        169,
        177,
        185,
        192,
        200,
        208,
        215,
        223,
        231,
        239
    ]
}