{
    "video_path": "FallVision/No Fall/Bed/nf_raw_b_1/B_N_128.mp4",
    "active_window": [
        10,
        16
    ],
    "varying_k": 7,
    "detection_status": "Global Event Zone",
    "saliency_weights": [
        0.004951338192996972,
        0.006976546302607099,
        0.009988975914791075,
        0.013239696824761768,
        0.017021229503134935,
        0.022393600872594815,
        0.030915141885289602,
        0.0440483004697352,
        0.062402857029457366,
        0.08625024146235107,
        0.1164835650055461,
        0.15580187546092156,
        0.20804890134949905,
        0.2669049497690042,
        0.29998729795389534,
        0.27072873226455224,
        0.18940596638645707,
        0.10638731741377991,
        0.053572585797977544,
        0.027544746217640328,
        0.015469686044418422,
        0.009675543229698751,
        0.0067839649263081525,
        0.005331252682578051,
        0.004618912517380789,
        0.004265932649499272,
        0.004064165496424322,
        0.00392362195864269,
        0.0037979459702399123,
        0.0036447039694636513,
        0.0034594111457479566,
        0.0033191865738090394
    ],
    "clip_indices": [
        0,
        3,
        7,
        11,
        15,
        19,
        23,
        26,
        30,
        34,
        38,
        42,
        46,
        49,
        53,
        57,
        61,
        65,
        69,
        72,
        76,
        80,
        84,
        88,
        92,
        95,
        99,
        103,
        107,
        111,
        115,
        119
    ]
}