{
    "video_path": "FallVision/No Fall/Bed/nf_raw_b_1/B_N_366.mp4",
    "active_window": [
        8,
        13
    ],
    "varying_k": 6,
    "detection_status": "Global Event Zone",
    "saliency_weights": [
        0.005315456842779133,
        0.008189709759398624,
        0.011628521531390101,
        0.014109738683341765,
        0.017074151355327707,
        0.024139539744563232,
        0.040311230961733446,
        0.07069562430755835,
        0.11728154687852185,
        0.17217911180945905,
        0.21030922002611474,
        0.20754400024673636,
        0.1705775102002542,
        0.12650501829307517,
        0.09215699086612378,
        0.0694628670955247,
        0.05633593287249372,
        0.05158283565126426,
        0.054184311185351275,
        0.06158736455271001,
        0.06802830962461474,
        0.06634660830746644,
        0.055765762197503954,
        0.04399167655658896,
        0.03778497534953059,
        0.037305081009758496,
        0.03911912037507534,
        0.03902332685460802,
        0.034583199324628076,
        0.026729089192772178,
        0.01814058956203938,
        0.012280511795254712
    ],
    "clip_indices": [
        0,
        3,
        7,
        11,
        15,
        19,
        23,
        26,
        30,
        34,
        38,
        42,
        46,
        49,
        53,
        57,
        61,
        65,
        69,
        72,
        76,
        80,
        84,
        88,
        92,
        95,
        99,
        103,
        107,
        111,
        115,
        119
    ]
}