{
    "video_path": "FallVision/No Fall/Bed/nf_raw_b_1/B_N_426_resized.mp4",
    "active_window": [
        17,
        25
    ],
    "varying_k": 9,
    "detection_status": "Global Event Zone",
    "saliency_weights": [
        0.02340945673966085,
        0.04228951899391774,
        0.06281350600742258,
        0.07135473001873827,
        0.07061422116828805,
        0.0684983731159538,
        0.06665402150051761,
        0.06366826654364952,
        0.060673940044611296,
        0.05949275425321813,
        0.05872196908630385,
        0.05598650280020326,
        0.05258239101808533,
        0.05195712992246916,
        0.05499184053312327,
        0.060294140983853245,
        0.06764857631363011,
        0.07786134957188623,
        0.08936367212078271,
        0.09782658484464726,
        0.09968045206683293,
        0.09443422618684516,
        0.08551531415956384,
        0.07893706481335458,
        0.0769619320269252,
        0.07554687173483587,
        0.0711946371714148,
        0.06509137234072729,
        0.05811148381294717,
        0.047341335349489574,
        0.032031469779218405,
        0.019683371171662602
    ],
    "clip_indices": [
        0,
        3,
        6,
        9,
        12,
        15,
        18,
        21,
        24,
        27,
        30,
        33,
        36,
        39,
        42,
        45,
        49,
        52,
        55,
        58,
        61,
        64,
        67,
        70,
        73,
        76,
        79,
        82,
        85,
        88,
        91,
        95
    ]
}