{
    "video_path": "FallVision/No Fall/Bed/nf_raw_b_1/B_N_325.mp4",
    "active_window": [
        0,
        5
    ],
    "varying_k": 6,
    "detection_status": "Global Event Zone",
    "saliency_weights": [
        0.14010416855807784,
        0.2519793644458538,
        0.3672881796003046,
        0.3929859948397384,
        0.32855032681735397,
        0.22088837474995537,
        0.11892019154481108,
        0.054527994921253986,
        0.02678902975892257,
        0.017849161958328738,
        0.014813166044375957,
        0.01255786792171396,
        0.010147474490871236,
        0.008141879112779932,
        0.006853234027705638,
        0.0060830759601162914,
        0.0055947442469768535,
        0.00529078941482527,
        0.005127253722542825,
        0.00505890231875226,
        0.005049725400087711,
        0.005079429299917497,
        0.005134870240617395,
        0.005203874345703316,
        0.005275852947639404,
        0.005341455984308046,
        0.005388194116519177,
        0.005391712116757534,
        0.005300320668207162,
        0.005040326116661088,
        0.004629144733309866,
        0.0042922313488576135
    ],
    "clip_indices": [
        0,
        9,
        19,
        28,
        38,
        48,
        57,
        67,
        77,
        86,
        96,
        106,
        115,
        125,
        135,
        144,
        154,
        163,
        173,
        183,
        192,
        202,
        212,
        221,
        231,
        241,
        250,
        260,
        270,
        279,
        289,
        299
    ]
}