{
    "video_path": "FallVision/No Fall/Bed/nf_raw_b_1/B_N_390.mp4",
    "active_window": [
        8,
        13
    ],
    "varying_k": 6,
    "detection_status": "Global Event Zone",
    "saliency_weights": [
        0.0152183216076785,
        0.02472741678029703,
        0.033798963372490894,
        0.03475423395148221,
        0.030145794712855317,
        0.026839088265861413,
        0.03099474832054743,
        0.05374552154250122,
        0.11500922380985285,
        0.21695906927778746,
        0.30878261127782874,
        0.3273920954732672,
        0.2708247741580844,
        0.1852264210692688,
        0.10956149746249777,
        0.05950324059984198,
        0.03350436880887567,
        0.02164592701160129,
        0.015858508861586244,
        0.012851619816662125,
        0.011487145031543723,
        0.011040056187084323,
        0.01106712692622333,
        0.011419393061017462,
        0.011948200544341613,
        0.012359397299880252,
        0.012449876578402259,
        0.012240016026706466,
        0.01168716607225111,
        0.010531222377506363,
        0.008815955713526575,
        0.007431364242887725
    ],
    "clip_indices": [
        0,
        3,
        7,
        11,
        15,
        19,
        23,
        26,
        30,
        34,
        38,
        42,
        46,
        49,
        53,
        57,
        61,
        65,
        69,
        72,
        76,
        80,
        84,
        88,
        92,
        95,
        99,
        103,
        107,
        111,
        115,
        119
    ]
}