{
    "video_path": "FallVision/No Fall/Bed/nf_raw_b_1/B_N_389.mp4",
    "active_window": [
        2,
        7
    ],
    "varying_k": 6,
    "detection_status": "Global Event Zone",
    "saliency_weights": [
        0.05137305544023825,
        0.10434696173619734,
        0.19535024267843498,
        0.2948434318762291,
        0.3489727616438607,
        0.3197062166465503,
        0.23490074357375512,
        0.1483742734852324,
        0.08567803094429906,
        0.04770097828915909,
        0.02752740636622189,
        0.01773663201840911,
        0.013254937579192796,
        0.011241497339243647,
        0.0102968112753157,
        0.009812229980688841,
        0.009525840874433401,
        0.009320543054127673,
        0.009156469085951519,
        0.009035965103081554,
        0.008964872652064517,
        0.008936579682826738,
        0.008938564453711738,
        0.00895760270287505,
        0.008982628438801661,
        0.009005622901363504,
        0.00901916973731811,
        0.008992047994542772,
        0.008788309684567203,
        0.008154259451191056,
        0.007083903765479972,
        0.006184960344527925
    ],
    "clip_indices": [
        0,
        3,
        7,
        11,
        15,
        19,
        23,
        26,
        30,
        34,
        38,
        42,
        46,
        49,
        53,
        57,
        61,
        65,
        69,
        72,
        76,
        80,
        84,
        88,
        92,
        95,
        99,
        103,
        107,
        111,
        115,
        119
    ]
}