{
    "video_path": "FallVision/No Fall/Bed/nf_raw_b_1/B_N_452.mp4",
    "active_window": [
        6,
        11
    ],
    "varying_k": 6,
    "detection_status": "Global Event Zone",
    "saliency_weights": [
        0.036821221378455546,
        0.06408334736788618,
        0.09009684670071473,
        0.09326389298124096,
        0.08279249523622123,
        0.08371041820769776,
        0.1181847912462263,
        0.18720284541205648,
        0.2516692047292828,
        0.2656246881606572,
        0.22563782362638268,
        0.16030275586206302,
        0.09885011766743076,
        0.05862392795897117,
        0.039734425901741324,
        0.031617985027092385,
        0.02657848003055844,
        0.022797498922504933,
        0.019705079783187567,
        0.016112445965465474,
        0.011825253722931084,
        0.008125317011886296,
        0.0060526009766891965,
        0.005549514043805813,
        0.006191497047839974,
        0.007602095923466024,
        0.009120938010624014,
        0.009649374893919715,
        0.008617889522075435,
        0.00671587631260137,
        0.0049527376621396595,
        0.003913001978743503
    ],
    "clip_indices": [
        0,
        3,
        7,
        11,
        15,
        19,
        22,
        26,
        30,
        34,
        38,
        41,
        45,
        49,
        53,
        57,
        60,
        64,
        68,
        72,
        76,
        79,
        83,
        87,
        91,
        95,
        98,
        102,
        106,
        110,
        114,
        118
    ]
}