{
    "video_path": "FallVision/No Fall/Bed/nf_raw_b_1/B_N_415.mp4",
    "active_window": [
        26,
        29
    ],
    "varying_k": 4,
    "detection_status": "Global Event Zone",
    "saliency_weights": [
        0.01735162440935075,
        0.031567767868855665,
        0.048334259023856546,
        0.05805910012929465,
        0.06130213564679285,
        0.06250021552788682,
        0.06360587218831948,
        0.06458140222021315,
        0.06512206628506813,
        0.06521395319785625,
        0.06529871066344602,
        0.06598658604951704,
        0.06754724633811257,
        0.0696680761536186,
        0.07133034520824161,
        0.07143292946415714,
        0.07003218518941542,
        0.06820319374337688,
        0.06670885312531372,
        0.06563377840416834,
        0.06497796849466658,
        0.0648304481548897,
        0.06492817029540814,
        0.06475294987572536,
        0.06481177834882668,
        0.06723185204167513,
        0.0741513790449219,
        0.08544956740624027,
        0.0949669706541709,
        0.08946600097673658,
        0.06455506857424456,
        0.03976957011656991
    ],
    "clip_indices": [
        0,
        3,
        7,
        11,
        15,
        19,
        23,
        27,
        30,
        34,
        38,
        42,
        46,
        50,
        54,
        58,
        61,
        65,
        69,
        73,
        77,
        81,
        85,
        89,
        92,
        96,
        100,
        104,
        108,
        112,
        116,
        120
    ]
}