{
    "video_path": "FallVision/No Fall/Bed/nf_raw_b_1/B_N_526.mp4",
    "active_window": [
        11,
        27
    ],
    "varying_k": 17,
    "detection_status": "Global Event Zone",
    "saliency_weights": [
        0.0198430629858899,
        0.03579226365628689,
        0.05282549198253558,
        0.05947870285696072,
        0.058956469371599984,
        0.05881287781501014,
        0.06017331390277774,
        0.061029827940654785,
        0.06187918731904786,
        0.06445346337690361,
        0.06844253836181899,
        0.0721444034402805,
        0.0746406252680657,
        0.07599486510663417,
        0.07651575360608633,
        0.07641530484515821,
        0.07576261323253812,
        0.07466352948954247,
        0.0735845873807642,
        0.07319100117700907,
        0.07357398874119633,
        0.07411697494464825,
        0.07432498860978462,
        0.07424788579507549,
        0.07418832108905893,
        0.074411949770575,
        0.07481605874525324,
        0.07440991574929799,
        0.07049033872939554,
        0.058835917481780034,
        0.03968027183771007,
        0.023748417556543597
    ],
    "clip_indices": [
        0,
        7,
        15,
        23,
        30,
        38,
        46,
        53,
        61,
        69,
        77,
        84,
        92,
        100,
        107,
        115,
        123,
        131,
        138,
        146,
        154,
        161,
        169,
        177,
        185,
        192,
        200,
        208,
        215,
        223,
        231,
        239
    ]
}