{
    "video_path": "FallVision/No Fall/Bed/nf_raw_b_1/B_N_457.mp4",
    "active_window": [
        0,
        6
    ],
    "varying_k": 7,
    "detection_status": "Global Event Zone",
    "saliency_weights": [
        0.12776337374057942,
        0.22883320600718712,
        0.3308322955059039,
        0.3509068515104443,
        0.29709542797551736,
        0.21654135518657228,
        0.14217866125375084,
        0.08862621237350993,
        0.05574991671328758,
        0.03678328981805275,
        0.025810511962696594,
        0.01914745125745794,
        0.01480122472052085,
        0.0117859726967375,
        0.00966192608853065,
        0.008238036379637208,
        0.00735196259065579,
        0.006815743085147709,
        0.006481918878304686,
        0.006263536484061553,
        0.006109663870431541,
        0.005992814678055779,
        0.005917393171178261,
        0.0059085518932708225,
        0.005953301538251814,
        0.005982339755681583,
        0.005959966887791073,
        0.005924398994340312,
        0.0058565649491807495,
        0.005603878788417749,
        0.005118875531282454,
        0.004693046017698669
    ],
    "clip_indices": [
        0,
        3,
        7,
        11,
        15,
        19,
        22,
        26,
        30,
        34,
        38,
        41,
        45,
        49,
        53,
        57,
        60,
        64,
        68,
        72,
        76,
        79,
        83,
        87,
        91,
        95,
        98,
        102,
        106,
        110,
        114,
        118
    ]
}