{
    "video_path": "FallVision/No Fall/Bed/nf_raw_b_1/B_N_152_resized.mp4",
    "active_window": [
        21,
        26
    ],
    "varying_k": 6,
    "detection_status": "Global Event Zone",
    "saliency_weights": [
        0.0035337356704513365,
        0.004042507770371299,
        0.004720432142111838,
        0.0054021459145555326,
        0.006500920267838603,
        0.00900652338686199,
        0.014336689553289962,
        0.02313759869413509,
        0.0336070519633012,
        0.042117222816530644,
        0.044697819697363174,
        0.039390830944551,
        0.029341687558462642,
        0.02022971723107949,
        0.014672443692367605,
        0.011983673374340524,
        0.011198253291849793,
        0.012413063753213325,
        0.017357765865928184,
        0.03247952044213478,
        0.07353952516789868,
        0.15513640716602078,
        0.25613584449801485,
        0.31643517722778214,
        0.30103627991913884,
        0.23405770718807328,
        0.15580958505625542,
        0.0911720665434747,
        0.049070028520586485,
        0.025654411524399373,
        0.013673548686364619,
        0.008563609127513926
    ],
    "clip_indices": [
        0,
        3,
        6,
        9,
        12,
        15,
        18,
        21,
        24,
        27,
        30,
        33,
        36,
        39,
        42,
        45,
        49,
        52,
        55,
        58,
        61,
        64,
        67,
        70,
        73,
        76,
        79,
        82,
        85,
        88,
        91,
        95
    ]
}