{
    "video_path": "FallVision/No Fall/Bed/nf_raw_b_1/B_N_261_resized.mp4",
    "active_window": [
        7,
        13
    ],
    "varying_k": 7,
    "detection_status": "Global Event Zone",
    "saliency_weights": [
        0.006815323184768733,
        0.01067786749331519,
        0.015996691974001866,
        0.02222106789655639,
        0.03387326951532357,
        0.05857592550084375,
        0.10367887226365136,
        0.1697495212030339,
        0.24175178409474923,
        0.2946795096343756,
        0.3048958998604068,
        0.26301254665037954,
        0.19006054375529186,
        0.12166058118566474,
        0.07480838212421727,
        0.04601962391431371,
        0.028108436903255894,
        0.016992117479377147,
        0.01047188432204612,
        0.006913141535196302,
        0.0050898038420640855,
        0.004169184745834817,
        0.003672101250361338,
        0.003396242346854849,
        0.003255013010591425,
        0.003185073905460966,
        0.0031438357547948744,
        0.0031145191390505563,
        0.003080914445349697,
        0.003012974458463734,
        0.0029049511335552513,
        0.0028150095965944434
    ],
    "clip_indices": [
        0,
        2,
        5,
        8,
        11,
        14,
        17,
        20,
        22,
        25,
        28,
        31,
        34,
        37,
        40,
        43,
        45,
        48,
        51,
        54,
        57,
        60,
        63,
        66,
        68,
        71,
        74,
        77,
        80,
        83,
        86,
        89
    ]
}