{
    "video_path": "FallVision/No Fall/Bed/nf_raw_b_1/B_N_188.mp4",
    "active_window": [
        18,
        23
    ],
    "varying_k": 6,
    "detection_status": "Global Event Zone",
    "saliency_weights": [
        0.021189252845315205,
        0.038851127283800996,
        0.05929133164063394,
        0.07019291842872061,
        0.07216144894750195,
        0.07096717347286485,
        0.06970234489795665,
        0.06905079037044094,
        0.06894814554527126,
        0.06914843181656916,
        0.06934186715439991,
        0.06929096486226834,
        0.0690192341927494,
        0.06871207619452965,
        0.06849474195976069,
        0.06849588643284664,
        0.06906402651452224,
        0.07054442879378059,
        0.07261863340414683,
        0.07435571811550876,
        0.07513321466100775,
        0.07496251958254783,
        0.07403381170075166,
        0.07251508723570799,
        0.07078382442382204,
        0.06948719412703187,
        0.06890711452548902,
        0.06820943539726775,
        0.06474388569514984,
        0.05429310098403658,
        0.03681494435597435,
        0.02218141007618245
    ],
    "clip_indices": [
        0,
        3,
        7,
        11,
        15,
        19,
        23,
        27,
        30,
        34,
        38,
        42,
        46,
        50,
        54,
        58,
        61,
        65,
        69,
        73,
        77,
        81,
        85,
        89,
        92,
        96,
        100,
        104,
        108,
        112,
        116,
        120
    ]
}