{
    "video_path": "FallVision/No Fall/Bed/nf_raw_b_1/B_N_430.mp4",
    "active_window": [
        11,
        19
    ],
    "varying_k": 9,
    "detection_status": "Global Event Zone",
    "saliency_weights": [
        0.02099581061968992,
        0.03858990079039647,
        0.05920838805109909,
        0.07051573954645077,
        0.07229654592188,
        0.06972071006265396,
        0.06668319355302178,
        0.06520467083844778,
        0.06582439769339372,
        0.06812650613106398,
        0.07106806998630671,
        0.07356402240676418,
        0.07524453528782907,
        0.07636499830870006,
        0.07733371851753879,
        0.07836555066866567,
        0.07917249693278008,
        0.07911723778846244,
        0.0777922894427254,
        0.07517667238734273,
        0.07141101373560405,
        0.06686811950973276,
        0.0625969955886787,
        0.060219383062816684,
        0.06049308287738674,
        0.06259044132337638,
        0.06526474477662077,
        0.06725874431010193,
        0.06582209910958556,
        0.056339317531958734,
        0.03865080651541898,
        0.02342996162430319
    ],
    "clip_indices": [
        0,
        9,
        19,
        28,
        38,
        48,
        57,
        67,
        77,
        86,
        96,
        106,
        115,
        125,
        135,
        144,
        154,
        163,
        173,
        183,
        192,
        202,
        212,
        221,
        231,
        241,
        250,
        260,
        270,
        279,
        289,
        299
    ]
}