{
    "video_path": "FallVision/No Fall/Bed/nf_raw_b_1/B_N_274_resized.mp4",
    "active_window": [
        15,
        28
    ],
    "varying_k": 14,
    "detection_status": "Global Event Zone",
    "saliency_weights": [
        0.019660995513924973,
        0.0357388737630299,
        0.05361110932299669,
        0.061777026450657205,
        0.06188183433264621,
        0.06039705936655912,
        0.06002618115540341,
        0.060635961403420535,
        0.061795292404203235,
        0.06332835463073853,
        0.0651767384435694,
        0.06721215497066307,
        0.06908460526391139,
        0.07046438118326082,
        0.07150288021611073,
        0.07262914425941316,
        0.07388941658416338,
        0.0749279032103971,
        0.07552333748097212,
        0.07575742715970177,
        0.07578937860847432,
        0.0757382259098684,
        0.07570995242177626,
        0.07580601358944114,
        0.07604808737034194,
        0.07634100132782037,
        0.07651831197361429,
        0.07596481416509179,
        0.07218034738474668,
        0.0605595001077576,
        0.04101536754484089,
        0.024619803069694537
    ],
    "clip_indices": [
        0,
        3,
        7,
        11,
        15,
        19,
        23,
        26,
        30,
        34,
        38,
        42,
        46,
        49,
        53,
        57,
        61,
        65,
        69,
        72,
        76,
        80,
        84,
        88,
        92,
        95,
        99,
        103,
        107,
        111,
        115,
        119
    ]
}