{
    "video_path": "FallVision/No Fall/Bed/nf_raw_b_1/B_N_432_resized.mp4",
    "active_window": [
        21,
        28
    ],
    "varying_k": 8,
    "detection_status": "Global Event Zone",
    "saliency_weights": [
        0.0213375023605677,
        0.03859341227987778,
        0.057325233247081026,
        0.06509619477791749,
        0.06459081379442794,
        0.06378119929522127,
        0.0655558918007489,
        0.06876659231914356,
        0.07118615030290187,
        0.0710424535760886,
        0.06822445165063577,
        0.06408952656597897,
        0.060824583086986336,
        0.06021201448849848,
        0.06186821736691911,
        0.06383209052103134,
        0.06476475083597749,
        0.06474452885451178,
        0.06500359721048181,
        0.06708282742742963,
        0.07116139414465762,
        0.07574979484978026,
        0.07935495659946425,
        0.0814553911840949,
        0.08240119536944329,
        0.08299015147775118,
        0.08316391938665815,
        0.08111697035335136,
        0.07405851136318703,
        0.05950747157822643,
        0.03919717946439083,
        0.023286040490285535
    ],
    "clip_indices": [
        0,
        3,
        7,
        11,
        15,
        19,
        23,
        26,
        30,
        34,
        38,
        42,
        46,
        49,
        53,
        57,
        61,
        65,
        69,
        72,
        76,
        80,
        84,
        88,
        92,
        95,
        99,
        103,
        107,
        111,
        115,
        119
    ]
}