{
    "video_path": "FallVision/No Fall/Bed/nf_raw_b_1/B_N_241.mp4",
    "active_window": [
        20,
        24
    ],
    "varying_k": 5,
    "detection_status": "Global Event Zone",
    "saliency_weights": [
        0.006569995380278073,
        0.008709325084832742,
        0.01082321943634807,
        0.011167731619514972,
        0.010057887230055677,
        0.008629783800793153,
        0.007542849763426977,
        0.006977153880498703,
        0.006836220909018337,
        0.006962439412452575,
        0.007313906367211053,
        0.00788739293792904,
        0.008542791842590302,
        0.00902239182903291,
        0.009095986470643651,
        0.008751557654489327,
        0.009040673893196429,
        0.015291677379759729,
        0.041959482317832295,
        0.10700822020925202,
        0.21095848412656276,
        0.3252841156065561,
        0.39728805676515844,
        0.37123222651987875,
        0.2502034232669014,
        0.11718997563498704,
        0.040795735268050956,
        0.014882837328056248,
        0.00829518203811342,
        0.006120890394809316,
        0.005107761839617414,
        0.004683408751729774
    ],
    "clip_indices": [
        0,
        3,
        7,
        11,
        15,
        19,
        23,
        26,
        30,
        34,
        38,
        42,
        46,
        49,
        53,
        57,
        61,
        65,
        69,
        72,
        76,
        80,
        84,
        88,
        92,
        95,
        99,
        103,
        107,
        111,
        115,
        119
    ]
}