{
    "video_path": "FallVision/No Fall/Bed/nf_raw_b_1/B_N_408.mp4",
    "active_window": [
        9,
        19
    ],
    "varying_k": 11,
    "detection_status": "Global Event Zone",
    "saliency_weights": [
        0.023188455848137925,
        0.04164122508235401,
        0.06079341962449465,
        0.0667991821855993,
        0.06328214785287038,
        0.059861645673753766,
        0.06005301147296529,
        0.06308000858341191,
        0.06780666962695248,
        0.07283607769354977,
        0.07562616022811963,
        0.07467676077961301,
        0.07301073689190091,
        0.07514833180453037,
        0.080551785928897,
        0.08469663997746905,
        0.08524398235776742,
        0.08300755307615752,
        0.07873561815266707,
        0.07254324277728941,
        0.06629737471704789,
        0.0635523601301204,
        0.06529253848754848,
        0.06838250234235377,
        0.0695198860250145,
        0.06787737317627812,
        0.06475852871961091,
        0.06240874844974145,
        0.06007339088446789,
        0.052063150664873645,
        0.0362614762953469,
        0.02223783155572432
    ],
    "clip_indices": [
        0,
        3,
        7,
        11,
        15,
        19,
        23,
        26,
        30,
        34,
        38,
        42,
        46,
        49,
        53,
        57,
        61,
        65,
        69,
        72,
        76,
        80,
        84,
        88,
        92,
        95,
        99,
        103,
        107,
        111,
        115,
        119
    ]
}