{
    "video_path": "FallVision/No Fall/Bed/nf_raw_b_1/B_N_464_resized.mp4",
    "active_window": [
        1,
        5
    ],
    "varying_k": 5,
    "detection_status": "Peak Only",
    "saliency_weights": [
        0.024020166052773004,
        0.04350848845702928,
        0.06469341444861543,
        0.07339846460177363,
        0.07218321570366215,
        0.06950793741860473,
        0.0684598277707265,
        0.0683366702507969,
        0.06840145448077131,
        0.0684984301140964,
        0.06867339402814222,
        0.06897101421849572,
        0.06935031843194372,
        0.06971559203687083,
        0.06999697588905071,
        0.0701681638273621,
        0.07023300583360018,
        0.07022164325469028,
        0.07019387940442885,
        0.0702121092422544,
        0.07026866032721332,
        0.0702845127932114,
        0.07021689863885919,
        0.07010519232306038,
        0.07000330072870159,
        0.06993744291420335,
        0.06987830773246367,
        0.06934108000261739,
        0.06602973581365405,
        0.055610617808949825,
        0.03788641961324793,
        0.022959646182275063
    ],
    "clip_indices": [
        0,
        7,
        15,
        23,
        30,
        38,
        46,
        53,
        61,
        69,
        77,
        84,
        92,
        100,
        107,
        115,
        123,
        131,
        138,
        146,
        154,
        161,
        169,
        177,
        185,
        192,
        200,
        208,
        215,
        223,
        231,
        239
    ]
}