{
    "video_path": "FallVision/No Fall/Bed/nf_raw_b_1/B_N_167_resized.mp4",
    "active_window": [
        5,
        21
    ],
    "varying_k": 17,
    "detection_status": "Global Event Zone",
    "saliency_weights": [
        0.0024796567297932764,
        0.0037159320347235356,
        0.007456712889087974,
        0.019636393248814756,
        0.05233667468632645,
        0.10789980804437416,
        0.16103272289133724,
        0.18097970380543424,
        0.16219171110561914,
        0.11889565656179886,
        0.07146738390156843,
        0.03663870444331292,
        0.018079954477803438,
        0.010462324750862183,
        0.009739188383744568,
        0.01779365334681871,
        0.04276701909747378,
        0.08894673098166864,
        0.13720742594205454,
        0.15312780210257196,
        0.12941307461397025,
        0.09539286525350908,
        0.07773458687467699,
        0.07880996619682451,
        0.08550909068037207,
        0.0800918548907388,
        0.0567857866432154,
        0.029691506556622435,
        0.013025551509701886,
        0.00640577711574521,
        0.003961430915374093,
        0.002935427146188206
    ],
    "clip_indices": [
        0,
        2,
        4,
        6,
        9,
        11,
        13,
        16,
        18,
        20,
        22,
        25,
        27,
        29,
        32,
        34,
        36,
        38,
        41,
        43,
        45,
        48,
        50,
        52,
        54,
        57,
        59,
        61,
        64,
        66,
        68,
        71
    ]
}