{
    "video_path": "FallVision/No Fall/Bed/nf_raw_b_1/B_N_454.mp4",
    "active_window": [
        9,
        16
    ],
    "varying_k": 8,
    "detection_status": "Global Event Zone",
    "saliency_weights": [
        0.019298214581908252,
        0.031891595140543225,
        0.04192932464343063,
        0.038183641329634706,
        0.026229504556400638,
        0.018051246709269584,
        0.021503631842764562,
        0.04431047726475939,
        0.09749958592849922,
        0.17812891590037178,
        0.2464834471402909,
        0.2582316023586698,
        0.22016810862117023,
        0.17377762327134966,
        0.14248436520758478,
        0.12348770987361421,
        0.10705551426997711,
        0.08691412238576929,
        0.06329063004895122,
        0.04123601415437453,
        0.024750897195641525,
        0.01436987268180635,
        0.008752715373916167,
        0.005985752410098433,
        0.00458949913007367,
        0.0038775943763417397,
        0.00356152405618545,
        0.003440548985711756,
        0.0033563336456007035,
        0.003210116633356525,
        0.0029907061630456318,
        0.0028119265344129585
    ],
    "clip_indices": [
        0,
        4,
        9,
        14,
        18,
        23,
        28,
        33,
        37,
        42,
        47,
        52,
        56,
        61,
        66,
        71,
        75,
        80,
        85,
        90,
        94,
        99,
        104,
        109,
        113,
        118,
        123,
        128,
        132,
        137,
        142,
        147
    ]
}