{
    "video_path": "FallVision/No Fall/Bed/nf_raw_b_1/B_N_431.mp4",
    "active_window": [
        1,
        28
    ],
    "varying_k": 28,
    "detection_status": "Global Event Zone",
    "saliency_weights": [
        0.04873219956185573,
        0.08538775466614679,
        0.11747514749570453,
        0.11411965846429756,
        0.08849356008230948,
        0.06734169885904856,
        0.05807070410317142,
        0.05533546160639066,
        0.054032152990039356,
        0.05197006597801166,
        0.04950892737997869,
        0.048025837104295754,
        0.04813830625368777,
        0.049494553705967205,
        0.05123543280498786,
        0.052487433126683816,
        0.052948879290837886,
        0.05287016840850847,
        0.05258404139806488,
        0.05236584060722811,
        0.05259390000514269,
        0.053723496038807536,
        0.05596834930637841,
        0.05967499140272156,
        0.06683588263636925,
        0.08030350526246026,
        0.0970327520965715,
        0.10495375560335288,
        0.09521127324759948,
        0.07177952211378512,
        0.04492272704448184,
        0.026440088577389442
    ],
    "clip_indices": [
        0,
        15,
        30,
        46,
        61,
        77,
        92,
        108,
        123,
        139,
        154,
        169,
        185,
        200,
        216,
        231,
        247,
        262,
        278,
        293,
        309,
        324,
        339,
        355,
        370,
        386,
        401,
        417,
        432,
        448,
        463,
        479
    ]
}