{
    "video_path": "FallVision/No Fall/Bed/nf_raw_b_1/B_N_255.mp4",
    "active_window": [
        0,
        28
    ],
    "varying_k": 29,
    "detection_status": "Global Event Zone",
    "saliency_weights": [
        0.1277036738414474,
        0.22127811925932164,
        0.2957902520552839,
        0.2673187261682828,
        0.17448316047349244,
        0.09404408870343611,
        0.049410052793627424,
        0.028461378839224692,
        0.018661842419824555,
        0.013555345167174854,
        0.010522160035301275,
        0.008694331925252666,
        0.007718948738008569,
        0.007341090432222052,
        0.007334909331076169,
        0.007500509690653564,
        0.00768841588862231,
        0.00781335927192006,
        0.007883452243084264,
        0.008044830220417739,
        0.008689451933634197,
        0.010746445707054013,
        0.016230066430126706,
        0.02859162362428707,
        0.051893205684930124,
        0.08733787837829252,
        0.12363904048908746,
        0.13469839377348453,
        0.1081063379835459,
        0.06556639344621698,
        0.033511023645271386,
        0.018522193297463324
    ],
    "clip_indices": [
        0,
        3,
        7,
        11,
        15,
        19,
        23,
        26,
        30,
        34,
        38,
        42,
        46,
        49,
        53,
        57,
        61,
        65,
        69,
        72,
        76,
        80,
        84,
        88,
        92,
        95,
        99,
        103,
        107,
        111,
        115,
        119
    ]
}