{
    "video_path": "FallVision/No Fall/Bed/nf_raw_b_1/B_N_169_resized.mp4",
    "active_window": [
        10,
        15
    ],
    "varying_k": 6,
    "detection_status": "Global Event Zone",
    "saliency_weights": [
        0.004157040608578336,
        0.004407551577456489,
        0.004696648411362208,
        0.004866265088498146,
        0.004999416668099877,
        0.005400280737549196,
        0.0067004867134640034,
        0.010396534046256293,
        0.020828129092896518,
        0.05068892434989686,
        0.12326061066917826,
        0.24141633443455995,
        0.34375480574044043,
        0.35177852598186654,
        0.2690894939786873,
        0.16699510213997704,
        0.09462014124370714,
        0.0559486148361157,
        0.03920672355163084,
        0.03388955397853677,
        0.03367307608326874,
        0.03525260310721807,
        0.03581099545267829,
        0.032461283087629585,
        0.024997597566642327,
        0.0169978716629567,
        0.011596411666065846,
        0.00873240266862947,
        0.007153489775516932,
        0.006114330051779307,
        0.0053654042559456916,
        0.004931444866825688
    ],
    "clip_indices": [
        0,
        3,
        7,
        11,
        15,
        19,
        23,
        26,
        30,
        34,
        38,
        42,
        46,
        49,
        53,
        57,
        61,
        65,
        69,
        72,
        76,
        80,
        84,
        88,
        92,
        95,
        99,
        103,
        107,
        111,
        115,
        119
    ]
}