{
    "video_path": "FallVision/No Fall/Bed/nf_raw_b_1/B_N_427_resized.mp4",
    "active_window": [
        16,
        23
    ],
    "varying_k": 8,
    "detection_status": "Global Event Zone",
    "saliency_weights": [
        0.023870357296050172,
        0.04310163686758211,
        0.06367515361298313,
        0.07160623043923386,
        0.0702894517002365,
        0.06888447999848456,
        0.07007837977804629,
        0.07211597563864303,
        0.07322686695639918,
        0.07253666426485199,
        0.07004698064746084,
        0.06661233766928687,
        0.06401635048516041,
        0.06411991068580182,
        0.06730726388569748,
        0.0724858944119989,
        0.0780163785967117,
        0.08227416476088162,
        0.0841445497065017,
        0.08333913306823369,
        0.08068902454624999,
        0.07778987121411611,
        0.0754430156104956,
        0.07312882436311713,
        0.07029290598776795,
        0.06703813684160484,
        0.06336095851501805,
        0.05850616532887022,
        0.05116595402551588,
        0.0400823460021307,
        0.026376722618911976,
        0.016087400063529492
    ],
    "clip_indices": [
        0,
        3,
        7,
        11,
        15,
        19,
        23,
        26,
        30,
        34,
        38,
        42,
        46,
        49,
        53,
        57,
        61,
        65,
        69,
        72,
        76,
        80,
        84,
        88,
        92,
        95,
        99,
        103,
        107,
        111,
        115,
        119
    ]
}