{
    "video_path": "FallVision/No Fall/Bed/nf_raw_b_1/B_N_159_resized.mp4",
    "active_window": [
        10,
        21
    ],
    "varying_k": 12,
    "detection_status": "Global Event Zone",
    "saliency_weights": [
        0.0022590418370555744,
        0.0025672836613320326,
        0.0029319707952228484,
        0.003144211664151502,
        0.0032195412856439107,
        0.0033438420259482315,
        0.004220223653393719,
        0.008854986268575876,
        0.02425766094541081,
        0.056452896219065365,
        0.1022488488931642,
        0.14884931847907745,
        0.17693395597330747,
        0.17171226517395463,
        0.1407085117340871,
        0.11013576053599564,
        0.10548782685999894,
        0.13654511650371737,
        0.18288149854390068,
        0.20403298908086598,
        0.18103943031041075,
        0.12971288675478104,
        0.07518097879885154,
        0.03516667148599139,
        0.015092757136883492,
        0.00830248115053033,
        0.006391168569597336,
        0.005533792962090139,
        0.004763528213374833,
        0.003991149275085719,
        0.003329676780890782,
        0.0029286362878689146
    ],
    "clip_indices": [
        0,
        3,
        7,
        11,
        15,
        19,
        23,
        26,
        30,
        34,
        38,
        42,
        46,
        49,
        53,
        57,
        61,
        65,
        69,
        72,
        76,
        80,
        84,
        88,
        92,
        95,
        99,
        103,
        107,
        111,
        115,
        119
    ]
}