{
    "video_path": "FallVision/No Fall/Bed/nf_raw_b_1/B_N_189.mp4",
    "active_window": [
        3,
        7
    ],
    "varying_k": 5,
    "detection_status": "Peak Only",
    "saliency_weights": [
        0.019490403553570887,
        0.035967930092147715,
        0.05565839887586311,
        0.06745562444503908,
        0.07138007083101718,
        0.07198433463378676,
        0.07178556771024637,
        0.07143591444179229,
        0.07109250959841679,
        0.0708121731288302,
        0.07055748682879033,
        0.07029218953761662,
        0.07012008529153393,
        0.07018030253536955,
        0.07041103689227084,
        0.0706128053666168,
        0.07071573341064566,
        0.07079494898187719,
        0.07087633915023735,
        0.07090419878477783,
        0.07089064314495358,
        0.07094081126673998,
        0.07108221429159468,
        0.07120201196646933,
        0.0712031739191725,
        0.07109340179991977,
        0.07086097252197163,
        0.07001190707717111,
        0.06628492727111499,
        0.055481492867408264,
        0.037519670582399904,
        0.022495758477584744
    ],
    "clip_indices": [
        0,
        1,
        3,
        5,
        7,
        9,
        11,
        13,
        15,
        17,
        19,
        21,
        23,
        25,
        27,
        29,
        30,
        32,
        34,
        36,
        38,
        40,
        42,
        44,
        46,
        48,
        50,
        52,
        54,
        56,
        58,
        60
    ]
}