{
    "video_path": "FallVision/No Fall/Bed/nf_raw_b_1/B_N_377.mp4",
    "active_window": [
        1,
        13
    ],
    "varying_k": 13,
    "detection_status": "Global Event Zone",
    "saliency_weights": [
        0.08821903902336659,
        0.15529820681309878,
        0.2161565526075765,
        0.21566737610983122,
        0.17595484164326639,
        0.14161452612318856,
        0.12119710327600447,
        0.10338950763918504,
        0.08593094716253515,
        0.07588240852287806,
        0.08066087787422732,
        0.1001303940237622,
        0.1189903459744398,
        0.11773627979487744,
        0.09440544933473069,
        0.06282172257137336,
        0.03561070083427935,
        0.017985606760930528,
        0.009319182455397097,
        0.005858030071319183,
        0.004425324869362606,
        0.0037264609830647065,
        0.0033902958635646805,
        0.0032488326720074147,
        0.003197430849969747,
        0.0031856799096707587,
        0.0031898415638860747,
        0.0031902341518177287,
        0.003154415828249988,
        0.003036035096580805,
        0.0028368334609099404,
        0.002670073923219665
    ],
    "clip_indices": [
        0,
        4,
        9,
        14,
        19,
        23,
        28,
        33,
        38,
        42,
        47,
        52,
        57,
        62,
        66,
        71,
        76,
        81,
        85,
        90,
        95,
        100,
        105,
        109,
        114,
        119,
        124,
        128,
        133,
        138,
        143,
        148
    ]
}