{
    "video_path": "FallVision/No Fall/Bed/nf_raw_b_1/B_N_316.mp4",
    "active_window": [
        0,
        5
    ],
    "varying_k": 6,
    "detection_status": "Global Event Zone",
    "saliency_weights": [
        0.16347469269437837,
        0.2851057645103056,
        0.3874939231083331,
        0.36472954021162324,
        0.2612746358935467,
        0.1678590895659738,
        0.10954408675236271,
        0.07082386455618021,
        0.04275089068260622,
        0.025424411208187385,
        0.017002591135570486,
        0.013121736165564182,
        0.010881330428067531,
        0.009341420683942298,
        0.00831188897567884,
        0.007727682730176502,
        0.007494908598278815,
        0.007479101226180188,
        0.007544740894298168,
        0.007584770699866421,
        0.00755706927656555,
        0.007484880078524497,
        0.007406546749720142,
        0.007348400915147329,
        0.0073258871190321415,
        0.007343276231255879,
        0.007381331646065808,
        0.007379506058177611,
        0.007228630218637498,
        0.006793013752296346,
        0.006098878505499011,
        0.0055286876870346835
    ],
    "clip_indices": [
        0,
        8,
        17,
        26,
        34,
        43,
        52,
        60,
        69,
        78,
        86,
        95,
        104,
        112,
        121,
        130,
        138,
        147,
        156,
        164,
        173,
        182,
        190,
        199,
        208,
        216,
        225,
        234,
        242,
        251,
        260,
        269
    ]
}