{
    "video_path": "FallVision/No Fall/Bed/nf_raw_b_1/B_N_506.mp4",
    "active_window": [
        26,
        30
    ],
    "varying_k": 5,
    "detection_status": "Global Event Zone",
    "saliency_weights": [
        0.011553599194985116,
        0.020038847152710183,
        0.0298653955737383,
        0.0351122136522725,
        0.036025118515841795,
        0.03523495786061499,
        0.03399743519725727,
        0.0327594341040658,
        0.032434371382678545,
        0.033796295591267816,
        0.036272405049724746,
        0.03881471296558069,
        0.04169578905437332,
        0.04682452479953707,
        0.056954939058405415,
        0.0727270265612968,
        0.08802395634682714,
        0.09311502692709231,
        0.08546193911140328,
        0.07143700879332371,
        0.05800573350292134,
        0.04850591032465079,
        0.043427354722648775,
        0.04258624524566704,
        0.049298191292453664,
        0.07076515345712191,
        0.10870548625503221,
        0.15199225668047145,
        0.18056970405071748,
        0.17174261298001503,
        0.12310774251327963,
        0.07485897633531427
    ],
    "clip_indices": [
        0,
        3,
        7,
        11,
        15,
        19,
        23,
        26,
        30,
        34,
        38,
        42,
        46,
        49,
        53,
        57,
        61,
        65,
        69,
        72,
        76,
        80,
        84,
        88,
        92,
        95,
        99,
        103,
        107,
        111,
        115,
        119
    ]
}