{
    "video_path": "FallVision/No Fall/Bed/nf_raw_b_1/B_N_423.mp4",
    "active_window": [
        18,
        25
    ],
    "varying_k": 8,
    "detection_status": "Global Event Zone",
    "saliency_weights": [
        0.016781926388340213,
        0.030146255486601273,
        0.044689225006302374,
        0.05117030166568676,
        0.05262004324422294,
        0.05560664045340925,
        0.06092433744834137,
        0.06578791809686463,
        0.06808135779628893,
        0.06745947200021099,
        0.06563511034297989,
        0.06482816907362014,
        0.06550599226732558,
        0.06676258436389328,
        0.06794653772670864,
        0.06906707716967113,
        0.0704804246088638,
        0.07281998620522025,
        0.07705235445417422,
        0.08375460920164492,
        0.09133636497431405,
        0.09613505627160912,
        0.09567547816680476,
        0.09040986541207546,
        0.08275307319472314,
        0.07594063867472872,
        0.07165653800585679,
        0.0684845720337334,
        0.06310332758362923,
        0.05184027390888912,
        0.035051251094135476,
        0.021494378153201613
    ],
    "clip_indices": [
        0,
        4,
        9,
        14,
        19,
        24,
        28,
        33,
        38,
        43,
        48,
        52,
        57,
        62,
        67,
        72,
        76,
        81,
        86,
        91,
        96,
        100,
        105,
        110,
        115,
        120,
        124,
        129,
        134,
        139,
        144,
        149
    ]
}