{
    "video_path": "FallVision/No Fall/Bed/nf_raw_b_1/B_N_229.mp4",
    "active_window": [
        3,
        14
    ],
    "varying_k": 12,
    "detection_status": "Global Event Zone",
    "saliency_weights": [
        0.028552766151130893,
        0.051561195394292575,
        0.07765778988787611,
        0.09306057471157322,
        0.1056397555477037,
        0.12486959715575266,
        0.14095492561102038,
        0.14049046580350222,
        0.12884677890621027,
        0.12074592309828502,
        0.12189514630505763,
        0.1276319361258803,
        0.12795062287653222,
        0.11559432070174372,
        0.0962598120740725,
        0.08288657048698742,
        0.07886878349296428,
        0.07650169291068064,
        0.06834803406032702,
        0.05276611546655093,
        0.03369218410681776,
        0.01808007845576834,
        0.009583642777542388,
        0.006261672751211705,
        0.005080893402561602,
        0.004704034644273364,
        0.004719454254490869,
        0.004788237603542359,
        0.00462036558772499,
        0.0041038733405560435,
        0.0033478890131970127,
        0.0027534390390770804
    ],
    "clip_indices": [
        0,
        2,
        5,
        8,
        11,
        14,
        17,
        20,
        22,
        25,
        28,
        31,
        34,
        37,
        40,
        43,
        45,
        48,
        51,
        54,
        57,
        60,
        63,
        66,
        68,
        71,
        74,
        77,
        80,
        83,
        86,
        89
    ]
}