{
    "video_path": "FallVision/No Fall/Bed/nf_raw_b_1/B_N_267_resized.mp4",
    "active_window": [
        2,
        11
    ],
    "varying_k": 10,
    "detection_status": "Global Event Zone",
    "saliency_weights": [
        0.04557482674004237,
        0.08167936798050265,
        0.1210276985254804,
        0.13988008613588104,
        0.1497863348523722,
        0.1714963508026312,
        0.2059488088858904,
        0.23808338298750015,
        0.24694073837687827,
        0.2190654732819115,
        0.16439793468292588,
        0.10587807053494404,
        0.05932799474136978,
        0.02985974619446043,
        0.014898276891558988,
        0.008402407707127081,
        0.005726048542776356,
        0.004705095134409611,
        0.004427975149533729,
        0.004422068968346644,
        0.004442370387667061,
        0.004397678573406251,
        0.00426012861191933,
        0.004025101836781734,
        0.0037219611441833755,
        0.0034186658378892888,
        0.003171073471737529,
        0.002987246076767269,
        0.0028392987226782667,
        0.0026796030957215167,
        0.002495004878188374,
        0.002356741244841624
    ],
    "clip_indices": [
        0,
        2,
        5,
        8,
        11,
        14,
        17,
        20,
        22,
        25,
        28,
        31,
        34,
        37,
        40,
        43,
        45,
        48,
        51,
        54,
        57,
        60,
        63,
        66,
        68,
        71,
        74,
        77,
        80,
        83,
        86,
        89
    ]
}