{
    "video_path": "FallVision/No Fall/Bed/nf_raw_b_1/B_N_405.mp4",
    "active_window": [
        13,
        23
    ],
    "varying_k": 11,
    "detection_status": "Global Event Zone",
    "saliency_weights": [
        0.018917271912338274,
        0.03409980035369926,
        0.05056047438008732,
        0.05759164939085232,
        0.05821555540465043,
        0.05966420921420801,
        0.06329150826054739,
        0.06669434568385196,
        0.06801490626568958,
        0.06712030021044384,
        0.06594726198342282,
        0.06701667702321826,
        0.07110087143378276,
        0.07692861470965691,
        0.08185224925475139,
        0.08352935796015581,
        0.08256958985825029,
        0.08190892211435001,
        0.08323677817520063,
        0.08575009410752472,
        0.08730738627020981,
        0.08572750482711744,
        0.08061218992987848,
        0.07381994520171457,
        0.067413324016456,
        0.06247826464081177,
        0.05954067855819742,
        0.05848454275252174,
        0.05686228564045623,
        0.04931307169004388,
        0.034407488386828416,
        0.021260230615492298
    ],
    "clip_indices": [
        0,
        3,
        7,
        11,
        15,
        19,
        23,
        26,
        30,
        34,
        38,
        42,
        46,
        49,
        53,
        57,
        61,
        65,
        69,
        72,
        76,
        80,
        84,
        88,
        92,
        95,
        99,
        103,
        107,
        111,
        115,
        119
    ]
}