{
    "video_path": "FallVision/No Fall/Bed/nf_raw_b_1/B_N_259_resized.mp4",
    "active_window": [
        0,
        6
    ],
    "varying_k": 7,
    "detection_status": "Global Event Zone",
    "saliency_weights": [
        0.13828917110885586,
        0.24324993568163558,
        0.33769257160128907,
        0.3325942134585981,
        0.25741310509809134,
        0.18165235371604022,
        0.13099878295595757,
        0.09970449358342245,
        0.07840919170842892,
        0.06115780540157278,
        0.045691947394147406,
        0.03204744043006157,
        0.021126791038441096,
        0.013698696856562265,
        0.00943921104636178,
        0.007187605978800039,
        0.005964194082998673,
        0.00526485400810038,
        0.004851462077661158,
        0.004594963541613508,
        0.004426096109756694,
        0.0043143299664174135,
        0.004246189120919745,
        0.004212783730049444,
        0.004205267482232111,
        0.0042126384210482894,
        0.004222257961298987,
        0.004217437791915507,
        0.00417066678485546,
        0.0040461646228361105,
        0.003851790081426789,
        0.0036930743390673685
    ],
    "clip_indices": [
        0,
        1,
        3,
        5,
        7,
        9,
        11,
        13,
        15,
        17,
        19,
        20,
        22,
        24,
        26,
        28,
        30,
        32,
        34,
        36,
        38,
        39,
        41,
        43,
        45,
        47,
        49,
        51,
        53,
        55,
        57,
        59
    ]
}