{
    "video_path": "FallVision/No Fall/Bed/nf_raw_b_1/B_N_373.mp4",
    "active_window": [
        10,
        23
    ],
    "varying_k": 14,
    "detection_status": "Global Event Zone",
    "saliency_weights": [
        0.00522269185139196,
        0.008178639456974916,
        0.01144273537214011,
        0.013011621781468703,
        0.013557981849437111,
        0.014601126040548433,
        0.01677179440676723,
        0.021228242037432555,
        0.03174649260827334,
        0.05368670278024888,
        0.09037687562939133,
        0.1353287809216257,
        0.16348389824996795,
        0.14997286262308132,
        0.10546099842102014,
        0.06695121398705399,
        0.05765296072268152,
        0.07620181104275646,
        0.10828164121165518,
        0.13608086404361447,
        0.14720199438073767,
        0.13844042723721378,
        0.11533825467695719,
        0.08962297349604537,
        0.06992228782672823,
        0.05698804177641648,
        0.04796947679906727,
        0.03982138327480367,
        0.030933581239536954,
        0.021873753855288152,
        0.014161172527441347,
        0.009509825091359562
    ],
    "clip_indices": [
        0,
        3,
        7,
        11,
        15,
        19,
        23,
        26,
        30,
        34,
        38,
        42,
        46,
        49,
        53,
        57,
        61,
        65,
        69,
        72,
        76,
        80,
        84,
        88,
        92,
        95,
        99,
        103,
        107,
        111,
        115,
        119
    ]
}