{
    "video_path": "FallVision/No Fall/Bed/nf_raw_b_1/B_N_375.mp4",
    "active_window": [
        0,
        5
    ],
    "varying_k": 6,
    "detection_status": "Global Event Zone",
    "saliency_weights": [
        0.14046821077158925,
        0.2459014145826462,
        0.33719097138757836,
        0.3229995376105127,
        0.23678257581073825,
        0.1529996926084377,
        0.0976345797713167,
        0.06541240304397232,
        0.05329815314995011,
        0.059119732876192765,
        0.06938358024234606,
        0.06777896885744257,
        0.05287103569452034,
        0.03464407493569833,
        0.02061455643635205,
        0.012422504089440112,
        0.008654457819041327,
        0.007081829698384047,
        0.006253255175249345,
        0.005755871108615175,
        0.005515233001897123,
        0.005416971583490301,
        0.005367142450925792,
        0.005349018015502161,
        0.00536577161539218,
        0.005400786064810082,
        0.005433841211428145,
        0.0054481028244480305,
        0.005396698230999078,
        0.0051924819941502045,
        0.004833334610575898,
        0.004528598087805726
    ],
    "clip_indices": [
        0,
        5,
        11,
        17,
        22,
        28,
        34,
        40,
        45,
        51,
        57,
        63,
        68,
        74,
        80,
        86,
        91,
        97,
        103,
        109,
        114,
        120,
        126,
        132,
        137,
        143,
        149,
        155,
        160,
        166,
        172,
        178
    ]
}