{
    "video_path": "FallVision/No Fall/Bed/nf_raw_b_1/B_N_140_resized.mp4",
    "active_window": [
        15,
        19
    ],
    "varying_k": 5,
    "detection_status": "Peak Only",
    "saliency_weights": [
        0.018545479519697705,
        0.03414130840409922,
        0.052703043256484484,
        0.06389302002888342,
        0.06837179327970674,
        0.07073409926880041,
        0.07238430817845287,
        0.07278574671918037,
        0.0722071313870837,
        0.07147517035271737,
        0.0708406893260346,
        0.07013444425704712,
        0.06942711995964923,
        0.06910504014141318,
        0.06959009308537467,
        0.07096591000047409,
        0.07251415272549244,
        0.07312484036396656,
        0.0725577037932922,
        0.07156353562708123,
        0.07074669443386421,
        0.07011919213528754,
        0.06958313038249034,
        0.06925240458572877,
        0.06940307345505603,
        0.07030166387610355,
        0.07174177104370774,
        0.07243249903393924,
        0.0693924048542227,
        0.0583136563356222,
        0.03946277860704672,
        0.023649975145033315
    ],
    "clip_indices": [
        0,
        1,
        3,
        5,
        7,
        9,
        11,
        13,
        15,
        17,
        19,
        20,
        22,
        24,
        26,
        28,
        30,
        32,
        34,
        36,
        38,
        39,
        41,
        43,
        45,
        47,
        49,
        51,
        53,
        55,
        57,
        59
    ]
}