{
    "video_path": "FallVision/No Fall/Bed/nf_raw_b_1/B_N_436.mp4",
    "active_window": [
        3,
        17
    ],
    "varying_k": 15,
    "detection_status": "Global Event Zone",
    "saliency_weights": [
        0.023377460656017666,
        0.04370990289790966,
        0.06964144870893835,
        0.08772435412967967,
        0.09446805944026211,
        0.09193001374841123,
        0.08407100337465215,
        0.07515973563900433,
        0.06856737479089386,
        0.06573909223033443,
        0.06500407626427278,
        0.06424130541791298,
        0.06484081800159333,
        0.06946941567263515,
        0.07655495060304773,
        0.0811406422232693,
        0.08028973399907657,
        0.07486359015842069,
        0.0684205348864296,
        0.06508441365030455,
        0.06579039398954718,
        0.06790608812024357,
        0.06951402812132305,
        0.0708495282292205,
        0.07082648833387833,
        0.0660094219877918,
        0.05637626874038999,
        0.04811727786500317,
        0.044488161362166025,
        0.03957412754842224,
        0.028761694253683336,
        0.018534037993570493
    ],
    "clip_indices": [
        0,
        7,
        15,
        23,
        30,
        38,
        46,
        53,
        61,
        69,
        77,
        84,
        92,
        100,
        107,
        115,
        123,
        131,
        138,
        146,
        154,
        161,
        169,
        177,
        185,
        192,
        200,
        208,
        215,
        223,
        231,
        239
    ]
}