{
    "video_path": "FallVision/No Fall/Bed/nf_raw_b_1/B_N_522.mp4",
    "active_window": [
        0,
        6
    ],
    "varying_k": 7,
    "detection_status": "Global Event Zone",
    "saliency_weights": [
        0.1236875465557585,
        0.2207095609067237,
        0.316315123874289,
        0.32952825767876504,
        0.27013346624907053,
        0.1869233945135695,
        0.11399105908992993,
        0.06586365875351247,
        0.040085463422551704,
        0.027149325190218968,
        0.02058478225481484,
        0.017614208019336754,
        0.016737155910617512,
        0.016782298448389188,
        0.01699319797283133,
        0.017049082457908975,
        0.017012042175039793,
        0.0171133847015821,
        0.017374615010157968,
        0.0175784894375988,
        0.017610583794565385,
        0.017570638598219123,
        0.017553455195430306,
        0.017533411659933697,
        0.01745079020455704,
        0.017282890343217998,
        0.017051086938151862,
        0.016752980146868934,
        0.016092622065791703,
        0.014403148152535728,
        0.011631155229019037,
        0.009315102863801598
    ],
    "clip_indices": [
        0,
        4,
        9,
        14,
        19,
        24,
        28,
        33,
        38,
        43,
        48,
        52,
        57,
        62,
        67,
        72,
        76,
        81,
        86,
        91,
        96,
        100,
        105,
        110,
        115,
        120,
        124,
        129,
        134,
        139,
        144,
        149
    ]
}