{
    "video_path": "FallVision/No Fall/Bed/nf_raw_b_1/B_N_209.mp4",
    "active_window": [
        2,
        6
    ],
    "varying_k": 5,
    "detection_status": "Peak Only",
    "saliency_weights": [
        0.021490297831540963,
        0.03940831915490378,
        0.06015193075870958,
        0.07119120613640456,
        0.07302443996991351,
        0.0714036150773111,
        0.06951005240079866,
        0.0682373176991811,
        0.06785006534421753,
        0.06831548893210111,
        0.0691045896634507,
        0.069597323582299,
        0.06975148444721632,
        0.06987197482436601,
        0.06994976785188586,
        0.06973272786371243,
        0.0692904209411912,
        0.06902220556905489,
        0.06915271965411474,
        0.0695637270616009,
        0.0699896309971436,
        0.07017235354459861,
        0.07000393924185053,
        0.06963743184257493,
        0.06954265760785314,
        0.07034879966617638,
        0.07198140819284851,
        0.07283919164151906,
        0.06968905544030364,
        0.05839850515804368,
        0.03947264245794483,
        0.023689398237618977
    ],
    "clip_indices": [
        0,
        1,
        3,
        5,
        7,
        9,
        11,
        13,
        15,
        17,
        19,
        21,
        23,
        25,
        27,
        29,
        30,
        32,
        34,
        36,
        38,
        40,
        42,
        44,
        46,
        48,
        50,
        52,
        54,
        56,
        58,
        60
    ]
}