{
    "video_path": "FallVision/No Fall/Bed/nf_raw_b_1/B_N_383.mp4",
    "active_window": [
        0,
        5
    ],
    "varying_k": 6,
    "detection_status": "Global Event Zone",
    "saliency_weights": [
        0.15648881971944567,
        0.27669016171426075,
        0.38815543303969124,
        0.3874552709036324,
        0.2961473703655625,
        0.18595102323579454,
        0.0996852783521113,
        0.04966611897648099,
        0.02783422268041866,
        0.01942294407497639,
        0.015504655334784265,
        0.013151444847124206,
        0.011822608354917904,
        0.011449166304644768,
        0.011609468849729167,
        0.011607436435030148,
        0.011046239110066632,
        0.009972171476409473,
        0.008683693753654905,
        0.007535668510614907,
        0.006691692209061765,
        0.006080447183956189,
        0.005605712762462226,
        0.005250565267235226,
        0.005012522240460593,
        0.00485615622601316,
        0.00474633665804761,
        0.004669112659082035,
        0.0046010529496753275,
        0.004490636397149382,
        0.004322925157731038,
        0.0041843183082426495
    ],
    "clip_indices": [
        0,
        3,
        7,
        11,
        15,
        19,
        22,
        26,
        30,
        34,
        38,
        41,
        45,
        49,
        53,
        57,
        60,
        64,
        68,
        72,
        76,
        79,
        83,
        87,
        91,
        95,
        98,
        102,
        106,
        110,
        114,
        118
    ]
}