{
    "video_path": "FallVision/No Fall/Bed/nf_raw_b_1/B_N_320.mp4",
    "active_window": [
        0,
        6
    ],
    "varying_k": 7,
    "detection_status": "Global Event Zone",
    "saliency_weights": [
        0.1438629267920259,
        0.25197648012842233,
        0.3461053493475992,
        0.33362201374709555,
        0.2503112175695968,
        0.1729352077990841,
        0.12524984254891527,
        0.09561814794794063,
        0.07275190769358388,
        0.05253110381346811,
        0.03591074861720572,
        0.025072163102081182,
        0.019388334755891364,
        0.016142330283380222,
        0.013515815733940771,
        0.011136352140271736,
        0.009149449349230496,
        0.007692562865019211,
        0.006744331810211031,
        0.0061508948134090195,
        0.005774846977489473,
        0.005551634692295708,
        0.005445728942586003,
        0.005419526133485637,
        0.0054410994971337435,
        0.00548960678487579,
        0.005547036422763998,
        0.005584103736167094,
        0.00553789860548238,
        0.005313763098087415,
        0.004915575110277098,
        0.004577754743027599
    ],
    "clip_indices": [
        0,
        5,
        11,
        17,
        23,
        28,
        34,
        40,
        46,
        51,
        57,
        63,
        69,
        75,
        80,
        86,
        92,
        98,
        103,
        109,
        115,
        121,
        127,
        132,
        138,
        144,
        150,
        155,
        161,
        167,
        173,
        179
    ]
}