{
    "video_path": "FallVision/No Fall/Bed/nf_raw_b_1/B_N_117_resized.mp4",
    "active_window": [
        17,
        21
    ],
    "varying_k": 5,
    "detection_status": "Global Event Zone",
    "saliency_weights": [
        0.019789479275418468,
        0.033934913310184375,
        0.047704651202290047,
        0.050311120103629675,
        0.04640393667535175,
        0.0452446195402576,
        0.04895747197135426,
        0.05466992071190162,
        0.05889563443328326,
        0.05910145582127707,
        0.05471202405780881,
        0.047095426775393454,
        0.03941572869793799,
        0.03525801698557761,
        0.03684648613550115,
        0.04779069310299798,
        0.07739461243241734,
        0.13108547656710154,
        0.18791604875913598,
        0.20838336487324988,
        0.18022859617121467,
        0.13021942797070551,
        0.08644658322114229,
        0.05803070104250471,
        0.043625863103891896,
        0.03891803401819241,
        0.039258602611445544,
        0.040274148063848936,
        0.03861026797689085,
        0.03270689461991805,
        0.023637898641908586,
        0.01636906512084861
    ],
    "clip_indices": [
        0,
        2,
        5,
        8,
        11,
        14,
        17,
        20,
        22,
        25,
        28,
        31,
        34,
        37,
        40,
        43,
        45,
        48,
        51,
        54,
        57,
        60,
        63,
        66,
        68,
        71,
        74,
        77,
        80,
        83,
        86,
        89
    ]
}