{
    "video_path": "FallVision/No Fall/Bed/nf_raw_b_1/B_N_358.mp4",
    "active_window": [
        14,
        20
    ],
    "varying_k": 7,
    "detection_status": "Global Event Zone",
    "saliency_weights": [
        0.006478912495302042,
        0.009900570263760174,
        0.013611375605215054,
        0.015127632946830009,
        0.014937530916901465,
        0.014570575765644064,
        0.014611848246953545,
        0.015127398394887474,
        0.01648727598746777,
        0.019221489808279313,
        0.02373805260016391,
        0.031371296926253886,
        0.04580656095406514,
        0.07114509414658873,
        0.10778334150157862,
        0.15277229696215847,
        0.20214150425824157,
        0.24727114915681075,
        0.2673794582453266,
        0.23930412744624213,
        0.17000040261386182,
        0.09924602850192123,
        0.05562978559794783,
        0.03645485692698397,
        0.029435563516839045,
        0.02746878894228219,
        0.027112885936312035,
        0.025810544967378165,
        0.022255352108539482,
        0.01716549071079227,
        0.01213423929654538,
        0.008880375037948047
    ],
    "clip_indices": [
        0,
        2,
        5,
        8,
        11,
        14,
        17,
        20,
        22,
        25,
        28,
        31,
        34,
        37,
        40,
        43,
        45,
        48,
        51,
        54,
        57,
        60,
        63,
        66,
        68,
        71,
        74,
        77,
        80,
        83,
        86,
        89
    ]
}