{
    "video_path": "FallVision/No Fall/Bed/nf_raw_b_1/B_N_257.mp4",
    "active_window": [
        0,
        5
    ],
    "varying_k": 6,
    "detection_status": "Global Event Zone",
    "saliency_weights": [
        0.16815718626884651,
        0.29150087083329146,
        0.3900513491674234,
        0.35311903790425936,
        0.23060827905114373,
        0.12310167216903475,
        0.06274684305214785,
        0.035244925846772385,
        0.02406278547722355,
        0.019636139630263928,
        0.017754060944216787,
        0.01715848256152522,
        0.0178871401872383,
        0.02008484524364782,
        0.022955863548233285,
        0.025175670249828863,
        0.026280433734399034,
        0.02666398895864857,
        0.026417128881772275,
        0.025080890314463995,
        0.02244487070752623,
        0.018934597654049347,
        0.01533899549896707,
        0.012496282051393508,
        0.010770787903059496,
        0.009839704940692971,
        0.009242197051746903,
        0.008733680926166465,
        0.008177773899449377,
        0.007448154366420715,
        0.00657419077092143,
        0.005921188771956912
    ],
    "clip_indices": [
        0,
        1,
        3,
        5,
        7,
        9,
        11,
        13,
        15,
        17,
        19,
        20,
        22,
        24,
        26,
        28,
        30,
        32,
        34,
        36,
        38,
        39,
        41,
        43,
        45,
        47,
        49,
        51,
        53,
        55,
        57,
        59
    ]
}