{
    "video_path": "FallVision/No Fall/Bed/nf_raw_b_1/B_N_236.mp4",
    "active_window": [
        23,
        28
    ],
    "varying_k": 6,
    "detection_status": "Global Event Zone",
    "saliency_weights": [
        0.008642811716820518,
        0.014369921340801528,
        0.02294768578926694,
        0.03090731812965642,
        0.03489123622769173,
        0.03316435593492004,
        0.027744164339041165,
        0.02196835474399697,
        0.017376559595714255,
        0.014065247795824267,
        0.011835202520955622,
        0.010572952304408852,
        0.010335061811196557,
        0.01157140887565307,
        0.015414272721950114,
        0.023153251980952687,
        0.0348191280151255,
        0.04814910726875429,
        0.05801214993000442,
        0.0588693883951115,
        0.05201317686469138,
        0.04976638470595853,
        0.07351720509296875,
        0.14186594997590257,
        0.23689073129742166,
        0.2959319282606043,
        0.2778993251508476,
        0.20580956914310153,
        0.12330403405975415,
        0.059216757628167485,
        0.024129071009373282,
        0.011324634096103266
    ],
    "clip_indices": [
        0,
        3,
        7,
        11,
        15,
        19,
        23,
        26,
        30,
        34,
        38,
        42,
        46,
        49,
        53,
        57,
        61,
        65,
        69,
        72,
        76,
        80,
        84,
        88,
        92,
        95,
        99,
        103,
        107,
        111,
        115,
        119
    ]
}