{
    "video_path": "FallVision/No Fall/Bed/nf_raw_b_1/B_N_317.mp4",
    "active_window": [
        0,
        5
    ],
    "varying_k": 6,
    "detection_status": "Global Event Zone",
    "saliency_weights": [
        0.17932492439175335,
        0.3099789457817695,
        0.4119029536556164,
        0.3673926194565561,
        0.23441848445279928,
        0.12467521777912124,
        0.07079810629770787,
        0.05226921213214544,
        0.046463027587500566,
        0.04065356125939313,
        0.032369455808998415,
        0.024265395676009906,
        0.018168079440301854,
        0.014105978771906004,
        0.011537139761563796,
        0.00994265679553488,
        0.008924457233525744,
        0.00820465285476605,
        0.007654764156808292,
        0.007260972803173609,
        0.007015645571920664,
        0.006875580040105909,
        0.006804934023021419,
        0.006793632881562964,
        0.006825668185058138,
        0.006862356606088917,
        0.006873608573023521,
        0.006847690777943361,
        0.006730669858814594,
        0.006403253426445418,
        0.00586386234032853,
        0.00541377209855083
    ],
    "clip_indices": [
        0,
        7,
        15,
        23,
        30,
        38,
        46,
        53,
        61,
        69,
        77,
        84,
        92,
        100,
        107,
        115,
        123,
        131,
        138,
        146,
        154,
        161,
        169,
        177,
        185,
        192,
        200,
        208,
        215,
        223,
        231,
        239
    ]
}