{
    "video_path": "FallVision/No Fall/Bed/nf_raw_b_1/B_N_216.mp4",
    "active_window": [
        1,
        5
    ],
    "varying_k": 5,
    "detection_status": "Global Event Zone",
    "saliency_weights": [
        0.07840529822010511,
        0.1375216631028892,
        0.18960213106267393,
        0.18459071633862978,
        0.14216022441674958,
        0.10420705178583378,
        0.08372932971743466,
        0.0742195980292295,
        0.06880150365353518,
        0.06413105266791488,
        0.059643965085800575,
        0.05587980688483561,
        0.05286061516461784,
        0.050145357825472046,
        0.047671026943516964,
        0.04578939539112347,
        0.04473113162266329,
        0.04438693240397902,
        0.04435461289114396,
        0.04414827067552365,
        0.04362704038387219,
        0.04298812135869629,
        0.04217135317411286,
        0.04080197578633217,
        0.03915053503903086,
        0.038435775846533904,
        0.03923776269855561,
        0.04033412129472792,
        0.039440119164496204,
        0.034218466552546796,
        0.02492506339367176,
        0.017064470434093048
    ],
    "clip_indices": [
        0,
        2,
        5,
        8,
        11,
        14,
        17,
        20,
        22,
        25,
        28,
        31,
        34,
        37,
        40,
        43,
        45,
        48,
        51,
        54,
        57,
        60,
        63,
        66,
        68,
        71,
        74,
        77,
        80,
        83,
        86,
        89
    ]
}