{
    "video_path": "FallVision/No Fall/Bed/nf_raw_b_1/B_N_290_resized.mp4",
    "active_window": [
        4,
        16
    ],
    "varying_k": 13,
    "detection_status": "Global Event Zone",
    "saliency_weights": [
        0.021161642694476707,
        0.038978775425714554,
        0.06010161412562621,
        0.07247287661291392,
        0.07641674929843983,
        0.07718038981271823,
        0.07744382276688866,
        0.07765776704238589,
        0.07777568596779831,
        0.0778128063211224,
        0.07793464141966014,
        0.07823351642323259,
        0.07841088009718225,
        0.07804427288155172,
        0.07716022209235088,
        0.0760544907626973,
        0.07463060838423893,
        0.07252303171875896,
        0.0699216145438205,
        0.0676065506315568,
        0.06603614436350574,
        0.06500986709011906,
        0.0641409319184495,
        0.0631766540015386,
        0.062081014206577016,
        0.0610195869756745,
        0.060121774728918616,
        0.05901250218929937,
        0.055759260317125386,
        0.04674709074834688,
        0.031801794454497365,
        0.019296481850319437
    ],
    "clip_indices": [
        0,
        4,
        9,
        14,
        19,
        24,
        28,
        33,
        38,
        43,
        48,
        52,
        57,
        62,
        67,
        72,
        76,
        81,
        86,
        91,
        96,
        100,
        105,
        110,
        115,
        120,
        124,
        129,
        134,
        139,
        144,
        149
    ]
}