{
    "video_path": "FallVision/No Fall/Bed/nf_raw_b_1/B_N_374.mp4",
    "active_window": [
        9,
        13
    ],
    "varying_k": 5,
    "detection_status": "Global Event Zone",
    "saliency_weights": [
        0.006201881664863847,
        0.009644312008437024,
        0.013551960335086748,
        0.015666142730281156,
        0.0168249114384025,
        0.01955549364748176,
        0.02728010967359929,
        0.04679084942697265,
        0.08900138820221312,
        0.1534445347150184,
        0.20829079183178018,
        0.21570215725989283,
        0.17688228121409239,
        0.12288417382464374,
        0.07864033881884105,
        0.05309809125619917,
        0.04418680526949985,
        0.04501265866678582,
        0.050621496980733593,
        0.05956691804068544,
        0.07115667936939585,
        0.0831036276503879,
        0.09015438825439681,
        0.08574285599523895,
        0.06993306303181497,
        0.05234690077010411,
        0.040884004217224684,
        0.034454281415655555,
        0.029021530116988735,
        0.022766474817721493,
        0.016126855173806243,
        0.011478990190483894
    ],
    "clip_indices": [
        0,
        3,
        7,
        11,
        15,
        19,
        23,
        26,
        30,
        34,
        38,
        42,
        46,
        49,
        53,
        57,
        61,
        65,
        69,
        72,
        76,
        80,
        84,
        88,
        92,
        95,
        99,
        103,
        107,
        111,
        115,
        119
    ]
}