{
    "video_path": "FallVision/No Fall/Bed/nf_raw_b_1/B_N_198_resized.mp4",
    "active_window": [
        2,
        16
    ],
    "varying_k": 15,
    "detection_status": "Global Event Zone",
    "saliency_weights": [
        0.029580963165812636,
        0.05334718274695087,
        0.07949601513205469,
        0.09165899285270218,
        0.09452542582175624,
        0.09827423912688958,
        0.10222161705494234,
        0.1004739167914708,
        0.09169903832626089,
        0.07904036277985912,
        0.06770683424627072,
        0.0638326833179445,
        0.07281922749893624,
        0.09433801547549195,
        0.1151656014712584,
        0.1175540882753653,
        0.09957461920841519,
        0.07498240558498748,
        0.055527549891145334,
        0.04435569366689865,
        0.040205460815610175,
        0.04038577959726253,
        0.0417487116541052,
        0.04142222930145634,
        0.03880929122721687,
        0.03628944328328672,
        0.03618877324922644,
        0.038416021186332916,
        0.04023047466923882,
        0.036833916419262286,
        0.02683763623178317,
        0.017372155684778942
    ],
    "clip_indices": [
        0,
        1,
        3,
        5,
        7,
        9,
        11,
        13,
        15,
        17,
        19,
        20,
        22,
        24,
        26,
        28,
        30,
        32,
        34,
        36,
        38,
        39,
        41,
        43,
        45,
        47,
        49,
        51,
        53,
        55,
        57,
        59
    ]
}