{
    "video_path": "FallVision/No Fall/Bed/nf_raw_b_1/B_N_493.mp4",
    "active_window": [
        1,
        29
    ],
    "varying_k": 29,
    "detection_status": "Global Event Zone",
    "saliency_weights": [
        0.05587498498132426,
        0.09640661151744742,
        0.13045692990792146,
        0.12265294783823888,
        0.08783415763121166,
        0.05669658458045842,
        0.03871867461246821,
        0.029210111011251514,
        0.023406659053067977,
        0.01902146432482458,
        0.015277160875913492,
        0.012071867040404673,
        0.009536583913461589,
        0.008098114837159397,
        0.00888731469296042,
        0.014142444770157948,
        0.02699362238413284,
        0.04778094238403202,
        0.06718094093984295,
        0.07036184656630545,
        0.055134583451827646,
        0.0355515947366476,
        0.02430123937379044,
        0.02670926722209908,
        0.05372377261898281,
        0.12054599888409462,
        0.20743073759996394,
        0.2439049935490032,
        0.19126465296697903,
        0.10208727680619842,
        0.04115476126296653,
        0.01761585259606187
    ],
    "clip_indices": [
        0,
        3,
        7,
        11,
        15,
        19,
        23,
        26,
        30,
        34,
        38,
        42,
        46,
        49,
        53,
        57,
        61,
        65,
        69,
        72,
        76,
        80,
        84,
        88,
        92,
        95,
        99,
        103,
        107,
        111,
        115,
        119
    ]
}