{
    "video_path": "FallVision/No Fall/Bed/nf_raw_b_1/B_N_365.mp4",
    "active_window": [
        8,
        13
    ],
    "varying_k": 6,
    "detection_status": "Global Event Zone",
    "saliency_weights": [
        0.006262054025484831,
        0.008489613380318787,
        0.01108159564268018,
        0.012637032288903904,
        0.013898951294140656,
        0.017857105809795933,
        0.03099706453617926,
        0.06618734601841342,
        0.1413134119832631,
        0.25065452456635323,
        0.32997340283143933,
        0.31086845167080746,
        0.21344099581516815,
        0.11525578000852985,
        0.05735688013951444,
        0.03283128939777491,
        0.025969429499021444,
        0.028516420231448285,
        0.03639385422071313,
        0.045930875455821335,
        0.05256935503888813,
        0.05189553938199651,
        0.04380195455064656,
        0.033445816317910715,
        0.025400287726860423,
        0.02034045371086956,
        0.0172610161621819,
        0.015248953086698304,
        0.013620447585250262,
        0.011814691736566504,
        0.00974270970649162,
        0.008204721319853774
    ],
    "clip_indices": [
        0,
        3,
        7,
        11,
        15,
        19,
        23,
        26,
        30,
        34,
        38,
        42,
        46,
        49,
        53,
        57,
        61,
        65,
        69,
        72,
        76,
        80,
        84,
        88,
        92,
        95,
        99,
        103,
        107,
        111,
        115,
        119
    ]
}