{
    "video_path": "FallVision/No Fall/Bed/nf_raw_b_1/B_N_403_resized.mp4",
    "active_window": [
        10,
        16
    ],
    "varying_k": 7,
    "detection_status": "Global Event Zone",
    "saliency_weights": [
        0.01793400861656419,
        0.032737593889996815,
        0.050119332929572144,
        0.059938221993563925,
        0.06257056598157336,
        0.06264148409464262,
        0.06273576390885725,
        0.06366348265583821,
        0.0659038136583442,
        0.07012584299876898,
        0.07706763243859527,
        0.08613533313103724,
        0.09352516386856358,
        0.0947118108507426,
        0.08957575477609483,
        0.08192724551861108,
        0.07534327146698941,
        0.07146871801906812,
        0.07001551655304482,
        0.06956511695146572,
        0.06922974160485945,
        0.06907937985462735,
        0.06909073833095244,
        0.06872433585628682,
        0.0677586906873273,
        0.06668379350391801,
        0.06576586407949966,
        0.06417420549123745,
        0.059716703708906846,
        0.04931487241297936,
        0.03341796039409041,
        0.020492781507166085
    ],
    "clip_indices": [
        0,
        3,
        7,
        11,
        15,
        19,
        23,
        26,
        30,
        34,
        38,
        42,
        46,
        49,
        53,
        57,
        61,
        65,
        69,
        72,
        76,
        80,
        84,
        88,
        92,
        95,
        99,
        103,
        107,
        111,
        115,
        119
    ]
}