{
    "video_path": "FallVision/No Fall/Bed/nf_raw_b_1/B_N_449.mp4",
    "active_window": [
        10,
        14
    ],
    "varying_k": 5,
    "detection_status": "Global Event Zone",
    "saliency_weights": [
        0.0044322042963173495,
        0.005527922488495618,
        0.00691837302877851,
        0.00792307937543189,
        0.008532218389864055,
        0.009264818792559816,
        0.011638580009843398,
        0.020609197175989087,
        0.04710053476559279,
        0.10194921103758317,
        0.18416398092259217,
        0.27229189741624116,
        0.3184970869438114,
        0.28150975581743365,
        0.18430422904053723,
        0.09433428546468603,
        0.04994889847599955,
        0.045043948346836296,
        0.05917123858958568,
        0.07424196492769808,
        0.07854277693670553,
        0.06779960447321648,
        0.04646738816256592,
        0.02595787007063617,
        0.013912244631481233,
        0.008845694352716694,
        0.006728429513379238,
        0.005708798336043482,
        0.005266923863492994,
        0.005012439303476678,
        0.004691959969140076,
        0.004415736854487819
    ],
    "clip_indices": [
        0,
        2,
        5,
        8,
        11,
        14,
        17,
        19,
        22,
        25,
        28,
        31,
        34,
        36,
        39,
        42,
        45,
        48,
        51,
        53,
        56,
        59,
        62,
        65,
        68,
        70,
        73,
        76,
        79,
        82,
        85,
        88
    ]
}