{
    "video_path": "FallVision/No Fall/Bed/nf_raw_b_1/B_N_146_resized.mp4",
    "active_window": [
        16,
        20
    ],
    "varying_k": 5,
    "detection_status": "Peak Only",
    "saliency_weights": [
        0.019732788438629273,
        0.03634336831203469,
        0.05600611647101592,
        0.06744725403182784,
        0.07095082945174849,
        0.07139547899494314,
        0.07127252453780444,
        0.0710485353415071,
        0.07082560282489697,
        0.07071036540529435,
        0.07070066191199278,
        0.07071504392739233,
        0.07069728778658668,
        0.07065683027362062,
        0.07067701594083811,
        0.07084752881161788,
        0.07113684210529708,
        0.07140499846584014,
        0.07154225429478042,
        0.07152324239484034,
        0.07138119317627595,
        0.07117548341461019,
        0.07094462738369949,
        0.07069625029522181,
        0.07045095176228267,
        0.07026021249910565,
        0.07010816150758373,
        0.0694654662965346,
        0.06600066198648206,
        0.05540760786942091,
        0.037537151612118826,
        0.022525454814701418
    ],
    "clip_indices": [
        0,
        2,
        5,
        8,
        11,
        14,
        17,
        20,
        22,
        25,
        28,
        31,
        34,
        37,
        40,
        43,
        45,
        48,
        51,
        54,
        57,
        60,
        63,
        66,
        68,
        71,
        74,
        77,
        80,
        83,
        86,
        89
    ]
}