{
    "video_path": "FallVision/No Fall/Bed/nf_raw_b_1/B_N_223.mp4",
    "active_window": [
        7,
        13
    ],
    "varying_k": 7,
    "detection_status": "Global Event Zone",
    "saliency_weights": [
        0.0050973964365780226,
        0.007869735685951614,
        0.012158950482935058,
        0.01810127012874937,
        0.029488215387044922,
        0.053579514184437474,
        0.0993086531232592,
        0.16739698366344058,
        0.23782240252654901,
        0.28222156133967047,
        0.2847322209471501,
        0.24674037702273294,
        0.1877425378452196,
        0.1329007005971941,
        0.09273244543625422,
        0.06381739885316626,
        0.04190349164183857,
        0.026141554043931578,
        0.01610683706616753,
        0.010314512579310542,
        0.0071380593470311785,
        0.005388549370506709,
        0.0043656542049811085,
        0.0037538658724052395,
        0.0034148176742283386,
        0.003261195811653698,
        0.003221460957220356,
        0.003226974981427183,
        0.0032112136213434603,
        0.003117252780424453,
        0.002943928285821417,
        0.0027954762466788777
    ],
    "clip_indices": [
        0,
        2,
        5,
        8,
        11,
        14,
        17,
        20,
        22,
        25,
        28,
        31,
        34,
        37,
        40,
        43,
        45,
        48,
        51,
        54,
        57,
        60,
        63,
        66,
        68,
        71,
        74,
        77,
        80,
        83,
        86,
        89
    ]
}