{
    "video_path": "FallVision/No Fall/Bed/nf_raw_b_1/B_N_354_resized.mp4",
    "active_window": [
        25,
        29
    ],
    "varying_k": 5,
    "detection_status": "Global Event Zone",
    "saliency_weights": [
        0.00707638129163426,
        0.008421043101801962,
        0.009647561731561703,
        0.009648670925112707,
        0.008848703668427396,
        0.008154115822500413,
        0.007911763343091537,
        0.008530961259563406,
        0.011199147855701704,
        0.016347774336994067,
        0.021455995488067085,
        0.02312955449829518,
        0.02098405905029012,
        0.0171003780664251,
        0.013342941633877062,
        0.010568643054009575,
        0.008913425691698066,
        0.00811792995212092,
        0.0078052836177177854,
        0.007646407212950135,
        0.007565908799809623,
        0.008058673765697293,
        0.011521536687292857,
        0.028017599927619166,
        0.0863125814951612,
        0.22037850455777092,
        0.39178020918884593,
        0.4604267509640563,
        0.3513960233650616,
        0.17445919001855306,
        0.060697440458724564,
        0.02182487600170127
    ],
    "clip_indices": [
        0,
        4,
        9,
        13,
        18,
        23,
        27,
        32,
        36,
        41,
        46,
        50,
        55,
        59,
        64,
        69,
        73,
        78,
        83,
        87,
        92,
        96,
        101,
        106,
        110,
        115,
        119,
        124,
        129,
        133,
        138,
        143
    ]
}