{
    "video_path": "FallVision/No Fall/Bed/nf_raw_b_1/B_N_363.mp4",
    "active_window": [
        8,
        12
    ],
    "varying_k": 5,
    "detection_status": "Global Event Zone",
    "saliency_weights": [
        0.006270427724025206,
        0.008524021078373707,
        0.011196195259876036,
        0.012952095486789994,
        0.014673032015704801,
        0.019613409049679183,
        0.03458701293092965,
        0.07215904839553365,
        0.14847950382484676,
        0.2559301281962163,
        0.3302935767249138,
        0.30519940764708775,
        0.2041088223884856,
        0.10724938673453716,
        0.054517776023675746,
        0.03482245669448024,
        0.028726543321092195,
        0.026296350534033855,
        0.024482383675223908,
        0.023598088127783405,
        0.02546187206196525,
        0.03166939839932299,
        0.04056739114477538,
        0.04684308310033791,
        0.04659398617574532,
        0.04035026998053781,
        0.03115806185729673,
        0.022782462338146993,
        0.017311629914447964,
        0.013752746391987987,
        0.010685996737167788,
        0.008548451906586452
    ],
    "clip_indices": [
        0,
        4,
        9,
        14,
        19,
        24,
        28,
        33,
        38,
        43,
        48,
        52,
        57,
        62,
        67,
        72,
        76,
        81,
        86,
        91,
        96,
        100,
        105,
        110,
        115,
        120,
        124,
        129,
        134,
        139,
        144,
        149
    ]
}