{
    "video_path": "FallVision/No Fall/Bed/nf_raw_b_1/B_N_528.mp4",
    "active_window": [
        10,
        16
    ],
    "varying_k": 7,
    "detection_status": "Global Event Zone",
    "saliency_weights": [
        0.019067416372857325,
        0.0350349690415372,
        0.053789545162685845,
        0.06442905125315593,
        0.06743675742413544,
        0.06780653899047939,
        0.0681146944194525,
        0.0688749261793591,
        0.07013254224839391,
        0.0717600624128601,
        0.0732718373488359,
        0.07413333434786323,
        0.0743122474049342,
        0.07412979599396466,
        0.07377109476480509,
        0.07319657841256053,
        0.07231459429985837,
        0.07112514662641536,
        0.06985187601949082,
        0.0689333231030936,
        0.06881323266745995,
        0.06970819046604126,
        0.07127998775217614,
        0.0726543541477628,
        0.07322517899431276,
        0.07305827045172522,
        0.07232774267940711,
        0.07059639473590391,
        0.065816781264099,
        0.054361761629029344,
        0.03648341648818547,
        0.021824096848282654
    ],
    "clip_indices": [
        0,
        5,
        11,
        17,
        23,
        28,
        34,
        40,
        46,
        51,
        57,
        63,
        69,
        75,
        80,
        86,
        92,
        98,
        103,
        109,
        115,
        121,
        127,
        132,
        138,
        144,
        150,
        155,
        161,
        167,
        173,
        179
    ]
}