{
    "video_path": "FallVision/No Fall/Bed/nf_raw_b_1/B_N_256.mp4",
    "active_window": [
        7,
        14
    ],
    "varying_k": 8,
    "detection_status": "Global Event Zone",
    "saliency_weights": [
        0.01447379647716232,
        0.025673552943441744,
        0.0398224699424735,
        0.050387328006864435,
        0.0584878559542388,
        0.06911701972906084,
        0.08723050308675376,
        0.11604234304513524,
        0.15456614906012445,
        0.1954446645364967,
        0.2228840425550959,
        0.22162155271361467,
        0.19184806251646885,
        0.14663251439208663,
        0.10100621195720803,
        0.0659318678975475,
        0.043876857934952856,
        0.03065664001899759,
        0.02214807784524147,
        0.016754450414121602,
        0.014085575827415802,
        0.013904094654197452,
        0.015812345732467335,
        0.01901436831831442,
        0.02205095225062427,
        0.02298243120306577,
        0.02107830126414647,
        0.01774965751794408,
        0.014483242759309858,
        0.011368748643025246,
        0.008287431195144721,
        0.006139579589852751
    ],
    "clip_indices": [
        0,
        1,
        3,
        5,
        7,
        9,
        11,
        13,
        15,
        17,
        19,
        20,
        22,
        24,
        26,
        28,
        30,
        32,
        34,
        36,
        38,
        39,
        41,
        43,
        45,
        47,
        49,
        51,
        53,
        55,
        57,
        59
    ]
}