{
    "video_path": "FallVision/No Fall/Bed/nf_raw_b_1/B_N_231.mp4",
    "active_window": [
        1,
        13
    ],
    "varying_k": 13,
    "detection_status": "Global Event Zone",
    "saliency_weights": [
        0.05346261828217948,
        0.09458800506840948,
        0.13312604563132904,
        0.13521303796440398,
        0.11141607771770608,
        0.0882990557139697,
        0.07805398893925361,
        0.08115965704907666,
        0.09380699699457745,
        0.11012369325207402,
        0.12240008229516064,
        0.12348026614014224,
        0.11110853520310188,
        0.08864696463815672,
        0.06440385014020247,
        0.0476989814228381,
        0.041731649014193635,
        0.04312110782970634,
        0.046759876431688024,
        0.04874983375051778,
        0.04805960563554448,
        0.04623442223818221,
        0.044609494600920375,
        0.04291016749788953,
        0.04002578599094236,
        0.034918308463691636,
        0.027816895501151663,
        0.02071060129002842,
        0.015217535219933149,
        0.011077160088459256,
        0.0076771793687017646,
        0.005502278441505713
    ],
    "clip_indices": [
        0,
        1,
        3,
        5,
        7,
        9,
        11,
        13,
        15,
        17,
        19,
        20,
        22,
        24,
        26,
        28,
        30,
        32,
        34,
        36,
        38,
        39,
        41,
        43,
        45,
        47,
        49,
        51,
        53,
        55,
        57,
        59
    ]
}