{
    "video_path": "FallVision/No Fall/Bed/nf_raw_b_1/B_N_418.mp4",
    "active_window": [
        25,
        29
    ],
    "varying_k": 5,
    "detection_status": "Peak Only",
    "saliency_weights": [
        0.02016199502131282,
        0.036858447943773874,
        0.05600506202154677,
        0.06592522346178258,
        0.06756107887445781,
        0.06677632255743732,
        0.06651919156890902,
        0.06728193108483542,
        0.06892141086171322,
        0.07097640759270954,
        0.07245475769229379,
        0.07244706152925656,
        0.0711764171725125,
        0.06968539118429354,
        0.06883130875099047,
        0.06896150963257419,
        0.06992256857093465,
        0.07116669383513821,
        0.07195591998390542,
        0.07165474193437076,
        0.07027763473447163,
        0.06859952873734422,
        0.0675810479760833,
        0.06796503809340268,
        0.06997568160160814,
        0.07309731178169979,
        0.07610573770707629,
        0.07689596227052709,
        0.07247162513382874,
        0.05967017055405049,
        0.03982445181217974,
        0.023720113720272287
    ],
    "clip_indices": [
        0,
        3,
        7,
        11,
        15,
        19,
        23,
        27,
        30,
        34,
        38,
        42,
        46,
        50,
        54,
        58,
        61,
        65,
        69,
        73,
        77,
        81,
        85,
        89,
        92,
        96,
        100,
        104,
        108,
        112,
        116,
        120
    ]
}