{
    "video_path": "FallVision/No Fall/Bed/nf_raw_b_1/B_N_174_resized.mp4",
    "active_window": [
        8,
        24
    ],
    "varying_k": 17,
    "detection_status": "Global Event Zone",
    "saliency_weights": [
        0.019406742288602473,
        0.035731362740200875,
        0.0550974853011462,
        0.06647879470074367,
        0.07019541160673787,
        0.0710512544513954,
        0.07145359167250769,
        0.0718431546346267,
        0.07239694849483944,
        0.073240278026968,
        0.07411571001391581,
        0.07455594848070596,
        0.07429865435211458,
        0.07340437015212123,
        0.07225820170183159,
        0.07136164728409602,
        0.07094694949153456,
        0.07094096758255422,
        0.07119941234149128,
        0.07164775521285366,
        0.07233060314236218,
        0.07329895851975998,
        0.0742727820350835,
        0.07457910823252376,
        0.07369435865102017,
        0.07158443696183199,
        0.06851698246822031,
        0.0646213468006152,
        0.058644388540308075,
        0.0476638389625563,
        0.03182752101926346,
        0.019131030606843992
    ],
    "clip_indices": [
        0,
        1,
        3,
        5,
        7,
        9,
        11,
        13,
        15,
        17,
        19,
        20,
        22,
        24,
        26,
        28,
        30,
        32,
        34,
        36,
        38,
        39,
        41,
        43,
        45,
        47,
        49,
        51,
        53,
        55,
        57,
        59
    ]
}