{
    "video_path": "FallVision/No Fall/Bed/nf_raw_b_1/B_N_165_resized.mp4",
    "active_window": [
        8,
        13
    ],
    "varying_k": 6,
    "detection_status": "Global Event Zone",
    "saliency_weights": [
        0.004184952068638172,
        0.004634578302380659,
        0.005191881439874594,
        0.005724739065544033,
        0.007127620424608497,
        0.013066870775667705,
        0.032458724184524196,
        0.07841563642582608,
        0.16216654754944815,
        0.27089804183519756,
        0.3426534305296772,
        0.3167132961345738,
        0.21707426922795364,
        0.1204197446665255,
        0.06493750953755854,
        0.04099357490851524,
        0.03212620143320531,
        0.0311135087642715,
        0.03502804106023185,
        0.04092348946368751,
        0.04500341430052393,
        0.04361244634954957,
        0.03642547434366779,
        0.027225111092853423,
        0.019634566285868564,
        0.014612874462324458,
        0.011637302946989395,
        0.009774142964074934,
        0.008302307161077533,
        0.006994120955983266,
        0.005910179851365619,
        0.0052533757767756015
    ],
    "clip_indices": [
        0,
        3,
        6,
        9,
        12,
        15,
        18,
        21,
        24,
        27,
        30,
        33,
        36,
        39,
        42,
        45,
        49,
        52,
        55,
        58,
        61,
        64,
        67,
        70,
        73,
        76,
        79,
        82,
        85,
        88,
        91,
        95
    ]
}