{
    "video_path": "FallVision/No Fall/Bed/nf_raw_b_1/B_N_450.mp4",
    "active_window": [
        6,
        12
    ],
    "varying_k": 7,
    "detection_status": "Global Event Zone",
    "saliency_weights": [
        0.026935497021461606,
        0.045928446741429346,
        0.06294117056853014,
        0.06346382714830738,
        0.05843505923787445,
        0.07015746486352717,
        0.1142774246754292,
        0.1858572089163187,
        0.24596987083290572,
        0.25360846113859115,
        0.21197451869179984,
        0.15382913012595922,
        0.10509542194291743,
        0.07604765439390347,
        0.06407779370798675,
        0.05980630911879541,
        0.05496864674795569,
        0.0456083793045651,
        0.032873554948641,
        0.02121868962532148,
        0.013492387974925118,
        0.009284045832317386,
        0.007285815503368438,
        0.0067636559389477,
        0.007521010544691462,
        0.009474194984768883,
        0.011827143441074474,
        0.012786823227906023,
        0.011329390645505212,
        0.008512530105522194,
        0.0059235160803757445,
        0.004420085729188468
    ],
    "clip_indices": [
        0,
        3,
        7,
        11,
        15,
        19,
        22,
        26,
        30,
        34,
        38,
        41,
        45,
        49,
        53,
        57,
        60,
        64,
        68,
        72,
        76,
        79,
        83,
        87,
        91,
        95,
        98,
        102,
        106,
        110,
        114,
        118
    ]
}