{
    "video_path": "FallVision/No Fall/Bed/nf_raw_b_1/B_N_532.mp4",
    "active_window": [
        9,
        28
    ],
    "varying_k": 20,
    "detection_status": "Global Event Zone",
    "saliency_weights": [
        0.012966213761639415,
        0.022972070996324312,
        0.033019676059618974,
        0.035350930037179644,
        0.03231868858779754,
        0.03087539890277914,
        0.03636710422519965,
        0.04982987845818697,
        0.06565278500267645,
        0.07668084101220685,
        0.08140573354871022,
        0.08251288060856761,
        0.08250930688223249,
        0.08261573784437112,
        0.08315069725828052,
        0.08389681437828006,
        0.08432772564380496,
        0.08392527510512865,
        0.08270805910765602,
        0.08119756834584865,
        0.07975809487991244,
        0.07841632026414017,
        0.07731216787963135,
        0.07685985161401428,
        0.07728789431926983,
        0.07834849843536523,
        0.07950748612693542,
        0.079694692107877,
        0.07605939940376166,
        0.06390849145851708,
        0.04337523983719874,
        0.026158576047627252
    ],
    "clip_indices": [
        0,
        3,
        7,
        11,
        15,
        19,
        23,
        26,
        30,
        34,
        38,
        42,
        46,
        49,
        53,
        57,
        61,
        65,
        69,
        72,
        76,
        80,
        84,
        88,
        92,
        95,
        99,
        103,
        107,
        111,
        115,
        119
    ]
}