{
    "video_path": "FallVision/No Fall/Bed/nf_raw_b_1/B_N_381.mp4",
    "active_window": [
        0,
        4
    ],
    "varying_k": 5,
    "detection_status": "Global Event Zone",
    "saliency_weights": [
        0.1767036925385369,
        0.3042923023196916,
        0.40051567098809593,
        0.3495026938537241,
        0.21374683337360645,
        0.10807114188095629,
        0.06210364445103568,
        0.05101343109902068,
        0.0526571936657495,
        0.055778785898318015,
        0.054140691743081795,
        0.04523956061625474,
        0.03232763651913301,
        0.021317756757893574,
        0.014697509630012038,
        0.011264055383400758,
        0.009373440642037593,
        0.008202060751872856,
        0.007434816391674503,
        0.006941457280347433,
        0.0066430116482410935,
        0.006470728161513303,
        0.006374814881722384,
        0.006328015138602815,
        0.0063131797429963,
        0.006314737727198693,
        0.006319690410201909,
        0.0063111728259335285,
        0.00623929535608404,
        0.00601578292827729,
        0.0056397432877942095,
        0.005324361860128954
    ],
    "clip_indices": [
        0,
        4,
        9,
        14,
        19,
        23,
        28,
        33,
        38,
        42,
        47,
        52,
        57,
        62,
        66,
        71,
        76,
        81,
        85,
        90,
        95,
        100,
        105,
        109,
        114,
        119,
        124,
        128,
        133,
        138,
        143,
        148
    ]
}