{
    "video_path": "FallVision/No Fall/Bed/nf_raw_b_1/B_N_168_resized.mp4",
    "active_window": [
        14,
        19
    ],
    "varying_k": 6,
    "detection_status": "Global Event Zone",
    "saliency_weights": [
        0.0037917142098651746,
        0.004060511253858979,
        0.004376027343546215,
        0.0045614616539038765,
        0.004645646225637715,
        0.004736295235789304,
        0.004884350054279205,
        0.005069604553182465,
        0.005218023597618478,
        0.0053356444996955485,
        0.005869132988512643,
        0.008622367286267228,
        0.01871503693747574,
        0.047222288702396885,
        0.11112026177715213,
        0.21313545914979837,
        0.3071326634073155,
        0.3235941341552364,
        0.25397061401648935,
        0.15874755792606388,
        0.08936462115567383,
        0.054731721737324344,
        0.04531594767771592,
        0.05015900588961981,
        0.059388615905679815,
        0.06424107149564509,
        0.060403658696345175,
        0.05009203614377708,
        0.0375290834108854,
        0.025702567576899527,
        0.01646594525778371,
        0.011208220390570225
    ],
    "clip_indices": [
        0,
        3,
        6,
        9,
        12,
        15,
        18,
        21,
        24,
        27,
        30,
        33,
        36,
        39,
        42,
        45,
        49,
        52,
        55,
        58,
        61,
        64,
        67,
        70,
        73,
        76,
        79,
        82,
        85,
        88,
        91,
        95
    ]
}