{
    "video_path": "FallVision/No Fall/Bed/nf_raw_b_1/B_N_218.mp4",
    "active_window": [
        2,
        9
    ],
    "varying_k": 8,
    "detection_status": "Global Event Zone",
    "saliency_weights": [
        0.03826652431664927,
        0.07088776973086772,
        0.11585827962099193,
        0.16038191047037462,
        0.21281584257733555,
        0.2740090846924713,
        0.3085111702728782,
        0.2812029042181783,
        0.20755288505167854,
        0.12931488022447105,
        0.07083878890956519,
        0.036200960291604814,
        0.019576135410975307,
        0.012573207669924046,
        0.009536549549253587,
        0.008039151384139475,
        0.007235671198456859,
        0.006834121804766785,
        0.006667657434318644,
        0.006588831924718038,
        0.006538655418562075,
        0.006551660480182532,
        0.006641366015990684,
        0.006752137260400499,
        0.006835050046258159,
        0.006893165692660868,
        0.006941743566626851,
        0.006961031218142346,
        0.006845726873562216,
        0.006405578102784214,
        0.005635108042070054,
        0.004982057642824666
    ],
    "clip_indices": [
        0,
        2,
        5,
        8,
        11,
        14,
        17,
        20,
        22,
        25,
        28,
        31,
        34,
        37,
        40,
        43,
        45,
        48,
        51,
        54,
        57,
        60,
        63,
        66,
        68,
        71,
        74,
        77,
        80,
        83,
        86,
        89
    ]
}