{
    "video_path": "FallVision/No Fall/Bed/nf_raw_b_1/B_N_369.mp4",
    "active_window": [
        9,
        14
    ],
    "varying_k": 6,
    "detection_status": "Global Event Zone",
    "saliency_weights": [
        0.004277099553359366,
        0.005792704407475594,
        0.007574705764241253,
        0.00862711426730577,
        0.009170670862633623,
        0.01031515896820844,
        0.014615498749726667,
        0.02960245240491673,
        0.07022372808810061,
        0.1442271347380989,
        0.23083333447592613,
        0.2924544074987524,
        0.3012162243883,
        0.2518315634809583,
        0.17096179832469133,
        0.10016885635103778,
        0.0588316483275392,
        0.0402668592832464,
        0.03362021467756155,
        0.033200938977362746,
        0.03534553752289097,
        0.03635956966380472,
        0.03431846371723246,
        0.029919824804780976,
        0.024688268484519063,
        0.019794614358012948,
        0.015879707246837862,
        0.013052015000623769,
        0.011023974729235546,
        0.009221150555894475,
        0.007373622354019425,
        0.006046576362636953
    ],
    "clip_indices": [
        0,
        4,
        9,
        14,
        19,
        24,
        28,
        33,
        38,
        43,
        48,
        52,
        57,
        62,
        67,
        72,
        76,
        81,
        86,
        91,
        96,
        100,
        105,
        110,
        115,
        120,
        124,
        129,
        134,
        139,
        144,
        149
    ]
}