{
    "video_path": "FallVision/No Fall/Bed/nf_raw_b_1/B_N_525.mp4",
    "active_window": [
        10,
        27
    ],
    "varying_k": 18,
    "detection_status": "Global Event Zone",
    "saliency_weights": [
        0.017807321383161226,
        0.032444665176772955,
        0.049094623569157496,
        0.057768002623162534,
        0.06028878795034676,
        0.062362320970047805,
        0.06535371871331437,
        0.06800170118881663,
        0.06984823531767029,
        0.07126769440721761,
        0.07249995780857525,
        0.07344736541591163,
        0.0738037698537411,
        0.07331893734098285,
        0.07215798009941812,
        0.07081357302501917,
        0.06972392293996818,
        0.06917849265461962,
        0.0693981141863065,
        0.07044630527833409,
        0.07192750546105481,
        0.07311244208916781,
        0.07379060751656215,
        0.07450587040856743,
        0.0756073597305024,
        0.07671414440673616,
        0.0772029926667043,
        0.07623663395159626,
        0.07152279013910282,
        0.0591562548720233,
        0.03953202436407365,
        0.02338090075306927
    ],
    "clip_indices": [
        0,
        9,
        19,
        28,
        38,
        48,
        57,
        67,
        77,
        86,
        96,
        106,
        115,
        125,
        135,
        144,
        154,
        163,
        173,
        183,
        192,
        202,
        212,
        221,
        231,
        241,
        250,
        260,
        270,
        279,
        289,
        299
    ]
}