{
    "video_path": "FallVision/No Fall/Bed/nf_raw_b_1/B_N_367.mp4",
    "active_window": [
        8,
        23
    ],
    "varying_k": 16,
    "detection_status": "Global Event Zone",
    "saliency_weights": [
        0.0053481659121963065,
        0.008789497315374942,
        0.012685717070158241,
        0.0148882203044929,
        0.016818321114028034,
        0.022864805379926165,
        0.039248723585957435,
        0.06915229574821091,
        0.10647444896882498,
        0.1402541009498642,
        0.16198216625720233,
        0.16708075454463672,
        0.15537398531649455,
        0.13063816373662746,
        0.1002029202747236,
        0.07266988076691669,
        0.0535797053246829,
        0.04501142776186974,
        0.04773775354347626,
        0.06157112877239041,
        0.08346076232003602,
        0.10604064415880907,
        0.11822266282421767,
        0.10907152870425688,
        0.07983586893237038,
        0.0479743887613325,
        0.027924950974908234,
        0.01878107037867985,
        0.014216887250776902,
        0.010790844496482842,
        0.007705820390963236,
        0.0056470643721261695
    ],
    "clip_indices": [
        0,
        3,
        7,
        11,
        15,
        19,
        23,
        26,
        30,
        34,
        38,
        42,
        46,
        49,
        53,
        57,
        61,
        65,
        69,
        72,
        76,
        80,
        84,
        88,
        92,
        95,
        99,
        103,
        107,
        111,
        115,
        119
    ]
}