{
    "video_path": "FallVision/No Fall/Bed/nf_raw_b_1/B_N_422.mp4",
    "active_window": [
        11,
        28
    ],
    "varying_k": 18,
    "detection_status": "Global Event Zone",
    "saliency_weights": [
        0.015016972294048445,
        0.02642434344247329,
        0.037272961138803636,
        0.03845079603789707,
        0.0334000104693058,
        0.03058396829925375,
        0.03508255274753719,
        0.04697468112905152,
        0.06067764470362997,
        0.06982491930512799,
        0.07372131251084889,
        0.07563586145872059,
        0.07823327733538522,
        0.08226290541312226,
        0.0866742749039552,
        0.08955111164911299,
        0.08966851546063301,
        0.08713648346489405,
        0.0834717685865062,
        0.08085966035199257,
        0.08022922537507084,
        0.08066436068573964,
        0.08065732777803433,
        0.07919675048831087,
        0.07682010964292126,
        0.07567402040666457,
        0.07687140161160572,
        0.07847667800276988,
        0.07614462612369396,
        0.06459396040022419,
        0.04403942528735596,
        0.026605029758597326
    ],
    "clip_indices": [
        0,
        3,
        7,
        11,
        15,
        19,
        23,
        26,
        30,
        34,
        38,
        42,
        46,
        49,
        53,
        57,
        61,
        65,
        69,
        72,
        76,
        80,
        84,
        88,
        92,
        95,
        99,
        103,
        107,
        111,
        115,
        119
    ]
}