{
    "video_path": "FallVision/No Fall/Bed/nf_raw_b_1/B_N_505.mp4",
    "active_window": [
        6,
        11
    ],
    "varying_k": 6,
    "detection_status": "Global Event Zone",
    "saliency_weights": [
        0.018765149248347074,
        0.0332927963339327,
        0.05054866578114463,
        0.060651955296011015,
        0.06459083316668415,
        0.07267392749275994,
        0.10081347413528283,
        0.15061886262420027,
        0.1875247747520615,
        0.1754519843931426,
        0.12799150001098897,
        0.08529694665819398,
        0.06321081250430305,
        0.053275636886834975,
        0.046989515374000534,
        0.04265741661097903,
        0.04079551596938878,
        0.04145244749608609,
        0.0439219616424782,
        0.047044562518859655,
        0.049849116390297224,
        0.05179235246305843,
        0.052639534728667434,
        0.05244964427386646,
        0.05172241367771618,
        0.051319033419335455,
        0.051513930255451416,
        0.05126555126485732,
        0.04854773842554972,
        0.041081238959223554,
        0.029366896256169152,
        0.019794895037375804
    ],
    "clip_indices": [
        0,
        2,
        5,
        8,
        11,
        14,
        17,
        20,
        22,
        25,
        28,
        31,
        34,
        37,
        40,
        43,
        45,
        48,
        51,
        54,
        57,
        60,
        63,
        66,
        68,
        71,
        74,
        77,
        80,
        83,
        86,
        89
    ]
}