{
    "video_path": "FallVision/No Fall/Bed/nf_raw_b_1/B_N_203.mp4",
    "active_window": [
        2,
        6
    ],
    "varying_k": 5,
    "detection_status": "Peak Only",
    "saliency_weights": [
        0.02210278504209373,
        0.04039053137925535,
        0.06121592732378821,
        0.07173078203458719,
        0.07315354546182665,
        0.07196612485425677,
        0.07094749165304554,
        0.07022688393440255,
        0.07002811316801971,
        0.07066076053592357,
        0.07160802654951154,
        0.07199548729894363,
        0.0716415402346313,
        0.07095670514780444,
        0.07028632774536137,
        0.06975668297742801,
        0.06942372337325142,
        0.06930084949221202,
        0.06925869277700221,
        0.06907157568534772,
        0.06867132221128193,
        0.06823580809447649,
        0.06803302092245272,
        0.06827936168601667,
        0.0689770592939461,
        0.06984658746044081,
        0.07049311637307995,
        0.07016862050151101,
        0.06657697792330639,
        0.05574047974048703,
        0.03779005259331414,
        0.022816959923178184
    ],
    "clip_indices": [
        0,
        2,
        4,
        6,
        9,
        11,
        13,
        16,
        18,
        20,
        22,
        25,
        27,
        29,
        32,
        34,
        36,
        38,
        41,
        43,
        45,
        48,
        50,
        52,
        54,
        57,
        59,
        61,
        64,
        66,
        68,
        71
    ]
}