{
    "video_path": "FallVision/No Fall/Bed/nf_raw_b_1/B_N_444.mp4",
    "active_window": [
        6,
        16
    ],
    "varying_k": 11,
    "detection_status": "Global Event Zone",
    "saliency_weights": [
        0.041214320223863135,
        0.0719550425887802,
        0.09880969272277418,
        0.0968475986216558,
        0.0802549592987055,
        0.07562484322304802,
        0.09175480613651185,
        0.1197192608237613,
        0.13830115564761108,
        0.1308536808070846,
        0.10610555802309563,
        0.08640624021402629,
        0.08342349880083358,
        0.09420378028966048,
        0.10641814297657046,
        0.10698305796720387,
        0.0940073041630533,
        0.07579031318928275,
        0.059212860545696626,
        0.04581827186448202,
        0.035418169307356306,
        0.028168127910578572,
        0.024035535382247186,
        0.022310279619155278,
        0.021993594400269732,
        0.022121911564678305,
        0.022114474744223567,
        0.021821166927331916,
        0.02076519642853756,
        0.01780071724944269,
        0.012858110095451791,
        0.008713656779598355
    ],
    "clip_indices": [
        0,
        2,
        5,
        8,
        11,
        14,
        17,
        19,
        22,
        25,
        28,
        31,
        34,
        36,
        39,
        42,
        45,
        48,
        51,
        53,
        56,
        59,
        62,
        65,
        68,
        70,
        73,
        76,
        79,
        82,
        85,
        88
    ]
}