{
    "video_path": "FallVision/No Fall/Bed/nf_raw_b_1/B_N_260_resized.mp4",
    "active_window": [
        0,
        5
    ],
    "varying_k": 6,
    "detection_status": "Global Event Zone",
    "saliency_weights": [
        0.18145011366198766,
        0.31653941138734665,
        0.43013771368577736,
        0.40253215045518176,
        0.2781195514593393,
        0.1571404720529123,
        0.07914619368893402,
        0.03849863427152851,
        0.020496556420049907,
        0.013003680078564818,
        0.009628571432581029,
        0.007978570540396464,
        0.007170437186128205,
        0.006773273361593193,
        0.006556633968050462,
        0.00640877213250989,
        0.006292311470073969,
        0.00620965861134389,
        0.006166981813316035,
        0.006160397636491356,
        0.006179114199100016,
        0.006209293073543473,
        0.006239154744065015,
        0.006261670767409641,
        0.006275616635097358,
        0.006284674953836174,
        0.0062895762760718146,
        0.006276693802533518,
        0.006199541607015951,
        0.005980419126299831,
        0.005623094449384465,
        0.005326428322080181
    ],
    "clip_indices": [
        0,
        1,
        3,
        5,
        7,
        9,
        11,
        13,
        15,
        17,
        19,
        20,
        22,
        24,
        26,
        28,
        30,
        32,
        34,
        36,
        38,
        39,
        41,
        43,
        45,
        47,
        49,
        51,
        53,
        55,
        57,
        59
    ]
}