{
    "video_path": "FallVision/No Fall/Chair/nf_raw_c_1/C_D_0264_resized.mp4",
    "active_window": [
        3,
        8
    ],
    "varying_k": 6,
    "detection_status": "Global Event Zone",
    "saliency_weights": [
        0.02195305665453861,
        0.04033454159942319,
        0.061828152955045276,
        0.07375177248754923,
        0.07653033992818759,
        0.07579578717911853,
        0.07444736833678664,
        0.07307925060585793,
        0.0718963691994664,
        0.07119648034442416,
        0.07126345086630738,
        0.07207579588450544,
        0.07294359961349359,
        0.07296703488494696,
        0.0719817203179956,
        0.07053673527955098,
        0.0692422744394532,
        0.06838961922798965,
        0.06774313830042575,
        0.06677666173692288,
        0.06543939999483873,
        0.06435650918328312,
        0.0642026781221621,
        0.0652682695346721,
        0.06730340890889266,
        0.06950142652269475,
        0.0709295484568983,
        0.0705245235914422,
        0.06615488159490689,
        0.054618983622461204,
        0.03661901686122042,
        0.0219173658982591
    ],
    "clip_indices": [
        0,
        2,
        5,
        8,
        11,
        14,
        17,
        20,
        22,
        25,
        28,
        31,
        34,
        37,
        40,
        43,
        45,
        48,
        51,
        54,
        57,
        60,
        63,
        66,
        68,
        71,
        74,
        77,
        80,
        83,
        86,
        89
    ]
}