{
    "video_path": "FallVision/No Fall/Chair/nf_raw_c_1/C_D_0243.mp4",
    "active_window": [
        0,
        5
    ],
    "varying_k": 6,
    "detection_status": "Global Event Zone",
    "saliency_weights": [
        0.10891327611014273,
        0.18921992157865725,
        0.25479705527796104,
        0.23526791597719693,
        0.1639700908729098,
        0.10492189262456823,
        0.07384792387049696,
        0.05706629552761631,
        0.04608650247043308,
        0.039886429300995764,
        0.03765263410484271,
        0.037446577598300765,
        0.037636375980051776,
        0.03738834925912467,
        0.03669115149717102,
        0.0360055747119665,
        0.03569549684598332,
        0.03583945876090694,
        0.03629165339459533,
        0.03680838062153073,
        0.03726159426232249,
        0.037686576877828885,
        0.03812445657173235,
        0.038538239706298716,
        0.038862339877022235,
        0.039044453031713916,
        0.039039349889068084,
        0.038636921233941746,
        0.036870308383708944,
        0.03192502265885634,
        0.023812288449862315,
        0.017055964866263897
    ],
    "clip_indices": [
        0,
        4,
        9,
        14,
        19,
        24,
        28,
        33,
        38,
        43,
        48,
        52,
        57,
        62,
        67,
        72,
        76,
        81,
        86,
        91,
        96,
        100,
        105,
        110,
        115,
        120,
        124,
        129,
        134,
        139,
        144,
        149
    ]
}