{
    "video_path": "FallVision/No Fall/Chair/nf_raw_c_1/C_D_0208.mp4",
    "active_window": [
        7,
        22
    ],
    "varying_k": 16,
    "detection_status": "Global Event Zone",
    "saliency_weights": [
        0.0044210480244672515,
        0.006963584360002328,
        0.009936294006353458,
        0.012019523597462736,
        0.015159457948315656,
        0.025455224020654223,
        0.052215987319944195,
        0.09446137336751595,
        0.1257837502048379,
        0.11919995987131726,
        0.08402695034019472,
        0.049816198479809955,
        0.03108536751175177,
        0.028397036128215224,
        0.04560723340861016,
        0.08652191895268177,
        0.1367590457426939,
        0.16903573879909164,
        0.1715828272141558,
        0.15461774408018153,
        0.13305893741244224,
        0.11589463187970744,
        0.10298595475115549,
        0.08718726249723013,
        0.06550378745278433,
        0.04415959586496405,
        0.029319044834224994,
        0.02066080555714596,
        0.015297503928131017,
        0.01125819636919461,
        0.007870347405988479,
        0.005700483009441997
    ],
    "clip_indices": [
        0,
        2,
        5,
        8,
        11,
        14,
        17,
        20,
        22,
        25,
        28,
        31,
        34,
        37,
        40,
        43,
        45,
        48,
        51,
        54,
        57,
        60,
        63,
        66,
        68,
        71,
        74,
        77,
        80,
        83,
        86,
        89
    ]
}