{
    "video_path": "FallVision/No Fall/Chair/nf_raw_c_1/C_D_0204_resized.mp4",
    "active_window": [
        9,
        13
    ],
    "varying_k": 5,
    "detection_status": "Global Event Zone",
    "saliency_weights": [
        0.025576381543557743,
        0.04584525697680175,
        0.06660602841270763,
        0.07256368635371177,
        0.06812318400932685,
        0.06403731784002324,
        0.06337856627006404,
        0.06478930388452538,
        0.06838876710715515,
        0.07443981881607917,
        0.07990543486703962,
        0.08077526345790108,
        0.07694961351360508,
        0.07175821435382534,
        0.06870026718532399,
        0.06926443415046246,
        0.07115609482889143,
        0.07011842452967797,
        0.06517408415112035,
        0.059581049098603,
        0.05705414807492967,
        0.059318837589621844,
        0.06508245499043672,
        0.07050242346826333,
        0.07281157892389745,
        0.07234481741513002,
        0.07102884890681176,
        0.07052379994223879,
        0.06901410569307076,
        0.059986441794467736,
        0.041498124550012096,
        0.025039540104246694
    ],
    "clip_indices": [
        0,
        3,
        7,
        11,
        15,
        19,
        23,
        26,
        30,
        34,
        38,
        42,
        46,
        49,
        53,
        57,
        61,
        65,
        69,
        72,
        76,
        80,
        84,
        88,
        92,
        95,
        99,
        103,
        107,
        111,
        115,
        119
    ]
}