{
    "video_path": "FallVision/No Fall/Chair/nf_raw_c_1/C_D_0169.mp4",
    "active_window": [
        0,
        5
    ],
    "varying_k": 6,
    "detection_status": "Global Event Zone",
    "saliency_weights": [
        0.15328539402322724,
        0.27230977793699696,
        0.38613840745183736,
        0.39313789310777614,
        0.3080356338872088,
        0.1957492591543492,
        0.10216671057004192,
        0.046499422316500755,
        0.022711118573516743,
        0.014481341122794603,
        0.011520358783727832,
        0.010263990448728904,
        0.009571436550454133,
        0.008917132424898219,
        0.008220349042044488,
        0.007688519737296417,
        0.007489779037279647,
        0.0076216277779788694,
        0.007914024115567105,
        0.00810883284065864,
        0.008047653809484006,
        0.0077502371660738935,
        0.007360521906582715,
        0.007070095111725523,
        0.006957593325638523,
        0.0069160595578533195,
        0.006791984936816858,
        0.0064914033491355215,
        0.006010357624480553,
        0.005450986826669434,
        0.004950453559566589,
        0.004642373007257697
    ],
    "clip_indices": [
        0,
        7,
        15,
        23,
        30,
        38,
        46,
        53,
        61,
        69,
        77,
        84,
        92,
        100,
        107,
        115,
        123,
        131,
        138,
        146,
        154,
        161,
        169,
        177,
        185,
        192,
        200,
        208,
        215,
        223,
        231,
        239
    ]
}