{
    "video_path": "FallVision/No Fall/Chair/nf_raw_c_1/C_D_0088_resized.mp4",
    "active_window": [
        6,
        14
    ],
    "varying_k": 9,
    "detection_status": "Global Event Zone",
    "saliency_weights": [
        0.019496995478527235,
        0.03576739542575119,
        0.05535585684211894,
        0.06730123446837248,
        0.07147835949378244,
        0.0734607196135762,
        0.07912981609179667,
        0.09073436636653347,
        0.10313541791536186,
        0.1092831608718256,
        0.10824292854269997,
        0.10338623366459643,
        0.09715070202311742,
        0.09007425830369178,
        0.08192362456566388,
        0.07270534916816869,
        0.06353174715607768,
        0.05620972706005412,
        0.051645344574061974,
        0.04952944986805914,
        0.04933161015060801,
        0.05062888806299622,
        0.052600980519934906,
        0.054001691082493385,
        0.05435204131584339,
        0.05446951208716445,
        0.055142042614550406,
        0.05590997782971551,
        0.054447344721513836,
        0.04683734343224363,
        0.03277396750764684,
        0.020677582496880797
    ],
    "clip_indices": [
        0,
        3,
        6,
        9,
        12,
        15,
        18,
        21,
        24,
        27,
        30,
        33,
        36,
        39,
        42,
        45,
        49,
        52,
        55,
        58,
        61,
        64,
        67,
        70,
        73,
        76,
        79,
        82,
        85,
        88,
        91,
        95
    ]
}