{
    "video_path": "FallVision/No Fall/Chair/nf_raw_c_1/C_D_0102_resized.mp4",
    "active_window": [
        15,
        21
    ],
    "varying_k": 7,
    "detection_status": "Global Event Zone",
    "saliency_weights": [
        0.01940891901978863,
        0.035750241810717495,
        0.05518213880648387,
        0.06656366097640207,
        0.06982586668817273,
        0.06956773208022111,
        0.06868383148533372,
        0.06819480308601672,
        0.06816753925528557,
        0.068335908156225,
        0.06850646462419,
        0.06868310173032538,
        0.0690966820068809,
        0.069960990271651,
        0.0710752720857066,
        0.07197913435243211,
        0.07249166140102291,
        0.07276006489867767,
        0.07289813738901044,
        0.0728323933244323,
        0.07238491995580634,
        0.07144488085108752,
        0.07027022303928795,
        0.06948864837553712,
        0.06946256675851081,
        0.07000341392074869,
        0.07089870323224666,
        0.07176405888795215,
        0.06997711825464471,
        0.060020030651730005,
        0.04110006379351544,
        0.02467224291924573
    ],
    "clip_indices": [
        0,
        3,
        7,
        11,
        15,
        19,
        23,
        26,
        30,
        34,
        38,
        42,
        46,
        49,
        53,
        57,
        61,
        65,
        69,
        72,
        76,
        80,
        84,
        88,
        92,
        95,
        99,
        103,
        107,
        111,
        115,
        119
    ]
}