{
    "video_path": "FallVision/No Fall/Chair/nf_raw_c_1/C_D_0235.mp4",
    "active_window": [
        0,
        5
    ],
    "varying_k": 6,
    "detection_status": "Global Event Zone",
    "saliency_weights": [
        0.14804238678248,
        0.2569555862899081,
        0.3449567790259432,
        0.3149278668183729,
        0.2100879785877403,
        0.1178025052954692,
        0.0654789464433811,
        0.04036980824388788,
        0.028953530976262208,
        0.024135833412828628,
        0.02251288821943554,
        0.022333568169376854,
        0.022629184219608654,
        0.022903489217949814,
        0.023097268434009752,
        0.023379393841302862,
        0.023790755521563383,
        0.024195670878008405,
        0.02447955267974971,
        0.02462793951151685,
        0.024679511631220383,
        0.024686838944529513,
        0.024688512412696317,
        0.02470155785140923,
        0.024734060520694386,
        0.024789439632971644,
        0.024841938234268245,
        0.02472896653575331,
        0.02385655733604622,
        0.02117565030000708,
        0.01668102391267099,
        0.012915538537301392
    ],
    "clip_indices": [
        0,
        4,
        9,
        14,
        19,
        24,
        28,
        33,
        38,
        43,
        48,
        52,
        57,
        62,
        67,
        72,
        76,
        81,
        86,
        91,
        96,
        100,
        105,
        110,
        115,
        120,
        124,
        129,
        134,
        139,
        144,
        149
    ]
}