{
    "video_path": "FallVision/No Fall/Chair/nf_raw_c_1/C_D_0063.mp4",
    "active_window": [
        19,
        23
    ],
    "varying_k": 5,
    "detection_status": "Peak Only",
    "saliency_weights": [
        0.020565976235592448,
        0.037865485484357475,
        0.058378381479302854,
        0.07026111452510891,
        0.07345093072007042,
        0.07283996185151925,
        0.0714997084801243,
        0.07061883527534144,
        0.07059711183978418,
        0.07139255681119179,
        0.0724714040940701,
        0.07307122204975905,
        0.07262619895976041,
        0.07086421601652593,
        0.0678637464401846,
        0.06420409297130679,
        0.06119505025510874,
        0.06049050033068946,
        0.06289697636774326,
        0.06767318332442149,
        0.07236321726670368,
        0.07395041511364402,
        0.07238281530521215,
        0.07119201996790989,
        0.07238431495416889,
        0.07394435560722391,
        0.07382246099627476,
        0.07224806695268192,
        0.06819320587855193,
        0.05731615825940302,
        0.039026680648837006,
        0.023609693090594235
    ],
    "clip_indices": [
        0,
        3,
        7,
        11,
        15,
        19,
        23,
        26,
        30,
        34,
        38,
        42,
        46,
        49,
        53,
        57,
        61,
        65,
        69,
        72,
        76,
        80,
        84,
        88,
        92,
        95,
        99,
        103,
        107,
        111,
        115,
        119
    ]
}