{
    "video_path": "FallVision/No Fall/Chair/nf_raw_c_1/C_D_0028.mp4",
    "active_window": [
        6,
        26
    ],
    "varying_k": 21,
    "detection_status": "Global Event Zone",
    "saliency_weights": [
        0.01752812294977467,
        0.03223988495588198,
        0.04977680869725962,
        0.06053423532905082,
        0.06547469534278101,
        0.0691668609444468,
        0.07267776465469489,
        0.07488823168090122,
        0.07534342123289466,
        0.0744627584156291,
        0.07300124590234684,
        0.07159659437503893,
        0.07036817902570563,
        0.06922589042604643,
        0.0684856939986157,
        0.06864677547289208,
        0.06957325621032542,
        0.07055995601541395,
        0.07119595090894089,
        0.07158456036544708,
        0.07188902655227111,
        0.07214429446808675,
        0.07244108693380485,
        0.07294336616214489,
        0.07352608556793892,
        0.07366846357638072,
        0.07305016479738285,
        0.07153535033587763,
        0.06728924457821034,
        0.05614281885472454,
        0.03790755115450843,
        0.022702769643805385
    ],
    "clip_indices": [
        0,
        4,
        9,
        14,
        19,
        24,
        28,
        33,
        38,
        43,
        48,
        52,
        57,
        62,
        67,
        72,
        76,
        81,
        86,
        91,
        96,
        100,
        105,
        110,
        115,
        120,
        124,
        129,
        134,
        139,
        144,
        149
    ]
}