{
    "video_path": "FallVision/No Fall/Chair/nf_raw_c_1/C_D_0101_resized.mp4",
    "active_window": [
        18,
        23
    ],
    "varying_k": 6,
    "detection_status": "Global Event Zone",
    "saliency_weights": [
        0.01785988547490003,
        0.03231348604647759,
        0.049405908955404726,
        0.059312146963173676,
        0.062289417850508726,
        0.06264876032013744,
        0.06268480555872735,
        0.0627825318565871,
        0.06262935393545725,
        0.061921975144484616,
        0.0608443467283513,
        0.05984216811869764,
        0.059137967949910525,
        0.058662341291638734,
        0.05829004753390886,
        0.05863732034087081,
        0.06223090669331682,
        0.07253383743226402,
        0.0904551498515608,
        0.11207998813874229,
        0.12795945188830227,
        0.12698848119542416,
        0.1086570358939821,
        0.08606753849182466,
        0.07029775703468755,
        0.0616803294682548,
        0.056818836928774416,
        0.05372379684603165,
        0.05019922286741988,
        0.04247987906060413,
        0.029810831690297773,
        0.019164541622416074
    ],
    "clip_indices": [
        0,
        3,
        7,
        11,
        15,
        19,
        23,
        26,
        30,
        34,
        38,
        42,
        46,
        49,
        53,
        57,
        61,
        65,
        69,
        72,
        76,
        80,
        84,
        88,
        92,
        95,
        99,
        103,
        107,
        111,
        115,
        119
    ]
}