{
    "video_path": "FallVision/No Fall/Chair/nf_raw_c_1/C_D_0126_resized.mp4",
    "active_window": [
        2,
        8
    ],
    "varying_k": 7,
    "detection_status": "Global Event Zone",
    "saliency_weights": [
        0.03552085587982781,
        0.0712359469266575,
        0.1310099407412845,
        0.19822909990214638,
        0.24891160986259314,
        0.2616947207890671,
        0.23315926403378323,
        0.17583256337969672,
        0.11462049601670872,
        0.0729726632360713,
        0.055008750280160515,
        0.05091696717223906,
        0.04991226781984473,
        0.04540735453090827,
        0.03708746227634804,
        0.028584112250329603,
        0.022585258196450846,
        0.01957397670195589,
        0.01912811278706477,
        0.020471143343256948,
        0.022167594575061254,
        0.022407985376713145,
        0.020607135515902236,
        0.017907878860841952,
        0.015517717798728393,
        0.013730713096855005,
        0.012428525305904298,
        0.011473360714521014,
        0.010586987560154092,
        0.00926723398465358,
        0.007406656801457376,
        0.005910861964935722
    ],
    "clip_indices": [
        0,
        2,
        5,
        8,
        11,
        14,
        17,
        20,
        22,
        25,
        28,
        31,
        34,
        37,
        40,
        43,
        45,
        48,
        51,
        54,
        57,
        60,
        63,
        66,
        68,
        71,
        74,
        77,
        80,
        83,
        86,
        89
    ]
}