{
    "video_path": "FallVision/No Fall/Chair/nf_raw_c_1/C_D_0238.mp4",
    "active_window": [
        0,
        4
    ],
    "varying_k": 5,
    "detection_status": "Global Event Zone",
    "saliency_weights": [
        0.13172891565958122,
        0.2280734040004882,
        0.30430810045701384,
        0.27405589506001715,
        0.17839888039793186,
        0.09756428052676468,
        0.055073896613272076,
        0.03713508897367046,
        0.03025761443318773,
        0.02779647749352402,
        0.027104010737800437,
        0.02727014690823641,
        0.02792362800236045,
        0.02881903735771467,
        0.02975110797931264,
        0.030555439268212584,
        0.031152888147006747,
        0.03154489545041009,
        0.031771695046087414,
        0.031884130983988186,
        0.03191919116635958,
        0.03189598248780844,
        0.03183825216362035,
        0.031841483698360214,
        0.0322112528203221,
        0.03346678211917694,
        0.0358913856678922,
        0.038956523996125064,
        0.040640545976209086,
        0.03743873470029961,
        0.028633901524360746,
        0.020432493817849475
    ],
    "clip_indices": [
        0,
        4,
        9,
        14,
        19,
        24,
        28,
        33,
        38,
        43,
        48,
        52,
        57,
        62,
        67,
        72,
        76,
        81,
        86,
        91,
        96,
        100,
        105,
        110,
        115,
        120,
        124,
        129,
        134,
        139,
        144,
        149
    ]
}