{
    "video_path": "FallVision/No Fall/Chair/nf_raw_c_1/C_D_0107.mp4",
    "active_window": [
        0,
        19
    ],
    "varying_k": 20,
    "detection_status": "Global Event Zone",
    "saliency_weights": [
        0.12369441417117011,
        0.21241874135794453,
        0.2776234076175079,
        0.23820696485738171,
        0.14044900660424325,
        0.06648958314956073,
        0.03442893114418723,
        0.02359778186019468,
        0.019684899096964373,
        0.018506597425867192,
        0.017972003732546933,
        0.01658415146959796,
        0.015464530092524464,
        0.01819877836234594,
        0.029140048540173193,
        0.05093409105488332,
        0.08058414504370942,
        0.10886196415976274,
        0.12333343744048339,
        0.11429277897959755,
        0.08586462333766433,
        0.055607353519369976,
        0.035878054991228536,
        0.025661216698263045,
        0.020278937154903295,
        0.017773927670870836,
        0.01734440834513925,
        0.017534279391085813,
        0.016908555129427093,
        0.014871176379807706,
        0.011823247791414783,
        0.009407533019616783
    ],
    "clip_indices": [
        0,
        2,
        5,
        8,
        11,
        14,
        17,
        20,
        22,
        25,
        28,
        31,
        34,
        37,
        40,
        43,
        45,
        48,
        51,
        54,
        57,
        60,
        63,
        66,
        68,
        71,
        74,
        77,
        80,
        83,
        86,
        89
    ]
}