{
    "video_path": "FallVision/No Fall/Chair/nf_raw_c_1/C_D_0223.mp4",
    "active_window": [
        22,
        28
    ],
    "varying_k": 7,
    "detection_status": "Global Event Zone",
    "saliency_weights": [
        0.019405592485143897,
        0.03551151861845043,
        0.054238193557880524,
        0.06425269554870586,
        0.06575504595639053,
        0.06460435871285658,
        0.06615804391852328,
        0.07212610003088474,
        0.07798359147534922,
        0.07813713991338453,
        0.07319921009665954,
        0.06753777402431342,
        0.06333431871725019,
        0.06043534430588576,
        0.058916282716680285,
        0.05924002123114669,
        0.06070504758708844,
        0.06167792575405939,
        0.061604816128844164,
        0.06158679595412846,
        0.06329944340257684,
        0.06782435356780031,
        0.07414010188238704,
        0.07917049455452889,
        0.08109908583579171,
        0.0811118775024704,
        0.08120222730772259,
        0.08194186318502195,
        0.0802889006593493,
        0.06923819176735516,
        0.047390917032678406,
        0.0282000371470916
    ],
    "clip_indices": [
        0,
        3,
        7,
        11,
        15,
        19,
        23,
        26,
        30,
        34,
        38,
        42,
        46,
        49,
        53,
        57,
        61,
        65,
        69,
        72,
        76,
        80,
        84,
        88,
        92,
        95,
        99,
        103,
        107,
        111,
        115,
        119
    ]
}