{
    "video_path": "FallVision/No Fall/Chair/nf_raw_c_1/C_D_0156_resized.mp4",
    "active_window": [
        8,
        28
    ],
    "varying_k": 21,
    "detection_status": "Global Event Zone",
    "saliency_weights": [
        0.016799202047918523,
        0.030664084527302585,
        0.04688452828438451,
        0.055804012232004326,
        0.05764742834656794,
        0.057640447739319485,
        0.060930300074295535,
        0.0698057060182246,
        0.0810618038783574,
        0.08903948503550511,
        0.0902899528745822,
        0.08462381798707341,
        0.07521950913542205,
        0.06640684305957079,
        0.06012805902470516,
        0.056017194311026045,
        0.053585792812448706,
        0.0528557661174171,
        0.053699673209203685,
        0.055679532266771414,
        0.058579119687122275,
        0.06251416873830323,
        0.06742023031690494,
        0.0728803097388531,
        0.07864843139853886,
        0.08471726267112817,
        0.09023693881955985,
        0.09260590759001637,
        0.0879943669717155,
        0.07270103821672447,
        0.04861038066916676,
        0.02900744638417306
    ],
    "clip_indices": [
        0,
        3,
        7,
        11,
        15,
        19,
        23,
        26,
        30,
        34,
        38,
        42,
        46,
        49,
        53,
        57,
        61,
        65,
        69,
        72,
        76,
        80,
        84,
        88,
        92,
        95,
        99,
        103,
        107,
        111,
        115,
        119
    ]
}