{
    "video_path": "FallVision/No Fall/Chair/nf_raw_c_1/C_D_0076.mp4",
    "active_window": [
        0,
        4
    ],
    "varying_k": 5,
    "detection_status": "Global Event Zone",
    "saliency_weights": [
        0.2039728744216326,
        0.35037857567006775,
        0.45840726498928075,
        0.39452859829746995,
        0.2347600359188306,
        0.11379560036125765,
        0.060364927560416934,
        0.039441062911817336,
        0.02750413249370148,
        0.019075633863429697,
        0.013541492640292585,
        0.01037939419065445,
        0.008799241393417572,
        0.008010932315212231,
        0.007541509980263712,
        0.007218399832541826,
        0.006991055800495697,
        0.006834977077803008,
        0.006723680025729841,
        0.006629089317398993,
        0.0065397406218269324,
        0.006462893484820249,
        0.006403162635512758,
        0.006353373079343402,
        0.006307858910659459,
        0.006270145973141334,
        0.006244152722679296,
        0.006221537560839215,
        0.00616360770112641,
        0.006000403583910114,
        0.005726578795149886,
        0.005496519519751018
    ],
    "clip_indices": [
        0,
        2,
        5,
        8,
        11,
        14,
        17,
        20,
        22,
        25,
        28,
        31,
        34,
        37,
        40,
        43,
        45,
        48,
        51,
        54,
        57,
        60,
        63,
        66,
        68,
        71,
        74,
        77,
        80,
        83,
        86,
        89
    ]
}