{
    "video_path": "FallVision/No Fall/Chair/nf_raw_c_1/C_D_0213.mp4",
    "active_window": [
        15,
        21
    ],
    "varying_k": 7,
    "detection_status": "Global Event Zone",
    "saliency_weights": [
        0.0056180608517614125,
        0.009152662936567225,
        0.013997631640788589,
        0.02043488574921888,
        0.0339431302024417,
        0.05709118763236152,
        0.08045557939045889,
        0.09134230556589734,
        0.08620931319248445,
        0.0695096171903196,
        0.04956395243115561,
        0.03427842281214794,
        0.02695996861145931,
        0.030249723775247296,
        0.05268260303487951,
        0.10063884449619483,
        0.15941159091542628,
        0.1990646363751149,
        0.20420525418076338,
        0.18180902189334744,
        0.14617280174206343,
        0.10964232552937894,
        0.07925579665655072,
        0.0565572529955669,
        0.040670754387152785,
        0.03013254899203202,
        0.023531573447262588,
        0.019546645204398076,
        0.01682522473093382,
        0.01396531418335182,
        0.010483397151477726,
        0.00779556116322821
    ],
    "clip_indices": [
        0,
        2,
        5,
        8,
        11,
        14,
        17,
        20,
        22,
        25,
        28,
        31,
        34,
        37,
        40,
        43,
        45,
        48,
        51,
        54,
        57,
        60,
        63,
        66,
        68,
        71,
        74,
        77,
        80,
        83,
        86,
        89
    ]
}