{
    "video_path": "FallVision/No Fall/Chair/nf_raw_c_1/C_D_0128_resized.mp4",
    "active_window": [
        0,
        6
    ],
    "varying_k": 7,
    "detection_status": "Global Event Zone",
    "saliency_weights": [
        0.12355976364412177,
        0.22098511076536792,
        0.318320952859517,
        0.33459086951474326,
        0.2771569189243789,
        0.19270168497043386,
        0.11666355073236981,
        0.06609347608098516,
        0.03905415589382553,
        0.02520056799487505,
        0.017507972004445375,
        0.013249348047230837,
        0.011436155805049272,
        0.01166743997982202,
        0.013931865492738974,
        0.018272005546778394,
        0.024135575124632498,
        0.03003424647778106,
        0.033581944423198624,
        0.03251976972365604,
        0.027205898051292986,
        0.020793655328853352,
        0.015807692070103695,
        0.012538296330339727,
        0.010455676950801452,
        0.00920859237369002,
        0.008571683955547822,
        0.00825991289950252,
        0.007940769332453511,
        0.007300552621064912,
        0.006309791147250185,
        0.005495433818126949
    ],
    "clip_indices": [
        0,
        2,
        5,
        8,
        11,
        14,
        17,
        20,
        22,
        25,
        28,
        31,
        34,
        37,
        40,
        43,
        45,
        48,
        51,
        54,
        57,
        60,
        63,
        66,
        68,
        71,
        74,
        77,
        80,
        83,
        86,
        89
    ]
}