{
    "video_path": "FallVision/No Fall/Chair/nf_raw_c_1/C_D_0252_resized.mp4",
    "active_window": [
        4,
        27
    ],
    "varying_k": 24,
    "detection_status": "Global Event Zone",
    "saliency_weights": [
        0.01985587185878583,
        0.03660044972872807,
        0.056542403970807203,
        0.06841835577310587,
        0.07247045250728261,
        0.07342638114359834,
        0.07348772021017197,
        0.07296033472577443,
        0.07222024481384781,
        0.0716348593382593,
        0.07084140786319656,
        0.06933066257405154,
        0.06755329386118164,
        0.0664859712321929,
        0.06637994827112129,
        0.0667874329532308,
        0.0674032208830582,
        0.06821468692738691,
        0.0690800551866242,
        0.06969183287107239,
        0.07002267070336857,
        0.0703953993781636,
        0.07097157373668406,
        0.07157495945580974,
        0.07214197056241684,
        0.07288401492091251,
        0.0736516565423112,
        0.07323125651164543,
        0.06893849766838989,
        0.057098571398384645,
        0.03832211399457609,
        0.02290462940192857
    ],
    "clip_indices": [
        0,
        2,
        5,
        8,
        11,
        14,
        17,
        20,
        22,
        25,
        28,
        31,
        34,
        37,
        40,
        43,
        45,
        48,
        51,
        54,
        57,
        60,
        63,
        66,
        68,
        71,
        74,
        77,
        80,
        83,
        86,
        89
    ]
}