{
    "video_path": "FallVision/No Fall/Chair/nf_raw_c_1/C_D_0027.mp4",
    "active_window": [
        25,
        30
    ],
    "varying_k": 6,
    "detection_status": "Global Event Zone",
    "saliency_weights": [
        0.008378694453931922,
        0.012721746169002192,
        0.017830675794968318,
        0.020738707431520294,
        0.021553849666480232,
        0.021618097733320022,
        0.02165328081862574,
        0.021816059510147617,
        0.022085220408270184,
        0.022414028827568766,
        0.02277576394899728,
        0.023125214463182494,
        0.02333846996979217,
        0.02328040821643701,
        0.02295460357982696,
        0.02249692155246338,
        0.022067792772132836,
        0.02179664197431684,
        0.021748018560528874,
        0.021909898418581653,
        0.022219080650852423,
        0.022781155137355475,
        0.024900804414318592,
        0.034671864840305565,
        0.06971781286843219,
        0.15222424917515845,
        0.2652888151120113,
        0.3336797923123418,
        0.3059596710900323,
        0.2160383542890263,
        0.12406395947395532,
        0.0675687411124353
    ],
    "clip_indices": [
        0,
        3,
        7,
        11,
        15,
        19,
        23,
        26,
        30,
        34,
        38,
        42,
        46,
        49,
        53,
        57,
        61,
        65,
        69,
        72,
        76,
        80,
        84,
        88,
        92,
        95,
        99,
        103,
        107,
        111,
        115,
        119
    ]
}