{
    "video_path": "FallVision/No Fall/Chair/nf_raw_c_1/C_D_0130_resized.mp4",
    "active_window": [
        0,
        4
    ],
    "varying_k": 5,
    "detection_status": "Global Event Zone",
    "saliency_weights": [
        0.12606989192111784,
        0.21778258592366212,
        0.2889827473039882,
        0.2572948403883496,
        0.16510078282651544,
        0.09286688352656422,
        0.06424224935625282,
        0.06269609450956867,
        0.06596333568549545,
        0.05959197488075184,
        0.04448990858247939,
        0.029812660104215002,
        0.021398810924101824,
        0.021085531796516878,
        0.030466925915871128,
        0.04936793886838561,
        0.07034003558031302,
        0.08137644602107363,
        0.07711385632942758,
        0.06171198756117513,
        0.042904234852392496,
        0.027667545875410034,
        0.018815219925331767,
        0.014432193967112218,
        0.011924437395227982,
        0.01033012093437965,
        0.009448145443112038,
        0.008968248806701464,
        0.0084867817353204,
        0.00767053140277332,
        0.006512415626303207,
        0.0055887475815791735
    ],
    "clip_indices": [
        0,
        2,
        5,
        8,
        11,
        14,
        17,
        20,
        22,
        25,
        28,
        31,
        34,
        37,
        40,
        43,
        45,
        48,
        51,
        54,
        57,
        60,
        63,
        66,
        68,
        71,
        74,
        77,
        80,
        83,
        86,
        89
    ]
}