{
    "video_path": "FallVision/No Fall/Chair/nf_raw_c_1/C_D_0232.mp4",
    "active_window": [
        0,
        5
    ],
    "varying_k": 6,
    "detection_status": "Global Event Zone",
    "saliency_weights": [
        0.14781497748653716,
        0.25636215903876447,
        0.34355954096017316,
        0.3127943777146486,
        0.20885757808541366,
        0.1198129091058174,
        0.07074849728766207,
        0.04624327210464242,
        0.03328520957820756,
        0.02689345415030393,
        0.024488842353153156,
        0.023956943251175672,
        0.023939994804157698,
        0.023769578107227227,
        0.023219419588078008,
        0.02237546189269412,
        0.021601069292373678,
        0.021334614327933148,
        0.021659950286824825,
        0.022271600261940663,
        0.02287265689408497,
        0.02335230549796337,
        0.023695147402353095,
        0.02390956888273835,
        0.02401355452510246,
        0.024038168301354225,
        0.02401627909542815,
        0.023880556317517846,
        0.023112839047633997,
        0.020671225242137867,
        0.016487060620015634,
        0.012953821687749948
    ],
    "clip_indices": [
        0,
        4,
        9,
        14,
        19,
        24,
        28,
        33,
        38,
        43,
        48,
        52,
        57,
        62,
        67,
        72,
        76,
        81,
        86,
        91,
        96,
        100,
        105,
        110,
        115,
        120,
        124,
        129,
        134,
        139,
        144,
        149
    ]
}