{
    "video_path": "FallVision/No Fall/Chair/nf_raw_c_1/C_D_0253_resized.mp4",
    "active_window": [
        6,
        10
    ],
    "varying_k": 5,
    "detection_status": "Global Event Zone",
    "saliency_weights": [
        0.02027957312751262,
        0.03720181074367206,
        0.0568641054292434,
        0.0676720179948846,
        0.07056222885544483,
        0.07117398026832521,
        0.07187964866606816,
        0.07257901045140258,
        0.07299421942700056,
        0.07295176435064676,
        0.07206650141798222,
        0.07018740579864831,
        0.06818516914515904,
        0.06731966440674104,
        0.06779965153790879,
        0.06885725961234498,
        0.06980556794954793,
        0.07042525437832405,
        0.07084281510799384,
        0.07130939521097249,
        0.07187177431875615,
        0.0722804392181168,
        0.07222005704216344,
        0.07155357781991267,
        0.07061967966591817,
        0.0701977851354534,
        0.07048675452252745,
        0.07018658529543215,
        0.06638598006568526,
        0.05524839346559941,
        0.03722088108973727,
        0.022320144909212886
    ],
    "clip_indices": [
        0,
        2,
        5,
        8,
        11,
        14,
        17,
        20,
        22,
        25,
        28,
        31,
        34,
        37,
        40,
        43,
        45,
        48,
        51,
        54,
        57,
        60,
        63,
        66,
        68,
        71,
        74,
        77,
        80,
        83,
        86,
        89
    ]
}