{
    "video_path": "FallVision/No Fall/Chair/nf_raw_c_1/C_D_0199_resized.mp4",
    "active_window": [
        0,
        4
    ],
    "varying_k": 5,
    "detection_status": "Global Event Zone",
    "saliency_weights": [
        0.14327499151587533,
        0.24604940991543212,
        0.3215587116194857,
        0.27564416167482014,
        0.1614351785962734,
        0.0741238808546914,
        0.03610093890437225,
        0.024977338149326914,
        0.024103758949637368,
        0.027252336808014622,
        0.030140757577039455,
        0.029580436546409156,
        0.02663090363786264,
        0.024664335667707215,
        0.02467984918603564,
        0.02550899361874693,
        0.027102147496557916,
        0.03059417260518288,
        0.035504140184677416,
        0.03947844307327106,
        0.04111853090817395,
        0.040982675779125385,
        0.040001487454933024,
        0.038613294294162055,
        0.03717093310180923,
        0.036269271661819896,
        0.03646550876102271,
        0.037749583959862804,
        0.038521697663578436,
        0.035315325851806606,
        0.027122144760511946,
        0.01952787804956048
    ],
    "clip_indices": [
        0,
        3,
        7,
        11,
        15,
        19,
        23,
        26,
        30,
        34,
        38,
        42,
        46,
        49,
        53,
        57,
        61,
        65,
        69,
        72,
        76,
        80,
        84,
        88,
        92,
        95,
        99,
        103,
        107,
        111,
        115,
        119
    ]
}