{
    "video_path": "FallVision/No Fall/Chair/nf_raw_c_1/C_D_0141_resized.mp4",
    "active_window": [
        0,
        5
    ],
    "varying_k": 6,
    "detection_status": "Global Event Zone",
    "saliency_weights": [
        0.16690755575382643,
        0.2884386732457311,
        0.3830359568904343,
        0.34118688973390343,
        0.21716794040699072,
        0.11458935882572219,
        0.06200517052328181,
        0.03956386918656263,
        0.029608046580470962,
        0.024437528582114725,
        0.02130764322351983,
        0.019275885751029204,
        0.017813296909604502,
        0.016504451440866083,
        0.015192820316273295,
        0.013954705615445798,
        0.012938659171132388,
        0.012265385909014818,
        0.011954437762245484,
        0.011933921500625444,
        0.012154985210183992,
        0.012761269065492922,
        0.01432822188591823,
        0.01767115228044243,
        0.022713219689040845,
        0.0278694069134112,
        0.03103827693570606,
        0.030520489784609313,
        0.026075363118446035,
        0.019666279164184217,
        0.013764603975732974,
        0.010173343134421402
    ],
    "clip_indices": [
        0,
        2,
        5,
        8,
        11,
        14,
        17,
        20,
        22,
        25,
        28,
        31,
        34,
        37,
        40,
        43,
        45,
        48,
        51,
        54,
        57,
        60,
        63,
        66,
        68,
        71,
        74,
        77,
        80,
        83,
        86,
        89
    ]
}