{
    "video_path": "FallVision/No Fall/Chair/nf_raw_c_1/C_D_0255_resized.mp4",
    "active_window": [
        14,
        28
    ],
    "varying_k": 15,
    "detection_status": "Global Event Zone",
    "saliency_weights": [
        0.01823445955554293,
        0.033511497770467386,
        0.05161316720882367,
        0.06222102970634534,
        0.06567703567438538,
        0.06643489226408009,
        0.06650636599209689,
        0.06615748891025452,
        0.06588273419989381,
        0.06632428570964835,
        0.06749188109686896,
        0.06893644843175836,
        0.07029199243888476,
        0.0714558085056424,
        0.0725932645981558,
        0.07386957511283232,
        0.07498499610030471,
        0.07525673188768026,
        0.07424441293385081,
        0.07214127912803939,
        0.06993406207176786,
        0.06899293027932554,
        0.06965200974462923,
        0.07084667273104531,
        0.0717800716247442,
        0.07279648450064359,
        0.07429720109670823,
        0.07550304484965328,
        0.07330583779372274,
        0.06240893098359737,
        0.04251831983047326,
        0.025473896526888487
    ],
    "clip_indices": [
        0,
        2,
        5,
        8,
        11,
        14,
        17,
        20,
        22,
        25,
        28,
        31,
        34,
        37,
        40,
        43,
        45,
        48,
        51,
        54,
        57,
        60,
        63,
        66,
        68,
        71,
        74,
        77,
        80,
        83,
        86,
        89
    ]
}