{
    "video_path": "FallVision/No Fall/Chair/nf_raw_c_1/C_D_0168_resized.mp4",
    "active_window": [
        0,
        5
    ],
    "varying_k": 6,
    "detection_status": "Global Event Zone",
    "saliency_weights": [
        0.16221464561157264,
        0.2805312369695392,
        0.37325358312025797,
        0.33423541054507167,
        0.2162066252992561,
        0.12077531544547146,
        0.07845085414469694,
        0.07070145721748351,
        0.07431850080190282,
        0.07380884902167398,
        0.06446969315550119,
        0.04891791970243108,
        0.03258237358188873,
        0.020374636205135896,
        0.01339561181148995,
        0.009716459245368663,
        0.007554296984058701,
        0.006240641380557385,
        0.005543407583319577,
        0.005242378238113991,
        0.005131113152829839,
        0.005065286052184155,
        0.005001780696065215,
        0.004988987802860232,
        0.005063387938525239,
        0.005194135117300981,
        0.00533212141390286,
        0.005439607024436699,
        0.005458667355142298,
        0.005300095880656858,
        0.004965046676492698,
        0.004669669569056998
    ],
    "clip_indices": [
        0,
        15,
        30,
        46,
        61,
        77,
        92,
        108,
        123,
        139,
        154,
        169,
        185,
        200,
        216,
        231,
        247,
        262,
        278,
        293,
        309,
        324,
        339,
        355,
        370,
        386,
        401,
        417,
        432,
        448,
        463,
        479
    ]
}