{
    "video_path": "FallVision/No Fall/Chair/nf_raw_c_1/C_D_0137_resized.mp4",
    "active_window": [
        0,
        5
    ],
    "varying_k": 6,
    "detection_status": "Global Event Zone",
    "saliency_weights": [
        0.1302133109716361,
        0.22721657761087466,
        0.3090473128612676,
        0.2903561592015783,
        0.20399824274911876,
        0.12215520048693604,
        0.07138982794027507,
        0.04555868853479054,
        0.0340680048054356,
        0.029117764598309386,
        0.02611683144409616,
        0.02306448804063873,
        0.020438656430793747,
        0.02020730865864896,
        0.024276761280206553,
        0.03352021966014387,
        0.04669282897151015,
        0.06003504977213138,
        0.0677533027358028,
        0.06457614270510177,
        0.051572534023350394,
        0.03645341669611281,
        0.025248945414144103,
        0.018422409732025444,
        0.01439374335408017,
        0.01204699093669603,
        0.010758336589250832,
        0.010048925965972868,
        0.00945933251085124,
        0.008552390156196443,
        0.007252558980621492,
        0.006203832801807811
    ],
    "clip_indices": [
        0,
        2,
        5,
        8,
        11,
        14,
        17,
        20,
        22,
        25,
        28,
        31,
        34,
        37,
        40,
        43,
        45,
        48,
        51,
        54,
        57,
        60,
        63,
        66,
        68,
        71,
        74,
        77,
        80,
        83,
        86,
        89
    ]
}