{
    "video_path": "FallVision/No Fall/Chair/nf_raw_c_1/C_D_0034.mp4",
    "active_window": [
        26,
        30
    ],
    "varying_k": 5,
    "detection_status": "Global Event Zone",
    "saliency_weights": [
        0.015334582576031932,
        0.02716783924844235,
        0.04072389683590346,
        0.04806106158942696,
        0.05073619452291332,
        0.05311115423143091,
        0.05546117274510072,
        0.05621120158514859,
        0.055775036811093914,
        0.055674233155470876,
        0.05632960993350836,
        0.05727063327020001,
        0.05822311247847883,
        0.05916741423595116,
        0.059868070927980695,
        0.059894016922819295,
        0.05904770784467879,
        0.05759431690320017,
        0.05632160855795696,
        0.05620885557688726,
        0.05751993409809763,
        0.05955146415641664,
        0.06137431753664589,
        0.06261886984949933,
        0.06456236453534722,
        0.07076569492030407,
        0.08575944042817157,
        0.11164287551077032,
        0.1383117342704635,
        0.13933831186115989,
        0.1034494823071857,
        0.0638867164539804
    ],
    "clip_indices": [
        0,
        5,
        11,
        17,
        23,
        28,
        34,
        40,
        46,
        51,
        57,
        63,
        69,
        75,
        80,
        86,
        92,
        98,
        103,
        109,
        115,
        121,
        127,
        132,
        138,
        144,
        150,
        155,
        161,
        167,
        173,
        179
    ]
}