{
    "video_path": "FallVision/No Fall/Chair/nf_raw_c_1/C_D_0031.mp4",
    "active_window": [
        6,
        11
    ],
    "varying_k": 6,
    "detection_status": "Global Event Zone",
    "saliency_weights": [
        0.019742762629064083,
        0.0362836463078774,
        0.055716093245321535,
        0.06682296240950816,
        0.070299182986986,
        0.07141320823064104,
        0.07254831689134264,
        0.07367370010104121,
        0.07422686610526263,
        0.07389347128118892,
        0.07300279215884398,
        0.07217727011194128,
        0.0717184365149367,
        0.07158137139297438,
        0.07160474682184231,
        0.07160992848120923,
        0.0714287086558649,
        0.07096968572857479,
        0.07035416623307127,
        0.0698818566890935,
        0.06977190256865254,
        0.07002607933802277,
        0.07043963476016896,
        0.07068157832981145,
        0.0705591392363003,
        0.07013078930329586,
        0.06943288573777678,
        0.06797100961210802,
        0.06367610284025257,
        0.05286029892943603,
        0.0356473398904206,
        0.021442170780733943
    ],
    "clip_indices": [
        0,
        3,
        7,
        11,
        15,
        19,
        23,
        26,
        30,
        34,
        38,
        42,
        46,
        49,
        53,
        57,
        61,
        65,
        69,
        72,
        76,
        80,
        84,
        88,
        92,
        95,
        99,
        103,
        107,
        111,
        115,
        119
    ]
}