{
    "video_path": "FallVision/No Fall/Chair/nf_raw_c_1/C_D_0106.mp4",
    "active_window": [
        0,
        11
    ],
    "varying_k": 12,
    "detection_status": "Global Event Zone",
    "saliency_weights": [
        0.11210807813312842,
        0.1934081511418142,
        0.25590351514493526,
        0.22705434512059913,
        0.14727623309494384,
        0.0897624619078328,
        0.07309116353747905,
        0.08201026672438233,
        0.10428145843412169,
        0.1301651943112923,
        0.1418414335872916,
        0.12431209251964213,
        0.08652400025452861,
        0.05154113932179446,
        0.030490473871974275,
        0.02019505947744877,
        0.01528734262720018,
        0.013039977177274245,
        0.012205860029012052,
        0.011981480585845191,
        0.01195094615409591,
        0.012043502295579791,
        0.012231795166315815,
        0.012398623137188348,
        0.012481081320421607,
        0.012544255477438801,
        0.012621417702963695,
        0.012577102659553495,
        0.012108013246781525,
        0.010832185378279915,
        0.008828784914704329,
        0.007190234364486754
    ],
    "clip_indices": [
        0,
        2,
        5,
        8,
        11,
        14,
        17,
        20,
        22,
        25,
        28,
        31,
        34,
        37,
        40,
        43,
        45,
        48,
        51,
        54,
        57,
        60,
        63,
        66,
        68,
        71,
        74,
        77,
        80,
        83,
        86,
        89
    ]
}