{
    "video_path": "FallVision/No Fall/Chair/nf_raw_c_1/C_D_0094_resized.mp4",
    "active_window": [
        4,
        26
    ],
    "varying_k": 23,
    "detection_status": "Global Event Zone",
    "saliency_weights": [
        0.02114133319866885,
        0.03884555885821512,
        0.05960809304105528,
        0.07122244014604087,
        0.0739903261127772,
        0.07338098539097739,
        0.07267377664292407,
        0.07298143141295416,
        0.0744325992143568,
        0.07622039890893509,
        0.07630823656743581,
        0.0732191003974572,
        0.06870429590610791,
        0.0657637979814009,
        0.06429001771119015,
        0.06211257441950026,
        0.05961511622471655,
        0.05961708182533143,
        0.06301237096791923,
        0.06779047513021982,
        0.07189315275645504,
        0.07464222966034306,
        0.07626811130925644,
        0.07727192108247924,
        0.07759116064057094,
        0.07641836901700041,
        0.07342493498362573,
        0.06919483787117917,
        0.06293933381841126,
        0.051426169291718254,
        0.034543264268428145,
        0.02089946739901708
    ],
    "clip_indices": [
        0,
        3,
        6,
        9,
        12,
        15,
        18,
        21,
        24,
        27,
        30,
        33,
        36,
        39,
        42,
        45,
        49,
        52,
        55,
        58,
        61,
        64,
        67,
        70,
        73,
        76,
        79,
        82,
        85,
        88,
        91,
        95
    ]
}