{
    "video_path": "FallVision/No Fall/Chair/nf_raw_c_1/C_D_0251_resized.mp4",
    "active_window": [
        22,
        26
    ],
    "varying_k": 5,
    "detection_status": "Global Event Zone",
    "saliency_weights": [
        0.019187934875008302,
        0.03537395600272167,
        0.05467474981195437,
        0.06614871074112977,
        0.06984435870826061,
        0.07034089573945196,
        0.07030208935614228,
        0.07049040017639922,
        0.07091430720001715,
        0.07135098177228534,
        0.07157458544074652,
        0.07146987679975675,
        0.0711445248364801,
        0.07085004169677211,
        0.07078243560729787,
        0.07090746040462471,
        0.0708001055998078,
        0.06997427477601256,
        0.06869829076512664,
        0.06796593871437268,
        0.06845136749486583,
        0.0700304876359342,
        0.07205211625898751,
        0.07365891716576814,
        0.07434114295370181,
        0.07417700393675883,
        0.07336354964482916,
        0.07156081156663324,
        0.06675513918522824,
        0.05519711181924134,
        0.037064313460772824,
        0.022164334385501118
    ],
    "clip_indices": [
        0,
        3,
        7,
        11,
        15,
        19,
        23,
        26,
        30,
        34,
        38,
        42,
        46,
        49,
        53,
        57,
        61,
        65,
        69,
        72,
        76,
        80,
        84,
        88,
        92,
        95,
        99,
        103,
        107,
        111,
        115,
        119
    ]
}