{
    "video_path": "FallVision/No Fall/Chair/nf_raw_c_1/C_D_0205_resized.mp4",
    "active_window": [
        8,
        30
    ],
    "varying_k": 23,
    "detection_status": "Global Event Zone",
    "saliency_weights": [
        0.005136958530860949,
        0.007849917718094384,
        0.010857234192602969,
        0.012341964147198469,
        0.013477093640313624,
        0.01914455110085027,
        0.03784301626013295,
        0.07329095784352418,
        0.113633853302233,
        0.13956223658062644,
        0.13862539686503209,
        0.110512486325033,
        0.07037069360349815,
        0.03847910674624094,
        0.02201777124926261,
        0.0156533328483921,
        0.01351940558694631,
        0.013290541780787184,
        0.014073047072699645,
        0.015051746979098325,
        0.01564851563651669,
        0.015803169430666644,
        0.016422018207527797,
        0.021290188591682566,
        0.040811923172954415,
        0.08872448987848489,
        0.159324922845977,
        0.2156011758838755,
        0.2244864990190063,
        0.1852875027248735,
        0.12027841814877743,
        0.06895717533604792
    ],
    "clip_indices": [
        0,
        5,
        11,
        17,
        23,
        28,
        34,
        40,
        46,
        51,
        57,
        63,
        69,
        75,
        80,
        86,
        92,
        98,
        103,
        109,
        115,
        121,
        127,
        132,
        138,
        144,
        150,
        155,
        161,
        167,
        173,
        179
    ]
}