{
    "video_path": "FallVision/No Fall/Chair/nf_raw_c_1/C_D_0042.mp4",
    "active_window": [
        13,
        27
    ],
    "varying_k": 15,
    "detection_status": "Global Event Zone",
    "saliency_weights": [
        0.01787445845668412,
        0.03263974271792092,
        0.04963935053870478,
        0.058893704834125496,
        0.06196411347253139,
        0.06415611643928798,
        0.06648364183327488,
        0.06750580156925043,
        0.06695789196959434,
        0.06584298565761743,
        0.0654944907526539,
        0.06685964532884488,
        0.06975078198007884,
        0.07303571110677984,
        0.07530328414633819,
        0.07558261807998277,
        0.07428188757723554,
        0.07286636047458248,
        0.07238773808139813,
        0.07296354799174853,
        0.07415518091342935,
        0.07533994497915426,
        0.07614018278598045,
        0.07652860253887973,
        0.07647012523976193,
        0.07579427211265857,
        0.0745677087288944,
        0.07289245243191403,
        0.0688432980676435,
        0.0577537820552398,
        0.03911726983658688,
        0.023429560428668318
    ],
    "clip_indices": [
        0,
        4,
        9,
        14,
        19,
        24,
        28,
        33,
        38,
        43,
        48,
        52,
        57,
        62,
        67,
        72,
        76,
        81,
        86,
        91,
        96,
        100,
        105,
        110,
        115,
        120,
        124,
        129,
        134,
        139,
        144,
        149
    ]
}