{
    "video_path": "FallVision/No Fall/Chair/nf_raw_c_1/C_D_0261_resized.mp4",
    "active_window": [
        5,
        10
    ],
    "varying_k": 6,
    "detection_status": "Global Event Zone",
    "saliency_weights": [
        0.020310681077960566,
        0.03721389014667392,
        0.056845094715396095,
        0.06767414258648077,
        0.0708073664732585,
        0.07203262033012775,
        0.07364869856659001,
        0.07513382041276453,
        0.07541185669502226,
        0.07399760929344358,
        0.07177330394281525,
        0.07011734231848596,
        0.06940148706714844,
        0.06909098039242859,
        0.06860479872865613,
        0.06766015012761138,
        0.06634374040241195,
        0.0650701399889941,
        0.0644370686180269,
        0.06491839064990546,
        0.06626478476880784,
        0.06751060936827927,
        0.06797001048450638,
        0.06785105050568352,
        0.06819295338290102,
        0.07036580493199565,
        0.07422683946030043,
        0.07683893193309518,
        0.07389527518872863,
        0.06160999823197843,
        0.04138439983696239,
        0.02471127539446153
    ],
    "clip_indices": [
        0,
        3,
        7,
        11,
        15,
        19,
        23,
        26,
        30,
        34,
        38,
        42,
        46,
        49,
        53,
        57,
        61,
        65,
        69,
        72,
        76,
        80,
        84,
        88,
        92,
        95,
        99,
        103,
        107,
        111,
        115,
        119
    ]
}