{
    "video_path": "FallVision/No Fall/Chair/nf_raw_c_1/C_D_0072.mp4",
    "active_window": [
        0,
        6
    ],
    "varying_k": 7,
    "detection_status": "Global Event Zone",
    "saliency_weights": [
        0.11892711644758605,
        0.21403732588046975,
        0.3126771278676681,
        0.33727467945255607,
        0.2899672091234311,
        0.2115441195103424,
        0.1395056131991932,
        0.09465250976977867,
        0.07188330231637156,
        0.05547171949548198,
        0.03929963663336185,
        0.02565762588824074,
        0.016476021806010106,
        0.011326012937089788,
        0.0088749334822581,
        0.007814935340250965,
        0.007332865710779695,
        0.00707960845237683,
        0.006891377804967977,
        0.006673188449796348,
        0.0064529237022821345,
        0.006381154350644537,
        0.006592401345010269,
        0.007088389185381003,
        0.007650488482039397,
        0.007871314270561485,
        0.007555272629584418,
        0.006943294228287902,
        0.0062990259523032,
        0.0056142137068616055,
        0.004874797900784919,
        0.0043392102558978025
    ],
    "clip_indices": [
        0,
        2,
        5,
        8,
        11,
        14,
        17,
        20,
        22,
        25,
        28,
        31,
        34,
        37,
        40,
        43,
        45,
        48,
        51,
        54,
        57,
        60,
        63,
        66,
        68,
        71,
        74,
        77,
        80,
        83,
        86,
        89
    ]
}