{
    "video_path": "FallVision/No Fall/Chair/nf_raw_c_1/C_D_0173.mp4",
    "active_window": [
        0,
        5
    ],
    "varying_k": 6,
    "detection_status": "Global Event Zone",
    "saliency_weights": [
        0.11277942773373778,
        0.195520760303869,
        0.2618660846860264,
        0.23871274789961947,
        0.16191691665139896,
        0.09928104859206091,
        0.06713363117904025,
        0.050522404607966614,
        0.04004202393437707,
        0.0345257281900294,
        0.03392121646244224,
        0.03858192662962652,
        0.05086087863969055,
        0.07054738202933,
        0.08705033675750382,
        0.08625829593545097,
        0.06851850634807818,
        0.047954824479179314,
        0.03536569206020744,
        0.03200956322090311,
        0.03418848771871545,
        0.03692989928983101,
        0.03667391115489807,
        0.0324234406797629,
        0.025474547376914902,
        0.018777450310362334,
        0.014448253381820902,
        0.012275669769560562,
        0.011069360426920987,
        0.009795093039551069,
        0.008116438845686507,
        0.006775124682796138
    ],
    "clip_indices": [
        0,
        15,
        30,
        46,
        61,
        77,
        92,
        108,
        123,
        139,
        154,
        169,
        185,
        200,
        216,
        231,
        247,
        262,
        278,
        293,
        309,
        324,
        339,
        355,
        370,
        386,
        401,
        417,
        432,
        448,
        463,
        479
    ]
}