{
    "video_path": "FallVision/No Fall/Chair/nf_raw_c_1/C_D_0174.mp4",
    "active_window": [
        6,
        12
    ],
    "varying_k": 7,
    "detection_status": "Global Event Zone",
    "saliency_weights": [
        0.027147172112176876,
        0.045816267413781316,
        0.06198323529222981,
        0.0607825057601076,
        0.05310013262713871,
        0.06350674586515201,
        0.11376477461612286,
        0.20202860157217012,
        0.2808341427327048,
        0.2969491576928598,
        0.2504443098307963,
        0.17841818115407893,
        0.11218902348675787,
        0.06622798493144011,
        0.04054812933420143,
        0.02748580549072445,
        0.020355743589066087,
        0.01591970357289347,
        0.013012434410038392,
        0.011281168532867564,
        0.010372638117430525,
        0.00977686663727671,
        0.009328617352152565,
        0.009331133238836385,
        0.009898701017837335,
        0.010625221179690073,
        0.01112213657445969,
        0.011345876874656387,
        0.011190806989905471,
        0.010239601358189035,
        0.008460981223115104,
        0.006926336918128583
    ],
    "clip_indices": [
        0,
        7,
        15,
        23,
        30,
        38,
        46,
        53,
        61,
        69,
        77,
        84,
        92,
        100,
        107,
        115,
        123,
        131,
        138,
        146,
        154,
        161,
        169,
        177,
        185,
        192,
        200,
        208,
        215,
        223,
        231,
        239
    ]
}