{
    "video_path": "FallVision/No Fall/Chair/nf_raw_c_1/C_D_0029.mp4",
    "active_window": [
        25,
        29
    ],
    "varying_k": 5,
    "detection_status": "Global Event Zone",
    "saliency_weights": [
        0.01830681464495918,
        0.032870521553239586,
        0.04894847955725769,
        0.05614241724342288,
        0.05630398205047992,
        0.05574425177177281,
        0.057090637666807886,
        0.05995935864777947,
        0.0631020228186229,
        0.06550001475313655,
        0.06705579372632725,
        0.06800436366924664,
        0.0679659776118078,
        0.06643245784831736,
        0.06403138384099277,
        0.06219541308887094,
        0.061673552887970634,
        0.06218328932064314,
        0.0629793743543174,
        0.06336514355467346,
        0.06323605877276167,
        0.06308050327703671,
        0.06328028267339236,
        0.06408814582036333,
        0.06675137592841436,
        0.0736986368525882,
        0.08586692572172588,
        0.10010100385912542,
        0.10835404919003803,
        0.09886529657924312,
        0.06977528071416805,
        0.042358476246359994
    ],
    "clip_indices": [
        0,
        4,
        9,
        14,
        19,
        24,
        28,
        33,
        38,
        43,
        48,
        52,
        57,
        62,
        67,
        72,
        76,
        81,
        86,
        91,
        96,
        100,
        105,
        110,
        115,
        120,
        124,
        129,
        134,
        139,
        144,
        149
    ]
}