{
    "video_path": "FallVision/No Fall/Chair/nf_raw_c_1/C_D_0241.mp4",
    "active_window": [
        1,
        7
    ],
    "varying_k": 7,
    "detection_status": "Global Event Zone",
    "saliency_weights": [
        0.06500634144158914,
        0.1217505088859569,
        0.19413989726393346,
        0.24115704063311558,
        0.24377422129949883,
        0.20374987795968727,
        0.14577231101449045,
        0.09775853488791944,
        0.06752747940445546,
        0.04960440609279164,
        0.03863116632117186,
        0.032007874301361025,
        0.02838320112972064,
        0.026783144038439115,
        0.026412657073072512,
        0.02666017268720179,
        0.027218733790802606,
        0.028001937797080982,
        0.028895727565590893,
        0.029698005240816325,
        0.030269746885821312,
        0.030604005806659222,
        0.03077322172705044,
        0.03088082791576752,
        0.030999748836971437,
        0.031144959219115476,
        0.03128583700966925,
        0.03121317837003483,
        0.030046304455879948,
        0.026159238471276724,
        0.01949359095038255,
        0.01387074930960025
    ],
    "clip_indices": [
        0,
        3,
        7,
        11,
        15,
        19,
        23,
        26,
        30,
        34,
        38,
        42,
        46,
        49,
        53,
        57,
        61,
        65,
        69,
        72,
        76,
        80,
        84,
        88,
        92,
        95,
        99,
        103,
        107,
        111,
        115,
        119
    ]
}