{
    "video_path": "FallVision/No Fall/Chair/nf_raw_c_1/C_D_0113.mp4",
    "active_window": [
        15,
        19
    ],
    "varying_k": 5,
    "detection_status": "Global Event Zone",
    "saliency_weights": [
        0.009320838604092005,
        0.013285077423317047,
        0.01698263265409043,
        0.01720401613588731,
        0.015226332735465387,
        0.014172830850557518,
        0.01607902795810515,
        0.02131935884086086,
        0.028211150241671985,
        0.03395903735644153,
        0.03609615964452808,
        0.034016903508004265,
        0.032381919996464226,
        0.047045711566640065,
        0.10841773620055638,
        0.23002370191873686,
        0.3516574616907572,
        0.3743799070742497,
        0.28388397102019736,
        0.16293151596769456,
        0.07891890142774673,
        0.036919018826267,
        0.01920342194939883,
        0.012442843446148724,
        0.009847072973391924,
        0.00881437612807845,
        0.00847180006541669,
        0.008386952010317488,
        0.008245119816363479,
        0.007818870284556544,
        0.007109553561950376,
        0.006518094979305977
    ],
    "clip_indices": [
        0,
        2,
        5,
        8,
        11,
        14,
        17,
        20,
        22,
        25,
        28,
        31,
        34,
        37,
        40,
        43,
        45,
        48,
        51,
        54,
        57,
        60,
        63,
        66,
        68,
        71,
        74,
        77,
        80,
        83,
        86,
        89
    ]
}