{
    "video_path": "FallVision/No Fall/Chair/nf_raw_c_1/C_D_0231.mp4",
    "active_window": [
        0,
        4
    ],
    "varying_k": 5,
    "detection_status": "Global Event Zone",
    "saliency_weights": [
        0.16634208934097977,
        0.2874186421706809,
        0.38152524932097,
        0.3394366278363359,
        0.21523377943704025,
        0.11219508896641169,
        0.05881084881286221,
        0.0354706364288147,
        0.025031345192476594,
        0.020239945800178016,
        0.01827411028177277,
        0.017796693329945906,
        0.018005226724658062,
        0.018394652084169245,
        0.018789578663744325,
        0.019216436173812676,
        0.01965852854226976,
        0.020014125459619295,
        0.020221882150214532,
        0.02030395147391835,
        0.020314199128208314,
        0.02030222889802811,
        0.020294018705592567,
        0.020291316446769587,
        0.020295418064729655,
        0.020316650678988593,
        0.02034417981879565,
        0.020258364879936246,
        0.019618649688549948,
        0.017650202134977935,
        0.01434719357983505,
        0.011579185402001554
    ],
    "clip_indices": [
        0,
        4,
        9,
        14,
        19,
        24,
        28,
        33,
        38,
        43,
        48,
        52,
        57,
        62,
        67,
        72,
        76,
        81,
        86,
        91,
        96,
        100,
        105,
        110,
        115,
        120,
        124,
        129,
        134,
        139,
        144,
        149
    ]
}