{
    "video_path": "FallVision/No Fall/Chair/nf_raw_c_1/C_D_0104_resized.mp4",
    "active_window": [
        15,
        24
    ],
    "varying_k": 10,
    "detection_status": "Global Event Zone",
    "saliency_weights": [
        0.01834474247630967,
        0.03375878739395057,
        0.05205223156807083,
        0.06271443984974708,
        0.0657828273422875,
        0.06578016965835232,
        0.06563893999454398,
        0.06631645548214399,
        0.06741144335705695,
        0.06818808146600153,
        0.06858795370329131,
        0.06901765930625908,
        0.06970620324991986,
        0.07063114756544486,
        0.07171434288561986,
        0.0728864304021155,
        0.07404909355852471,
        0.07503037448089123,
        0.07556594765000223,
        0.07542580555873302,
        0.07473494633142917,
        0.07394656424694901,
        0.07327401990969015,
        0.07254294966195753,
        0.07180667982539227,
        0.07159206536896423,
        0.07209227863514392,
        0.07226377594726643,
        0.06914643282257263,
        0.05820724144764297,
        0.03948074188378774,
        0.02371944821111209
    ],
    "clip_indices": [
        0,
        3,
        7,
        11,
        15,
        19,
        23,
        26,
        30,
        34,
        38,
        42,
        46,
        49,
        53,
        57,
        61,
        65,
        69,
        72,
        76,
        80,
        84,
        88,
        92,
        95,
        99,
        103,
        107,
        111,
        115,
        119
    ]
}