{
    "video_path": "FallVision/No Fall/Chair/nf_raw_c_1/C_D_0087_resized.mp4",
    "active_window": [
        13,
        19
    ],
    "varying_k": 7,
    "detection_status": "Global Event Zone",
    "saliency_weights": [
        0.018226104976300908,
        0.03348374517347853,
        0.05155101104298555,
        0.06225200596557953,
        0.06630000199733949,
        0.06830894287330588,
        0.06969865806412885,
        0.06974934887236184,
        0.06820182471065633,
        0.06580076785094506,
        0.06419863506149365,
        0.0649645575418252,
        0.06810723279169381,
        0.07229880984253315,
        0.07590888957755157,
        0.07769412723614642,
        0.07745965727160331,
        0.07593343949147371,
        0.07401229789091768,
        0.07238016320496723,
        0.0713679905630133,
        0.07097172489144161,
        0.07102927671675036,
        0.07133029130423303,
        0.07170780697642104,
        0.0720837416284309,
        0.07242375913457426,
        0.07227568542332724,
        0.06920895122092184,
        0.05850140478213698,
        0.03984608889110929,
        0.02402899381678865
    ],
    "clip_indices": [
        0,
        3,
        6,
        9,
        12,
        15,
        18,
        21,
        24,
        27,
        30,
        33,
        36,
        39,
        42,
        45,
        49,
        52,
        55,
        58,
        61,
        64,
        67,
        70,
        73,
        76,
        79,
        82,
        85,
        88,
        91,
        95
    ]
}