{
    "video_path": "FallVision/No Fall/Chair/nf_raw_c_1/C_D_0080.mp4",
    "active_window": [
        0,
        5
    ],
    "varying_k": 6,
    "detection_status": "Global Event Zone",
    "saliency_weights": [
        0.18999311380209302,
        0.32782270545523245,
        0.4337028493094179,
        0.38339221085027436,
        0.2418417425857846,
        0.12917615524238785,
        0.07481631829367294,
        0.051490513655377594,
        0.037996674053799674,
        0.027286609619966356,
        0.0186162800069834,
        0.01279095814059407,
        0.009676070050188765,
        0.00822926460522568,
        0.007544795127457907,
        0.007150556468180483,
        0.006869004191617541,
        0.006664514239915346,
        0.006521080951090706,
        0.006406178535947259,
        0.006300981787943625,
        0.006211461823074199,
        0.006145099840761461,
        0.006098169054160156,
        0.006063787297086282,
        0.00603774224099963,
        0.006016822339326355,
        0.00599179150734123,
        0.005930001903204116,
        0.005773301412120726,
        0.0055206504074605455,
        0.005311059698295576
    ],
    "clip_indices": [
        0,
        2,
        5,
        8,
        11,
        14,
        17,
        20,
        22,
        25,
        28,
        31,
        34,
        37,
        40,
        43,
        45,
        48,
        51,
        54,
        57,
        60,
        63,
        66,
        68,
        71,
        74,
        77,
        80,
        83,
        86,
        89
    ]
}