{
    "video_path": "FallVision/No Fall/Chair/nf_raw_c_1/C_D_0134_resized.mp4",
    "active_window": [
        1,
        7
    ],
    "varying_k": 7,
    "detection_status": "Global Event Zone",
    "saliency_weights": [
        0.09980943200252898,
        0.17830771486802782,
        0.2565205919894088,
        0.2709886629481818,
        0.23283443451204264,
        0.1816111132795309,
        0.13723490443124275,
        0.10355827780203641,
        0.08023279178639064,
        0.06563297084536626,
        0.05622824212700824,
        0.04824488806968328,
        0.04050845709043163,
        0.03385272362520902,
        0.028907339398427455,
        0.025516046832043126,
        0.02316109643157265,
        0.02128994954954569,
        0.019554005730042026,
        0.017829043007466884,
        0.016085192274269973,
        0.014373992781940792,
        0.012959735415551463,
        0.012257652955793796,
        0.012321438164016164,
        0.012616042055973409,
        0.012597585288137486,
        0.012089998517442913,
        0.011051387192329266,
        0.009423928415761942,
        0.0074313864818324,
        0.005947601624067923
    ],
    "clip_indices": [
        0,
        2,
        5,
        8,
        11,
        14,
        17,
        20,
        22,
        25,
        28,
        31,
        34,
        37,
        40,
        43,
        45,
        48,
        51,
        54,
        57,
        60,
        63,
        66,
        68,
        71,
        74,
        77,
        80,
        83,
        86,
        89
    ]
}