{
    "video_path": "FallVision/No Fall/Chair/nf_raw_c_1/C_D_0230.mp4",
    "active_window": [
        0,
        4
    ],
    "varying_k": 5,
    "detection_status": "Global Event Zone",
    "saliency_weights": [
        0.10834649596423135,
        0.18781605869769713,
        0.2513878795715446,
        0.22826265790096206,
        0.1517978912753961,
        0.0874010719570016,
        0.05428729313141316,
        0.04113167725727479,
        0.036603306917635324,
        0.035045377218576555,
        0.03464710531715467,
        0.03526755408537942,
        0.03678841971069456,
        0.03877093599504728,
        0.040693054210465866,
        0.04214410331582591,
        0.04301522278481121,
        0.04345930885074446,
        0.04367280263058324,
        0.04379564058689624,
        0.043901010393118035,
        0.04400738864796186,
        0.04410085750709555,
        0.04415331970926931,
        0.04415003761502605,
        0.04409743356326511,
        0.04396646561661821,
        0.04346832750708328,
        0.04142662292918421,
        0.03571348427937055,
        0.02633316107234793,
        0.01851877658625135
    ],
    "clip_indices": [
        0,
        4,
        9,
        14,
        19,
        24,
        28,
        33,
        38,
        43,
        48,
        52,
        57,
        62,
        67,
        72,
        76,
        81,
        86,
        91,
        96,
        100,
        105,
        110,
        115,
        120,
        124,
        129,
        134,
        139,
        144,
        149
    ]
}