{
    "video_path": "FallVision/No Fall/Chair/nf_raw_c_1/C_D_0069.mp4",
    "active_window": [
        0,
        8
    ],
    "varying_k": 9,
    "detection_status": "Global Event Zone",
    "saliency_weights": [
        0.1132126859258645,
        0.19910644183488957,
        0.27661448692887225,
        0.2756172906245384,
        0.22670821428577542,
        0.18810732718976653,
        0.16725322469789994,
        0.14413716352079226,
        0.11196559586202914,
        0.07703784884753992,
        0.04719953908048287,
        0.02720523644407142,
        0.01652353607168327,
        0.011447478670504949,
        0.009014932335244023,
        0.008006788853392066,
        0.008354933488019075,
        0.010388242863142768,
        0.013945421411168791,
        0.017977880197328322,
        0.020671722844756102,
        0.020181771735380896,
        0.016548110994452393,
        0.012111518522129605,
        0.00884647604523119,
        0.00688048329013576,
        0.005669070329489696,
        0.004901737546928502,
        0.004425079404150317,
        0.0040691828072099085,
        0.00373311191478376,
        0.0034956645567211005
    ],
    "clip_indices": [
        0,
        2,
        5,
        8,
        11,
        14,
        17,
        20,
        22,
        25,
        28,
        31,
        34,
        37,
        40,
        43,
        45,
        48,
        51,
        54,
        57,
        60,
        63,
        66,
        68,
        71,
        74,
        77,
        80,
        83,
        86,
        89
    ]
}