{
    "video_path": "FallVision/No Fall/Chair/nf_raw_c_1/C_D_0221.mp4",
    "active_window": [
        0,
        6
    ],
    "varying_k": 7,
    "detection_status": "Global Event Zone",
    "saliency_weights": [
        0.11989697254292575,
        0.2157629816213479,
        0.3149946856838757,
        0.3385220521239916,
        0.2865646192014861,
        0.19910701451372365,
        0.11610219613241907,
        0.06330141524617808,
        0.04133778612105815,
        0.03681827754161739,
        0.0372590377581995,
        0.03539510796800443,
        0.030275206492229624,
        0.0244937865785694,
        0.019924374266629356,
        0.01679629904072632,
        0.014653545733389242,
        0.013000855624115334,
        0.011642181563522501,
        0.010660474167653807,
        0.010107016297381357,
        0.009871606079941114,
        0.009799128632418504,
        0.009776103456405765,
        0.009770111200206776,
        0.009829387543496926,
        0.009993808952950815,
        0.010199705321644176,
        0.010181519249364872,
        0.009476120247254267,
        0.008019845074434945,
        0.006733464926691114
    ],
    "clip_indices": [
        0,
        5,
        11,
        17,
        23,
        28,
        34,
        40,
        46,
        51,
        57,
        63,
        69,
        75,
        80,
        86,
        92,
        98,
        103,
        109,
        115,
        121,
        127,
        132,
        138,
        144,
        150,
        155,
        161,
        167,
        173,
        179
    ]
}