{
    "video_path": "FallVision/No Fall/Chair/nf_raw_c_1/C_D_0145_resized.mp4",
    "active_window": [
        3,
        6
    ],
    "varying_k": 4,
    "detection_status": "Global Event Zone",
    "saliency_weights": [
        0.02386818060748867,
        0.043838286471681955,
        0.06738105024758223,
        0.08083764991714942,
        0.08437884944087592,
        0.08304357046557244,
        0.07797424601762663,
        0.06912682079755612,
        0.06006236050441745,
        0.055297294710767345,
        0.0553189385459935,
        0.05766405456694873,
        0.060141102607502085,
        0.06172060121529921,
        0.06243406673890978,
        0.06305470081367957,
        0.06463301730641824,
        0.06767760459256526,
        0.07089527443834094,
        0.07198635594064078,
        0.07090720329105729,
        0.07007136450467641,
        0.07011045603307625,
        0.06899998081962014,
        0.06750875624833752,
        0.07077885994514259,
        0.07940173847355361,
        0.08430874324088727,
        0.07729351001599283,
        0.05954962009671657,
        0.03798876385430164,
        0.022606792326579028
    ],
    "clip_indices": [
        0,
        7,
        15,
        23,
        30,
        38,
        46,
        54,
        61,
        69,
        77,
        85,
        92,
        100,
        108,
        116,
        123,
        131,
        139,
        147,
        154,
        162,
        170,
        178,
        185,
        193,
        201,
        209,
        216,
        224,
        232,
        240
    ]
}