{
    "video_path": "FallVision/No Fall/Bed/nf_raw_b_2/B_M_160.mp4",
    "active_window": [
        1,
        5
    ],
    "varying_k": 5,
    "detection_status": "Global Event Zone",
    "saliency_weights": [
        0.09228778722345866,
        0.1617010260694847,
        0.22212410409585184,
        0.21307030410475586,
        0.15492311464276465,
        0.0963292375868414,
        0.05781198735698706,
        0.038298737907521835,
        0.031554211384015644,
        0.032423025019748794,
        0.039003930366020644,
        0.049723461166004485,
        0.05903547011242159,
        0.06066519856563239,
        0.05534826476454689,
        0.05006373904016561,
        0.05139477515029783,
        0.062102913650805294,
        0.07942197331225856,
        0.09550989936280585,
        0.10095034151707653,
        0.08906969276706603,
        0.06316683447503998,
        0.036991213261432114,
        0.02062999080020697,
        0.012997126904655147,
        0.009443804406750965,
        0.007423384592635383,
        0.0060273343421591245,
        0.004913792992596991,
        0.003996000156415113,
        0.0034243871830858547
    ],
    "clip_indices": [
        0,
        3,
        7,
        11,
        15,
        19,
        23,
        26,
        30,
        34,
        38,
        42,
        46,
        49,
        53,
        57,
        61,
        65,
        69,
        72,
        76,
        80,
        84,
        88,
        92,
        95,
        99,
        103,
        107,
        111,
        115,
        119
    ]
}