{
    "video_path": "FallVision/No Fall/Bed/nf_raw_b_2/B_M_29_resized.mp4",
    "active_window": [
        1,
        28
    ],
    "varying_k": 28,
    "detection_status": "Global Event Zone",
    "saliency_weights": [
        0.04493698573200011,
        0.07791768943635774,
        0.10481124272301925,
        0.09902125497555098,
        0.0804465031702155,
        0.07806135833874217,
        0.08901554889059522,
        0.09547111673886213,
        0.09122601526825005,
        0.07980963477629613,
        0.06536162460378436,
        0.05118134848943166,
        0.04110730916253124,
        0.03777862885277605,
        0.038759317107535766,
        0.03872351977346998,
        0.036014056558186215,
        0.03336202604623136,
        0.03372202178585314,
        0.038281463793414745,
        0.046524318645894625,
        0.056617879850306196,
        0.0663130353995435,
        0.07403023599816852,
        0.08079699821755823,
        0.08971920066843636,
        0.09896443515201431,
        0.09862020612160653,
        0.0825564576804438,
        0.057490756794561435,
        0.03408794169447868,
        0.019870785760841118
    ],
    "clip_indices": [
        0,
        2,
        5,
        8,
        11,
        14,
        17,
        20,
        22,
        25,
        28,
        31,
        34,
        37,
        40,
        43,
        45,
        48,
        51,
        54,
        57,
        60,
        63,
        66,
        68,
        71,
        74,
        77,
        80,
        83,
        86,
        89
    ]
}