{
    "video_path": "FallVision/No Fall/Bed/nf_raw_b_2/B_M_17_resized.mp4",
    "active_window": [
        2,
        5
    ],
    "varying_k": 4,
    "detection_status": "Global Event Zone",
    "saliency_weights": [
        0.03441743902657911,
        0.06103307047309958,
        0.0865296665844209,
        0.09015558044038338,
        0.08029779398241374,
        0.07342071434978702,
        0.07175147062948824,
        0.07080418602148628,
        0.07150069360820457,
        0.07602714556239576,
        0.07933595734102722,
        0.07464917357630249,
        0.06469835183876342,
        0.058457000654468336,
        0.060135655954602074,
        0.06713713540278829,
        0.07359820860441554,
        0.07396348006126884,
        0.06737488960689145,
        0.05848446668995033,
        0.05429301716057418,
        0.0601190736815798,
        0.07305260594556798,
        0.08171380160934938,
        0.07913026503156649,
        0.06946981402631586,
        0.059687203445051976,
        0.05303095076290874,
        0.04836791108275984,
        0.04094501993666357,
        0.02879182439378406,
        0.018427540101773308
    ],
    "clip_indices": [
        0,
        2,
        5,
        8,
        11,
        14,
        17,
        20,
        22,
        25,
        28,
        31,
        34,
        37,
        40,
        43,
        45,
        48,
        51,
        54,
        57,
        60,
        63,
        66,
        68,
        71,
        74,
        77,
        80,
        83,
        86,
        89
    ]
}