{
    "video_path": "FallVision/No Fall/Bed/nf_raw_b_2/B_M_152.mp4",
    "active_window": [
        0,
        4
    ],
    "varying_k": 5,
    "detection_status": "Global Event Zone",
    "saliency_weights": [
        0.17170316654385825,
        0.2950028758203336,
        0.3860189844824846,
        0.332136909567386,
        0.1969083888305298,
        0.09380192617877972,
        0.048368175789654064,
        0.0322747317267197,
        0.02474108860839685,
        0.019365326841131784,
        0.015239652222149616,
        0.012631262865222908,
        0.011478489247378912,
        0.011285182691405075,
        0.011466991793274421,
        0.011563085728243492,
        0.01140702155000579,
        0.011098798147390551,
        0.0108973898938534,
        0.011494262215170619,
        0.014583450713677228,
        0.02210664215881423,
        0.033241779904810774,
        0.04348828210253282,
        0.04833804444085533,
        0.04595034413351149,
        0.03787198416326659,
        0.02885640087926425,
        0.022425620857240404,
        0.017896393087368092,
        0.01377358141296374,
        0.010852911150633467
    ],
    "clip_indices": [
        0,
        2,
        5,
        8,
        11,
        14,
        17,
        20,
        22,
        25,
        28,
        31,
        34,
        37,
        40,
        43,
        45,
        48,
        51,
        54,
        57,
        60,
        63,
        66,
        68,
        71,
        74,
        77,
        80,
        83,
        86,
        89
    ]
}