{
    "video_path": "FallVision/No Fall/Bed/nf_raw_b_2/B_M_107.mp4",
    "active_window": [
        3,
        8
    ],
    "varying_k": 6,
    "detection_status": "Global Event Zone",
    "saliency_weights": [
        0.02361246449311519,
        0.04338181861337791,
        0.06646255218966049,
        0.07901959187275548,
        0.08109185248667401,
        0.07865194380179907,
        0.0756652612384772,
        0.07364381601739722,
        0.07252825013494907,
        0.07185648617660462,
        0.07177655770784755,
        0.0726171982230151,
        0.07389981551075786,
        0.07457303814166613,
        0.07394722236163642,
        0.07206160075208347,
        0.06974384515061575,
        0.0681257139146293,
        0.06759807186062486,
        0.06777126894200083,
        0.06847332879037674,
        0.06990465601388604,
        0.07160117449417477,
        0.07213278632620404,
        0.07044935570804775,
        0.06675746379668347,
        0.06211426531725371,
        0.05768870690403077,
        0.05272162649577822,
        0.043680033233995955,
        0.029767013709135426,
        0.018274584965535308
    ],
    "clip_indices": [
        0,
        4,
        9,
        14,
        19,
        24,
        28,
        33,
        38,
        43,
        48,
        52,
        57,
        62,
        67,
        72,
        76,
        81,
        86,
        91,
        96,
        100,
        105,
        110,
        115,
        120,
        124,
        129,
        134,
        139,
        144,
        149
    ]
}