{
    "video_path": "FallVision/No Fall/Bed/nf_raw_b_2/B_M_47.mp4",
    "active_window": [
        3,
        6
    ],
    "varying_k": 4,
    "detection_status": "Global Event Zone",
    "saliency_weights": [
        0.01895185745018858,
        0.038975836374363235,
        0.07449980817074958,
        0.11449020603135013,
        0.13625219262782934,
        0.12423433484292412,
        0.09284898592348828,
        0.06667303598522185,
        0.05375339117817332,
        0.05070338807114398,
        0.05517077942123175,
        0.06602482283791872,
        0.07853203278755744,
        0.08586429018760164,
        0.08459492789443916,
        0.0758152770461633,
        0.06370631202193675,
        0.05322994390074529,
        0.04653395832320811,
        0.04259995414687087,
        0.040126340736402706,
        0.038860063526096555,
        0.039059943965100825,
        0.04146771728897275,
        0.048271383707006676,
        0.06206811037345948,
        0.07945598699852614,
        0.08823856452023829,
        0.07995629151763652,
        0.05950799681290521,
        0.03715905850795631,
        0.022347018673506337
    ],
    "clip_indices": [
        0,
        5,
        11,
        17,
        23,
        28,
        34,
        40,
        46,
        51,
        57,
        63,
        69,
        75,
        80,
        86,
        92,
        98,
        103,
        109,
        115,
        121,
        127,
        132,
        138,
        144,
        150,
        155,
        161,
        167,
        173,
        179
    ]
}