{
    "video_path": "FallVision/No Fall/Bed/nf_raw_b_2/B_M_150.mp4",
    "active_window": [
        1,
        20
    ],
    "varying_k": 20,
    "detection_status": "Global Event Zone",
    "saliency_weights": [
        0.08529840098730573,
        0.14893565697036712,
        0.20294073422493278,
        0.191753111385655,
        0.13719700598903684,
        0.0860412749805427,
        0.05364472544634014,
        0.034487311922723224,
        0.02338412364828558,
        0.018606793084406874,
        0.019358922713970564,
        0.02521440403642603,
        0.03646381511898185,
        0.0530329374009883,
        0.07251189335612371,
        0.09116025971276574,
        0.10697351931649844,
        0.11910537805722855,
        0.1244421746904657,
        0.11827875603635338,
        0.10017969805020344,
        0.07565089408786393,
        0.05123839002564925,
        0.03149384707246517,
        0.018233637446574004,
        0.010583070903784398,
        0.006733529136330786,
        0.004996355320176865,
        0.004173665020314041,
        0.003662176584001496,
        0.0032477969412084253,
        0.0029769549650949002
    ],
    "clip_indices": [
        0,
        4,
        9,
        14,
        19,
        24,
        28,
        33,
        38,
        43,
        48,
        52,
        57,
        62,
        67,
        72,
        76,
        81,
        86,
        91,
        96,
        100,
        105,
        110,
        115,
        120,
        124,
        129,
        134,
        139,
        144,
        149
    ]
}