{
    "video_path": "FallVision/No Fall/Bed/nf_raw_b_2/B_M_12.mp4",
    "active_window": [
        11,
        15
    ],
    "varying_k": 5,
    "detection_status": "Peak Only",
    "saliency_weights": [
        0.019613500892715928,
        0.03613379777904961,
        0.055708825867414435,
        0.06709696933434842,
        0.07045938726167651,
        0.0706029357120215,
        0.07021698134432029,
        0.06998817017308245,
        0.0699374421199174,
        0.07000418870456604,
        0.07027185361491589,
        0.07079729207662772,
        0.07131376925504318,
        0.07146726802998649,
        0.07133448559739698,
        0.07124854576938551,
        0.07117055931671287,
        0.0707785189968787,
        0.07018516170885494,
        0.06996264468762783,
        0.07034586080482799,
        0.07097066010466657,
        0.0714012450436671,
        0.07146670262022606,
        0.07127650915727088,
        0.07113581386765556,
        0.07116657687920562,
        0.07070780572856226,
        0.0672476718051246,
        0.05643529562904363,
        0.038205713500126144,
        0.02290669351209304
    ],
    "clip_indices": [
        0,
        2,
        5,
        8,
        11,
        14,
        17,
        20,
        23,
        26,
        29,
        31,
        34,
        37,
        40,
        43,
        46,
        49,
        52,
        55,
        58,
        60,
        63,
        66,
        69,
        72,
        75,
        78,
        81,
        84,
        87,
        90
    ]
}