{
    "video_path": "FallVision/No Fall/Bed/nf_raw_b_2/B_M_58.mp4",
    "active_window": [
        3,
        11
    ],
    "varying_k": 9,
    "detection_status": "Global Event Zone",
    "saliency_weights": [
        0.02458937413731557,
        0.04512078573076661,
        0.06899090134390502,
        0.08193489468482953,
        0.08451139194373822,
        0.08318596610744852,
        0.08134488892125946,
        0.07968197684440911,
        0.07821782404662996,
        0.07686378893349577,
        0.07541712160225014,
        0.07364029911400038,
        0.0714107810425921,
        0.06869784240308338,
        0.0655147469291353,
        0.062147082675708204,
        0.059558418006350075,
        0.05899605792772517,
        0.06072118828182279,
        0.06363827027682385,
        0.06596580022566322,
        0.06611795474001575,
        0.06423621846533338,
        0.06262951151131299,
        0.06387426964237791,
        0.06892334126610294,
        0.0749361704988129,
        0.07482323899544818,
        0.06416326465493274,
        0.0464556088846871,
        0.02845683932364869,
        0.016769168961457463
    ],
    "clip_indices": [
        0,
        3,
        7,
        11,
        15,
        19,
        23,
        26,
        30,
        34,
        38,
        42,
        46,
        49,
        53,
        57,
        61,
        65,
        69,
        72,
        76,
        80,
        84,
        88,
        92,
        95,
        99,
        103,
        107,
        111,
        115,
        119
    ]
}