{
    "video_path": "FallVision/No Fall/Bed/nf_raw_b_2/B_M_32_resized.mp4",
    "active_window": [
        25,
        29
    ],
    "varying_k": 5,
    "detection_status": "Global Event Zone",
    "saliency_weights": [
        0.024160836952776717,
        0.04362244987486031,
        0.06517212142158285,
        0.07481577146050924,
        0.07446812188148766,
        0.07142123678020967,
        0.06759940015215904,
        0.06218664511321889,
        0.056592509601290586,
        0.05332819581038668,
        0.05298456800701018,
        0.05445708925095307,
        0.056394443311130804,
        0.05824498425835128,
        0.061039456381172405,
        0.0658241424076722,
        0.0704736395792682,
        0.0707213241184377,
        0.0652566838555156,
        0.05725225010190992,
        0.05182266447250252,
        0.0530177055685461,
        0.0594986459635092,
        0.06516412167572666,
        0.06942534092945435,
        0.08027856654709847,
        0.09899853477451398,
        0.11129845334747539,
        0.10433595190880324,
        0.08049294896984752,
        0.05070383941322096,
        0.029393677112297397
    ],
    "clip_indices": [
        0,
        1,
        3,
        5,
        7,
        9,
        11,
        13,
        15,
        17,
        19,
        20,
        22,
        24,
        26,
        28,
        30,
        32,
        34,
        36,
        38,
        39,
        41,
        43,
        45,
        47,
        49,
        51,
        53,
        55,
        57,
        59
    ]
}