{
    "video_path": "FallVision/No Fall/Bed/nf_raw_b_2/B_M_44.mp4",
    "active_window": [
        3,
        12
    ],
    "varying_k": 10,
    "detection_status": "Global Event Zone",
    "saliency_weights": [
        0.02395897897345757,
        0.04399857791936597,
        0.06753856717535026,
        0.0811761470544908,
        0.0862161653443597,
        0.08899616094376983,
        0.09104771702864162,
        0.09112246264019874,
        0.08932374191399463,
        0.08667487497160493,
        0.08341479237984877,
        0.07937445433274305,
        0.07513960208317888,
        0.07161304670150428,
        0.06871560652303418,
        0.06569886555604182,
        0.06253022546344911,
        0.05982453722667064,
        0.05751999736349926,
        0.05482384817110448,
        0.05164946901039204,
        0.049042338451157505,
        0.04806946204869175,
        0.04924641455364434,
        0.05284956179642847,
        0.05884124181024714,
        0.06582813012727104,
        0.07031709917779094,
        0.06826102403976025,
        0.05692528328934678,
        0.0383350156615598,
        0.023118581659564014
    ],
    "clip_indices": [
        0,
        2,
        5,
        8,
        11,
        14,
        17,
        20,
        22,
        25,
        28,
        31,
        34,
        37,
        40,
        43,
        45,
        48,
        51,
        54,
        57,
        60,
        63,
        66,
        68,
        71,
        74,
        77,
        80,
        83,
        86,
        89
    ]
}