{
    "video_path": "FallVision/No Fall/Bed/nf_raw_b_2/B_M_136_resized.mp4",
    "active_window": [
        20,
        26
    ],
    "varying_k": 7,
    "detection_status": "Global Event Zone",
    "saliency_weights": [
        0.0236944016741577,
        0.041766484370355544,
        0.05897471608093966,
        0.06099031282709873,
        0.053263801069192096,
        0.047737783919335426,
        0.04845647687926208,
        0.05327645768108089,
        0.05830626058590846,
        0.06124049336072131,
        0.06414215138438059,
        0.06991351318997484,
        0.07642776048494264,
        0.07865457996107553,
        0.07513506685299814,
        0.068831276478352,
        0.0642894987081011,
        0.06491142929531735,
        0.06982138464679241,
        0.07472562974856263,
        0.07740488100914344,
        0.07975978635958264,
        0.08504329717632722,
        0.09478771171354361,
        0.10494808609185341,
        0.10587622118706719,
        0.09306001571604788,
        0.0734009197724829,
        0.05482905018034701,
        0.038590328568196816,
        0.024226221155996208,
        0.014840512083697289
    ],
    "clip_indices": [
        0,
        2,
        5,
        8,
        11,
        14,
        17,
        20,
        22,
        25,
        28,
        31,
        34,
        37,
        40,
        43,
        45,
        48,
        51,
        54,
        57,
        60,
        63,
        66,
        68,
        71,
        74,
        77,
        80,
        83,
        86,
        89
    ]
}