{
    "video_path": "FallVision/No Fall/Bed/nf_raw_b_2/B_M_103.mp4",
    "active_window": [
        9,
        18
    ],
    "varying_k": 10,
    "detection_status": "Global Event Zone",
    "saliency_weights": [
        0.019216131118822755,
        0.03445698023735197,
        0.05058023356233442,
        0.05601613439894705,
        0.0527139033800626,
        0.04837719348972542,
        0.04834619495468678,
        0.054812874854647496,
        0.0668177983088318,
        0.08079825854516968,
        0.091174073624884,
        0.09347735624077419,
        0.08900172061675919,
        0.08292652268873389,
        0.07910173949935335,
        0.07837548153980861,
        0.0788873474619309,
        0.07790516157891472,
        0.07517900110532477,
        0.07313036331272184,
        0.07353119164581023,
        0.0757231756228121,
        0.07694688889101584,
        0.07379915921187123,
        0.06625752711356112,
        0.059209364288737895,
        0.05713093177773598,
        0.05992302491160183,
        0.06278529182483561,
        0.05738552228477198,
        0.04110189526957913,
        0.02559228224962786
    ],
    "clip_indices": [
        0,
        11,
        23,
        34,
        46,
        58,
        69,
        81,
        92,
        104,
        116,
        127,
        139,
        150,
        162,
        174,
        185,
        197,
        209,
        220,
        232,
        243,
        255,
        267,
        278,
        290,
        301,
        313,
        325,
        336,
        348,
        360
    ]
}