{
    "video_path": "FallVision/No Fall/Bed/nf_raw_b_2/B_M_190.mp4",
    "active_window": [
        1,
        15
    ],
    "varying_k": 15,
    "detection_status": "Global Event Zone",
    "saliency_weights": [
        0.05132027262540883,
        0.08952133662087404,
        0.12232756948153571,
        0.11696534917411783,
        0.08716441794757357,
        0.06134170086737763,
        0.04839327131358763,
        0.044781155190998304,
        0.0484997805283548,
        0.061818141927179215,
        0.08918438483566529,
        0.12807583614714824,
        0.1576267373874855,
        0.15404701702566534,
        0.12158114063889311,
        0.08598698489519901,
        0.06277739568754337,
        0.050466371550844664,
        0.043705396465390914,
        0.03993900044837194,
        0.038884706338236014,
        0.040732894149743515,
        0.043785964730568394,
        0.044377011442712215,
        0.04110358067864357,
        0.036719512109285785,
        0.03378494095014552,
        0.031723981137634624,
        0.028779249245017773,
        0.023903569878262712,
        0.01762364908468194,
        0.012847158635204022
    ],
    "clip_indices": [
        0,
        1,
        3,
        5,
        7,
        9,
        11,
        13,
        15,
        17,
        19,
        20,
        22,
        24,
        26,
        28,
        30,
        32,
        34,
        36,
        38,
        39,
        41,
        43,
        45,
        47,
        49,
        51,
        53,
        55,
        57,
        59
    ]
}