{
    "video_path": "FallVision/No Fall/Bed/nf_raw_b_2/B_M_25_resized.mp4",
    "active_window": [
        26,
        30
    ],
    "varying_k": 5,
    "detection_status": "Global Event Zone",
    "saliency_weights": [
        0.013928283174402934,
        0.024418562039076677,
        0.03691801658790281,
        0.044376822469918586,
        0.04695631530018666,
        0.04766325287997407,
        0.047976386148350855,
        0.04811480579529528,
        0.04813178513179792,
        0.0481249108551317,
        0.048128208744494236,
        0.04810995506554129,
        0.048027833824187904,
        0.04789732903365106,
        0.04786723641272361,
        0.04813528121371803,
        0.04873311099097952,
        0.04948475702798299,
        0.05011409746142074,
        0.050370400629759005,
        0.05022353131860967,
        0.049928992206482,
        0.049981548323899797,
        0.05157836902360835,
        0.0578745561046171,
        0.07419195986185459,
        0.10441327514754394,
        0.14594320024401908,
        0.18232826862427248,
        0.18172929643973876,
        0.13322545614863485,
        0.0810378827048755
    ],
    "clip_indices": [
        0,
        2,
        5,
        8,
        11,
        14,
        17,
        20,
        22,
        25,
        28,
        31,
        34,
        37,
        40,
        43,
        45,
        48,
        51,
        54,
        57,
        60,
        63,
        66,
        68,
        71,
        74,
        77,
        80,
        83,
        86,
        89
    ]
}