{
    "video_path": "FallVision/No Fall/Bed/nf_raw_b_2/B_M_126.mp4",
    "active_window": [
        2,
        7
    ],
    "varying_k": 6,
    "detection_status": "Global Event Zone",
    "saliency_weights": [
        0.03631847221680634,
        0.06407797041702151,
        0.08983068006120834,
        0.09193027238521301,
        0.08118098587879809,
        0.07611599995450835,
        0.07657855733738186,
        0.07417186380044946,
        0.06882467376376392,
        0.06506199559646521,
        0.06276843002020731,
        0.05892079938234221,
        0.05362102501777345,
        0.04981753851793287,
        0.04962115411199994,
        0.052861414412551364,
        0.05705392607918126,
        0.059300854664939166,
        0.06004037080355423,
        0.06242023383851202,
        0.0667333086294611,
        0.06931126467894963,
        0.06805207277340286,
        0.06519162800196024,
        0.06462682754150223,
        0.06918063817108264,
        0.07742521205180755,
        0.08234748339443322,
        0.07753261264549169,
        0.06228204447513705,
        0.04133077258728908,
        0.025400431934078586
    ],
    "clip_indices": [
        0,
        4,
        9,
        14,
        19,
        23,
        28,
        33,
        38,
        42,
        47,
        52,
        57,
        62,
        66,
        71,
        76,
        81,
        85,
        90,
        95,
        100,
        105,
        109,
        114,
        119,
        124,
        128,
        133,
        138,
        143,
        148
    ]
}