{
    "video_path": "FallVision/No Fall/Bed/nf_raw_b_2/B_M_93.mp4",
    "active_window": [
        6,
        13
    ],
    "varying_k": 8,
    "detection_status": "Global Event Zone",
    "saliency_weights": [
        0.020249580490575427,
        0.03686877387032682,
        0.05554930047948009,
        0.06480905663550574,
        0.06690940070168576,
        0.06861548305310894,
        0.07157372329453324,
        0.07421750929276864,
        0.07566302777329344,
        0.0759944958970816,
        0.07552667564612645,
        0.07453226310439125,
        0.07319820520869824,
        0.07165473300998364,
        0.07002863800208424,
        0.068545169692955,
        0.06761991847596141,
        0.0675444925934121,
        0.06779335284223553,
        0.06733921895835615,
        0.06620342739320657,
        0.06574995985890374,
        0.06706028458670012,
        0.06993508007672106,
        0.07303963318906015,
        0.07446010060843355,
        0.0735311626695358,
        0.07138229487980668,
        0.06726504697599792,
        0.05662802925531256,
        0.03858426155594297,
        0.02330093468434649
    ],
    "clip_indices": [
        0,
        13,
        27,
        40,
        54,
        67,
        81,
        94,
        108,
        121,
        135,
        148,
        162,
        175,
        189,
        202,
        216,
        229,
        243,
        256,
        270,
        283,
        297,
        310,
        324,
        337,
        351,
        364,
        378,
        391,
        405,
        419
    ]
}