{
    "video_path": "FallVision/No Fall/Bed/nf_raw_b_2/B_M_13.mp4",
    "active_window": [
        3,
        7
    ],
    "varying_k": 5,
    "detection_status": "Peak Only",
    "saliency_weights": [
        0.01994911808198973,
        0.03679099812696672,
        0.056849537212346264,
        0.06872852494179435,
        0.0725004816387069,
        0.07290301792076923,
        0.07254038680510927,
        0.07200337898565086,
        0.07123759455557366,
        0.07017168715548426,
        0.0690312017581251,
        0.06821954987802736,
        0.06802846634666651,
        0.0685180906173567,
        0.06943987527160342,
        0.07036105199575268,
        0.07094460258571678,
        0.07104121872812291,
        0.070678412879834,
        0.07005680959887949,
        0.06953963991176512,
        0.06953183959011336,
        0.07011380097371063,
        0.07092804638776135,
        0.07157657628329053,
        0.07187845537806489,
        0.07181439511084489,
        0.07105904567042914,
        0.06743153436224301,
        0.05656337873376447,
        0.03826823267004335,
        0.022902505797787145
    ],
    "clip_indices": [
        0,
        2,
        5,
        8,
        11,
        14,
        17,
        20,
        23,
        26,
        29,
        31,
        34,
        37,
        40,
        43,
        46,
        49,
        52,
        55,
        58,
        60,
        63,
        66,
        69,
        72,
        75,
        78,
        81,
        84,
        87,
        90
    ]
}