{
    "video_path": "FallVision/No Fall/Bed/nf_raw_b_2/B_M_176.mp4",
    "active_window": [
        11,
        28
    ],
    "varying_k": 18,
    "detection_status": "Global Event Zone",
    "saliency_weights": [
        0.014488793057755162,
        0.025687465293699308,
        0.03704253613940602,
        0.03999358312062555,
        0.037139285172410386,
        0.03562316843498002,
        0.039840458209488755,
        0.04997024795238715,
        0.0613930693937614,
        0.06901554387466638,
        0.07288739356928417,
        0.07593802535650307,
        0.07894115303823912,
        0.08071222218296827,
        0.08091685664172288,
        0.08034155057501591,
        0.07944630365505649,
        0.0780561817987517,
        0.07612593462844267,
        0.07437173927433904,
        0.07459666292553596,
        0.07859732321091539,
        0.08481893252706237,
        0.088193220963005,
        0.08658235467098133,
        0.08369524004983658,
        0.08281439286343112,
        0.08228113615498071,
        0.07762622875308221,
        0.06434942804492073,
        0.043309374771520456,
        0.026071277014236845
    ],
    "clip_indices": [
        0,
        3,
        7,
        11,
        15,
        19,
        23,
        26,
        30,
        34,
        38,
        42,
        46,
        49,
        53,
        57,
        61,
        65,
        69,
        72,
        76,
        80,
        84,
        88,
        92,
        95,
        99,
        103,
        107,
        111,
        115,
        119
    ]
}