{
    "video_path": "FallVision/No Fall/Bed/nf_raw_b_2/B_M_129_resized.mp4",
    "active_window": [
        20,
        29
    ],
    "varying_k": 10,
    "detection_status": "Global Event Zone",
    "saliency_weights": [
        0.01771113818733965,
        0.032424670225627075,
        0.049849628174265706,
        0.060181700690732275,
        0.06414212615856243,
        0.0662884499030677,
        0.06820153667763475,
        0.0692813557928636,
        0.06893408995915255,
        0.06715992876902724,
        0.06469173763652131,
        0.06260660348407471,
        0.06170505561935531,
        0.062224007425556546,
        0.0636217226950566,
        0.06500864981210942,
        0.06606216215920105,
        0.06711367829157214,
        0.06855532468230018,
        0.07047863742453034,
        0.0725218330238499,
        0.07400179372336385,
        0.07452249073540934,
        0.07433284998559185,
        0.07424635336177715,
        0.07543414648469682,
        0.07857984982877625,
        0.08271934410220333,
        0.08354388298728788,
        0.07333310993427092,
        0.05077648136743454,
        0.030552930664639794
    ],
    "clip_indices": [
        0,
        3,
        7,
        11,
        15,
        19,
        23,
        26,
        30,
        34,
        38,
        42,
        46,
        49,
        53,
        57,
        61,
        65,
        69,
        72,
        76,
        80,
        84,
        88,
        92,
        95,
        99,
        103,
        107,
        111,
        115,
        119
    ]
}