{
    "video_path": "FallVision/No Fall/Bed/nf_raw_b_2/B_M_147.mp4",
    "active_window": [
        3,
        19
    ],
    "varying_k": 17,
    "detection_status": "Global Event Zone",
    "saliency_weights": [
        0.0143270490293873,
        0.029031608000371432,
        0.057586406282814015,
        0.09935324072123894,
        0.15054146439242355,
        0.19857300616897838,
        0.2182619217287214,
        0.19230600556993022,
        0.13769435022987864,
        0.0858571438070822,
        0.05067399647183501,
        0.03019815352030942,
        0.019767966758280756,
        0.017440286152014962,
        0.02513771266393159,
        0.04529020607777426,
        0.07420965496531792,
        0.10139119462799054,
        0.11464996657651559,
        0.10599371317570042,
        0.08002568260193753,
        0.05281751592359587,
        0.03544124006008122,
        0.026773684585890165,
        0.022030131114581214,
        0.01857739838815101,
        0.01554899776701528,
        0.012814007751789142,
        0.01037398320491357,
        0.008123894335266332,
        0.006102686620288775,
        0.004790655957388613
    ],
    "clip_indices": [
        0,
        2,
        5,
        8,
        11,
        14,
        17,
        20,
        22,
        25,
        28,
        31,
        34,
        37,
        40,
        43,
        45,
        48,
        51,
        54,
        57,
        60,
        63,
        66,
        68,
        71,
        74,
        77,
        80,
        83,
        86,
        89
    ]
}