{
    "video_path": "FallVision/No Fall/Bed/nf_raw_b_2/B_M_36.mp4",
    "active_window": [
        8,
        14
    ],
    "varying_k": 7,
    "detection_status": "Global Event Zone",
    "saliency_weights": [
        0.01781089417960628,
        0.032499023442020866,
        0.04979565763283006,
        0.05972517979260322,
        0.0627724171418872,
        0.06359700911544862,
        0.06481697977483124,
        0.06784548445981851,
        0.07464051236029053,
        0.08563531241484819,
        0.09640868227005434,
        0.10098917192715737,
        0.09803816657739794,
        0.09036647485884523,
        0.08136200114329376,
        0.07354554815312395,
        0.06820855139858706,
        0.06550625826732229,
        0.06466922353774197,
        0.06446331457027292,
        0.0641630694921952,
        0.06379005316985745,
        0.06345358649217282,
        0.06306536512785296,
        0.06272664296307781,
        0.06287123098471435,
        0.0635959495620324,
        0.06391707196681728,
        0.061254607737411364,
        0.05177458149967986,
        0.03559022623148394,
        0.021988515752339354
    ],
    "clip_indices": [
        0,
        2,
        5,
        8,
        11,
        14,
        17,
        20,
        23,
        26,
        29,
        31,
        34,
        37,
        40,
        43,
        46,
        49,
        52,
        55,
        58,
        60,
        63,
        66,
        69,
        72,
        75,
        78,
        81,
        84,
        87,
        90
    ]
}