{
    "video_path": "FallVision/No Fall/Bed/nf_raw_b_2/B_M_109.mp4",
    "active_window": [
        3,
        8
    ],
    "varying_k": 6,
    "detection_status": "Global Event Zone",
    "saliency_weights": [
        0.02216182085801171,
        0.040657441972547365,
        0.06211017151830195,
        0.07357773718937524,
        0.07548309304442492,
        0.07388395435347878,
        0.07260120178085826,
        0.07252018339694626,
        0.07222574619395813,
        0.07031947360164913,
        0.06804886568606108,
        0.06779261575885498,
        0.06991078763177755,
        0.07290360798817602,
        0.0751794432482843,
        0.0757320661065301,
        0.07425353509243968,
        0.07100970857136764,
        0.06664175787864007,
        0.062160154703147355,
        0.05898203070868087,
        0.0585772864632587,
        0.06126916078956299,
        0.06579907814070962,
        0.07049629289807607,
        0.0740191359532727,
        0.07546653772683118,
        0.07412065886106511,
        0.06837609224863184,
        0.0556754141986352,
        0.03711383302289602,
        0.022287382618658542
    ],
    "clip_indices": [
        0,
        4,
        9,
        14,
        19,
        24,
        28,
        33,
        38,
        43,
        48,
        52,
        57,
        62,
        67,
        72,
        76,
        81,
        86,
        91,
        96,
        100,
        105,
        110,
        115,
        120,
        124,
        129,
        134,
        139,
        144,
        149
    ]
}