{
    "video_path": "FallVision/No Fall/Bed/nf_raw_b_2/B_M_07_resized.mp4",
    "active_window": [
        4,
        16
    ],
    "varying_k": 13,
    "detection_status": "Global Event Zone",
    "saliency_weights": [
        0.020775931820359334,
        0.03825160984960799,
        0.06023595454775359,
        0.0750781836992957,
        0.08046684266175563,
        0.07980121973164275,
        0.07886130348195057,
        0.0818525996186083,
        0.08724507638705321,
        0.09063676520804119,
        0.08979953451987885,
        0.08714896734061042,
        0.09067091406355957,
        0.10523997246852618,
        0.11884100408437635,
        0.11234048963807546,
        0.08627117743779697,
        0.05976497619869367,
        0.04510522202840174,
        0.04023483280102534,
        0.04004253722926504,
        0.042368520529280786,
        0.04642731637020971,
        0.051199861045742465,
        0.05539594451761029,
        0.05769627678785036,
        0.05727061362810791,
        0.05399931385754973,
        0.04767510805564977,
        0.037786211757680155,
        0.02559297863112707,
        0.01647490797948951
    ],
    "clip_indices": [
        0,
        2,
        5,
        8,
        11,
        14,
        17,
        20,
        22,
        25,
        28,
        31,
        34,
        37,
        40,
        43,
        45,
        48,
        51,
        54,
        57,
        60,
        63,
        66,
        68,
        71,
        74,
        77,
        80,
        83,
        86,
        89
    ]
}