{
    "video_path": "FallVision/No Fall/Bed/nf_raw_b_2/B_M_03.mp4",
    "active_window": [
        2,
        9
    ],
    "varying_k": 8,
    "detection_status": "Global Event Zone",
    "saliency_weights": [
        0.033478385576145284,
        0.0625183950362452,
        0.09944544910437884,
        0.1257075330921526,
        0.138306188803437,
        0.14096474013491883,
        0.13596457199421208,
        0.12458283042389938,
        0.10939489123635392,
        0.09348985044004494,
        0.07871260334650888,
        0.0659803425126055,
        0.056164520766180795,
        0.04991440334692071,
        0.04677803703744255,
        0.045481542309497316,
        0.04502532568204412,
        0.04497090751442781,
        0.045144896656527454,
        0.045431969402744465,
        0.045704618834557675,
        0.04582193674035069,
        0.0456966971866844,
        0.04533368474854601,
        0.04481081952832747,
        0.04425418641145004,
        0.043733337508694584,
        0.042985112734712484,
        0.040710359086050016,
        0.03449380301723044,
        0.024258107519165788,
        0.015714641648319167
    ],
    "clip_indices": [
        0,
        4,
        9,
        14,
        19,
        24,
        28,
        33,
        38,
        43,
        48,
        52,
        57,
        62,
        67,
        72,
        76,
        81,
        86,
        91,
        96,
        100,
        105,
        110,
        115,
        120,
        124,
        129,
        134,
        139,
        144,
        149
    ]
}