{
    "video_path": "FallVision/No Fall/Bed/nf_raw_b_2/B_M_26_resized.mp4",
    "active_window": [
        21,
        27
    ],
    "varying_k": 7,
    "detection_status": "Global Event Zone",
    "saliency_weights": [
        0.01802829894487648,
        0.033374147978472074,
        0.05209160365821448,
        0.06380940863300213,
        0.06752907471383711,
        0.06676692310553309,
        0.06490712433686963,
        0.06417878400137758,
        0.06522263074968315,
        0.06750840460921953,
        0.06980503789739356,
        0.07099898390890824,
        0.07111986483955268,
        0.07094122952914621,
        0.07090254190246309,
        0.0709876683160919,
        0.07118051929224103,
        0.07152581853657074,
        0.07184471477718203,
        0.07184573431226952,
        0.07172652169918667,
        0.07217313115349899,
        0.07341630549638972,
        0.07487584678352473,
        0.07595354022611364,
        0.07649173619280022,
        0.07640745213850297,
        0.07507325654881768,
        0.07025241562983475,
        0.05812147178489184,
        0.039031914787651605,
        0.023353786033968767
    ],
    "clip_indices": [
        0,
        2,
        5,
        8,
        11,
        14,
        17,
        20,
        22,
        25,
        28,
        31,
        34,
        37,
        40,
        43,
        45,
        48,
        51,
        54,
        57,
        60,
        63,
        66,
        68,
        71,
        74,
        77,
        80,
        83,
        86,
        89
    ]
}