{
    "video_path": "FallVision/No Fall/Bed/nf_raw_b_2/B_M_161.mp4",
    "active_window": [
        0,
        6
    ],
    "varying_k": 7,
    "detection_status": "Global Event Zone",
    "saliency_weights": [
        0.11582923353081526,
        0.20697764051225145,
        0.29781250073371723,
        0.3139658957101542,
        0.26647353219683567,
        0.20027120307645313,
        0.1407532599809363,
        0.09540007962255805,
        0.06423539741030122,
        0.044605049866404026,
        0.03294170932556354,
        0.02603740747684068,
        0.022312925409196088,
        0.021029097374844666,
        0.020661328027097275,
        0.01945229608284151,
        0.017539168945146115,
        0.016562282610012732,
        0.016993399517876637,
        0.017569488988219185,
        0.017072868100762632,
        0.015260102396410404,
        0.0126516350649368,
        0.010166800759460373,
        0.008421359072873658,
        0.00739043881098482,
        0.00678690292784081,
        0.0063369790300845386,
        0.00584781424093472,
        0.0052320635466822935,
        0.0045451955937511525,
        0.0040520500916607655
    ],
    "clip_indices": [
        0,
        3,
        7,
        11,
        15,
        19,
        23,
        26,
        30,
        34,
        38,
        42,
        46,
        49,
        53,
        57,
        61,
        65,
        69,
        72,
        76,
        80,
        84,
        88,
        92,
        95,
        99,
        103,
        107,
        111,
        115,
        119
    ]
}