{
    "video_path": "FallVision/No Fall/Bed/nf_raw_b_2/B_M_151.mp4",
    "active_window": [
        12,
        17
    ],
    "varying_k": 6,
    "detection_status": "Global Event Zone",
    "saliency_weights": [
        0.009704283067259241,
        0.014456900117844125,
        0.01960062590730431,
        0.021634561246440705,
        0.021141294798887166,
        0.020295710429173268,
        0.02026838584875467,
        0.02128958382700097,
        0.023203867297024096,
        0.026306745572809626,
        0.03365268597493941,
        0.05742777556249763,
        0.12306534444539383,
        0.23879928499198413,
        0.34651389045512615,
        0.3614807861440237,
        0.2782930983226757,
        0.16931026427586174,
        0.09000031521013849,
        0.04652727517931938,
        0.026198066945279756,
        0.017311783055924044,
        0.012964764404515335,
        0.010417423748787492,
        0.008780872229138106,
        0.007651721835355941,
        0.006816631280135982,
        0.006205352816561115,
        0.005764760376945085,
        0.0053808198582735705,
        0.00499397339332026,
        0.004717860387214891
    ],
    "clip_indices": [
        0,
        3,
        7,
        11,
        15,
        19,
        23,
        26,
        30,
        34,
        38,
        42,
        46,
        49,
        53,
        57,
        61,
        65,
        69,
        72,
        76,
        80,
        84,
        88,
        92,
        95,
        99,
        103,
        107,
        111,
        115,
        119
    ]
}