{
    "video_path": "FallVision/No Fall/Bed/nf_raw_b_2/B_M_177.mp4",
    "active_window": [
        7,
        18
    ],
    "varying_k": 12,
    "detection_status": "Global Event Zone",
    "saliency_weights": [
        0.013605140487781728,
        0.024221648649304116,
        0.035402396961868164,
        0.04043424027636413,
        0.04434744532116042,
        0.053982378214661675,
        0.0671827031667424,
        0.07782956859379456,
        0.08363310839718932,
        0.08549196687351211,
        0.0848000276089746,
        0.08266110517177006,
        0.07991028021770491,
        0.07726877994074977,
        0.07541060968384852,
        0.07473871590381079,
        0.07488673370695606,
        0.07488273637981588,
        0.07397713122911916,
        0.0720850120282916,
        0.06989748956472377,
        0.06854355676290157,
        0.06847025842483526,
        0.06913627180482856,
        0.0701789239941979,
        0.07191420689516813,
        0.07418239394892814,
        0.07527436209124927,
        0.07191200211689636,
        0.06009466098949854,
        0.040553413571012734,
        0.02434070343356092
    ],
    "clip_indices": [
        0,
        4,
        9,
        14,
        19,
        24,
        28,
        33,
        38,
        43,
        48,
        52,
        57,
        62,
        67,
        72,
        76,
        81,
        86,
        91,
        96,
        100,
        105,
        110,
        115,
        120,
        124,
        129,
        134,
        139,
        144,
        149
    ]
}