{
    "video_path": "FallVision/No Fall/Bed/nf_raw_b_2/B_M_20_resized.mp4",
    "active_window": [
        10,
        15
    ],
    "varying_k": 6,
    "detection_status": "Global Event Zone",
    "saliency_weights": [
        0.02344741541251944,
        0.04275703501637401,
        0.06448460464964112,
        0.07479887587612541,
        0.07494907557540048,
        0.07205546242991537,
        0.06971347037950554,
        0.06860079954873562,
        0.06875168438382587,
        0.07000625970867298,
        0.07174675076216126,
        0.07313058180853557,
        0.07359768172865633,
        0.07305371736904992,
        0.07194552379998606,
        0.07089001466309741,
        0.06997790004796478,
        0.06887876784833794,
        0.06762159053396999,
        0.06670788880708944,
        0.06645413045283555,
        0.0667062298543211,
        0.06709383475197875,
        0.06726286464117301,
        0.06712565635025274,
        0.06698277740851138,
        0.06727724290396764,
        0.06792208426267585,
        0.06640312509612893,
        0.05726101705217988,
        0.039536709365635796,
        0.024053336219746733
    ],
    "clip_indices": [
        0,
        1,
        3,
        5,
        7,
        9,
        11,
        13,
        15,
        17,
        19,
        20,
        22,
        24,
        26,
        28,
        30,
        32,
        34,
        36,
        38,
        39,
        41,
        43,
        45,
        47,
        49,
        51,
        53,
        55,
        57,
        59
    ]
}