{
    "video_path": "FallVision/No Fall/Bed/nf_raw_b_2/B_M_105.mp4",
    "active_window": [
        20,
        29
    ],
    "varying_k": 10,
    "detection_status": "Global Event Zone",
    "saliency_weights": [
        0.018848186054898255,
        0.033534715799517514,
        0.048838217646822314,
        0.054099249490439,
        0.053042720341573237,
        0.053849043673987254,
        0.05843484694675855,
        0.0640236228276892,
        0.06685681694695858,
        0.06462428526107766,
        0.05867509191120597,
        0.05222073512708851,
        0.04716279652454265,
        0.04410249053234333,
        0.04370365329173423,
        0.04656014968316955,
        0.051912494959572925,
        0.057900376715419505,
        0.06339406711425155,
        0.0689779058364067,
        0.07692145145700433,
        0.08911535930817197,
        0.10182373630563882,
        0.1058170808956031,
        0.09779193888716017,
        0.08607555568105485,
        0.0807526710922333,
        0.08534086438570068,
        0.0934561165542335,
        0.08879458590668027,
        0.0642235938103232,
        0.0391537540429779
    ],
    "clip_indices": [
        0,
        9,
        19,
        29,
        38,
        48,
        58,
        67,
        77,
        87,
        96,
        106,
        116,
        125,
        135,
        145,
        154,
        164,
        174,
        183,
        193,
        203,
        212,
        222,
        232,
        241,
        251,
        261,
        270,
        280,
        290,
        300
    ]
}