{
    "video_path": "FallVision/No Fall/Bed/nf_raw_b_2/B_M_140.mp4",
    "active_window": [
        9,
        13
    ],
    "varying_k": 5,
    "detection_status": "Global Event Zone",
    "saliency_weights": [
        0.01952837492348688,
        0.035907420820503494,
        0.055173403610068075,
        0.06615356444981858,
        0.06930209446882937,
        0.06970757166658331,
        0.07003377896147558,
        0.0707416052886181,
        0.07158544610715342,
        0.07227905339558188,
        0.07279229728855144,
        0.07313606785124585,
        0.07301557598310127,
        0.07214905966048565,
        0.07095018107821191,
        0.07024271065614147,
        0.07027846785234065,
        0.07064831550005252,
        0.07094526071329062,
        0.07104991035153735,
        0.07103616032201651,
        0.07103334622416521,
        0.07104492272294731,
        0.07093106620822,
        0.07067165302212008,
        0.07046617056257856,
        0.07036142003847257,
        0.06965782333083051,
        0.06593859732066164,
        0.05512586835558239,
        0.03727392786314018,
        0.022387577619344554
    ],
    "clip_indices": [
        0,
        2,
        5,
        8,
        11,
        14,
        17,
        20,
        23,
        26,
        29,
        31,
        34,
        37,
        40,
        43,
        46,
        49,
        52,
        55,
        58,
        60,
        63,
        66,
        69,
        72,
        75,
        78,
        81,
        84,
        87,
        90
    ]
}