{
    "video_path": "FallVision/No Fall/Bed/nf_raw_b_2/B_M_95.mp4",
    "active_window": [
        4,
        11
    ],
    "varying_k": 8,
    "detection_status": "Global Event Zone",
    "saliency_weights": [
        0.01900884045988534,
        0.035228013724930826,
        0.05504751251309029,
        0.06767151422146911,
        0.07239482553724655,
        0.0730695044243628,
        0.07270261317683915,
        0.07272645022291355,
        0.0731124776205237,
        0.0732313149556117,
        0.07278044974571775,
        0.07180909976881089,
        0.07046144564533474,
        0.06896104594081495,
        0.06771512449720488,
        0.06713820652197276,
        0.06723607209581975,
        0.06768524051046831,
        0.06833643436476622,
        0.06926907741669835,
        0.07036396442296217,
        0.07120792532106193,
        0.0715357827196195,
        0.07146400836639069,
        0.07131319601990382,
        0.07141010694808786,
        0.07173497320910135,
        0.07138157056288161,
        0.06773409418144583,
        0.0566399011114109,
        0.03825199415946285,
        0.02291617348805098
    ],
    "clip_indices": [
        0,
        9,
        19,
        28,
        38,
        48,
        57,
        67,
        77,
        86,
        96,
        106,
        115,
        125,
        135,
        144,
        154,
        163,
        173,
        183,
        192,
        202,
        212,
        221,
        231,
        241,
        250,
        260,
        270,
        279,
        289,
        299
    ]
}