{
    "video_path": "FallVision/No Fall/Bed/nf_raw_b_2/B_M_183_resized.mp4",
    "active_window": [
        3,
        12
    ],
    "varying_k": 10,
    "detection_status": "Global Event Zone",
    "saliency_weights": [
        0.023865461015454364,
        0.04402314719062847,
        0.06827997360422444,
        0.08288763035268082,
        0.08710629545808343,
        0.0865652503779721,
        0.08668220525020806,
        0.09031435111997332,
        0.09597875193269428,
        0.0998789119140755,
        0.0988870405057147,
        0.09175607799645069,
        0.08008164813706806,
        0.06723722554524499,
        0.05627389038784639,
        0.04913965222371738,
        0.04635818703516496,
        0.04724925053650017,
        0.05050724795020057,
        0.05461480990280153,
        0.0583728514157937,
        0.06111149390628867,
        0.0626648675723857,
        0.06324487970797388,
        0.06304928002379467,
        0.06216188973093629,
        0.060942132830195214,
        0.059848974719200004,
        0.05735188319363188,
        0.0490805530679035,
        0.03413847328856111,
        0.021274515464497715
    ],
    "clip_indices": [
        0,
        4,
        9,
        14,
        19,
        24,
        28,
        33,
        38,
        43,
        48,
        52,
        57,
        62,
        67,
        72,
        76,
        81,
        86,
        91,
        96,
        100,
        105,
        110,
        115,
        120,
        124,
        129,
        134,
        139,
        144,
        149
    ]
}