{
    "video_path": "FallVision/No Fall/Bed/nf_raw_b_2/B_M_104.mp4",
    "active_window": [
        8,
        12
    ],
    "varying_k": 5,
    "detection_status": "Global Event Zone",
    "saliency_weights": [
        0.0193598123511476,
        0.03595181620627544,
        0.05682261445774334,
        0.07049606612465355,
        0.07375418378870235,
        0.06982157249104007,
        0.06686006838012201,
        0.07114641866225342,
        0.07926281210441109,
        0.08388199765703766,
        0.08311481290817796,
        0.0795736970257816,
        0.07577943570804352,
        0.07273443512668099,
        0.07004815630327094,
        0.06705725743212282,
        0.06450867781497378,
        0.06408468843192597,
        0.06598124370330682,
        0.068477066331014,
        0.06976985034534985,
        0.06892889184183068,
        0.06590697749914126,
        0.06199798412814373,
        0.06089839234572335,
        0.06738178791838176,
        0.07913739253551025,
        0.08318054070130787,
        0.07083077024448016,
        0.04890468701331879,
        0.02867949500612611,
        0.016771922623222243
    ],
    "clip_indices": [
        0,
        9,
        19,
        29,
        38,
        48,
        58,
        67,
        77,
        87,
        96,
        106,
        116,
        125,
        135,
        145,
        154,
        164,
        174,
        183,
        193,
        203,
        212,
        222,
        232,
        241,
        251,
        261,
        270,
        280,
        290,
        300
    ]
}