{
    "video_path": "FallVision/No Fall/Bed/nf_raw_b_2/B_M_184_resized.mp4",
    "active_window": [
        24,
        29
    ],
    "varying_k": 6,
    "detection_status": "Global Event Zone",
    "saliency_weights": [
        0.02155294230399621,
        0.03861703210270874,
        0.05724044906484678,
        0.06488002884338531,
        0.0632901338549419,
        0.05986437481977849,
        0.05852068161079353,
        0.05918526187094189,
        0.05891125210985079,
        0.05556538081745573,
        0.05199301531141049,
        0.05234079147215799,
        0.05541593442963584,
        0.05696363057668337,
        0.05642724171410239,
        0.05627386781007789,
        0.05645119955499692,
        0.05438791695181659,
        0.04994042936409457,
        0.04618740989738695,
        0.045422686857226266,
        0.0479200469307114,
        0.054545226903330135,
        0.06755637378817936,
        0.0875007601414077,
        0.1107781557270987,
        0.13008320378443314,
        0.1356971326217662,
        0.12198171449974213,
        0.0927549638331494,
        0.05816209935721217,
        0.033578738504402454
    ],
    "clip_indices": [
        0,
        4,
        9,
        14,
        19,
        24,
        28,
        33,
        38,
        43,
        48,
        52,
        57,
        62,
        67,
        72,
        76,
        81,
        86,
        91,
        96,
        100,
        105,
        110,
        115,
        120,
        124,
        129,
        134,
        139,
        144,
        149
    ]
}