{
    "video_path": "FallVision/No Fall/Bed/nf_raw_b_2/B_M_138.mp4",
    "active_window": [
        22,
        28
    ],
    "varying_k": 7,
    "detection_status": "Global Event Zone",
    "saliency_weights": [
        0.02188350230885961,
        0.03979374978176367,
        0.0596876157503105,
        0.06879704104649083,
        0.06911834184183868,
        0.06800850022396801,
        0.06842234323361798,
        0.06992100614916583,
        0.07148122659619537,
        0.07229882105991131,
        0.07196223026479459,
        0.07046075880659569,
        0.06824767860592892,
        0.06601876516418807,
        0.06431989094649651,
        0.06346617634865212,
        0.06358709379660671,
        0.06462907134776122,
        0.06629549459270988,
        0.06810630795745852,
        0.06966438947430854,
        0.07079568417878403,
        0.07157678173608661,
        0.07232787604254579,
        0.0734704021306905,
        0.07528068267516994,
        0.07725773944945719,
        0.07752330940581836,
        0.07296551300121581,
        0.060124126713348845,
        0.04012735869080218,
        0.023853663695077187
    ],
    "clip_indices": [
        0,
        2,
        5,
        8,
        11,
        14,
        17,
        20,
        23,
        26,
        29,
        31,
        34,
        37,
        40,
        43,
        46,
        49,
        52,
        55,
        58,
        60,
        63,
        66,
        69,
        72,
        75,
        78,
        81,
        84,
        87,
        90
    ]
}