{
    "video_path": "FallVision/No Fall/Bed/nf_raw_b_2/B_M_102.mp4",
    "active_window": [
        25,
        29
    ],
    "varying_k": 5,
    "detection_status": "Global Event Zone",
    "saliency_weights": [
        0.011333407768780106,
        0.017172686898925323,
        0.022970289638941262,
        0.024121350408637422,
        0.02183895302031548,
        0.01942254313787886,
        0.018307288836287374,
        0.018477760110642415,
        0.019658801588683886,
        0.022109393561117366,
        0.02701498151570997,
        0.034635473923579935,
        0.041583923707342596,
        0.04323244658078774,
        0.039078916367003905,
        0.03247421879894678,
        0.02667651305014556,
        0.023258118353412155,
        0.022157487149199722,
        0.022287247760692495,
        0.022691382944027762,
        0.023059285481549625,
        0.024313294280482095,
        0.03319078836017937,
        0.07223175517944908,
        0.17027899540218538,
        0.3014034696241065,
        0.3605084200621339,
        0.28767842564608115,
        0.15806478028607207,
        0.06671009730418341,
        0.029691669664335577
    ],
    "clip_indices": [
        0,
        9,
        19,
        29,
        38,
        48,
        58,
        67,
        77,
        87,
        96,
        106,
        116,
        125,
        135,
        145,
        154,
        164,
        174,
        183,
        193,
        203,
        212,
        222,
        232,
        241,
        251,
        261,
        270,
        280,
        290,
        300
    ]
}