{
    "video_path": "FallVision/No Fall/Bed/nf_raw_b_2/B_M_169.mp4",
    "active_window": [
        25,
        29
    ],
    "varying_k": 5,
    "detection_status": "Global Event Zone",
    "saliency_weights": [
        0.02078088194718941,
        0.03715252837428473,
        0.05417606302051773,
        0.05965685665019099,
        0.056959541807321115,
        0.05459659010614164,
        0.055253426668852246,
        0.057844418767380515,
        0.06160186446510874,
        0.06591210424799565,
        0.06900823274630323,
        0.06955400294864333,
        0.06936956185140146,
        0.07115183999007675,
        0.07360638506916338,
        0.07302414759092708,
        0.06928254288554983,
        0.06582143216538255,
        0.06433801936824148,
        0.0634479393298834,
        0.06173131328647764,
        0.05934513917888923,
        0.0575971719827547,
        0.05847889517632626,
        0.06399077166241025,
        0.07514425068169989,
        0.08979253787006736,
        0.10124561036420449,
        0.10177624351556576,
        0.08636091827928198,
        0.058123907639431274,
        0.03437617620360703
    ],
    "clip_indices": [
        0,
        7,
        15,
        23,
        30,
        38,
        46,
        54,
        61,
        69,
        77,
        85,
        92,
        100,
        108,
        116,
        123,
        131,
        139,
        147,
        154,
        162,
        170,
        178,
        185,
        193,
        201,
        209,
        216,
        224,
        232,
        240
    ]
}