{
    "video_path": "FallVision/No Fall/Bed/nf_raw_b_2/B_M_132_resized.mp4",
    "active_window": [
        1,
        8
    ],
    "varying_k": 8,
    "detection_status": "Global Event Zone",
    "saliency_weights": [
        0.0596555901943267,
        0.1047602458742975,
        0.1449709363265101,
        0.14298215568908662,
        0.11503213912558916,
        0.09360838158001497,
        0.08701549266917852,
        0.08709784402317794,
        0.08493497497352409,
        0.07599625634977838,
        0.0624496414169981,
        0.04980637580077646,
        0.041627930676024966,
        0.03844652986992865,
        0.038428533030573295,
        0.03925627129689867,
        0.04086390094862169,
        0.044823166506222124,
        0.0508935527749282,
        0.05654243329707809,
        0.059895700312041805,
        0.06099354860207322,
        0.0607054759446073,
        0.05982127054816711,
        0.058411098617275,
        0.05590205965319568,
        0.052633016028667115,
        0.050293551023116265,
        0.04845200392570667,
        0.04257148170452432,
        0.030753235621735257,
        0.020183682994205348
    ],
    "clip_indices": [
        0,
        3,
        7,
        11,
        15,
        19,
        23,
        26,
        30,
        34,
        38,
        42,
        46,
        49,
        53,
        57,
        61,
        65,
        69,
        72,
        76,
        80,
        84,
        88,
        92,
        95,
        99,
        103,
        107,
        111,
        115,
        119
    ]
}