{
    "video_path": "FallVision/No Fall/Bed/nf_raw_b_2/B_M_66.mp4",
    "active_window": [
        14,
        25
    ],
    "varying_k": 12,
    "detection_status": "Global Event Zone",
    "saliency_weights": [
        0.016373256531254442,
        0.029860869913133366,
        0.04583919362637334,
        0.05478815814839695,
        0.05597748082668884,
        0.05319044987987712,
        0.050493376353227586,
        0.05016337096393489,
        0.051058464702652684,
        0.051240231845987604,
        0.0516152554194354,
        0.05473019170905446,
        0.06159930313446679,
        0.07117190543337604,
        0.08097803814113093,
        0.08813781782398662,
        0.09094670885901796,
        0.0897053367163789,
        0.08715609300906313,
        0.08730935774096743,
        0.09186437031133737,
        0.09872615086009387,
        0.10346261868904358,
        0.10143361020732951,
        0.09210865291540493,
        0.08050704294167285,
        0.0708990130812859,
        0.06269416409073499,
        0.053308230543268983,
        0.04098491831612683,
        0.026756358892072646,
        0.01636497083052718
    ],
    "clip_indices": [
        0,
        1,
        3,
        5,
        7,
        9,
        11,
        13,
        15,
        17,
        19,
        20,
        22,
        24,
        26,
        28,
        30,
        32,
        34,
        36,
        38,
        39,
        41,
        43,
        45,
        47,
        49,
        51,
        53,
        55,
        57,
        59
    ]
}