{
    "video_path": "FallVision/No Fall/Bed/nf_raw_b_2/B_M_145.mp4",
    "active_window": [
        25,
        28
    ],
    "varying_k": 4,
    "detection_status": "Global Event Zone",
    "saliency_weights": [
        0.01635486036326092,
        0.030002636004250897,
        0.046355079809468985,
        0.0567185883100345,
        0.06230790536409929,
        0.06716838510579122,
        0.07098989418109641,
        0.07178239959942662,
        0.07034401854842656,
        0.06893350788810823,
        0.0683642734594272,
        0.06834718244724704,
        0.0689527108418897,
        0.07037665764565364,
        0.07183825247988496,
        0.0721889446163416,
        0.07174642235136564,
        0.07191381855269866,
        0.0728224149557381,
        0.07310100737801992,
        0.07206806958048478,
        0.07050197379813691,
        0.06936044118933385,
        0.06916104199330074,
        0.0705059798956525,
        0.07404258638708879,
        0.07878350701956649,
        0.08100375069936203,
        0.0763880866343119,
        0.0623841449513407,
        0.041457340185529365,
        0.024800677579982007
    ],
    "clip_indices": [
        0,
        4,
        9,
        14,
        19,
        24,
        28,
        33,
        38,
        43,
        48,
        52,
        57,
        62,
        67,
        72,
        76,
        81,
        86,
        91,
        96,
        100,
        105,
        110,
        115,
        120,
        124,
        129,
        134,
        139,
        144,
        149
    ]
}