{
    "video_path": "FallVision/No Fall/Bed/nf_raw_b_2/B_M_64.mp4",
    "active_window": [
        19,
        25
    ],
    "varying_k": 7,
    "detection_status": "Global Event Zone",
    "saliency_weights": [
        0.009122226616750453,
        0.014557018775694689,
        0.020217933557335956,
        0.02195968544630242,
        0.020630714188735678,
        0.019013417595063836,
        0.01857685339811604,
        0.019400012038653193,
        0.020650089986488294,
        0.02166734227950598,
        0.023117378149629886,
        0.025984840774413737,
        0.029718269330352716,
        0.03272594398712,
        0.034177950585433325,
        0.03468463008929994,
        0.036613999272986975,
        0.04485846914086472,
        0.06746262871207298,
        0.11205497043232845,
        0.1756724585784957,
        0.24000938030418817,
        0.27665338316476956,
        0.2586912342726404,
        0.18952832173688255,
        0.11224193540666688,
        0.06278022886589579,
        0.03998804924518572,
        0.029146145741971947,
        0.021720429060957325,
        0.01526667865848352,
        0.010969743007852447
    ],
    "clip_indices": [
        0,
        2,
        5,
        8,
        11,
        14,
        17,
        20,
        22,
        25,
        28,
        31,
        34,
        37,
        40,
        43,
        45,
        48,
        51,
        54,
        57,
        60,
        63,
        66,
        68,
        71,
        74,
        77,
        80,
        83,
        86,
        89
    ]
}