{
    "video_path": "FallVision/No Fall/Bed/nf_raw_b_2/B_M_45.mp4",
    "active_window": [
        6,
        11
    ],
    "varying_k": 6,
    "detection_status": "Global Event Zone",
    "saliency_weights": [
        0.01920983112839409,
        0.035434032457784426,
        0.05480887456699182,
        0.06643971066444768,
        0.07049323686700643,
        0.07156381265291142,
        0.072034308143409,
        0.07233601836015115,
        0.07243983918133526,
        0.07232550394312814,
        0.07206217961960544,
        0.07177085902144456,
        0.07155507759239321,
        0.07145270598385427,
        0.07138769527341415,
        0.07123054828930536,
        0.07094059664657229,
        0.07058455683253176,
        0.07025461316614354,
        0.07002227343141831,
        0.06991918054039768,
        0.06993865231334462,
        0.0700588048288969,
        0.07024771734847844,
        0.07044916890781977,
        0.07058006838597311,
        0.07053640731228941,
        0.06982049081385891,
        0.06619467030911122,
        0.05545948607905113,
        0.03752761193567049,
        0.022509661353740197
    ],
    "clip_indices": [
        0,
        1,
        3,
        5,
        7,
        9,
        11,
        13,
        15,
        17,
        19,
        20,
        22,
        24,
        26,
        28,
        30,
        32,
        34,
        36,
        38,
        39,
        41,
        43,
        45,
        47,
        49,
        51,
        53,
        55,
        57,
        59
    ]
}