{
    "video_path": "FallVision/No Fall/Bed/nf_raw_b_2/B_M_40.mp4",
    "active_window": [
        9,
        13
    ],
    "varying_k": 5,
    "detection_status": "Peak Only",
    "saliency_weights": [
        0.02174112516378824,
        0.039773205618941,
        0.06037267628753247,
        0.07063218316743261,
        0.07100486767339756,
        0.06780132591476046,
        0.06556622177217439,
        0.06607058775376404,
        0.06838059071656186,
        0.07061322744673465,
        0.07196047770729047,
        0.07252488354159548,
        0.07245383670978198,
        0.07184149784800764,
        0.0710437821135789,
        0.07058192286239949,
        0.07069887333985245,
        0.07124963452207918,
        0.07185629910896191,
        0.07207795906926638,
        0.0716681271473788,
        0.07070724467087672,
        0.06959078176353539,
        0.06888978012911474,
        0.0688560548299352,
        0.06921515012863283,
        0.06962907177113503,
        0.06958791956895025,
        0.06675349271945617,
        0.05651318739249256,
        0.03852282266856641,
        0.023232241964514115
    ],
    "clip_indices": [
        0,
        3,
        7,
        11,
        15,
        19,
        23,
        26,
        30,
        34,
        38,
        42,
        46,
        49,
        53,
        57,
        61,
        65,
        69,
        72,
        76,
        80,
        84,
        88,
        92,
        95,
        99,
        103,
        107,
        111,
        115,
        119
    ]
}