{
    "video_path": "FallVision/No Fall/Bed/nf_raw_b_2/B_M_114.mp4",
    "active_window": [
        21,
        27
    ],
    "varying_k": 7,
    "detection_status": "Global Event Zone",
    "saliency_weights": [
        0.018060467968592765,
        0.03307338009518505,
        0.050796915575636495,
        0.0608970283391326,
        0.06338949232343317,
        0.06276053215609205,
        0.062084536848099905,
        0.0625517859455203,
        0.06392456434607763,
        0.06546621752082415,
        0.06682334565191794,
        0.06783131216508984,
        0.06801317449218078,
        0.06703916313431019,
        0.06572546258096855,
        0.06550383000028909,
        0.06675893428621243,
        0.06867078757716155,
        0.0703439988157028,
        0.07145588214809295,
        0.07248535840198603,
        0.074512271108714,
        0.07828212279737545,
        0.08343188603473944,
        0.08797703024342567,
        0.0887434641258022,
        0.08469056290812522,
        0.07838052445738913,
        0.07074938194555261,
        0.057956695715281725,
        0.03905854397256936,
        0.02363516903891578
    ],
    "clip_indices": [
        0,
        5,
        11,
        17,
        23,
        28,
        34,
        40,
        46,
        51,
        57,
        63,
        69,
        75,
        80,
        86,
        92,
        98,
        103,
        109,
        115,
        121,
        127,
        132,
        138,
        144,
        150,
        155,
        161,
        167,
        173,
        179
    ]
}