{
    "video_path": "FallVision/No Fall/Bed/nf_raw_b_2/B_M_156.mp4",
    "active_window": [
        0,
        20
    ],
    "varying_k": 21,
    "detection_status": "Global Event Zone",
    "saliency_weights": [
        0.12370622730069236,
        0.21225895681465748,
        0.27683376814750155,
        0.23646558924034405,
        0.138596072351454,
        0.0664495884442031,
        0.03773138440107904,
        0.030214052982733244,
        0.027577711683536437,
        0.024674265022457294,
        0.02125338612867537,
        0.018377555095141433,
        0.016877774343395553,
        0.01818820253605398,
        0.02594755655932541,
        0.04376302000703615,
        0.06971901201910974,
        0.09621356047920826,
        0.11472070783669372,
        0.11889347455605401,
        0.1072090331137106,
        0.08373012333030003,
        0.056040598879707124,
        0.03285582403917397,
        0.018721758380509785,
        0.01170067090540201,
        0.008225387942636591,
        0.006363166483896478,
        0.005314734802755593,
        0.004635432960903395,
        0.0041006137423226,
        0.003758246635163103
    ],
    "clip_indices": [
        0,
        3,
        7,
        11,
        15,
        19,
        23,
        26,
        30,
        34,
        38,
        42,
        46,
        49,
        53,
        57,
        61,
        65,
        69,
        72,
        76,
        80,
        84,
        88,
        92,
        95,
        99,
        103,
        107,
        111,
        115,
        119
    ]
}