{
    "video_path": "FallVision/No Fall/Bed/nf_raw_b_2/B_M_39.mp4",
    "active_window": [
        3,
        11
    ],
    "varying_k": 9,
    "detection_status": "Global Event Zone",
    "saliency_weights": [
        0.023293780676907884,
        0.04256878487022659,
        0.0645199866058862,
        0.07558949638399481,
        0.07703141781391316,
        0.07576271299892592,
        0.07499567363165599,
        0.07485845097312602,
        0.07473092576897672,
        0.07408704008554552,
        0.07281205127295663,
        0.0711165842548526,
        0.0693453456077297,
        0.06773430194878025,
        0.06615423163038539,
        0.06449514973715512,
        0.06344313358712324,
        0.06398241345071254,
        0.06571085469299282,
        0.06694143652588559,
        0.06690572739374581,
        0.06636730003781804,
        0.06599570427081475,
        0.06571102961669638,
        0.06581108040142637,
        0.06736235911981495,
        0.07040806343885474,
        0.07256330871277739,
        0.06991216809477013,
        0.05851988213362076,
        0.039367853436616695,
        0.023447949428437614
    ],
    "clip_indices": [
        0,
        4,
        9,
        14,
        19,
        24,
        28,
        33,
        38,
        43,
        48,
        52,
        57,
        62,
        67,
        72,
        76,
        81,
        86,
        91,
        96,
        100,
        105,
        110,
        115,
        120,
        124,
        129,
        134,
        139,
        144,
        149
    ]
}