{
    "video_path": "FallVision/No Fall/Bed/nf_raw_b_2/B_M_116.mp4",
    "active_window": [
        16,
        23
    ],
    "varying_k": 8,
    "detection_status": "Global Event Zone",
    "saliency_weights": [
        0.020071821326506714,
        0.03689262889620596,
        0.056628503960436394,
        0.06778631685108505,
        0.07089186858672053,
        0.07114748939129639,
        0.07102464907521688,
        0.07078701011053247,
        0.07041782912432182,
        0.0700552228486795,
        0.06988881818262362,
        0.07002527274477781,
        0.07035418909415248,
        0.07068289750888801,
        0.07100366084498391,
        0.07143249054175471,
        0.0719378254886888,
        0.07237661323470784,
        0.07279433635634175,
        0.07338250094572236,
        0.07403619774317162,
        0.07429500612020609,
        0.07388153440377976,
        0.07293221887579267,
        0.07164950048574531,
        0.07011285995611487,
        0.06841431460059286,
        0.06639896470478418,
        0.06219928153776461,
        0.05185269077324231,
        0.03509946042614065,
        0.02115948707288149
    ],
    "clip_indices": [
        0,
        4,
        9,
        14,
        19,
        24,
        28,
        33,
        38,
        43,
        48,
        52,
        57,
        62,
        67,
        72,
        76,
        81,
        86,
        91,
        96,
        100,
        105,
        110,
        115,
        120,
        124,
        129,
        134,
        139,
        144,
        149
    ]
}