{
    "video_path": "FallVision/No Fall/Bed/nf_raw_b_2/B_N_91_resized.mp4",
    "active_window": [
        3,
        11
    ],
    "varying_k": 9,
    "detection_status": "Global Event Zone",
    "saliency_weights": [
        0.025032432991723842,
        0.04617876411636559,
        0.07134112760403438,
        0.08587553229356171,
        0.08907926818749501,
        0.08681255728368231,
        0.08418744494241215,
        0.08371526022766793,
        0.08436721008788389,
        0.08363815837597639,
        0.08033321768418727,
        0.07498777069126208,
        0.06957298676306753,
        0.0664942273896459,
        0.06700495454448537,
        0.07065334446263453,
        0.0752023952985797,
        0.07762237778081388,
        0.07633203206936129,
        0.07167095144352362,
        0.06468556728022429,
        0.05675262247535599,
        0.05010347877700178,
        0.047434483432300126,
        0.04917764191680034,
        0.052463804218690666,
        0.054854861582174536,
        0.056307258145022424,
        0.055650908725774245,
        0.04852278914418314,
        0.03397979822582296,
        0.02111267378886944
    ],
    "clip_indices": [
        0,
        4,
        9,
        13,
        18,
        23,
        27,
        32,
        36,
        41,
        46,
        50,
        55,
        59,
        64,
        69,
        73,
        78,
        83,
        87,
        92,
        96,
        101,
        106,
        110,
        115,
        119,
        124,
        129,
        133,
        138,
        143
    ]
}