{
    "video_path": "FallVision/No Fall/Bed/nf_raw_b_2/B_N_75_resized.mp4",
    "active_window": [
        5,
        11
    ],
    "varying_k": 7,
    "detection_status": "Global Event Zone",
    "saliency_weights": [
        0.018709434312475827,
        0.034382572171839446,
        0.053115716631832934,
        0.06468883115647558,
        0.07006944441754051,
        0.07427200726400512,
        0.07897775838736093,
        0.0830141633738877,
        0.08432725292842594,
        0.08175768454967502,
        0.07681878124291505,
        0.07224403755210537,
        0.06930947082434792,
        0.06780545422030329,
        0.06719540110283206,
        0.0670925970511189,
        0.0672977683996745,
        0.06771170652471208,
        0.06821186338177819,
        0.06863597332233226,
        0.06888709546713986,
        0.06897496812748394,
        0.06896411765529822,
        0.06892543421373226,
        0.06887554854408734,
        0.06875809869860716,
        0.0684797916588459,
        0.06757843667884943,
        0.06394359831988163,
        0.053601454923558944,
        0.036476784903976496,
        0.022168373688349438
    ],
    "clip_indices": [
        0,
        4,
        9,
        14,
        19,
        24,
        28,
        33,
        38,
        43,
        48,
        52,
        57,
        62,
        67,
        72,
        76,
        81,
        86,
        91,
        96,
        100,
        105,
        110,
        115,
        120,
        124,
        129,
        134,
        139,
        144,
        149
    ]
}