{
    "video_path": "FallVision/No Fall/Bed/nf_raw_b_2/B_N_99.mp4",
    "active_window": [
        9,
        23
    ],
    "varying_k": 15,
    "detection_status": "Global Event Zone",
    "saliency_weights": [
        0.016287055884575904,
        0.0293728236800714,
        0.04370611896298869,
        0.04936696884603782,
        0.046917865380323505,
        0.04255972095621807,
        0.0430145496959585,
        0.0519071026470742,
        0.06601797403722681,
        0.07878861608768434,
        0.08576527669197564,
        0.0859633273417807,
        0.08217310412844868,
        0.07868637095274528,
        0.07759412194394022,
        0.07849727757918709,
        0.08016315728545789,
        0.08142960938837646,
        0.0816196631734665,
        0.08066220746540073,
        0.07906833273339661,
        0.07762968069683464,
        0.07656012839800186,
        0.07533106256854499,
        0.07377504953625219,
        0.07256169816848383,
        0.07201067485927824,
        0.07100060279694559,
        0.06675948632993886,
        0.055492230063189346,
        0.037579562104399375,
        0.022837625405566594
    ],
    "clip_indices": [
        0,
        4,
        9,
        14,
        19,
        24,
        28,
        33,
        38,
        43,
        48,
        52,
        57,
        62,
        67,
        72,
        76,
        81,
        86,
        91,
        96,
        100,
        105,
        110,
        115,
        120,
        124,
        129,
        134,
        139,
        144,
        149
    ]
}