{
    "video_path": "FallVision/No Fall/Bed/nf_raw_b_2/B_N_31.mp4",
    "active_window": [
        0,
        14
    ],
    "varying_k": 15,
    "detection_status": "Global Event Zone",
    "saliency_weights": [
        0.11026684636707323,
        0.19038843433754338,
        0.2523379827975627,
        0.22417605090096768,
        0.1433951235942653,
        0.07931295464314264,
        0.048887970269554826,
        0.03786853438759723,
        0.0387408572723531,
        0.05253942968960225,
        0.07904176391003451,
        0.11129190840086892,
        0.1326791252292064,
        0.12755412156587048,
        0.10025150668603895,
        0.06970969521189152,
        0.047583257322680116,
        0.03362567586342588,
        0.02457278915092133,
        0.018597291236754666,
        0.014899127141744463,
        0.012939701556262626,
        0.01217363074056901,
        0.012004862717838235,
        0.012000291360137312,
        0.01199700711150663,
        0.011969659094815722,
        0.011888562998235097,
        0.011532975332843632,
        0.010449604612471276,
        0.008608715725815742,
        0.007057523739741841
    ],
    "clip_indices": [
        0,
        3,
        6,
        10,
        13,
        16,
        20,
        23,
        26,
        30,
        33,
        36,
        40,
        43,
        46,
        50,
        53,
        57,
        60,
        63,
        67,
        70,
        73,
        77,
        80,
        83,
        87,
        90,
        93,
        97,
        100,
        104
    ]
}