{
    "video_path": "FallVision/No Fall/Bed/nf_raw_b_2/B_N_108_resized.mp4",
    "active_window": [
        3,
        8
    ],
    "varying_k": 6,
    "detection_status": "Global Event Zone",
    "saliency_weights": [
        0.022314210752852344,
        0.04124188470477028,
        0.06403031137272944,
        0.07788012780034113,
        0.08224642076482164,
        0.08176856237052242,
        0.07935130527675552,
        0.07619425119438633,
        0.07309405308179429,
        0.07063913274540012,
        0.06891719155165793,
        0.06768082486548277,
        0.06667633391239505,
        0.0657984462201783,
        0.06517377214770252,
        0.06503592849046287,
        0.06544179143970881,
        0.06619758512596413,
        0.06696522589488008,
        0.06746043867505908,
        0.0677916245840367,
        0.06837515379094887,
        0.06921626468607613,
        0.06973287343819279,
        0.06963407472756147,
        0.06933311425317787,
        0.06910059749281502,
        0.06818244384193844,
        0.06419865570627095,
        0.053457596907630925,
        0.036213549850797486,
        0.021967361234064016
    ],
    "clip_indices": [
        0,
        1,
        3,
        5,
        7,
        9,
        11,
        13,
        15,
        17,
        19,
        20,
        22,
        24,
        26,
        28,
        30,
        32,
        34,
        36,
        38,
        39,
        41,
        43,
        45,
        47,
        49,
        51,
        53,
        55,
        57,
        59
    ]
}