{
    "video_path": "FallVision/No Fall/Bed/nf_raw_b_2/B_N_80_resized.mp4",
    "active_window": [
        21,
        27
    ],
    "varying_k": 7,
    "detection_status": "Global Event Zone",
    "saliency_weights": [
        0.019688237348821743,
        0.03616177708340399,
        0.05542167016588261,
        0.06621698612171675,
        0.06924446094091033,
        0.0697191292452145,
        0.06986392606632968,
        0.06972733994578659,
        0.06946083009805709,
        0.06945564255814035,
        0.06976827813078887,
        0.07017202669784814,
        0.07046548153556453,
        0.07059786802200868,
        0.07069936006833907,
        0.07089790084101567,
        0.07100697118178967,
        0.07072985704297993,
        0.0703201342150423,
        0.07046758942165672,
        0.07126509633796611,
        0.07199189208482357,
        0.07212052983036255,
        0.0718241923064174,
        0.0715560238999067,
        0.07167279492017761,
        0.07210489326566555,
        0.07185541031068446,
        0.06823572156181948,
        0.05707829212075266,
        0.038569106269113945,
        0.02313293800439399
    ],
    "clip_indices": [
        0,
        3,
        7,
        11,
        15,
        19,
        22,
        26,
        30,
        34,
        38,
        41,
        45,
        49,
        53,
        57,
        60,
        64,
        68,
        72,
        76,
        79,
        83,
        87,
        91,
        95,
        98,
        102,
        106,
        110,
        114,
        118
    ]
}