{
    "video_path": "FallVision/No Fall/Bed/nf_raw_b_2/B_N_12.mp4",
    "active_window": [
        7,
        13
    ],
    "varying_k": 7,
    "detection_status": "Global Event Zone",
    "saliency_weights": [
        0.01915899562328001,
        0.03239298497225071,
        0.04468530386494546,
        0.04552049631758879,
        0.04019212636554309,
        0.041970933421353634,
        0.06306446420790371,
        0.10906702176192434,
        0.17172813402308607,
        0.23008936366798072,
        0.2550046735665692,
        0.2275814709099751,
        0.16568546430526496,
        0.10736414318611388,
        0.07156671751852739,
        0.05438873849764994,
        0.04663267993782929,
        0.04197150956832215,
        0.037693825966201716,
        0.03352690135978488,
        0.029716937105611255,
        0.026231701975230573,
        0.023064052625770808,
        0.020435998611643965,
        0.018585496808406772,
        0.017579858080428293,
        0.017249646568436937,
        0.017116399320884677,
        0.016468710436314697,
        0.014535325654538599,
        0.011366490179848709,
        0.00873624716551925
    ],
    "clip_indices": [
        0,
        2,
        5,
        8,
        11,
        14,
        17,
        20,
        22,
        25,
        28,
        31,
        34,
        37,
        40,
        43,
        45,
        48,
        51,
        54,
        57,
        60,
        63,
        66,
        68,
        71,
        74,
        77,
        80,
        83,
        86,
        89
    ]
}