{
    "video_path": "FallVision/No Fall/Bed/nf_raw_b_2/B_N_89_resized.mp4",
    "active_window": [
        9,
        21
    ],
    "varying_k": 13,
    "detection_status": "Global Event Zone",
    "saliency_weights": [
        0.021185402631435868,
        0.03869375749603351,
        0.05862362857256643,
        0.06859823351263229,
        0.06962614016489424,
        0.06800307727910815,
        0.06707865146571496,
        0.06769371983027271,
        0.06999146932114256,
        0.07350374971538653,
        0.07659291889096194,
        0.07742879369281522,
        0.07577589394368336,
        0.07305940710669363,
        0.07155419233845511,
        0.07298209179064695,
        0.07646072578702967,
        0.07919324394011643,
        0.07963320603755339,
        0.07823738874047584,
        0.07574974643978005,
        0.07246070399516678,
        0.06880508296720697,
        0.06564538627819944,
        0.06363778795991636,
        0.06281229564316794,
        0.06273518802014971,
        0.06235422560162768,
        0.059250605760025346,
        0.04972208186013298,
        0.03384199737156915,
        0.02057224653986013
    ],
    "clip_indices": [
        0,
        3,
        7,
        11,
        15,
        19,
        23,
        26,
        30,
        34,
        38,
        42,
        46,
        49,
        53,
        57,
        61,
        65,
        69,
        72,
        76,
        80,
        84,
        88,
        92,
        95,
        99,
        103,
        107,
        111,
        115,
        119
    ]
}