{
    "video_path": "FallVision/No Fall/Bed/nf_raw_b_2/B_N_102.mp4",
    "active_window": [
        19,
        24
    ],
    "varying_k": 6,
    "detection_status": "Global Event Zone",
    "saliency_weights": [
        0.028954238126203794,
        0.051280975264468426,
        0.07244415489116401,
        0.07467041947398252,
        0.06460630104565518,
        0.056198701862474894,
        0.052565999509596145,
        0.05123106375499715,
        0.052971468271561045,
        0.05946020538817556,
        0.0676360891124843,
        0.07245846132373351,
        0.0730556918987926,
        0.07178779404857762,
        0.06989705006870585,
        0.06722181845907876,
        0.06459400243361177,
        0.06418869005559026,
        0.06774639933255888,
        0.07508608600189562,
        0.08287896789228108,
        0.08592120489982527,
        0.08268799133004248,
        0.07706359682327087,
        0.07274019607553117,
        0.07010507537089794,
        0.06875585600077364,
        0.06882101785686268,
        0.06787358125556694,
        0.05935788540909851,
        0.041387895093133634,
        0.025300708662190877
    ],
    "clip_indices": [
        0,
        7,
        15,
        23,
        30,
        38,
        46,
        54,
        61,
        69,
        77,
        85,
        92,
        100,
        108,
        116,
        123,
        131,
        139,
        147,
        154,
        162,
        170,
        178,
        185,
        193,
        201,
        209,
        216,
        224,
        232,
        240
    ]
}