{
    "video_path": "FallVision/No Fall/Bed/nf_raw_b_2/B_N_100.mp4",
    "active_window": [
        11,
        25
    ],
    "varying_k": 15,
    "detection_status": "Global Event Zone",
    "saliency_weights": [
        0.01740924836308942,
        0.031072602800251363,
        0.04510821049703198,
        0.0488326957122274,
        0.04430327336219416,
        0.03944052103691274,
        0.04052121014382208,
        0.049290598550911224,
        0.0607291265495198,
        0.06851200562356755,
        0.07240990760120813,
        0.07561646835539701,
        0.07852926088382567,
        0.07929882932210164,
        0.0778558147463408,
        0.0761589034151964,
        0.07585084761244493,
        0.07749232977869919,
        0.08098993730621865,
        0.08569473791363721,
        0.09010161782465656,
        0.09217519399293558,
        0.09098614716524657,
        0.08737712809548985,
        0.08275864045396089,
        0.07825132622178488,
        0.07425165273421053,
        0.0700284847969448,
        0.06346363859427534,
        0.05145749429746024,
        0.034426452038575556,
        0.020881587160936944
    ],
    "clip_indices": [
        0,
        4,
        9,
        14,
        19,
        24,
        28,
        33,
        38,
        43,
        48,
        52,
        57,
        62,
        67,
        72,
        76,
        81,
        86,
        91,
        96,
        100,
        105,
        110,
        115,
        120,
        124,
        129,
        134,
        139,
        144,
        149
    ]
}