{
    "video_path": "FallVision/No Fall/Bed/nf_raw_b_2/B_N_57.mp4",
    "active_window": [
        0,
        31
    ],
    "varying_k": 32,
    "detection_status": "Static/Uniform",
    "saliency_weights": [
        0.01996190580684435,
        0.03671638479570072,
        0.056417760123171984,
        0.06759787547331875,
        0.0706281373523373,
        0.07065016275964545,
        0.07045170784602511,
        0.0706000150192127,
        0.07085365794504737,
        0.07090411481217786,
        0.07080406751676198,
        0.07079150082635657,
        0.07090972323036232,
        0.07102859281019486,
        0.07106418324997482,
        0.07101731225829327,
        0.07089852992283055,
        0.07071709061264038,
        0.07052941458318678,
        0.0704284480242039,
        0.07045169542635166,
        0.07055331482571006,
        0.0706691654439578,
        0.07075490854579744,
        0.07078714411203374,
        0.070766062250019,
        0.07068439212983302,
        0.07010787113588897,
        0.06673625692806691,
        0.056135213228590414,
        0.038075792516469344,
        0.022857438413174447
    ],
    "clip_indices": [
        0,
        3,
        7,
        11,
        15,
        19,
        23,
        26,
        30,
        34,
        38,
        42,
        46,
        49,
        53,
        57,
        61,
        65,
        69,
        72,
        76,
        80,
        84,
        88,
        92,
        95,
        99,
        103,
        107,
        111,
        115,
        119
    ]
}