{
    "video_path": "FallVision/No Fall/Bed/nf_raw_b_2/B_N_88_resized.mp4",
    "active_window": [
        17,
        22
    ],
    "varying_k": 6,
    "detection_status": "Global Event Zone",
    "saliency_weights": [
        0.02377542851001131,
        0.04334770357092865,
        0.06538354461133274,
        0.07604726695431319,
        0.07699964359881478,
        0.07523742528663627,
        0.0727267238846492,
        0.06861041589648871,
        0.06367103073835549,
        0.05989690389814407,
        0.058473020517582686,
        0.05918812321397593,
        0.060361283223417495,
        0.060339868079963624,
        0.05989274750412289,
        0.06141474488721725,
        0.06589064993166485,
        0.07218999551003094,
        0.07825410102710706,
        0.08205053779295882,
        0.08255528629973549,
        0.08002718676906245,
        0.07547716430730865,
        0.07045192358579391,
        0.06694983762657555,
        0.06692014055251516,
        0.07016008734425201,
        0.07292852232236086,
        0.07029124596716774,
        0.05861170757284565,
        0.03944410191696493,
        0.023691182273240574
    ],
    "clip_indices": [
        0,
        3,
        7,
        11,
        15,
        19,
        23,
        26,
        30,
        34,
        38,
        42,
        46,
        49,
        53,
        57,
        61,
        65,
        69,
        72,
        76,
        80,
        84,
        88,
        92,
        95,
        99,
        103,
        107,
        111,
        115,
        119
    ]
}