{
    "video_path": "FallVision/No Fall/Bed/nf_raw_b_2/B_N_32.mp4",
    "active_window": [
        9,
        19
    ],
    "varying_k": 11,
    "detection_status": "Global Event Zone",
    "saliency_weights": [
        0.008599116799622561,
        0.015123659510814322,
        0.022951264712512395,
        0.02874958622585392,
        0.03536273060513729,
        0.04633935787405098,
        0.059940519811704965,
        0.07200352330585322,
        0.0804534199396115,
        0.08573451866717394,
        0.0903452507313166,
        0.09729912255998915,
        0.10781046363285715,
        0.11993823746844531,
        0.12785942958904783,
        0.12655675895180907,
        0.12041376543763614,
        0.11859974246497468,
        0.11866450015163471,
        0.10751403626658641,
        0.08251101443850284,
        0.05683951735060329,
        0.04143310891797516,
        0.03594019291592687,
        0.036151946604702584,
        0.03911571551052519,
        0.04223004741453902,
        0.042225840938606235,
        0.03715460663582229,
        0.028180199157140963,
        0.018260823065186525,
        0.011435236906234221
    ],
    "clip_indices": [
        0,
        2,
        4,
        7,
        9,
        11,
        14,
        16,
        19,
        21,
        23,
        26,
        28,
        31,
        33,
        35,
        38,
        40,
        42,
        45,
        47,
        50,
        52,
        54,
        57,
        59,
        62,
        64,
        66,
        69,
        71,
        74
    ]
}