{
    "video_path": "FallVision/No Fall/Bed/nf_raw_b_2/B_N_41.mp4",
    "active_window": [
        8,
        13
    ],
    "varying_k": 6,
    "detection_status": "Global Event Zone",
    "saliency_weights": [
        0.006770393991324791,
        0.00989205393386304,
        0.013288628749460098,
        0.015711315925642434,
        0.02065771910944807,
        0.03329627197869725,
        0.05743200275786326,
        0.0981586323511732,
        0.16274147341509188,
        0.24562587538946737,
        0.30935567481585674,
        0.31217004650651314,
        0.2566088467395075,
        0.17901501531238684,
        0.10992418502575252,
        0.06241908991570291,
        0.03588687284559578,
        0.022541789114321018,
        0.015599340783533321,
        0.011806740734568362,
        0.009740030886476885,
        0.008551935099855437,
        0.007757422190274613,
        0.007186160667357696,
        0.006800671950090757,
        0.006579551396324023,
        0.006485707783013614,
        0.006445540491664112,
        0.006328483746943349,
        0.005958373545139266,
        0.005323502005294759,
        0.004787465547275602
    ],
    "clip_indices": [
        0,
        3,
        6,
        9,
        12,
        15,
        18,
        21,
        24,
        27,
        30,
        33,
        36,
        39,
        42,
        45,
        49,
        52,
        55,
        58,
        61,
        64,
        67,
        70,
        73,
        76,
        79,
        82,
        85,
        88,
        91,
        95
    ]
}