{
    "video_path": "FallVision/No Fall/Bed/nf_raw_b_2/B_N_19.mp4",
    "active_window": [
        8,
        13
    ],
    "varying_k": 6,
    "detection_status": "Global Event Zone",
    "saliency_weights": [
        0.03126856669754869,
        0.05332252362126742,
        0.07233219169428473,
        0.06999985238748141,
        0.05611596036979305,
        0.050305677793230044,
        0.06239587851842582,
        0.09565152738165558,
        0.15107437102175625,
        0.21752322722084272,
        0.25876668395158064,
        0.24099105771831697,
        0.17860529295579003,
        0.11593548951447086,
        0.076001433398381,
        0.05464841970432162,
        0.04234557434879637,
        0.03371957582114478,
        0.026903304729605428,
        0.021728641848403077,
        0.018167206050429326,
        0.01579396233463954,
        0.0141930654248036,
        0.013186659009596147,
        0.012682991972699485,
        0.012543994682526798,
        0.012589076371223118,
        0.012578692830764866,
        0.012159791601408284,
        0.010903626167183877,
        0.008869403330822595,
        0.007188969338220375
    ],
    "clip_indices": [
        0,
        2,
        5,
        8,
        11,
        14,
        17,
        20,
        22,
        25,
        28,
        31,
        34,
        37,
        40,
        43,
        45,
        48,
        51,
        54,
        57,
        60,
        63,
        66,
        68,
        71,
        74,
        77,
        80,
        83,
        86,
        89
    ]
}