{
    "video_path": "FallVision/No Fall/Bed/nf_raw_b_2/B_N_94.mp4",
    "active_window": [
        8,
        20
    ],
    "varying_k": 13,
    "detection_status": "Global Event Zone",
    "saliency_weights": [
        0.01916378327361786,
        0.03519969871188343,
        0.05403467528157936,
        0.06481151159852702,
        0.06825382613989225,
        0.06945187523201392,
        0.07054972801533373,
        0.07148317482706665,
        0.07213845948724384,
        0.07269976631885514,
        0.07337910676561184,
        0.07420161118552368,
        0.07483342379120829,
        0.07485825431718372,
        0.074319752694644,
        0.07369878391659421,
        0.07349389569892861,
        0.07388915071003296,
        0.07443291693954429,
        0.0742217820067968,
        0.07274060891548766,
        0.07024540468254026,
        0.06753813036552922,
        0.06560594541786414,
        0.06483124906422713,
        0.06475685429475754,
        0.06514498656881604,
        0.06608970511137166,
        0.06528548244272467,
        0.05684666017098318,
        0.03937819970922976,
        0.023853175065397053
    ],
    "clip_indices": [
        0,
        13,
        27,
        40,
        54,
        67,
        81,
        94,
        108,
        121,
        135,
        148,
        162,
        175,
        189,
        202,
        216,
        229,
        243,
        256,
        270,
        283,
        297,
        310,
        324,
        337,
        351,
        364,
        378,
        391,
        405,
        419
    ]
}