{
    "video_path": "FallVision/No Fall/Bed/nf_raw_b_2/B_N_69_resized.mp4",
    "active_window": [
        19,
        27
    ],
    "varying_k": 9,
    "detection_status": "Global Event Zone",
    "saliency_weights": [
        0.02228265473114893,
        0.04047438441905986,
        0.060514792330746164,
        0.069095895285423,
        0.06777168516123584,
        0.06401441832702434,
        0.06195895617074225,
        0.06234873631582424,
        0.0640067466987998,
        0.06545441117389676,
        0.0663965213394098,
        0.06727192515892,
        0.06816085539756411,
        0.06879278893201958,
        0.0691204810557382,
        0.06937850658594683,
        0.06978272969124663,
        0.0704045324874465,
        0.07118288870069933,
        0.07199227467631195,
        0.07277286788790883,
        0.07355009892758993,
        0.07431323085726584,
        0.07497430964578758,
        0.07548305897811469,
        0.07586125717854075,
        0.07598340222126795,
        0.07508558606630866,
        0.07072718193906821,
        0.05882843847067104,
        0.039635337741326285,
        0.02375209523079702
    ],
    "clip_indices": [
        0,
        2,
        5,
        8,
        11,
        14,
        17,
        20,
        22,
        25,
        28,
        31,
        34,
        37,
        40,
        43,
        45,
        48,
        51,
        54,
        57,
        60,
        63,
        66,
        68,
        71,
        74,
        77,
        80,
        83,
        86,
        89
    ]
}