{
    "video_path": "FallVision/No Fall/Bed/nf_raw_b_2/B_N_42.mp4",
    "active_window": [
        11,
        18
    ],
    "varying_k": 8,
    "detection_status": "Global Event Zone",
    "saliency_weights": [
        0.019202522302127847,
        0.035355178493536824,
        0.054493398763142825,
        0.06567282040054792,
        0.06917952581313411,
        0.06977461467589452,
        0.06991830654035672,
        0.0700924910761075,
        0.07037461652994054,
        0.07083170592738909,
        0.07146002031470092,
        0.07218142588762529,
        0.07287133361214257,
        0.07337812701290584,
        0.07355544488133767,
        0.0733311649708075,
        0.0728189631653496,
        0.07223963177767245,
        0.07166572308737033,
        0.07101561576668461,
        0.07031624919126095,
        0.06976165181866824,
        0.06946395389088075,
        0.06936469423785599,
        0.06945324562792093,
        0.06983982800834068,
        0.07041174565128214,
        0.07026373532411295,
        0.06681796530201203,
        0.05595757726863214,
        0.03782650004341932,
        0.022675401113353484
    ],
    "clip_indices": [
        0,
        3,
        6,
        9,
        12,
        15,
        18,
        21,
        24,
        27,
        30,
        33,
        36,
        39,
        42,
        45,
        49,
        52,
        55,
        58,
        61,
        64,
        67,
        70,
        73,
        76,
        79,
        82,
        85,
        88,
        91,
        95
    ]
}