{
    "video_path": "FallVision/No Fall/Bed/nf_raw_b_2/B_N_07.mp4",
    "active_window": [
        7,
        13
    ],
    "varying_k": 7,
    "detection_status": "Global Event Zone",
    "saliency_weights": [
        0.024500903008009257,
        0.041348339419220635,
        0.05586384566186349,
        0.05431657440446587,
        0.045243247849696744,
        0.046490573746658596,
        0.07049223834231512,
        0.12087361800743127,
        0.18852944511522324,
        0.252196338164537,
        0.28128593792283635,
        0.2546123394588172,
        0.18823169117198207,
        0.11995941624626397,
        0.07133481276894417,
        0.042653821265535796,
        0.027406663131286486,
        0.01966795760111633,
        0.015718897857731846,
        0.013703072229051719,
        0.012669406341995412,
        0.0120481916662194,
        0.011577794115644361,
        0.011253366119429082,
        0.011101389594699172,
        0.011056241820738721,
        0.011030904644069611,
        0.010941867217206384,
        0.010577277928852198,
        0.009562927980817053,
        0.007901319274427302,
        0.006518145255803858
    ],
    "clip_indices": [
        0,
        11,
        23,
        34,
        46,
        57,
        69,
        81,
        92,
        104,
        115,
        127,
        138,
        150,
        162,
        173,
        185,
        196,
        208,
        220,
        231,
        243,
        254,
        266,
        277,
        289,
        301,
        312,
        324,
        335,
        347,
        359
    ]
}