{
    "video_path": "FallVision/No Fall/Bed/nf_raw_b_2/B_N_92.mp4",
    "active_window": [
        11,
        27
    ],
    "varying_k": 17,
    "detection_status": "Global Event Zone",
    "saliency_weights": [
        0.015815080605722738,
        0.029000841469719547,
        0.04464258206113231,
        0.0540869914344011,
        0.05825953204689059,
        0.06129649410462155,
        0.06408835650795958,
        0.06584534274254278,
        0.0670644109565536,
        0.06887564128248563,
        0.0713072230872204,
        0.07353146354572573,
        0.07487453718739048,
        0.07511357573504501,
        0.07448650154759133,
        0.07354768168136612,
        0.07289912473711692,
        0.07287029746311657,
        0.07308364985839916,
        0.07278044319442098,
        0.07206199483631731,
        0.07203310628757412,
        0.07329763729018063,
        0.07527035108478672,
        0.0770443792073876,
        0.07801418273166988,
        0.07794695456831544,
        0.07656105023739754,
        0.07185007786108838,
        0.05968585384554345,
        0.04016609031305275,
        0.02401261559713038
    ],
    "clip_indices": [
        0,
        9,
        19,
        28,
        38,
        48,
        57,
        67,
        77,
        86,
        96,
        106,
        115,
        125,
        135,
        144,
        154,
        163,
        173,
        183,
        192,
        202,
        212,
        221,
        231,
        241,
        250,
        260,
        270,
        279,
        289,
        299
    ]
}