{
    "video_path": "FallVision/No Fall/Bed/nf_raw_b_2/B_N_90_resized.mp4",
    "active_window": [
        8,
        16
    ],
    "varying_k": 9,
    "detection_status": "Global Event Zone",
    "saliency_weights": [
        0.025029386287128877,
        0.0452058059949733,
        0.06680364541313781,
        0.07505891226742337,
        0.07324555362915389,
        0.07077590459633615,
        0.07072904456153861,
        0.07186602914672023,
        0.07311237974238627,
        0.07442975635931227,
        0.07652382153191001,
        0.07995841356550537,
        0.08399431656216627,
        0.08682628509955646,
        0.08664166896851697,
        0.08261462289817814,
        0.07607569654465729,
        0.06967578481829415,
        0.06464575886672116,
        0.0603075360769429,
        0.055966472653501395,
        0.05197315595439629,
        0.0496347127458182,
        0.05067349414363468,
        0.05568973914408547,
        0.06317678724238387,
        0.07012561934603238,
        0.07259539563700994,
        0.06741899405730928,
        0.05393457317559351,
        0.0354166397829999,
        0.021204539409052023
    ],
    "clip_indices": [
        0,
        3,
        7,
        11,
        15,
        19,
        23,
        26,
        30,
        34,
        38,
        42,
        46,
        49,
        53,
        57,
        61,
        65,
        69,
        72,
        76,
        80,
        84,
        88,
        92,
        95,
        99,
        103,
        107,
        111,
        115,
        119
    ]
}