{
    "video_path": "FallVision/Fall/Chair/f_raw_c_1/C_M_46.mp4",
    "active_window": [
        8,
        13
    ],
    "varying_k": 6,
    "detection_status": "Global Event Zone",
    "saliency_weights": [
        0.007181161709855789,
        0.012375328982419852,
        0.020197522181738176,
        0.02790595637344425,
        0.033601406742585424,
        0.03735846363367677,
        0.04330905350411527,
        0.05945890502769778,
        0.09525995018289904,
        0.14941385431294993,
        0.19491377299674742,
        0.20028166636105751,
        0.16659953335997663,
        0.11952279449521722,
        0.07919544166713469,
        0.05286088860455471,
        0.040477125590203125,
        0.03890014073245435,
        0.0441957286274929,
        0.0528224183563068,
        0.06287177838462596,
        0.07348428560991485,
        0.08197769251491469,
        0.08346981797182607,
        0.0757075655577644,
        0.06174804283107922,
        0.04645106530560608,
        0.0337193916383879,
        0.02499925726213087,
        0.018624543552963918,
        0.012964985531266997,
        0.009092011037320786
    ],
    "clip_indices": [
        0,
        3,
        7,
        11,
        15,
        19,
        23,
        26,
        30,
        34,
        38,
        42,
        46,
        49,
        53,
        57,
        61,
        65,
        69,
        72,
        76,
        80,
        84,
        88,
        92,
        95,
        99,
        103,
        107,
        111,
        115,
        119
    ]
}