{
    "video_path": "FallVision/Fall/Chair/f_raw_c_1/C_M_182.mp4",
    "active_window": [
        16,
        22
    ],
    "varying_k": 7,
    "detection_status": "Global Event Zone",
    "saliency_weights": [
        0.0026774498785600053,
        0.0032786604902596715,
        0.003988267595533286,
        0.004397132013601933,
        0.0045209168279592826,
        0.004562314559647233,
        0.004701916562531846,
        0.005219322960311785,
        0.006645495347587996,
        0.00943426535340925,
        0.013476932516693548,
        0.018529411631755824,
        0.02526887179977106,
        0.03667871201471376,
        0.05923727337069548,
        0.09879557924827359,
        0.15178641110313673,
        0.20544722335758536,
        0.24622392828755157,
        0.2637788436388734,
        0.25239300437116297,
        0.2129136423747514,
        0.15603541166273086,
        0.1009934859766885,
        0.061355172537160926,
        0.0375200275045508,
        0.024359245801687395,
        0.016918788662579457,
        0.011988527833981955,
        0.008366408936493968,
        0.005836635909331307,
        0.004473973177886004
    ],
    "clip_indices": [
        0,
        2,
        5,
        8,
        11,
        14,
        17,
        20,
        22,
        25,
        28,
        31,
        34,
        37,
        40,
        43,
        45,
        48,
        51,
        54,
        57,
        60,
        63,
        66,
        68,
        71,
        74,
        77,
        80,
        83,
        86,
        89
    ]
}