{
    "video_path": "FallVision/Fall/Chair/f_raw_c_1/C_M_94.mp4",
    "active_window": [
        14,
        20
    ],
    "varying_k": 7,
    "detection_status": "Global Event Zone",
    "saliency_weights": [
        0.0034493508905725245,
        0.00398078998914575,
        0.004637620805095869,
        0.005111221242645986,
        0.00549366492031585,
        0.006042971115852735,
        0.0069266436883725965,
        0.008167910929240447,
        0.009692601739859332,
        0.01187568042960781,
        0.0165198995746047,
        0.0276783773810304,
        0.05226919665815721,
        0.09757526123429311,
        0.16518716744629425,
        0.24520318552101805,
        0.3103817593930479,
        0.32721304557557185,
        0.28604275078281816,
        0.20743538292029295,
        0.12250285042578797,
        0.05832426109732183,
        0.024757357340823512,
        0.012113553881931268,
        0.007830985417200346,
        0.00614160768195187,
        0.005399940025797894,
        0.0050907041648830635,
        0.004936865440677231,
        0.004719992647749939,
        0.004366319632315922,
        0.004064254892348039
    ],
    "clip_indices": [
        0,
        3,
        6,
        9,
        12,
        15,
        18,
        21,
        24,
        27,
        30,
        33,
        36,
        39,
        42,
        45,
        49,
        52,
        55,
        58,
        61,
        64,
        67,
        70,
        73,
        76,
        79,
        82,
        85,
        88,
        91,
        95
    ]
}