{
    "video_path": "FallVision/Fall/Chair/f_raw_c_1/C_M_205_resized.mp4",
    "active_window": [
        21,
        27
    ],
    "varying_k": 7,
    "detection_status": "Global Event Zone",
    "saliency_weights": [
        0.002958871633217,
        0.0032904886294343356,
        0.0036849937500059585,
        0.003942119316453145,
        0.004129248641449463,
        0.004374428175001324,
        0.004655052011692111,
        0.004917537167716582,
        0.00526753700548354,
        0.00595096648696359,
        0.007244030929099296,
        0.009223097806921439,
        0.011441925640192084,
        0.013119483726340038,
        0.013650095140041785,
        0.012927117006467207,
        0.011704173361984002,
        0.011752435328973826,
        0.016145744863325727,
        0.030936680591895322,
        0.06729535151821271,
        0.1355438814008046,
        0.225501821885371,
        0.30151570029223984,
        0.3304431042624174,
        0.30124104469683727,
        0.22706724873493822,
        0.14300661177958196,
        0.07872295205169454,
        0.03949307548977205,
        0.018973944700941197,
        0.01053410846216068
    ],
    "clip_indices": [
        0,
        3,
        7,
        11,
        15,
        19,
        23,
        26,
        30,
        34,
        38,
        42,
        46,
        49,
        53,
        57,
        61,
        65,
        69,
        72,
        76,
        80,
        84,
        88,
        92,
        95,
        99,
        103,
        107,
        111,
        115,
        119
    ]
}