{
    "video_path": "FallVision/Fall/Chair/f_raw_c_1/C_M_160.mp4",
    "active_window": [
        10,
        16
    ],
    "varying_k": 7,
    "detection_status": "Global Event Zone",
    "saliency_weights": [
        0.003443526694519386,
        0.0039025367168535794,
        0.004498857526732094,
        0.005007341733521735,
        0.0056426076667786835,
        0.007305435555681581,
        0.01209825770191626,
        0.023683406334140178,
        0.04704621456675466,
        0.08462505151539704,
        0.1312898354201069,
        0.18064903745253347,
        0.23404224554783487,
        0.2884542873102089,
        0.31497324832831036,
        0.2789475116670759,
        0.19165640761300337,
        0.10413487204035465,
        0.04881117501232478,
        0.0224997306048185,
        0.011804137113591365,
        0.0077750036170599664,
        0.0061455058990913525,
        0.005422827228430889,
        0.005144801996485489,
        0.0050396067266511805,
        0.004946711240826102,
        0.004847441390982081,
        0.004732397870978371,
        0.004516989416859537,
        0.004178032935394355,
        0.003895654405451544
    ],
    "clip_indices": [
        0,
        3,
        7,
        11,
        15,
        19,
        23,
        26,
        30,
        34,
        38,
        42,
        46,
        49,
        53,
        57,
        61,
        65,
        69,
        72,
        76,
        80,
        84,
        88,
        92,
        95,
        99,
        103,
        107,
        111,
        115,
        119
    ]
}