{
    "video_path": "FallVision/Fall/Chair/f_raw_c_1/C_M_156.mp4",
    "active_window": [
        20,
        26
    ],
    "varying_k": 7,
    "detection_status": "Global Event Zone",
    "saliency_weights": [
        0.003336953958960255,
        0.0037812698501586564,
        0.004286540122893048,
        0.004537271032932895,
        0.004556452673712966,
        0.0045025154393972715,
        0.004465218683830579,
        0.004483435198380611,
        0.00460032308938798,
        0.00486044685492999,
        0.005285616376778678,
        0.005897513669799973,
        0.006764303206153283,
        0.008040623225836159,
        0.010025747575419512,
        0.013255512289236854,
        0.018708274956757413,
        0.028329332936780714,
        0.045932286363086994,
        0.07768795823045528,
        0.1308110916298172,
        0.20688918144417467,
        0.2867383255232983,
        0.3305107801409459,
        0.3128061073989342,
        0.24354846356766635,
        0.15245495007918647,
        0.07488347091465639,
        0.03126794355613745,
        0.014113957420271796,
        0.007992591388134858,
        0.005675030323977665
    ],
    "clip_indices": [
        0,
        1,
        3,
        5,
        7,
        9,
        11,
        13,
        15,
        17,
        19,
        20,
        22,
        24,
        26,
        28,
        30,
        32,
        34,
        36,
        38,
        39,
        41,
        43,
        45,
        47,
        49,
        51,
        53,
        55,
        57,
        59
    ]
}