{
    "video_path": "FallVision/Fall/Chair/f_raw_c_1/C_M_101_resized.mp4",
    "active_window": [
        23,
        29
    ],
    "varying_k": 7,
    "detection_status": "Global Event Zone",
    "saliency_weights": [
        0.004493446174613202,
        0.006851664871906421,
        0.009640762749760822,
        0.011242555872897127,
        0.011657423390086793,
        0.011567874536334998,
        0.011412076797039147,
        0.011393909954770288,
        0.011656267840432152,
        0.012314766449331525,
        0.013471644434532727,
        0.015507035792579896,
        0.019544377262959642,
        0.02744083186038499,
        0.041086325819400714,
        0.06002944245064429,
        0.07792739759453471,
        0.08627591926272121,
        0.08526380719469875,
        0.08366367334830935,
        0.08622308262338911,
        0.08984763083249261,
        0.09221154581733045,
        0.09695959668921411,
        0.11161340446109999,
        0.14234345274847995,
        0.18111388393551672,
        0.20063630802177332,
        0.18178894823114122,
        0.13466104202663018,
        0.08196100909549234,
        0.04644388847353463
    ],
    "clip_indices": [
        0,
        1,
        3,
        4,
        6,
        7,
        9,
        10,
        12,
        13,
        15,
        16,
        18,
        19,
        21,
        22,
        24,
        25,
        27,
        28,
        30,
        31,
        33,
        34,
        36,
        37,
        39,
        40,
        42,
        43,
        45,
        47
    ]
}