{
    "video_path": "FallVision/Fall/Chair/f_raw_c_1/C_M_174.mp4",
    "active_window": [
        15,
        25
    ],
    "varying_k": 11,
    "detection_status": "Global Event Zone",
    "saliency_weights": [
        0.0027515841829602876,
        0.0037693138694554914,
        0.005775259616398573,
        0.008648593613167345,
        0.011860715054550185,
        0.014470829037667228,
        0.015281202073521474,
        0.01370060257615642,
        0.010840508733150653,
        0.008525463468902986,
        0.007838584022419973,
        0.009679341382622525,
        0.016393808874118634,
        0.03337830248045397,
        0.06924588304498269,
        0.126314641423728,
        0.18391800799730668,
        0.20917168152570056,
        0.19466717870707692,
        0.16379271562133702,
        0.1398996637378594,
        0.13066217938471528,
        0.13112389657623572,
        0.1295080595390014,
        0.1181845268683222,
        0.09884203459552707,
        0.0763137657790697,
        0.05417415174829552,
        0.03485565080913139,
        0.02019980451076825,
        0.011055332066071212,
        0.006811156575742151
    ],
    "clip_indices": [
        0,
        1,
        3,
        5,
        7,
        9,
        11,
        13,
        15,
        17,
        19,
        20,
        22,
        24,
        26,
        28,
        30,
        32,
        34,
        36,
        38,
        39,
        41,
        43,
        45,
        47,
        49,
        51,
        53,
        55,
        57,
        59
    ]
}