{
    "video_path": "FallVision/Fall/Chair/f_raw_c_1/C_M_187_resized.mp4",
    "active_window": [
        24,
        29
    ],
    "varying_k": 6,
    "detection_status": "Global Event Zone",
    "saliency_weights": [
        0.004856728359881873,
        0.0065584822889077025,
        0.008756759106353169,
        0.010455475673489745,
        0.011646454033051298,
        0.012667084500439109,
        0.013577687985508768,
        0.014347736904100048,
        0.015185127846652026,
        0.016361647024544953,
        0.017912796269008317,
        0.019875906079121423,
        0.022683075296543856,
        0.02673968803893747,
        0.03149027207208624,
        0.0354778120954887,
        0.03717362361020034,
        0.0357674641342126,
        0.032146735166966325,
        0.028640752382971906,
        0.027444950760288446,
        0.03135186995615399,
        0.04733414464678058,
        0.08610560321322268,
        0.15204193525655096,
        0.23381731564527003,
        0.30029414765172935,
        0.3055166875465175,
        0.2348289548458724,
        0.13697254910478202,
        0.06597974760436989,
        0.03343913106779946
    ],
    "clip_indices": [
        0,
        2,
        4,
        6,
        9,
        11,
        13,
        16,
        18,
        20,
        22,
        25,
        27,
        29,
        32,
        34,
        36,
        38,
        41,
        43,
        45,
        48,
        50,
        52,
        54,
        57,
        59,
        61,
        64,
        66,
        68,
        71
    ]
}