{
    "video_path": "FallVision/Fall/Chair/f_raw_c_1/C_M_02.mp4",
    "active_window": [
        7,
        14
    ],
    "varying_k": 8,
    "detection_status": "Global Event Zone",
    "saliency_weights": [
        0.003020994717082309,
        0.004063615286981164,
        0.006497980428845105,
        0.01204933565871899,
        0.024863470700899205,
        0.05025516480014746,
        0.09228340779054743,
        0.14984954382451807,
        0.21145452004323062,
        0.26025347826156553,
        0.28255161639471543,
        0.27138032947688395,
        0.23040950473671096,
        0.17181832276217424,
        0.11142228786466342,
        0.06344792889650074,
        0.03312218128894397,
        0.017083056232451297,
        0.00979758348078494,
        0.0067855897380197025,
        0.0054370459044224325,
        0.004759119128441179,
        0.004419269065250997,
        0.004215566040293878,
        0.004048757435095496,
        0.003943400481074837,
        0.003933707980436491,
        0.003980365745706693,
        0.003990364109350307,
        0.003853497880573331,
        0.003556291455806904,
        0.003291430434426552
    ],
    "clip_indices": [
        0,
        3,
        7,
        11,
        15,
        19,
        23,
        26,
        30,
        34,
        38,
        42,
        46,
        49,
        53,
        57,
        61,
        65,
        69,
        72,
        76,
        80,
        84,
        88,
        92,
        95,
        99,
        103,
        107,
        111,
        115,
        119
    ]
}