{
    "video_path": "FallVision/Fall/Chair/f_raw_c_1/C_M_197_resized.mp4",
    "active_window": [
        14,
        19
    ],
    "varying_k": 6,
    "detection_status": "Global Event Zone",
    "saliency_weights": [
        0.0033798186634070235,
        0.0036262320242773493,
        0.004019138149401953,
        0.004565958363638168,
        0.005534463643746936,
        0.007358722573088805,
        0.010447300056478316,
        0.014736494423394773,
        0.019301082026767155,
        0.023840767570637002,
        0.030773190317331015,
        0.044125335857050654,
        0.06747648746350493,
        0.10567623289272973,
        0.16630617496503206,
        0.24749257796541874,
        0.3161990198098694,
        0.3246992686815755,
        0.2652545497389942,
        0.17701309882873106,
        0.09908591800178732,
        0.04764996588208071,
        0.02188689051131342,
        0.01171075116316421,
        0.007747421524804782,
        0.00590924185370547,
        0.004992066101298316,
        0.004528538686375861,
        0.004251885500980698,
        0.0040255875534706,
        0.003811204497505098,
        0.0036639100014924765
    ],
    "clip_indices": [
        0,
        5,
        11,
        17,
        23,
        28,
        34,
        40,
        46,
        51,
        57,
        63,
        69,
        75,
        80,
        86,
        92,
        98,
        103,
        109,
        115,
        121,
        127,
        132,
        138,
        144,
        150,
        155,
        161,
        167,
        173,
        179
    ]
}