{
    "video_path": "FallVision/Fall/Chair/f_raw_c_1/C_M_141_resized.mp4",
    "active_window": [
        8,
        14
    ],
    "varying_k": 7,
    "detection_status": "Global Event Zone",
    "saliency_weights": [
        0.0037607452193960593,
        0.00450701954332554,
        0.005845614218995845,
        0.007753244224723059,
        0.010622263753271795,
        0.01604070638450442,
        0.028599307165835433,
        0.058727461875804576,
        0.12249398431253473,
        0.21972833025104055,
        0.30604294868208526,
        0.3280611425087921,
        0.28573871034035914,
        0.21863100140328853,
        0.15507167066530544,
        0.1024032477970565,
        0.061793195769308654,
        0.03446710928653753,
        0.019217340259199668,
        0.011861389052505673,
        0.008462581253141938,
        0.006797957858794246,
        0.005846054272018586,
        0.005224656918151802,
        0.004802733935884501,
        0.0045183828866580955,
        0.004331696262879765,
        0.0042095346573449086,
        0.004110222880274211,
        0.003979286553123551,
        0.0038032024377194964,
        0.0036635106663523037
    ],
    "clip_indices": [
        0,
        2,
        5,
        8,
        11,
        14,
        17,
        20,
        22,
        25,
        28,
        31,
        34,
        37,
        40,
        43,
        45,
        48,
        51,
        54,
        57,
        60,
        63,
        66,
        68,
        71,
        74,
        77,
        80,
        83,
        86,
        89
    ]
}