{
    "video_path": "FallVision/Fall/Chair/f_raw_c_1/C_M_152_resized.mp4",
    "active_window": [
        2,
        9
    ],
    "varying_k": 8,
    "detection_status": "Global Event Zone",
    "saliency_weights": [
        0.03637579385651822,
        0.07162894844744794,
        0.12788220251437277,
        0.1891235638788989,
        0.24007685434147405,
        0.2686248235335018,
        0.27099241160780757,
        0.24844601897527047,
        0.20448245677205018,
        0.1465718328479492,
        0.08936599060471331,
        0.047698041675559674,
        0.024474663830347042,
        0.01335530913004453,
        0.00822128668476478,
        0.005890399226489679,
        0.004900121108428858,
        0.004520776527224481,
        0.004391386728149982,
        0.004359990911555258,
        0.004366444327083945,
        0.004384925501621104,
        0.00440411582297617,
        0.00442038917542853,
        0.004433640154395203,
        0.004444774343746795,
        0.0044516427621803575,
        0.0044380519789262995,
        0.004346233764396907,
        0.0040756206121753905,
        0.003628259965086746,
        0.0032551533183034576
    ],
    "clip_indices": [
        0,
        2,
        5,
        8,
        11,
        14,
        17,
        20,
        23,
        26,
        29,
        31,
        34,
        37,
        40,
        43,
        46,
        49,
        52,
        55,
        58,
        60,
        63,
        66,
        69,
        72,
        75,
        78,
        81,
        84,
        87,
        90
    ]
}