{
    "video_path": "FallVision/Fall/Chair/f_raw_c_1/C_M_91.mp4",
    "active_window": [
        16,
        22
    ],
    "varying_k": 7,
    "detection_status": "Global Event Zone",
    "saliency_weights": [
        0.0035856908802798593,
        0.004071052147289023,
        0.004648991736119134,
        0.004992483532990543,
        0.00510934876174726,
        0.005150154872558559,
        0.005222631171281128,
        0.005418488862742883,
        0.0059026700776489355,
        0.007010624628165506,
        0.009354124792932659,
        0.013746537027748487,
        0.02116867117109274,
        0.03355737963174509,
        0.05518684144831526,
        0.09288677806082793,
        0.15347557274455392,
        0.23323854923413928,
        0.3003180295568718,
        0.3084159675900219,
        0.2510698615369923,
        0.1720821103721634,
        0.11051691671896072,
        0.07295238196037229,
        0.0516052294324009,
        0.03859854542094093,
        0.02914313478336429,
        0.02157610819270249,
        0.015590625584052093,
        0.01104296785795118,
        0.007845877951405338,
        0.0061104282439868665
    ],
    "clip_indices": [
        0,
        5,
        11,
        17,
        23,
        28,
        34,
        40,
        46,
        51,
        57,
        63,
        69,
        75,
        80,
        86,
        92,
        98,
        103,
        109,
        115,
        121,
        127,
        132,
        138,
        144,
        150,
        155,
        161,
        167,
        173,
        179
    ]
}