{
    "video_path": "FallVision/Fall/Chair/f_raw_c_1/C_M_175.mp4",
    "active_window": [
        16,
        26
    ],
    "varying_k": 11,
    "detection_status": "Global Event Zone",
    "saliency_weights": [
        0.002247904374793379,
        0.002677005746311066,
        0.0032054698859689873,
        0.003575572283678999,
        0.003836546169572259,
        0.004141924860591967,
        0.004531192263007944,
        0.004923752227560798,
        0.0051587502393550585,
        0.00513963287813951,
        0.005068185704248596,
        0.005605600029980962,
        0.008260105361960854,
        0.016260073104429094,
        0.03504460307762211,
        0.06768726344989864,
        0.10616275554094107,
        0.13450727803281465,
        0.14388005339707496,
        0.1388711365295246,
        0.13473625076777046,
        0.1492872388843449,
        0.18399509475856246,
        0.2177017767517994,
        0.2255760318652253,
        0.19427791073468803,
        0.13156592510970086,
        0.06855318471711068,
        0.030088791736346987,
        0.013680827777695791,
        0.007238138621251293,
        0.0046872302582852444
    ],
    "clip_indices": [
        0,
        2,
        5,
        8,
        11,
        14,
        17,
        20,
        22,
        25,
        28,
        31,
        34,
        37,
        40,
        43,
        45,
        48,
        51,
        54,
        57,
        60,
        63,
        66,
        68,
        71,
        74,
        77,
        80,
        83,
        86,
        89
    ]
}