{
    "video_path": "FallVision/Fall/Chair/f_raw_c_1/C_M_76.mp4",
    "active_window": [
        14,
        24
    ],
    "varying_k": 11,
    "detection_status": "Global Event Zone",
    "saliency_weights": [
        0.007530982017149298,
        0.013078355890655705,
        0.019651636883213277,
        0.02345433132795876,
        0.024490053044811975,
        0.024397117565589543,
        0.024288751719113877,
        0.024624020405862396,
        0.025458882263424604,
        0.02688996069788816,
        0.02961566745442377,
        0.03529915823774862,
        0.04667534262361816,
        0.06588801491478902,
        0.09134863274322536,
        0.11755729658067177,
        0.13724259139085615,
        0.14519520116762363,
        0.1444123254406307,
        0.14380058782649544,
        0.14583560110811816,
        0.1438502252799046,
        0.13308146876201,
        0.11594181750297097,
        0.0964172370807702,
        0.07650357456146505,
        0.05773796581710782,
        0.04234641135845896,
        0.031271466103480895,
        0.02269217482461671,
        0.015066969362129989,
        0.009932343963039339
    ],
    "clip_indices": [
        0,
        1,
        3,
        5,
        7,
        9,
        11,
        13,
        15,
        17,
        19,
        20,
        22,
        24,
        26,
        28,
        30,
        32,
        34,
        36,
        38,
        39,
        41,
        43,
        45,
        47,
        49,
        51,
        53,
        55,
        57,
        59
    ]
}