{
    "video_path": "FallVision/Fall/Chair/f_raw_c_1/C_M_179.mp4",
    "active_window": [
        16,
        21
    ],
    "varying_k": 6,
    "detection_status": "Global Event Zone",
    "saliency_weights": [
        0.00376669422044644,
        0.004677015332447442,
        0.005769294856703398,
        0.006467810479897458,
        0.006937136385098833,
        0.007964805663572029,
        0.01082752444463635,
        0.01662623819566695,
        0.02520154507810338,
        0.03446323324753427,
        0.04001715855278465,
        0.03868534008649247,
        0.03420060399888123,
        0.03606307564660749,
        0.054600618150376985,
        0.09711011482571286,
        0.16230089037500478,
        0.23577069696062913,
        0.2871084800053144,
        0.2829335032796465,
        0.2229546929063507,
        0.14507082633683419,
        0.08325140085463818,
        0.046207819177019355,
        0.029557511303937745,
        0.025588617786039533,
        0.026811764656204565,
        0.02713136723297721,
        0.02360859835813159,
        0.01768333108943842,
        0.01211439410546632,
        0.008752302468078153
    ],
    "clip_indices": [
        0,
        2,
        5,
        8,
        11,
        14,
        17,
        20,
        22,
        25,
        28,
        31,
        34,
        37,
        40,
        43,
        45,
        48,
        51,
        54,
        57,
        60,
        63,
        66,
        68,
        71,
        74,
        77,
        80,
        83,
        86,
        89
    ]
}