{
    "video_path": "FallVision/Fall/Chair/f_raw_c_1/C_M_129.mp4",
    "active_window": [
        15,
        20
    ],
    "varying_k": 6,
    "detection_status": "Global Event Zone",
    "saliency_weights": [
        0.0033145058104917637,
        0.003739433355210666,
        0.004215440041456217,
        0.004459626881443741,
        0.004568819620169475,
        0.004776017164398607,
        0.0051917761141408135,
        0.00583097917835444,
        0.006685464901282453,
        0.007792675576468875,
        0.009502924240183562,
        0.013530140788956627,
        0.02480655628653953,
        0.05239206231514701,
        0.10804357947084522,
        0.19486104234420148,
        0.28748560416592484,
        0.3411434907708967,
        0.33006577627441575,
        0.26173152538669464,
        0.16708923621236743,
        0.08603290074782308,
        0.039611763552671445,
        0.020544705840713492,
        0.014362089967836961,
        0.012681161434015192,
        0.011893642756271479,
        0.010618058785306672,
        0.008630761699980083,
        0.0065271333266877,
        0.004965158273714907,
        0.004162865170712899
    ],
    "clip_indices": [
        0,
        2,
        5,
        8,
        11,
        14,
        17,
        20,
        22,
        25,
        28,
        31,
        34,
        37,
        40,
        43,
        45,
        48,
        51,
        54,
        57,
        60,
        63,
        66,
        68,
        71,
        74,
        77,
        80,
        83,
        86,
        89
    ]
}