{
    "video_path": "FallVision/Fall/Chair/f_raw_c_1/C_M_18_resized.mp4",
    "active_window": [
        13,
        19
    ],
    "varying_k": 7,
    "detection_status": "Global Event Zone",
    "saliency_weights": [
        0.003613848802335628,
        0.0038619542926014083,
        0.004167184864754722,
        0.004403542942535352,
        0.004711616353156741,
        0.00556373863739245,
        0.008007727468617548,
        0.01413008010313918,
        0.027087563054779912,
        0.04779906805904782,
        0.07056650497739608,
        0.08798310459436219,
        0.10056521449929813,
        0.1195997608779783,
        0.16438803194579915,
        0.24155344138858678,
        0.31121479364251686,
        0.31064938826859606,
        0.23350631602150057,
        0.137054053584015,
        0.06798880207753058,
        0.031231973484968815,
        0.01504731368800364,
        0.008833627467883015,
        0.0063616502137831925,
        0.00523101914212578,
        0.004726675724509247,
        0.004510512495028982,
        0.0043675638970778865,
        0.0042074642951651555,
        0.004027763511150048,
        0.0038973269850377922
    ],
    "clip_indices": [
        0,
        2,
        5,
        8,
        11,
        14,
        17,
        20,
        22,
        25,
        28,
        31,
        34,
        37,
        40,
        43,
        45,
        48,
        51,
        54,
        57,
        60,
        63,
        66,
        68,
        71,
        74,
        77,
        80,
        83,
        86,
        89
    ]
}