{
    "video_path": "FallVision/Fall/Chair/f_raw_c_1/C_M_159_resized.mp4",
    "active_window": [
        16,
        22
    ],
    "varying_k": 7,
    "detection_status": "Global Event Zone",
    "saliency_weights": [
        0.004110026723624003,
        0.004839872212453787,
        0.005744130399534109,
        0.0064110105881635725,
        0.006990177606749217,
        0.007823640660239935,
        0.009040806236036786,
        0.010543218274285348,
        0.012058856490056776,
        0.01338723465059087,
        0.014766110202785468,
        0.017012491798822967,
        0.02159596164844343,
        0.03029914367110172,
        0.0452437468409323,
        0.07261088845757058,
        0.12683095273358322,
        0.2156810446533015,
        0.3072957856295428,
        0.3414673215891094,
        0.29673126482299383,
        0.20952846969310604,
        0.12414970089789176,
        0.06335751061754863,
        0.030748197794269093,
        0.016886609425345686,
        0.01125708287682746,
        0.008754244601340916,
        0.007527434322859108,
        0.006687608548600593,
        0.005853078491069812,
        0.005237264571418503
    ],
    "clip_indices": [
        0,
        2,
        5,
        8,
        11,
        14,
        17,
        20,
        23,
        26,
        29,
        31,
        34,
        37,
        40,
        43,
        46,
        49,
        52,
        55,
        58,
        60,
        63,
        66,
        69,
        72,
        75,
        78,
        81,
        84,
        87,
        90
    ]
}