{
    "video_path": "FallVision/Fall/Chair/f_raw_c_1/C_M_125_resized.mp4",
    "active_window": [
        13,
        20
    ],
    "varying_k": 8,
    "detection_status": "Global Event Zone",
    "saliency_weights": [
        0.0024041526792835904,
        0.002639551122974697,
        0.0029670256757364727,
        0.003278234805160914,
        0.0036013544977340816,
        0.0040412112850025704,
        0.0047625281982518345,
        0.006188349469679307,
        0.00946381384092997,
        0.01723436498823663,
        0.034073173649608324,
        0.06284743385240107,
        0.09904011115801453,
        0.1341510794756915,
        0.16410352532948136,
        0.19055810419543545,
        0.21726517754229957,
        0.24328733173214173,
        0.25364743587163346,
        0.22713903274606556,
        0.16568429367528087,
        0.09895075397144606,
        0.051090684414630674,
        0.02439619332214301,
        0.011889053147612506,
        0.006809004376148084,
        0.00478498279765213,
        0.0038780188606536794,
        0.003388201400579112,
        0.003061216103446229,
        0.002814354307325728,
        0.0026652268914088575
    ],
    "clip_indices": [
        0,
        5,
        11,
        17,
        23,
        28,
        34,
        40,
        46,
        51,
        57,
        63,
        69,
        75,
        80,
        86,
        92,
        98,
        103,
        109,
        115,
        121,
        127,
        132,
        138,
        144,
        150,
        155,
        161,
        167,
        173,
        179
    ]
}