{
    "video_path": "FallVision/Fall/Chair/f_raw_c_1/C_M_47.mp4",
    "active_window": [
        7,
        19
    ],
    "varying_k": 13,
    "detection_status": "Global Event Zone",
    "saliency_weights": [
        0.005245210536191751,
        0.008239378329896307,
        0.012141830220682975,
        0.0165723865608976,
        0.0258930039950395,
        0.0476068555375149,
        0.08835400356364168,
        0.14230081894757762,
        0.17895018601105067,
        0.169842962124855,
        0.12757023429848668,
        0.08789887044879621,
        0.07063928288036835,
        0.07654734699151493,
        0.09986400382975529,
        0.1315552021320318,
        0.1564256719223219,
        0.15811921840938178,
        0.1339117899334627,
        0.09641338661761348,
        0.060309584719158225,
        0.0348292735592531,
        0.021816029881485257,
        0.01670607150852648,
        0.014603447176236515,
        0.013526608266030887,
        0.013024857585599953,
        0.012817127323737505,
        0.012414839058966766,
        0.011132800985591523,
        0.008884040820883638,
        0.006969369005278901
    ],
    "clip_indices": [
        0,
        3,
        7,
        11,
        15,
        19,
        23,
        26,
        30,
        34,
        38,
        42,
        46,
        49,
        53,
        57,
        61,
        65,
        69,
        72,
        76,
        80,
        84,
        88,
        92,
        95,
        99,
        103,
        107,
        111,
        115,
        119
    ]
}