{
    "video_path": "FallVision/Fall/Chair/f_raw_c_1/C_M_97_resized.mp4",
    "active_window": [
        15,
        22
    ],
    "varying_k": 8,
    "detection_status": "Global Event Zone",
    "saliency_weights": [
        0.0029707360321702195,
        0.003643762615260575,
        0.00452273967475759,
        0.005289071451481871,
        0.00614318741998908,
        0.007469766438744351,
        0.009429536977858241,
        0.01176749021459553,
        0.01368748693982837,
        0.014585098713649157,
        0.015164807529571972,
        0.017428924020936237,
        0.024403850424557182,
        0.04013789844626186,
        0.06926958348595355,
        0.1144920050093861,
        0.1715467616825236,
        0.22890545716238797,
        0.27194652563955707,
        0.28640482318935756,
        0.2637704449243128,
        0.20609224640097223,
        0.13045700870148338,
        0.06574037259660054,
        0.029054235496402528,
        0.01416398227445432,
        0.008755586905266134,
        0.006548248248429093,
        0.005454482263485859,
        0.0047211689544548255,
        0.004086662739842772,
        0.0036585682834401143
    ],
    "clip_indices": [
        0,
        5,
        11,
        17,
        23,
        28,
        34,
        40,
        46,
        51,
        57,
        63,
        69,
        75,
        80,
        86,
        92,
        98,
        103,
        109,
        115,
        121,
        127,
        132,
        138,
        144,
        150,
        155,
        161,
        167,
        173,
        179
    ]
}