{
    "video_path": "FallVision/Fall/Chair/f_raw_c_1/C_M_111.mp4",
    "active_window": [
        2,
        20
    ],
    "varying_k": 19,
    "detection_status": "Global Event Zone",
    "saliency_weights": [
        0.04327502261489048,
        0.07678845862590118,
        0.11151629293807133,
        0.12195148520800991,
        0.11350959048184231,
        0.1010274605469777,
        0.08662698526827867,
        0.06714494365798418,
        0.04667818078574579,
        0.03240789909511261,
        0.025461843423746626,
        0.022502679756356253,
        0.021475271441682854,
        0.02410092440681262,
        0.03681191733725059,
        0.06772573281581236,
        0.11910250848277551,
        0.18032570079257348,
        0.22181031928035183,
        0.20935992545228047,
        0.14615709046988734,
        0.07706717393401144,
        0.03535118672859862,
        0.0180806716404653,
        0.011517273492695983,
        0.008650683143354269,
        0.007322352848706014,
        0.006712039686416625,
        0.006306808966826708,
        0.005726733577180749,
        0.004885839567446437,
        0.004201524616770361
    ],
    "clip_indices": [
        0,
        11,
        23,
        34,
        46,
        57,
        69,
        81,
        92,
        104,
        115,
        127,
        138,
        150,
        162,
        173,
        185,
        196,
        208,
        220,
        231,
        243,
        254,
        266,
        277,
        289,
        301,
        312,
        324,
        335,
        347,
        359
    ]
}