{
    "video_path": "FallVision/Fall/Chair/f_raw_c_1/C_M_149.mp4",
    "active_window": [
        16,
        21
    ],
    "varying_k": 6,
    "detection_status": "Global Event Zone",
    "saliency_weights": [
        0.004259502655365086,
        0.004767345526590414,
        0.005382834964926536,
        0.005804982627749113,
        0.006135472267371994,
        0.006633027510311418,
        0.007447095280764977,
        0.008591379329103394,
        0.009962472957063775,
        0.01152773196150151,
        0.013658540128644949,
        0.017512259296573057,
        0.025521188554439498,
        0.041169216999378005,
        0.06857222164659288,
        0.113841810462888,
        0.18505396533989815,
        0.2779799917235872,
        0.34966181937166274,
        0.33828345781301494,
        0.24216914866103273,
        0.13220375878972315,
        0.06364017705582072,
        0.03412833957215635,
        0.02258395614517964,
        0.016851575414885335,
        0.012727763611363976,
        0.009608598696920156,
        0.00764829060798175,
        0.006454625969975663,
        0.0055634821413908745,
        0.004995182458389865
    ],
    "clip_indices": [
        0,
        2,
        5,
        8,
        11,
        14,
        17,
        20,
        22,
        25,
        28,
        31,
        34,
        37,
        40,
        43,
        45,
        48,
        51,
        54,
        57,
        60,
        63,
        66,
        68,
        71,
        74,
        77,
        80,
        83,
        86,
        89
    ]
}