{
    "video_path": "FallVision/Fall/Chair/f_raw_c_1/C_M_60.mp4",
    "active_window": [
        13,
        18
    ],
    "varying_k": 6,
    "detection_status": "Global Event Zone",
    "saliency_weights": [
        0.006075987008208584,
        0.009272464328393008,
        0.013416316061935833,
        0.016614672172194825,
        0.018746133006939003,
        0.020316006497622566,
        0.021367051846330448,
        0.02184097496433359,
        0.02232944169093274,
        0.02434492103655943,
        0.03115406022952886,
        0.05044680749743377,
        0.09577402129383258,
        0.17227229527779456,
        0.2529057756487205,
        0.29326577904618023,
        0.275729990173879,
        0.21699719818534274,
        0.1460557984769918,
        0.0886855810987682,
        0.05495336667177993,
        0.038416338267979556,
        0.029859838589805364,
        0.02457379343229814,
        0.020875967752436567,
        0.01822966329673865,
        0.016418603983896978,
        0.015190063313490026,
        0.01406930415735444,
        0.012346551850945235,
        0.009879328736708512,
        0.007886781182700708
    ],
    "clip_indices": [
        0,
        1,
        3,
        5,
        7,
        9,
        11,
        13,
        15,
        17,
        19,
        20,
        22,
        24,
        26,
        28,
        30,
        32,
        34,
        36,
        38,
        39,
        41,
        43,
        45,
        47,
        49,
        51,
        53,
        55,
        57,
        59
    ]
}