{
    "video_path": "FallVision/Fall/Chair/f_raw_c_1/C_M_192_resized.mp4",
    "active_window": [
        11,
        16
    ],
    "varying_k": 6,
    "detection_status": "Global Event Zone",
    "saliency_weights": [
        0.0032212850838856106,
        0.003409891038018361,
        0.0036776529857341857,
        0.004030363115943035,
        0.0047959218799085435,
        0.006657131526234162,
        0.010781334778537136,
        0.0190460011255609,
        0.0344738628334509,
        0.0617826151969227,
        0.10712858880666232,
        0.1733292944681136,
        0.25118734382574887,
        0.3176375976831769,
        0.3393784431372282,
        0.29247917504144894,
        0.19689398129763097,
        0.10511389755730693,
        0.04818950811366504,
        0.021501048899491462,
        0.01079546896627493,
        0.006798843152085766,
        0.005153363140294831,
        0.004346196776819791,
        0.0039515640424598085,
        0.0037832674497068263,
        0.0037237607901332926,
        0.0037065311578934014,
        0.0036869597533181154,
        0.0036269618576798834,
        0.0035218559283893033,
        0.0034324243726711126
    ],
    "clip_indices": [
        0,
        3,
        7,
        11,
        15,
        19,
        23,
        26,
        30,
        34,
        38,
        42,
        46,
        49,
        53,
        57,
        61,
        65,
        69,
        72,
        76,
        80,
        84,
        88,
        92,
        95,
        99,
        103,
        107,
        111,
        115,
        119
    ]
}