{
    "video_path": "FallVision/Fall/Chair/f_raw_c_1/C_M_208_resized.mp4",
    "active_window": [
        9,
        21
    ],
    "varying_k": 13,
    "detection_status": "Global Event Zone",
    "saliency_weights": [
        0.0028903616020426693,
        0.0030555746959529894,
        0.003282267755025722,
        0.003574564396110238,
        0.004542146505715347,
        0.008841693400602195,
        0.02247163917416835,
        0.05060508020466084,
        0.09086720376582075,
        0.1310464064144331,
        0.14893730827491353,
        0.12848476711650292,
        0.08402631108080397,
        0.0469577088253652,
        0.03328291508824593,
        0.04431781739020299,
        0.085837392114159,
        0.16009874103443505,
        0.23385224361142992,
        0.2502876222056584,
        0.19702957645469174,
        0.12110689772523703,
        0.06527650141774781,
        0.03560878438219606,
        0.022609872193246075,
        0.017673660076370938,
        0.015603258195351171,
        0.014006054552004734,
        0.012026862673450683,
        0.009657717674849079,
        0.007320908779467169,
        0.005771676598833391
    ],
    "clip_indices": [
        0,
        5,
        11,
        17,
        23,
        28,
        34,
        40,
        46,
        51,
        57,
        63,
        69,
        75,
        80,
        86,
        92,
        98,
        103,
        109,
        115,
        121,
        127,
        132,
        138,
        144,
        150,
        155,
        161,
        167,
        173,
        179
    ]
}