{
    "video_path": "FallVision/Fall/Chair/f_raw_c_1/C_M_50.mp4",
    "active_window": [
        3,
        9
    ],
    "varying_k": 7,
    "detection_status": "Global Event Zone",
    "saliency_weights": [
        0.015750766354903023,
        0.03686267185540423,
        0.08545444459291082,
        0.157080434557888,
        0.21860252763789126,
        0.2377206414066783,
        0.21863483415856017,
        0.18344781916223715,
        0.14573871569022856,
        0.11066825478572348,
        0.08176782531847435,
        0.06227116258097912,
        0.05324155672938123,
        0.05256426188403482,
        0.0543281922636477,
        0.05186242517017161,
        0.0438720198103479,
        0.03420783956011473,
        0.026285268436262693,
        0.020971672406238106,
        0.01784014042122338,
        0.01614967809736212,
        0.015313480905752967,
        0.01500255286339246,
        0.014998969277267363,
        0.01509662988655861,
        0.015142690703497861,
        0.015019828998658405,
        0.014410148648597635,
        0.01273362855261873,
        0.010013684303331917,
        0.007757569642745835
    ],
    "clip_indices": [
        0,
        3,
        7,
        11,
        15,
        19,
        23,
        26,
        30,
        34,
        38,
        42,
        46,
        49,
        53,
        57,
        61,
        65,
        69,
        72,
        76,
        80,
        84,
        88,
        92,
        95,
        99,
        103,
        107,
        111,
        115,
        119
    ]
}