{
    "video_path": "FallVision/Fall/Chair/f_raw_c_1/C_M_52.mp4",
    "active_window": [
        13,
        19
    ],
    "varying_k": 7,
    "detection_status": "Global Event Zone",
    "saliency_weights": [
        0.006517892947395005,
        0.009807692749474213,
        0.0137678428388149,
        0.016228338151956394,
        0.01727197645709205,
        0.017982390654758505,
        0.01924895199381435,
        0.0219120993220982,
        0.026982123012306937,
        0.034696605292799436,
        0.043546480788568626,
        0.05372659892315707,
        0.07234681716109019,
        0.10970800304244718,
        0.16884942483540494,
        0.2375401207603939,
        0.2823900903645765,
        0.2675163178266087,
        0.1990968167741045,
        0.12398925193384894,
        0.07484515899531696,
        0.049570994988939215,
        0.03609131795620285,
        0.02787990128922186,
        0.02263999012495549,
        0.01947932205010046,
        0.017822973803465023,
        0.0170039245763767,
        0.016178669640323363,
        0.014409909524628336,
        0.01155740381780481,
        0.009178011408187135
    ],
    "clip_indices": [
        0,
        2,
        5,
        8,
        11,
        14,
        17,
        20,
        22,
        25,
        28,
        31,
        34,
        37,
        40,
        43,
        45,
        48,
        51,
        54,
        57,
        60,
        63,
        66,
        68,
        71,
        74,
        77,
        80,
        83,
        86,
        89
    ]
}