{
    "video_path": "FallVision/Fall/Chair/f_raw_c_1/C_M_194_resized.mp4",
    "active_window": [
        12,
        18
    ],
    "varying_k": 7,
    "detection_status": "Global Event Zone",
    "saliency_weights": [
        0.0028756141564183126,
        0.003125596244199392,
        0.0035627265912421243,
        0.004181168471734335,
        0.0050963265143053795,
        0.006500530624769503,
        0.008615576402460374,
        0.011703027291690614,
        0.016465852398523946,
        0.02603245325404132,
        0.048220448449842065,
        0.09155863701442407,
        0.15710664129693475,
        0.23437048845172334,
        0.2987893910557373,
        0.32174325178379604,
        0.2925090610566238,
        0.2231350577755512,
        0.14000226744008754,
        0.07244337188984534,
        0.033534316872039734,
        0.01614442569229914,
        0.009100651013179854,
        0.006157966635586834,
        0.004748715718011122,
        0.003991897125621447,
        0.003601156946592684,
        0.0034251709096956937,
        0.003347291106759274,
        0.0032750494458022596,
        0.003170026342055455,
        0.003081373949191191
    ],
    "clip_indices": [
        0,
        7,
        15,
        23,
        30,
        38,
        46,
        53,
        61,
        69,
        77,
        84,
        92,
        100,
        107,
        115,
        123,
        131,
        138,
        146,
        154,
        161,
        169,
        177,
        185,
        192,
        200,
        208,
        215,
        223,
        231,
        239
    ]
}