{
    "video_path": "FallVision/Fall/Chair/f_raw_c_1/C_M_103_resized.mp4",
    "active_window": [
        17,
        23
    ],
    "varying_k": 7,
    "detection_status": "Global Event Zone",
    "saliency_weights": [
        0.0029762496486070277,
        0.003812106862482712,
        0.004857253267494627,
        0.005579838900832548,
        0.0059482763266185505,
        0.006138279545768122,
        0.006252339294465456,
        0.006349682588963657,
        0.006538667076459736,
        0.006972680412851885,
        0.007869152297633138,
        0.00979939620154726,
        0.014123305649586058,
        0.022846041554480594,
        0.038204077285705074,
        0.06311118553051534,
        0.10142025594053292,
        0.15422270952255285,
        0.21193075773779196,
        0.25545971618197694,
        0.2696065025317421,
        0.2503308440878338,
        0.20519406538981072,
        0.15077011926436518,
        0.10135255943526089,
        0.06296015288135456,
        0.03653143047570377,
        0.020466638684270115,
        0.012064867576442644,
        0.00799032723676565,
        0.005684769430063191,
        0.004427209737211373
    ],
    "clip_indices": [
        0,
        2,
        4,
        6,
        9,
        11,
        13,
        16,
        18,
        20,
        22,
        25,
        27,
        29,
        32,
        34,
        36,
        38,
        41,
        43,
        45,
        48,
        50,
        52,
        54,
        57,
        59,
        61,
        64,
        66,
        68,
        71
    ]
}