{
    "video_path": "FallVision/Fall/Chair/f_raw_c_1/C_M_169.mp4",
    "active_window": [
        13,
        20
    ],
    "varying_k": 8,
    "detection_status": "Global Event Zone",
    "saliency_weights": [
        0.0047886947077489285,
        0.006920308128239258,
        0.009073040063344123,
        0.009660287062553488,
        0.009384137100286726,
        0.010161398440210662,
        0.013938505989683592,
        0.02202786387481433,
        0.03425185874650456,
        0.048997604461862285,
        0.06362472405907695,
        0.07697412088655906,
        0.09295873877172861,
        0.11851161298462859,
        0.1574921644632525,
        0.2052137302985827,
        0.24310356811844552,
        0.24767648436421769,
        0.2146939658190583,
        0.16218676262443965,
        0.10990650410159614,
        0.06881989413358064,
        0.04174939169744604,
        0.025749758673881372,
        0.016721198265721403,
        0.011739180306589611,
        0.008982152344725682,
        0.007335228575763433,
        0.006146890153370549,
        0.0051260318659257145,
        0.004233908288235613,
        0.003661929684016599
    ],
    "clip_indices": [
        0,
        2,
        5,
        8,
        11,
        14,
        17,
        20,
        22,
        25,
        28,
        31,
        34,
        37,
        40,
        43,
        45,
        48,
        51,
        54,
        57,
        60,
        63,
        66,
        68,
        71,
        74,
        77,
        80,
        83,
        86,
        89
    ]
}