{
    "video_path": "FallVision/Fall/Chair/f_raw_c_1/C_M_216.mp4",
    "active_window": [
        16,
        21
    ],
    "varying_k": 6,
    "detection_status": "Global Event Zone",
    "saliency_weights": [
        0.004846278972807809,
        0.005966147480102578,
        0.007377566598055604,
        0.008381256219162386,
        0.00894782568966443,
        0.009343525249922638,
        0.009763050667802673,
        0.010290272625987664,
        0.010907720494554978,
        0.01151787286497542,
        0.01197771547478492,
        0.012292690952285896,
        0.013226502295071281,
        0.017916378859729073,
        0.03432905265257145,
        0.07445854675278535,
        0.14845176625193773,
        0.25067536746391983,
        0.3383728110141348,
        0.3503286559671761,
        0.27771179834385884,
        0.17751284314401444,
        0.10051807393086737,
        0.05511489397461585,
        0.03140474160509991,
        0.01986893203493989,
        0.014400299395812294,
        0.011671883664255377,
        0.00997501597717471,
        0.00856467560539194,
        0.0072764483208308,
        0.0064178797128158285
    ],
    "clip_indices": [
        0,
        2,
        5,
        8,
        11,
        14,
        17,
        20,
        22,
        25,
        28,
        31,
        34,
        37,
        40,
        43,
        45,
        48,
        51,
        54,
        57,
        60,
        63,
        66,
        68,
        71,
        74,
        77,
        80,
        83,
        86,
        89
    ]
}