{
    "video_path": "FallVision/Fall/Chair/f_raw_c_1/C_M_35_resized.mp4",
    "active_window": [
        0,
        5
    ],
    "varying_k": 6,
    "detection_status": "Global Event Zone",
    "saliency_weights": [
        0.1479409330679669,
        0.2581972120140288,
        0.3513814267297052,
        0.33077898235283354,
        0.23405464351871907,
        0.14306015607023545,
        0.08670082866230924,
        0.05663818687647131,
        0.04084687879770989,
        0.031658602004467906,
        0.025599629746047254,
        0.021540274311413855,
        0.019020632950207922,
        0.017660112228812908,
        0.017083398867540015,
        0.016938733165175912,
        0.016956760569038533,
        0.01697626831697638,
        0.016968553076533405,
        0.01699424701790081,
        0.017077149044369154,
        0.017167473059197164,
        0.017222923376672673,
        0.017249540249737443,
        0.017265275056920496,
        0.01727453293704901,
        0.017268122841220625,
        0.017169361434974488,
        0.016635173094747054,
        0.015025259460433156,
        0.012322835698820712,
        0.010056271307555494
    ],
    "clip_indices": [
        0,
        3,
        7,
        11,
        15,
        19,
        23,
        26,
        30,
        34,
        38,
        42,
        46,
        49,
        53,
        57,
        61,
        65,
        69,
        72,
        76,
        80,
        84,
        88,
        92,
        95,
        99,
        103,
        107,
        111,
        115,
        119
    ]
}