{
    "video_path": "FallVision/Fall/Chair/f_raw_c_1/C_M_13_resized.mp4",
    "active_window": [
        6,
        13
    ],
    "varying_k": 8,
    "detection_status": "Global Event Zone",
    "saliency_weights": [
        0.002489642905134367,
        0.0034096702370033545,
        0.006523265837362455,
        0.01669305835231274,
        0.043819266700806304,
        0.09321365727318343,
        0.1540891047447217,
        0.20948625402981677,
        0.24962330198131272,
        0.2700286960168329,
        0.26690064842284444,
        0.23827301029816852,
        0.1888713338709137,
        0.129790940544861,
        0.0752386297736942,
        0.037326597106796894,
        0.01788003739155884,
        0.009778642374195408,
        0.006295196625938466,
        0.004564434337185033,
        0.0036965022704625087,
        0.003309544231258423,
        0.0031733392639016825,
        0.003147490811102825,
        0.0031575691166286154,
        0.0031784182332737915,
        0.0032021792571067698,
        0.0032156571310661243,
        0.003187777623050456,
        0.0030716076548236303,
        0.0028695009244296714,
        0.0026989508427372674
    ],
    "clip_indices": [
        0,
        3,
        7,
        11,
        15,
        19,
        23,
        26,
        30,
        34,
        38,
        42,
        46,
        49,
        53,
        57,
        61,
        65,
        69,
        72,
        76,
        80,
        84,
        88,
        92,
        95,
        99,
        103,
        107,
        111,
        115,
        119
    ]
}