{
    "video_path": "FallVision/Fall/Chair/f_raw_c_1/C_M_128.mp4",
    "active_window": [
        14,
        19
    ],
    "varying_k": 6,
    "detection_status": "Global Event Zone",
    "saliency_weights": [
        0.005328827432405761,
        0.0091755832442649,
        0.017068879016806364,
        0.029393195075535852,
        0.04572348771941448,
        0.06366479553189919,
        0.07782103801466775,
        0.08308942385655946,
        0.07923366712657909,
        0.06993111235829279,
        0.06083005667669905,
        0.058068564676025725,
        0.06676642392533841,
        0.09126146403227492,
        0.13429725261277134,
        0.18998198716590114,
        0.23276169863540655,
        0.2305484574229948,
        0.18255670531735885,
        0.12126096922713356,
        0.07326199566108844,
        0.042971421028323256,
        0.025512155309901675,
        0.015893105912786813,
        0.010778650369011392,
        0.008276597435771901,
        0.007248698472487474,
        0.006864642213738019,
        0.006531816646828949,
        0.005931417271356583,
        0.0050694384921725864,
        0.0043824620387571825
    ],
    "clip_indices": [
        0,
        1,
        3,
        5,
        7,
        9,
        11,
        13,
        15,
        17,
        19,
        20,
        22,
        24,
        26,
        28,
        30,
        32,
        34,
        36,
        38,
        39,
        41,
        43,
        45,
        47,
        49,
        51,
        53,
        55,
        57,
        59
    ]
}