{
    "video_path": "FallVision/Fall/Chair/f_raw_c_1/C_M_48.mp4",
    "active_window": [
        3,
        11
    ],
    "varying_k": 9,
    "detection_status": "Global Event Zone",
    "saliency_weights": [
        0.012469831763325834,
        0.026506512521908672,
        0.055577973629290206,
        0.09852180450439424,
        0.14629813646163514,
        0.1866448512575079,
        0.21054989085403938,
        0.21407982065485803,
        0.20039638197744644,
        0.17569647766592003,
        0.1443045473981813,
        0.10972773895499408,
        0.07762552284083588,
        0.05387276346368383,
        0.03945391544873407,
        0.031142940837116023,
        0.0258955517730907,
        0.02229880670491504,
        0.019853151639292948,
        0.018400492318688816,
        0.01791045780152025,
        0.01831444732058858,
        0.019248958599591068,
        0.020022831371546895,
        0.0200995847550237,
        0.019386152912801866,
        0.01807384180611601,
        0.01645777305503551,
        0.014583475188264968,
        0.012108357794330839,
        0.009097334952429207,
        0.006826220302582813
    ],
    "clip_indices": [
        0,
        1,
        3,
        5,
        7,
        9,
        11,
        13,
        15,
        17,
        19,
        20,
        22,
        24,
        26,
        28,
        30,
        32,
        34,
        36,
        38,
        39,
        41,
        43,
        45,
        47,
        49,
        51,
        53,
        55,
        57,
        59
    ]
}