{
    "video_path": "FallVision/Fall/Chair/f_raw_c_1/C_M_15.mp4",
    "active_window": [
        22,
        27
    ],
    "varying_k": 6,
    "detection_status": "Global Event Zone",
    "saliency_weights": [
        0.003934293143182582,
        0.004586253881706623,
        0.005358195484393346,
        0.005808459297725764,
        0.005952079049153453,
        0.005996374644701727,
        0.006085196453339091,
        0.006339757831011116,
        0.006953655341690401,
        0.00815862454005195,
        0.010120162582417783,
        0.012864686667457556,
        0.016185428149195453,
        0.019746604789787205,
        0.023273651998518816,
        0.026482968210013027,
        0.028936165890030965,
        0.03055821371423266,
        0.033068136529861,
        0.04126764020463762,
        0.06377205225058714,
        0.11051978099693309,
        0.1833707205381333,
        0.2678146275062581,
        0.32922599484368464,
        0.3217491138758617,
        0.23742943390210575,
        0.13255152256040664,
        0.06161527552852673,
        0.02798834469890435,
        0.013912350401507735,
        0.008608289417039491
    ],
    "clip_indices": [
        0,
        1,
        3,
        5,
        7,
        9,
        11,
        13,
        15,
        17,
        19,
        20,
        22,
        24,
        26,
        28,
        30,
        32,
        34,
        36,
        38,
        39,
        41,
        43,
        45,
        47,
        49,
        51,
        53,
        55,
        57,
        59
    ]
}