{
    "video_path": "FallVision/Fall/Chair/f_raw_c_1/C_M_99_resized.mp4",
    "active_window": [
        20,
        27
    ],
    "varying_k": 8,
    "detection_status": "Global Event Zone",
    "saliency_weights": [
        0.0032078295844909974,
        0.0044365501602458175,
        0.006138017748441393,
        0.007692887559856187,
        0.009074158910902609,
        0.010419316885819985,
        0.01162135953958218,
        0.012534589845263632,
        0.013345265341921618,
        0.0146357212594477,
        0.017299957154858207,
        0.02187804201371789,
        0.027566649213046645,
        0.03276159179822974,
        0.03648552843902349,
        0.038961280296405595,
        0.04183110597848516,
        0.04792857800375233,
        0.060426562184398215,
        0.08184086205264174,
        0.11229893997457904,
        0.1489767358052294,
        0.18723239559181531,
        0.22012940298627615,
        0.23654424363817922,
        0.22315733736197568,
        0.1784719569028573,
        0.12097558547516107,
        0.0708890181410851,
        0.036305392530559324,
        0.01710847621769459,
        0.009224624697881916
    ],
    "clip_indices": [
        0,
        3,
        7,
        11,
        15,
        19,
        23,
        26,
        30,
        34,
        38,
        42,
        46,
        49,
        53,
        57,
        61,
        65,
        69,
        72,
        76,
        80,
        84,
        88,
        92,
        95,
        99,
        103,
        107,
        111,
        115,
        119
    ]
}