{
    "video_path": "FallVision/Fall/Chair/f_raw_c_1/C_M_119_resized.mp4",
    "active_window": [
        15,
        22
    ],
    "varying_k": 8,
    "detection_status": "Global Event Zone",
    "saliency_weights": [
        0.0029126105552640825,
        0.003496611962318744,
        0.004213862981879532,
        0.0046870889033859804,
        0.004913233706239505,
        0.005044056087823951,
        0.005168985703993777,
        0.005320756020581298,
        0.005559479804867159,
        0.00620436930802208,
        0.008404239678618235,
        0.015297535299414565,
        0.03279555806792159,
        0.06451664988258905,
        0.10349346576512605,
        0.13887336040682446,
        0.1727119475247835,
        0.21500160878529723,
        0.2592775602941531,
        0.2806589003997523,
        0.26112660656006037,
        0.20300409068708428,
        0.1265721226820063,
        0.062105653633392294,
        0.02656491648392776,
        0.012851520497337551,
        0.008052228040855761,
        0.006033065777983253,
        0.005045340667242559,
        0.004430921449580126,
        0.003893441751035906,
        0.0035174454262084627
    ],
    "clip_indices": [
        0,
        1,
        3,
        5,
        7,
        9,
        11,
        13,
        15,
        17,
        19,
        20,
        22,
        24,
        26,
        28,
        30,
        32,
        34,
        36,
        38,
        39,
        41,
        43,
        45,
        47,
        49,
        51,
        53,
        55,
        57,
        59
    ]
}