{
    "video_path": "FallVision/Fall/Chair/f_raw_c_1/C_M_10_resized.mp4",
    "active_window": [
        0,
        6
    ],
    "varying_k": 7,
    "detection_status": "Global Event Zone",
    "saliency_weights": [
        0.1250683821501313,
        0.22416753089413902,
        0.32475634308848916,
        0.3466472921405589,
        0.29894958307548136,
        0.22723327026385423,
        0.15912816833194268,
        0.1046188398589965,
        0.06521699433093928,
        0.03905100152418356,
        0.0231290242559812,
        0.014286656707390644,
        0.009761284362330116,
        0.007433541336874003,
        0.006145242851004103,
        0.005463312563356172,
        0.005177650962904339,
        0.005098379792183852,
        0.005093364104997233,
        0.0051044498889690655,
        0.005114575593894155,
        0.005122859291383435,
        0.005128972644969211,
        0.0051288181372008985,
        0.005121895715677744,
        0.005114877297761564,
        0.005112248696484578,
        0.005102273975726481,
        0.005034483050797872,
        0.004819454197667035,
        0.00445411781284465,
        0.004146690821474992
    ],
    "clip_indices": [
        0,
        3,
        7,
        11,
        15,
        19,
        23,
        27,
        30,
        34,
        38,
        42,
        46,
        50,
        54,
        58,
        61,
        65,
        69,
        73,
        77,
        81,
        85,
        89,
        92,
        96,
        100,
        104,
        108,
        112,
        116,
        120
    ]
}