{
    "video_path": "FallVision/Fall/Chair/f_raw_c_1/C_M_93.mp4",
    "active_window": [
        23,
        29
    ],
    "varying_k": 7,
    "detection_status": "Global Event Zone",
    "saliency_weights": [
        0.003941572618313474,
        0.004729570483055835,
        0.005667288368678309,
        0.00622367395201381,
        0.006410706979256092,
        0.006460533692158498,
        0.006505013974447409,
        0.006598301747835908,
        0.006796498005541476,
        0.007141710040874598,
        0.007608384389110814,
        0.008133124994815763,
        0.00867276085047815,
        0.009197279614588813,
        0.009660774341942492,
        0.010056287243176237,
        0.010570787143524395,
        0.011750574144285021,
        0.014722707191731011,
        0.021364945479644293,
        0.03428611632043923,
        0.0565763096780358,
        0.0908403877755396,
        0.1386676970444608,
        0.20021455963693266,
        0.269608436787959,
        0.32254710365939016,
        0.3157371558290151,
        0.2355431171787464,
        0.13231942774552674,
        0.06057759720314999,
        0.029247538256123987
    ],
    "clip_indices": [
        0,
        2,
        4,
        6,
        9,
        11,
        13,
        16,
        18,
        20,
        22,
        25,
        27,
        29,
        32,
        34,
        36,
        38,
        41,
        43,
        45,
        48,
        50,
        52,
        54,
        57,
        59,
        61,
        64,
        66,
        68,
        71
    ]
}