{
    "video_path": "FallVision/Fall/Chair/f_raw_c_1/C_M_184.mp4",
    "active_window": [
        7,
        15
    ],
    "varying_k": 9,
    "detection_status": "Global Event Zone",
    "saliency_weights": [
        0.003025154582942804,
        0.0041382321695238936,
        0.005533325929594545,
        0.006850451963172051,
        0.00994813467268807,
        0.02199050356716769,
        0.056983752711388655,
        0.12021929089194702,
        0.18875256199193613,
        0.23017524622142593,
        0.23315292440747093,
        0.20684414332518514,
        0.17027088199217144,
        0.14120809882756533,
        0.12357757522856286,
        0.11029157294336767,
        0.09549248674932731,
        0.07834799213022897,
        0.0604567716164586,
        0.043973761048078666,
        0.03065991463562652,
        0.021429145682250045,
        0.015975592111082765,
        0.012876703522628062,
        0.010930778099132114,
        0.009812246364564656,
        0.009424018341247006,
        0.009377171239046009,
        0.009142568006912608,
        0.00827671107600227,
        0.006795756347796457,
        0.005553421602266883
    ],
    "clip_indices": [
        0,
        2,
        5,
        8,
        11,
        14,
        17,
        20,
        22,
        25,
        28,
        31,
        34,
        37,
        40,
        43,
        45,
        48,
        51,
        54,
        57,
        60,
        63,
        66,
        68,
        71,
        74,
        77,
        80,
        83,
        86,
        89
    ]
}