{
    "video_path": "FallVision/Fall/Chair/f_raw_c_1/C_M_21.mp4",
    "active_window": [
        12,
        17
    ],
    "varying_k": 6,
    "detection_status": "Global Event Zone",
    "saliency_weights": [
        0.0042920735804958705,
        0.004627486089404061,
        0.005139015300490945,
        0.0058633876881711185,
        0.007324195078502116,
        0.01039539523987563,
        0.01605108951804563,
        0.024785296983481135,
        0.035853424061533586,
        0.048103623287345965,
        0.06258637655058928,
        0.08922585140894107,
        0.15158210551336493,
        0.2576417120744194,
        0.35251137351387457,
        0.35657019503930265,
        0.2671707302170034,
        0.15632928353958064,
        0.07794680225909302,
        0.036558293286425916,
        0.018391891008379912,
        0.011322610060564963,
        0.008404386516501418,
        0.007025799023848947,
        0.006394229627696341,
        0.006089554130717214,
        0.005861167784596648,
        0.005654533418076907,
        0.005465817736141106,
        0.005243426070591634,
        0.004971121338307155,
        0.004762357268413288
    ],
    "clip_indices": [
        0,
        3,
        7,
        11,
        15,
        19,
        23,
        26,
        30,
        34,
        38,
        42,
        46,
        49,
        53,
        57,
        61,
        65,
        69,
        72,
        76,
        80,
        84,
        88,
        92,
        95,
        99,
        103,
        107,
        111,
        115,
        119
    ]
}