{
    "video_path": "FallVision/Fall/Chair/f_raw_c_1/C_M_177.mp4",
    "active_window": [
        15,
        21
    ],
    "varying_k": 7,
    "detection_status": "Global Event Zone",
    "saliency_weights": [
        0.0037627076713776762,
        0.004549526739467883,
        0.005509451900813698,
        0.006171838171835288,
        0.006676893934423625,
        0.0074722041171022035,
        0.008943226560046192,
        0.011054820940633921,
        0.01302173363196591,
        0.014166365117845166,
        0.01525374160092878,
        0.018528358948660978,
        0.027435711799514616,
        0.04658967092994276,
        0.08130986244236925,
        0.135214709455359,
        0.20466871082161106,
        0.2742710262253746,
        0.31455320036825085,
        0.29542365713511987,
        0.22196179641194952,
        0.13763249667930916,
        0.07687868350319185,
        0.042542932790140056,
        0.025028266640200407,
        0.01633167376386626,
        0.011795748388862125,
        0.009268529564199032,
        0.007750130989560629,
        0.006619105523555328,
        0.005598265915103566,
        0.004901817580262648
    ],
    "clip_indices": [
        0,
        2,
        5,
        8,
        11,
        14,
        17,
        20,
        22,
        25,
        28,
        31,
        34,
        37,
        40,
        43,
        45,
        48,
        51,
        54,
        57,
        60,
        63,
        66,
        68,
        71,
        74,
        77,
        80,
        83,
        86,
        89
    ]
}