{
    "video_path": "FallVision/Fall/Chair/f_raw_c_1/C_M_70.mp4",
    "active_window": [
        9,
        17
    ],
    "varying_k": 9,
    "detection_status": "Global Event Zone",
    "saliency_weights": [
        0.005275258306402082,
        0.008334886272562857,
        0.01172839641757634,
        0.013367107828071649,
        0.013982072716608786,
        0.01588291137324891,
        0.02212342002680117,
        0.03798588504481913,
        0.07154512065324237,
        0.12458252646925314,
        0.18013238289641076,
        0.2143417570040562,
        0.21892124744400215,
        0.20137266996213904,
        0.17514622755071152,
        0.15183392124713724,
        0.1335220250253995,
        0.11466631446398778,
        0.09171622886543113,
        0.06654470765910692,
        0.043609928121840155,
        0.02721320138180578,
        0.01847551876712854,
        0.01466724445459577,
        0.012796251827800281,
        0.01167771678891902,
        0.011137694405354219,
        0.011142056542553867,
        0.01127542428660993,
        0.010584145387333176,
        0.008703846193702585,
        0.006928439601999341
    ],
    "clip_indices": [
        0,
        2,
        5,
        8,
        11,
        14,
        17,
        20,
        22,
        25,
        28,
        31,
        34,
        37,
        40,
        43,
        45,
        48,
        51,
        54,
        57,
        60,
        63,
        66,
        68,
        71,
        74,
        77,
        80,
        83,
        86,
        89
    ]
}