{
    "video_path": "FallVision/Fall/Chair/f_raw_c_1/C_M_88.mp4",
    "active_window": [
        11,
        17
    ],
    "varying_k": 7,
    "detection_status": "Global Event Zone",
    "saliency_weights": [
        0.0035272069323582676,
        0.00428515634498546,
        0.005238087902467242,
        0.005915009671006258,
        0.0063271824883824055,
        0.006800665301252449,
        0.00791941635754094,
        0.01085316149271489,
        0.018062325543951402,
        0.03414523113080323,
        0.0661848687078002,
        0.11946630181755427,
        0.1896233634655173,
        0.2610499026206353,
        0.3088760312865507,
        0.3097537477095839,
        0.26213459863798216,
        0.18677786064275045,
        0.11031096736740542,
        0.05404353168463556,
        0.02426428509928822,
        0.01230084077038374,
        0.00792506385989826,
        0.006208732986484913,
        0.005487297967334488,
        0.005202559560100328,
        0.005125594779291068,
        0.005117205144748692,
        0.005053112509362435,
        0.0048150237797672125,
        0.004402566179502174,
        0.004054592167026029
    ],
    "clip_indices": [
        0,
        7,
        15,
        23,
        30,
        38,
        46,
        53,
        61,
        69,
        77,
        84,
        92,
        100,
        107,
        115,
        123,
        131,
        138,
        146,
        154,
        161,
        169,
        177,
        185,
        192,
        200,
        208,
        215,
        223,
        231,
        239
    ]
}