{
    "video_path": "FallVision/Fall/Chair/f_raw_c_1/C_M_168.mp4",
    "active_window": [
        7,
        13
    ],
    "varying_k": 7,
    "detection_status": "Global Event Zone",
    "saliency_weights": [
        0.040201409528993516,
        0.07065962218064908,
        0.09947471242002726,
        0.10185934337290287,
        0.08626558120809265,
        0.07571656884942034,
        0.08697007492020914,
        0.12387000737368146,
        0.1716144600425124,
        0.20691941310006828,
        0.2132636098593751,
        0.1874887622759004,
        0.14497053117103076,
        0.10767360625281412,
        0.08273507137567833,
        0.06378344792651228,
        0.046313798175380096,
        0.031662096901865916,
        0.021514268793412138,
        0.015405713299580372,
        0.011951917564928114,
        0.009840747289424861,
        0.008327126994742223,
        0.007275652934901615,
        0.006693033477246481,
        0.006447943999580291,
        0.006371080621339077,
        0.00633001724249879,
        0.006156564326660854,
        0.005619760368895954,
        0.004713174144187274,
        0.00395182235518649
    ],
    "clip_indices": [
        0,
        2,
        5,
        8,
        11,
        14,
        17,
        20,
        22,
        25,
        28,
        31,
        34,
        37,
        40,
        43,
        45,
        48,
        51,
        54,
        57,
        60,
        63,
        66,
        68,
        71,
        74,
        77,
        80,
        83,
        86,
        89
    ]
}