{
    "video_path": "FallVision/Fall/Chair/f_raw_c_1/C_M_157.mp4",
    "active_window": [
        14,
        21
    ],
    "varying_k": 8,
    "detection_status": "Global Event Zone",
    "saliency_weights": [
        0.0030973697449949936,
        0.003467637455783255,
        0.003926751279524553,
        0.004253181249686983,
        0.004488073589260502,
        0.004788982421912128,
        0.005294459627530015,
        0.006188772797022314,
        0.007895215710688552,
        0.011480629867684524,
        0.0191801234803343,
        0.03405377053756462,
        0.058721411164875184,
        0.09287789204649205,
        0.13029096303926013,
        0.16474931859428404,
        0.20148389357338917,
        0.24764991362929423,
        0.28452424452317027,
        0.27463658373766553,
        0.2116128646887498,
        0.13194879206593924,
        0.06974100952233953,
        0.032881158876721196,
        0.015564415160226469,
        0.008968527797152894,
        0.006442030200274356,
        0.0052375335262409214,
        0.004576736937070488,
        0.004137990179505589,
        0.003768687618057492,
        0.003521485845578106
    ],
    "clip_indices": [
        0,
        1,
        3,
        5,
        7,
        9,
        11,
        13,
        15,
        17,
        19,
        20,
        22,
        24,
        26,
        28,
        30,
        32,
        34,
        36,
        38,
        39,
        41,
        43,
        45,
        47,
        49,
        51,
        53,
        55,
        57,
        59
    ]
}