{
    "video_path": "FallVision/Fall/Chair/f_raw_c_1/C_M_98_resized.mp4",
    "active_window": [
        13,
        19
    ],
    "varying_k": 7,
    "detection_status": "Global Event Zone",
    "saliency_weights": [
        0.003731987685599616,
        0.004701093864830664,
        0.005970158370390096,
        0.006928940263173184,
        0.007424124436685582,
        0.007628298957583234,
        0.00801622558420959,
        0.009510093522774342,
        0.01378488726924593,
        0.0233851577191887,
        0.0413771989362742,
        0.0690955994369131,
        0.10321748918079464,
        0.14060210691786718,
        0.1860110687484337,
        0.24210850820948404,
        0.28752143576131517,
        0.2873424129892387,
        0.23522471012373453,
        0.1599366694840481,
        0.0917935745065539,
        0.04541446792867842,
        0.021601809712124904,
        0.012037360900515229,
        0.008389944826747816,
        0.006811700584662559,
        0.006069219758424253,
        0.005729274926247192,
        0.0055316387658644085,
        0.0052269301911975026,
        0.004732114076227385,
        0.004311757768064148
    ],
    "clip_indices": [
        0,
        7,
        15,
        23,
        30,
        38,
        46,
        53,
        61,
        69,
        77,
        84,
        92,
        100,
        107,
        115,
        123,
        131,
        138,
        146,
        154,
        161,
        169,
        177,
        185,
        192,
        200,
        208,
        215,
        223,
        231,
        239
    ]
}