{
    "video_path": "FallVision/Fall/Chair/f_raw_c_1/C_M_90.mp4",
    "active_window": [
        19,
        24
    ],
    "varying_k": 6,
    "detection_status": "Global Event Zone",
    "saliency_weights": [
        0.004029694400173614,
        0.004939793000491287,
        0.006085208421575202,
        0.00695769927481892,
        0.007717853378274067,
        0.008793974071836186,
        0.010426675922117021,
        0.012502093101026863,
        0.014441543523049792,
        0.01571655919145378,
        0.016621757186139396,
        0.018277424694896433,
        0.022334730941840894,
        0.030327138599046694,
        0.0424790094423086,
        0.05696299357956801,
        0.0697720637755316,
        0.07858373347931594,
        0.09068341503160551,
        0.12116632252075174,
        0.17790221825828723,
        0.25009360113281875,
        0.30257551370751734,
        0.28830539805570377,
        0.20258117924406432,
        0.10401729141461304,
        0.04392022294263093,
        0.020276099978492987,
        0.012097168253386893,
        0.008457750052611651,
        0.006372637128675066,
        0.005298192908901665
    ],
    "clip_indices": [
        0,
        5,
        11,
        17,
        23,
        28,
        34,
        40,
        46,
        51,
        57,
        63,
        69,
        75,
        80,
        86,
        92,
        98,
        103,
        109,
        115,
        121,
        127,
        132,
        138,
        144,
        150,
        155,
        161,
        167,
        173,
        179
    ]
}