{
    "video_path": "FallVision/No Fall/Chair/nf_raw_c_3/C_M_133.mp4",
    "active_window": [
        13,
        28
    ],
    "varying_k": 16,
    "detection_status": "Global Event Zone",
    "saliency_weights": [
        0.02132252122588275,
        0.038139563642395756,
        0.055181997126102,
        0.05963839644644332,
        0.05530130770134962,
        0.05131845525568883,
        0.05036033997296752,
        0.051350838064656984,
        0.054454484746675524,
        0.06009398401346265,
        0.0662193000497195,
        0.0700665297752201,
        0.0717560591780895,
        0.0732737141191794,
        0.07513859244239937,
        0.0763254957807741,
        0.07633924788192221,
        0.0756997559842344,
        0.07505962433639979,
        0.07482668420176992,
        0.07529758544459786,
        0.07654286734584309,
        0.07786870084960643,
        0.07801145248032082,
        0.0769377730502144,
        0.07647937197291266,
        0.07775679483962664,
        0.07912332203742815,
        0.07650519943776682,
        0.06468404119549268,
        0.0438706681720059,
        0.026258793691122738
    ],
    "clip_indices": [
        0,
        3,
        7,
        11,
        15,
        19,
        23,
        26,
        30,
        34,
        38,
        42,
        46,
        49,
        53,
        57,
        61,
        65,
        69,
        72,
        76,
        80,
        84,
        88,
        92,
        95,
        99,
        103,
        107,
        111,
        115,
        119
    ]
}