{
    "video_path": "FallVision/No Fall/Chair/nf_raw_c_3/C_M_154.mp4",
    "active_window": [
        15,
        21
    ],
    "varying_k": 7,
    "detection_status": "Global Event Zone",
    "saliency_weights": [
        0.025303602584335623,
        0.04592672509919968,
        0.06856211695736313,
        0.07813002698903662,
        0.07657960266752448,
        0.07228444609451501,
        0.06907804897339037,
        0.06702521607739495,
        0.0652535686578457,
        0.06343338325841341,
        0.06264191077798575,
        0.06403124755429145,
        0.0666921594394374,
        0.0688276464488183,
        0.07063103134374371,
        0.07381517719750841,
        0.07881590204311692,
        0.08415165895369167,
        0.08765627175288562,
        0.08756451344865451,
        0.08370548675114778,
        0.07754630555693362,
        0.07058322598511593,
        0.06371786789305578,
        0.05806493705976587,
        0.0552196121686411,
        0.05573959991971563,
        0.05780497522106311,
        0.0575149196104912,
        0.04987837123917274,
        0.034462382574636234,
        0.02094457219413809
    ],
    "clip_indices": [
        0,
        3,
        7,
        11,
        15,
        19,
        23,
        26,
        30,
        34,
        38,
        42,
        46,
        49,
        53,
        57,
        61,
        65,
        69,
        72,
        76,
        80,
        84,
        88,
        92,
        95,
        99,
        103,
        107,
        111,
        115,
        119
    ]
}