{
    "video_path": "FallVision/No Fall/Chair/nf_raw_c_3/C_M_182.mp4",
    "active_window": [
        0,
        5
    ],
    "varying_k": 6,
    "detection_status": "Global Event Zone",
    "saliency_weights": [
        0.16045383002780889,
        0.2789684004181834,
        0.3761180253146259,
        0.34693928277147923,
        0.23679452969317094,
        0.13831656478327733,
        0.08011791671474719,
        0.04857470731048583,
        0.030741527191355308,
        0.020906421693528007,
        0.0159566984365737,
        0.013591172856640682,
        0.012501951755636849,
        0.012331732304649394,
        0.013467188410741595,
        0.016348559595295933,
        0.020374045992220223,
        0.02407352263425471,
        0.026427767993443374,
        0.02721925361617289,
        0.02643893800325893,
        0.024091103816889434,
        0.020576039040713173,
        0.016812230366771538,
        0.013615366473783749,
        0.011315233867479554,
        0.00986662481415514,
        0.008957011128000148,
        0.0082240274393414,
        0.00740544015059099,
        0.006476609739741009,
        0.005793042653657385
    ],
    "clip_indices": [
        0,
        3,
        7,
        11,
        15,
        19,
        23,
        26,
        30,
        34,
        38,
        42,
        46,
        49,
        53,
        57,
        61,
        65,
        69,
        72,
        76,
        80,
        84,
        88,
        92,
        95,
        99,
        103,
        107,
        111,
        115,
        119
    ]
}