{
    "video_path": "FallVision/No Fall/Chair/nf_raw_c_3/C_M_53.mp4",
    "active_window": [
        3,
        9
    ],
    "varying_k": 7,
    "detection_status": "Global Event Zone",
    "saliency_weights": [
        0.025535902161856028,
        0.04713980191335029,
        0.07839297509704565,
        0.11394532258611853,
        0.16397728780327786,
        0.23004414316690347,
        0.2798495327466691,
        0.27801904488942664,
        0.22874332229546696,
        0.16094366425661272,
        0.09926500628278503,
        0.05663825289263544,
        0.033231795229557076,
        0.022083859286282786,
        0.017141362489876945,
        0.015192253914431072,
        0.014606213118718087,
        0.014454679848646321,
        0.014304969757339123,
        0.01408432736344462,
        0.01385237716741966,
        0.013676303055631707,
        0.013581345937597106,
        0.01354853633545737,
        0.013567150368575677,
        0.013654412523983639,
        0.013796487886069197,
        0.013862524502422879,
        0.013495046223382486,
        0.012133646203192697,
        0.009787038456169411,
        0.007809033076280241
    ],
    "clip_indices": [
        0,
        3,
        7,
        11,
        15,
        19,
        23,
        26,
        30,
        34,
        38,
        42,
        46,
        49,
        53,
        57,
        61,
        65,
        69,
        72,
        76,
        80,
        84,
        88,
        92,
        95,
        99,
        103,
        107,
        111,
        115,
        119
    ]
}