{
    "video_path": "FallVision/No Fall/Chair/nf_raw_c_3/C_M_119_resized.mp4",
    "active_window": [
        10,
        21
    ],
    "varying_k": 12,
    "detection_status": "Global Event Zone",
    "saliency_weights": [
        0.01597754188356583,
        0.029347881128960186,
        0.04530800900427246,
        0.05482355585430039,
        0.057944097769355496,
        0.05870222465509539,
        0.0600052038790468,
        0.06306718313634971,
        0.06756125721841937,
        0.07239879880956121,
        0.07654194622264959,
        0.07928421837642054,
        0.08045128179760057,
        0.08031348012706328,
        0.07942642790844945,
        0.07846756019178931,
        0.07797988001566708,
        0.07811374400757443,
        0.07829844150494139,
        0.07753971900309742,
        0.07553306031604506,
        0.07293870556526909,
        0.07047044178898693,
        0.06848528095181669,
        0.06738232575932185,
        0.06770500023856209,
        0.06930482125357088,
        0.0704874647410538,
        0.06789953719796644,
        0.0572496422527852,
        0.038885000394187075,
        0.02344259327885561
    ],
    "clip_indices": [
        0,
        3,
        7,
        11,
        15,
        19,
        23,
        26,
        30,
        34,
        38,
        42,
        46,
        49,
        53,
        57,
        61,
        65,
        69,
        72,
        76,
        80,
        84,
        88,
        92,
        95,
        99,
        103,
        107,
        111,
        115,
        119
    ]
}