{
    "video_path": "FallVision/No Fall/Chair/nf_raw_c_3/C_M_209_resized.mp4",
    "active_window": [
        23,
        27
    ],
    "varying_k": 5,
    "detection_status": "Peak Only",
    "saliency_weights": [
        0.019350268557001213,
        0.03571214313142264,
        0.055297088799415306,
        0.06711111726635172,
        0.07117783196490089,
        0.07195590537759847,
        0.0717905992926468,
        0.07122426407395799,
        0.0705381443682537,
        0.07002133136093458,
        0.0697656388355948,
        0.06972535190964307,
        0.06987200001060007,
        0.07017842072562003,
        0.07051597241705218,
        0.07071442827188676,
        0.0707451514727053,
        0.0706990786831917,
        0.07059457357186968,
        0.07038329805447933,
        0.07017575691218698,
        0.07025879896908516,
        0.07077086692840094,
        0.07152960121043421,
        0.07216907772512851,
        0.07231321482848148,
        0.07186769027509533,
        0.07075764492734407,
        0.06703529151391341,
        0.05627898374888376,
        0.03814390720815963,
        0.022884793254736864
    ],
    "clip_indices": [
        0,
        1,
        3,
        5,
        7,
        9,
        11,
        13,
        15,
        17,
        19,
        20,
        22,
        24,
        26,
        28,
        30,
        32,
        34,
        36,
        38,
        39,
        41,
        43,
        45,
        47,
        49,
        51,
        53,
        55,
        57,
        59
    ]
}