{
    "video_path": "FallVision/No Fall/Chair/nf_raw_c_3/C_M_194_resized.mp4",
    "active_window": [
        13,
        17
    ],
    "varying_k": 5,
    "detection_status": "Global Event Zone",
    "saliency_weights": [
        0.021003738467582994,
        0.03835290279038011,
        0.05820012788334934,
        0.06850283911570293,
        0.07054307005336838,
        0.07023399162230212,
        0.06932106815839015,
        0.06740688592538291,
        0.0657960368893311,
        0.0661757550264205,
        0.06781281921801463,
        0.06913515153576913,
        0.07087653091367117,
        0.074624655426865,
        0.0789912333247832,
        0.08060190850832538,
        0.07851034145661125,
        0.07466738112909688,
        0.07103460998944577,
        0.06839563181166775,
        0.0668572816776262,
        0.06630850972362833,
        0.06666986169590412,
        0.0678741442700284,
        0.06955013796546197,
        0.07091740422474792,
        0.07134374437294319,
        0.07036482196845098,
        0.06614525636833629,
        0.05505644983203295,
        0.037302162765444076,
        0.022632963708431136
    ],
    "clip_indices": [
        0,
        9,
        19,
        28,
        38,
        48,
        57,
        67,
        77,
        86,
        96,
        106,
        115,
        125,
        135,
        144,
        154,
        163,
        173,
        183,
        192,
        202,
        212,
        221,
        231,
        241,
        250,
        260,
        270,
        279,
        289,
        299
    ]
}