{
    "video_path": "FallVision/No Fall/Chair/nf_raw_c_3/C_M_175.mp4",
    "active_window": [
        0,
        6
    ],
    "varying_k": 7,
    "detection_status": "Global Event Zone",
    "saliency_weights": [
        0.14067724983285362,
        0.2504329152472828,
        0.35711038685877955,
        0.3692813817719349,
        0.30209264636326155,
        0.2132542907664264,
        0.13627604300259916,
        0.08141251785766912,
        0.04724339847217023,
        0.028013290145300393,
        0.017905216359974475,
        0.012428911877685637,
        0.009168278568100121,
        0.007186693914118119,
        0.006042133459159186,
        0.005406634514795228,
        0.005083475468126309,
        0.004984006588716837,
        0.005030640747718449,
        0.005122404633597687,
        0.005175781286043796,
        0.005151825293544453,
        0.005064832297076664,
        0.004971271537227094,
        0.0049113114195346134,
        0.004877581598675013,
        0.004841120291429764,
        0.0047695858302701935,
        0.004628050171510446,
        0.004386532089217285,
        0.0040730983852154,
        0.0038337872949981396
    ],
    "clip_indices": [
        0,
        3,
        7,
        11,
        15,
        19,
        23,
        26,
        30,
        34,
        38,
        42,
        46,
        49,
        53,
        57,
        61,
        65,
        69,
        72,
        76,
        80,
        84,
        88,
        92,
        95,
        99,
        103,
        107,
        111,
        115,
        119
    ]
}