{
    "video_path": "FallVision/No Fall/Chair/nf_raw_c_3/C_M_112_resized.mp4",
    "active_window": [
        7,
        19
    ],
    "varying_k": 13,
    "detection_status": "Global Event Zone",
    "saliency_weights": [
        0.01689179771822675,
        0.03104857668544518,
        0.04794811180699454,
        0.058402671839643414,
        0.06341513256384376,
        0.06734793490725077,
        0.07096156356116239,
        0.07301955168313032,
        0.07345598716537877,
        0.07322227201837823,
        0.07318732615973647,
        0.07379498227253257,
        0.07496017953628648,
        0.07625508881833916,
        0.07721334114431033,
        0.07747375035025347,
        0.076895290605952,
        0.07560116181770785,
        0.0739857280959591,
        0.07256825271021146,
        0.07160109277003862,
        0.0709973702255269,
        0.07068142869009776,
        0.07069693185666434,
        0.0708859339682883,
        0.07074790509759582,
        0.06984727775718719,
        0.06777996721828727,
        0.06286059515725456,
        0.05180849953060175,
        0.03487575501594831,
        0.021064759557688433
    ],
    "clip_indices": [
        0,
        3,
        7,
        11,
        15,
        19,
        23,
        26,
        30,
        34,
        38,
        42,
        46,
        49,
        53,
        57,
        61,
        65,
        69,
        72,
        76,
        80,
        84,
        88,
        92,
        95,
        99,
        103,
        107,
        111,
        115,
        119
    ]
}