{
    "video_path": "FallVision/No Fall/Chair/nf_raw_c_3/C_M_193_resized.mp4",
    "active_window": [
        11,
        27
    ],
    "varying_k": 17,
    "detection_status": "Global Event Zone",
    "saliency_weights": [
        0.016007147977077495,
        0.028553851775529507,
        0.04136996142740106,
        0.0449718325701942,
        0.04226203171541705,
        0.040804667054203866,
        0.04443734855685657,
        0.052863703750998,
        0.06246937169706375,
        0.06936048990501506,
        0.07299514403874305,
        0.07506488889767465,
        0.07677859731737549,
        0.07840836601005238,
        0.07989594422979238,
        0.08112212736121174,
        0.08190107629959421,
        0.08200408826433006,
        0.08129623738851877,
        0.07990674779283259,
        0.0784390228789682,
        0.07778923326537421,
        0.07826476260563574,
        0.07925763404972452,
        0.0799948525742343,
        0.0800414586447191,
        0.07929228709850825,
        0.07750356154760442,
        0.07261530467213573,
        0.06035779526492206,
        0.040724146009266014,
        0.024471651511364524
    ],
    "clip_indices": [
        0,
        9,
        19,
        28,
        38,
        48,
        57,
        67,
        77,
        86,
        96,
        106,
        115,
        125,
        135,
        144,
        154,
        163,
        173,
        183,
        192,
        202,
        212,
        221,
        231,
        241,
        250,
        260,
        270,
        279,
        289,
        299
    ]
}