{
    "video_path": "FallVision/No Fall/Chair/nf_raw_c_3/C_M_118_resized.mp4",
    "active_window": [
        18,
        23
    ],
    "varying_k": 6,
    "detection_status": "Global Event Zone",
    "saliency_weights": [
        0.011141037549222296,
        0.01810230214793851,
        0.0263245788553728,
        0.031118486299991657,
        0.03273038974062414,
        0.03320399770657029,
        0.03323962402207178,
        0.03278959937564487,
        0.03230837162806241,
        0.032419371503868616,
        0.033078404498084954,
        0.03376583993057598,
        0.034072884677985874,
        0.03389644263030499,
        0.03365259750968938,
        0.035124125605395684,
        0.04317530170667626,
        0.06692082162854193,
        0.11816610282326563,
        0.19847542427243597,
        0.272860015458123,
        0.28112683934214,
        0.21124898088579958,
        0.12202081088739031,
        0.06540223767685002,
        0.04191298363794867,
        0.03367168358943297,
        0.03049618790712786,
        0.028285146477274422,
        0.024578469679811796,
        0.018890976548007844,
        0.014193240184453476
    ],
    "clip_indices": [
        0,
        4,
        9,
        14,
        19,
        24,
        28,
        33,
        38,
        43,
        48,
        52,
        57,
        62,
        67,
        72,
        76,
        81,
        86,
        91,
        96,
        100,
        105,
        110,
        115,
        120,
        124,
        129,
        134,
        139,
        144,
        149
    ]
}