{
    "video_path": "FallVision/No Fall/Chair/nf_raw_c_3/C_M_49.mp4",
    "active_window": [
        3,
        9
    ],
    "varying_k": 7,
    "detection_status": "Global Event Zone",
    "saliency_weights": [
        0.03156538852676481,
        0.05951890656514765,
        0.10264740093968486,
        0.154017806318835,
        0.21946843732126523,
        0.29203126545295055,
        0.3272948112068297,
        0.2870812786812264,
        0.19746510714158189,
        0.11355423974814358,
        0.05967571995764531,
        0.03140459778429271,
        0.018403751277038995,
        0.012867733573946192,
        0.010505280912048233,
        0.009455472196258655,
        0.008970626544819869,
        0.008739267361300021,
        0.008630183884618971,
        0.008591753690108186,
        0.008597530744050619,
        0.008625353614203971,
        0.008659934749247023,
        0.008694371860891179,
        0.008724212060544563,
        0.008743813606176817,
        0.008745676267117745,
        0.008699235193428157,
        0.008475650110183157,
        0.007837057739657712,
        0.006784292704796033,
        0.005906352410060566
    ],
    "clip_indices": [
        0,
        3,
        7,
        11,
        15,
        19,
        23,
        26,
        30,
        34,
        38,
        42,
        46,
        49,
        53,
        57,
        61,
        65,
        69,
        72,
        76,
        80,
        84,
        88,
        92,
        95,
        99,
        103,
        107,
        111,
        115,
        119
    ]
}