{
    "video_path": "FallVision/No Fall/Chair/nf_raw_c_3/C_M_13_resized.mp4",
    "active_window": [
        4,
        9
    ],
    "varying_k": 6,
    "detection_status": "Global Event Zone",
    "saliency_weights": [
        0.015211420821651233,
        0.029338033373861823,
        0.05157337327354418,
        0.07691680429701855,
        0.10358212606696199,
        0.1277094290845639,
        0.13894831719090023,
        0.12985927794317492,
        0.10842492918582866,
        0.08877169167323859,
        0.07610785378907538,
        0.06823851987414839,
        0.06274908568885879,
        0.05884848038331961,
        0.056474560979835,
        0.05558189790350057,
        0.05572163110554298,
        0.0561339922320955,
        0.05627421216737869,
        0.05602523087230449,
        0.05562020813716223,
        0.055415616183474285,
        0.055403519263057324,
        0.05515637191334802,
        0.05457626073640905,
        0.054212045956179795,
        0.05440349982044041,
        0.054450061202089464,
        0.05222783017481253,
        0.044520779227436025,
        0.03134295802414408,
        0.020254187235345486
    ],
    "clip_indices": [
        0,
        3,
        7,
        11,
        15,
        19,
        23,
        26,
        30,
        34,
        38,
        42,
        46,
        49,
        53,
        57,
        61,
        65,
        69,
        72,
        76,
        80,
        84,
        88,
        92,
        95,
        99,
        103,
        107,
        111,
        115,
        119
    ]
}