{
    "video_path": "FallVision/No Fall/Chair/nf_raw_c_3/C_M_51.mp4",
    "active_window": [
        1,
        12
    ],
    "varying_k": 12,
    "detection_status": "Global Event Zone",
    "saliency_weights": [
        0.08869916249552791,
        0.1555410424515914,
        0.2141023217424142,
        0.20638948923117562,
        0.15196411986070618,
        0.09865386934312799,
        0.07000740134858514,
        0.07079306854667422,
        0.09966792588477341,
        0.14554461455256507,
        0.17898192191851564,
        0.17177849520577018,
        0.1298542999943434,
        0.08202953134712515,
        0.046633755799560694,
        0.025619657563698005,
        0.014951943189240063,
        0.010300483706742952,
        0.00859105188702336,
        0.008033874143196921,
        0.007762154756521025,
        0.007508174378159937,
        0.0072565153358811075,
        0.007066285631038101,
        0.007006897100727421,
        0.007122687728331358,
        0.007375172470641955,
        0.007593244159841703,
        0.0075130764658396226,
        0.006858153654205817,
        0.005673370679861208,
        0.004668632448239576
    ],
    "clip_indices": [
        0,
        3,
        7,
        11,
        15,
        19,
        23,
        26,
        30,
        34,
        38,
        42,
        46,
        49,
        53,
        57,
        61,
        65,
        69,
        72,
        76,
        80,
        84,
        88,
        92,
        95,
        99,
        103,
        107,
        111,
        115,
        119
    ]
}