{
    "video_path": "FallVision/No Fall/Chair/nf_raw_c_3/C_M_08_resized.mp4",
    "active_window": [
        26,
        30
    ],
    "varying_k": 5,
    "detection_status": "Global Event Zone",
    "saliency_weights": [
        0.0163210175693758,
        0.028684803606507832,
        0.042860426789082647,
        0.05020761228235285,
        0.05143012932088282,
        0.05076795933438191,
        0.05008322788197392,
        0.04941750983351785,
        0.04868201799063989,
        0.04798703049801824,
        0.047506462342562845,
        0.047372569388475866,
        0.047582217208307506,
        0.04801893423250812,
        0.04852928094212722,
        0.04901410098627498,
        0.04953957499533149,
        0.0502425300833996,
        0.0510506468465408,
        0.05168937554167667,
        0.05202258357170138,
        0.05215686440015606,
        0.05228040848743694,
        0.053050384122421634,
        0.056985956527320795,
        0.06913474565457306,
        0.09468870163678175,
        0.1342758831448481,
        0.1731144606188235,
        0.17699435495868163,
        0.13197324792662324,
        0.08144480217615675
    ],
    "clip_indices": [
        0,
        4,
        9,
        14,
        19,
        24,
        28,
        33,
        38,
        43,
        48,
        52,
        57,
        62,
        67,
        72,
        76,
        81,
        86,
        91,
        96,
        100,
        105,
        110,
        115,
        120,
        124,
        129,
        134,
        139,
        144,
        149
    ]
}