{
    "video_path": "FallVision/No Fall/Chair/nf_raw_c_3/C_M_181.mp4",
    "active_window": [
        1,
        8
    ],
    "varying_k": 8,
    "detection_status": "Global Event Zone",
    "saliency_weights": [
        0.05497775142866371,
        0.10124714748765098,
        0.1569391241395427,
        0.19227544679178868,
        0.2093026919678705,
        0.21670794431311013,
        0.2052998258958419,
        0.16547543081158428,
        0.11286399407548273,
        0.0730447085484968,
        0.05458421328480441,
        0.05166112940491419,
        0.0565326755938684,
        0.06302040184663366,
        0.06579977030962318,
        0.06122558498704654,
        0.05020044718622266,
        0.03728456291136109,
        0.026243967703268048,
        0.018412939007919564,
        0.01358569167966721,
        0.01083927889654419,
        0.009269767947597882,
        0.00828770164780301,
        0.0075863664588671645,
        0.007061392926501716,
        0.006674825089805445,
        0.006360053058215652,
        0.005978566030969719,
        0.005330534801585875,
        0.004412986690836864,
        0.0036806565643192836
    ],
    "clip_indices": [
        0,
        3,
        7,
        11,
        15,
        19,
        23,
        26,
        30,
        34,
        38,
        42,
        46,
        49,
        53,
        57,
        61,
        65,
        69,
        72,
        76,
        80,
        84,
        88,
        92,
        95,
        99,
        103,
        107,
        111,
        115,
        119
    ]
}