{
    "video_path": "FallVision/No Fall/Chair/nf_raw_c_3/C_M_178.mp4",
    "active_window": [
        0,
        5
    ],
    "varying_k": 6,
    "detection_status": "Global Event Zone",
    "saliency_weights": [
        0.16751081067405188,
        0.29185741141811317,
        0.395497577419864,
        0.3685515087400453,
        0.25502392063029133,
        0.14928779573390663,
        0.08446129357258006,
        0.05071504248192901,
        0.03406247063034477,
        0.02544760254514691,
        0.020306455101783777,
        0.016741352524355647,
        0.014161636401367169,
        0.012492638693923978,
        0.011653838346244704,
        0.011421830701369963,
        0.011486906656009457,
        0.011539264855007907,
        0.011405734254977744,
        0.011075681575487602,
        0.010626139233108435,
        0.010160347155171334,
        0.009740123030620641,
        0.009373383065450963,
        0.009081242450675871,
        0.008917781321985957,
        0.008870564306561152,
        0.00879090157009647,
        0.008485512643085637,
        0.00781897828078958,
        0.006875042973698745,
        0.006132900307353809
    ],
    "clip_indices": [
        0,
        3,
        7,
        11,
        15,
        19,
        23,
        26,
        30,
        34,
        38,
        42,
        46,
        49,
        53,
        57,
        61,
        65,
        69,
        72,
        76,
        80,
        84,
        88,
        92,
        95,
        99,
        103,
        107,
        111,
        115,
        119
    ]
}