{
    "video_path": "FallVision/No Fall/Chair/nf_raw_c_3/C_M_127.mp4",
    "active_window": [
        8,
        12
    ],
    "varying_k": 5,
    "detection_status": "Global Event Zone",
    "saliency_weights": [
        0.019734863979265306,
        0.036193574642493724,
        0.05536782335375629,
        0.06598990970615354,
        0.06886915034962748,
        0.06940696422683498,
        0.0699943817097915,
        0.07068390070174049,
        0.07130023479029143,
        0.07183885359885374,
        0.0722681216327978,
        0.07242724132281836,
        0.07202261514598493,
        0.07091581508937454,
        0.0695777626370633,
        0.06875858589214268,
        0.06858759626929936,
        0.06858610638262078,
        0.06846463935345704,
        0.06838563232685933,
        0.0686433511988778,
        0.06936962325407142,
        0.07027624141505574,
        0.07075380565077155,
        0.0706910527744761,
        0.07081529255643246,
        0.07171079239450205,
        0.07270626583846787,
        0.07072872325573967,
        0.06040183557401408,
        0.041237218647513695,
        0.024727360005126917
    ],
    "clip_indices": [
        0,
        3,
        7,
        11,
        15,
        19,
        23,
        26,
        30,
        34,
        38,
        42,
        46,
        49,
        53,
        57,
        61,
        65,
        69,
        72,
        76,
        80,
        84,
        88,
        92,
        95,
        99,
        103,
        107,
        111,
        115,
        119
    ]
}