{
    "video_path": "FallVision/No Fall/Chair/nf_raw_c_3/C_M_216.mp4",
    "active_window": [
        2,
        6
    ],
    "varying_k": 5,
    "detection_status": "Global Event Zone",
    "saliency_weights": [
        0.036764682988164404,
        0.06614021721423072,
        0.09672813315197931,
        0.10572468725786056,
        0.09656063569573413,
        0.0830207759595141,
        0.07274753347003202,
        0.06762946284111372,
        0.06681990424241782,
        0.06830840491543613,
        0.06975379193050926,
        0.06948218223573974,
        0.06775689306141806,
        0.06587767710263079,
        0.06423734173018013,
        0.06241757323564627,
        0.06059909984292959,
        0.05971505139949713,
        0.060406649067183335,
        0.062394351564518946,
        0.06431548322503391,
        0.06437030150241324,
        0.06237229710075015,
        0.060258984837629224,
        0.05957901509752704,
        0.06008924995439768,
        0.06094556555080821,
        0.061280207615751876,
        0.05892094927216107,
        0.050021499919495616,
        0.03445662565574961,
        0.021264411801266106
    ],
    "clip_indices": [
        0,
        1,
        3,
        5,
        7,
        9,
        11,
        13,
        15,
        17,
        19,
        20,
        22,
        24,
        26,
        28,
        30,
        32,
        34,
        36,
        38,
        39,
        41,
        43,
        45,
        47,
        49,
        51,
        53,
        55,
        57,
        59
    ]
}