{
    "video_path": "FallVision/No Fall/Chair/nf_raw_c_3/C_M_19_resized.mp4",
    "active_window": [
        25,
        30
    ],
    "varying_k": 6,
    "detection_status": "Global Event Zone",
    "saliency_weights": [
        0.018007673590723253,
        0.031807292276968574,
        0.04642564158472356,
        0.05173543352121647,
        0.05033016053598258,
        0.04922625112308767,
        0.050997519766919686,
        0.05438891721531003,
        0.056597196204217416,
        0.05569503511102228,
        0.053090974718675785,
        0.05169625092581982,
        0.052471392223487096,
        0.05449159541647956,
        0.0566533134401548,
        0.0582357673486396,
        0.05879825365911549,
        0.05820975201962434,
        0.05691521344163332,
        0.05580168282059808,
        0.05548561724334876,
        0.0560049811656328,
        0.05710016539175477,
        0.05907241414661815,
        0.06466901172738819,
        0.07892740296279176,
        0.10310626624802716,
        0.12987317596642203,
        0.14555524272770937,
        0.13427951440505873,
        0.09485434246971866,
        0.05731049956565037
    ],
    "clip_indices": [
        0,
        3,
        7,
        11,
        15,
        19,
        23,
        26,
        30,
        34,
        38,
        42,
        46,
        49,
        53,
        57,
        61,
        65,
        69,
        72,
        76,
        80,
        84,
        88,
        92,
        95,
        99,
        103,
        107,
        111,
        115,
        119
    ]
}