{
    "video_path": "FallVision/No Fall/Chair/nf_raw_c_3/C_M_33_resized.mp4",
    "active_window": [
        21,
        28
    ],
    "varying_k": 8,
    "detection_status": "Global Event Zone",
    "saliency_weights": [
        0.02428786198091655,
        0.043830268687494026,
        0.06461485158965345,
        0.0720718376096174,
        0.06906963158531743,
        0.06517528346799266,
        0.06526888196935221,
        0.0693084640247334,
        0.07385701443660422,
        0.07493840823575798,
        0.07133241234547921,
        0.06461241420135826,
        0.058208163515851175,
        0.05560652189536461,
        0.05771532617194734,
        0.06264539867444403,
        0.06700388200026869,
        0.0679313995184739,
        0.06623348879912658,
        0.0657737925506659,
        0.06850579319506203,
        0.07274041712289782,
        0.07590335897559548,
        0.07658482323363491,
        0.07550811815117045,
        0.07528499683280929,
        0.07704107079212365,
        0.07816660848962956,
        0.07427299396197463,
        0.061543764194472494,
        0.041309072521901476,
        0.024779485741024104
    ],
    "clip_indices": [
        0,
        2,
        5,
        8,
        11,
        14,
        17,
        20,
        22,
        25,
        28,
        31,
        34,
        37,
        40,
        43,
        45,
        48,
        51,
        54,
        57,
        60,
        63,
        66,
        68,
        71,
        74,
        77,
        80,
        83,
        86,
        89
    ]
}