{
    "video_path": "FallVision/No Fall/Chair/nf_raw_c_3/C_M_37_resized.mp4",
    "active_window": [
        3,
        12
    ],
    "varying_k": 10,
    "detection_status": "Global Event Zone",
    "saliency_weights": [
        0.023281710850116752,
        0.04225238034099669,
        0.06313527944110153,
        0.07241133072543006,
        0.07267174743979707,
        0.07201835900456253,
        0.07300856297344469,
        0.07440575349737871,
        0.07511592388783306,
        0.07485077507183263,
        0.07382468972764297,
        0.07243736186224947,
        0.0710053639969454,
        0.06965067776506247,
        0.06823542432889901,
        0.06654776732171927,
        0.06467363239990612,
        0.06298459032868958,
        0.06177540735998493,
        0.06107164151936098,
        0.06060971648924809,
        0.06006538374445046,
        0.05969254806840245,
        0.06047180579798043,
        0.0632346681487873,
        0.0680211660335826,
        0.07395852871979627,
        0.07884442134397981,
        0.07857427396943856,
        0.06767127343500223,
        0.04640158365897381,
        0.027982011680564908
    ],
    "clip_indices": [
        0,
        4,
        9,
        14,
        19,
        24,
        28,
        33,
        38,
        43,
        48,
        52,
        57,
        62,
        67,
        72,
        76,
        81,
        86,
        91,
        96,
        100,
        105,
        110,
        115,
        120,
        124,
        129,
        134,
        139,
        144,
        149
    ]
}