{
    "video_path": "FallVision/No Fall/Chair/nf_raw_c_3/C_M_126_resized.mp4",
    "active_window": [
        19,
        24
    ],
    "varying_k": 6,
    "detection_status": "Global Event Zone",
    "saliency_weights": [
        0.019824790751054082,
        0.03626130854998103,
        0.05512388084851884,
        0.06515634945191606,
        0.06785289124023264,
        0.0690251985125416,
        0.07017917264291446,
        0.07039936140607761,
        0.07004165846015784,
        0.0701403415048854,
        0.07057127576368799,
        0.07058585127853823,
        0.07025058737614939,
        0.07017909381131612,
        0.07039241339194804,
        0.070412733072134,
        0.07019799073317966,
        0.07023163475339143,
        0.070847070432703,
        0.07192560514291127,
        0.073000047587707,
        0.0734931709829803,
        0.07321810529377931,
        0.07253116626324907,
        0.07184300774985025,
        0.07133131904079626,
        0.0710122700522345,
        0.07040980202112845,
        0.06712297263555346,
        0.05655524801904583,
        0.038390447689891055,
        0.02303865511921825
    ],
    "clip_indices": [
        0,
        3,
        7,
        11,
        15,
        19,
        23,
        26,
        30,
        34,
        38,
        42,
        46,
        49,
        53,
        57,
        61,
        65,
        69,
        72,
        76,
        80,
        84,
        88,
        92,
        95,
        99,
        103,
        107,
        111,
        115,
        119
    ]
}