{
    "video_path": "FallVision/No Fall/Chair/nf_raw_c_3/C_M_52.mp4",
    "active_window": [
        6,
        11
    ],
    "varying_k": 6,
    "detection_status": "Global Event Zone",
    "saliency_weights": [
        0.023379595200276267,
        0.039238497831142735,
        0.0544791383502496,
        0.05917550646454519,
        0.06613036090575694,
        0.09741514667281917,
        0.16568030502356595,
        0.2568555986586284,
        0.3144205836511271,
        0.2878329154643727,
        0.20117706741366187,
        0.11791303595401642,
        0.06683845272514968,
        0.040369737024401664,
        0.026437960603101565,
        0.019238192711795672,
        0.016043091824765866,
        0.014873779227171788,
        0.014485564817916852,
        0.01436238883718729,
        0.014349871980837047,
        0.014415005999745326,
        0.014533833896469173,
        0.014659282407798287,
        0.014756067566973275,
        0.014819990623645588,
        0.014845324362422628,
        0.014756320386707242,
        0.014258838802316815,
        0.012832231962095085,
        0.010488742275459359,
        0.008537624870596346
    ],
    "clip_indices": [
        0,
        3,
        7,
        11,
        15,
        19,
        23,
        26,
        30,
        34,
        38,
        42,
        46,
        49,
        53,
        57,
        61,
        65,
        69,
        72,
        76,
        80,
        84,
        88,
        92,
        95,
        99,
        103,
        107,
        111,
        115,
        119
    ]
}