{
    "video_path": "FallVision/No Fall/Chair/nf_raw_c_3/C_M_136.mp4",
    "active_window": [
        9,
        27
    ],
    "varying_k": 19,
    "detection_status": "Global Event Zone",
    "saliency_weights": [
        0.015469124633886949,
        0.02793463418353015,
        0.04159943300129544,
        0.04749717770800299,
        0.04737744063536179,
        0.04740205832321284,
        0.05138281124556996,
        0.05967312342728036,
        0.06892833065495864,
        0.07520655874503218,
        0.07795614632242984,
        0.07886199668909535,
        0.07895999384556351,
        0.07839778743472636,
        0.07748369364861382,
        0.07679407691195866,
        0.07656103592376143,
        0.07657977535334153,
        0.07659005894550465,
        0.07651638342581749,
        0.07656113840317728,
        0.07700684712249753,
        0.07759541126949668,
        0.077500394954502,
        0.07649249752295764,
        0.07544361064135754,
        0.07501496617603913,
        0.07440082016124767,
        0.07068656374194562,
        0.05926585500420019,
        0.04012228060848276,
        0.024089038348349148
    ],
    "clip_indices": [
        0,
        4,
        9,
        14,
        19,
        24,
        28,
        33,
        38,
        43,
        48,
        52,
        57,
        62,
        67,
        72,
        76,
        81,
        86,
        91,
        96,
        100,
        105,
        110,
        115,
        120,
        124,
        129,
        134,
        139,
        144,
        149
    ]
}