{
    "video_path": "FallVision/No Fall/Chair/nf_raw_c_3/C_M_179.mp4",
    "active_window": [
        0,
        5
    ],
    "varying_k": 6,
    "detection_status": "Global Event Zone",
    "saliency_weights": [
        0.16180037821144463,
        0.2821834295293068,
        0.3833695577070626,
        0.35965699675211327,
        0.2532508905491698,
        0.15423488569340726,
        0.09284041922746585,
        0.058448459116852536,
        0.03871245694402854,
        0.02705121411913517,
        0.02015320311966552,
        0.016149221000737436,
        0.013886104080034174,
        0.012707342357196666,
        0.012462829252973779,
        0.013140058262533005,
        0.014220746227012148,
        0.014831940699630997,
        0.0146367484621825,
        0.013975113539565076,
        0.013183684386841026,
        0.012305855900303931,
        0.011321250095387245,
        0.010293011065734926,
        0.00930353270434158,
        0.008403268623550363,
        0.007626523049865907,
        0.006996055079177425,
        0.006478732267631366,
        0.005963514942445441,
        0.005414050766881557,
        0.005016862366284496
    ],
    "clip_indices": [
        0,
        4,
        9,
        14,
        19,
        24,
        28,
        33,
        38,
        43,
        48,
        52,
        57,
        62,
        67,
        72,
        76,
        81,
        86,
        91,
        96,
        100,
        105,
        110,
        115,
        120,
        124,
        129,
        134,
        139,
        144,
        149
    ]
}