{
    "video_path": "FallVision/No Fall/Chair/nf_raw_c_3/C_M_60.mp4",
    "active_window": [
        5,
        10
    ],
    "varying_k": 6,
    "detection_status": "Global Event Zone",
    "saliency_weights": [
        0.012313635702235816,
        0.02167291648630014,
        0.03664225500331374,
        0.06110789830668782,
        0.1126850403993154,
        0.19851395588178267,
        0.2873164232188531,
        0.3340977071574389,
        0.316749456997671,
        0.24228208639983673,
        0.14768145136556537,
        0.07535775509192842,
        0.037342939704185195,
        0.021093426587619864,
        0.014106717504588041,
        0.010939446602077336,
        0.009591986178789421,
        0.009048017147374542,
        0.008782173606328752,
        0.008615489176308761,
        0.008504077341967852,
        0.008433971386195296,
        0.008413499735668968,
        0.008462670013703788,
        0.008557915567690894,
        0.008615741352572068,
        0.008584226559929135,
        0.008473406061593771,
        0.008187732190811595,
        0.007450884413488788,
        0.006241692317184143,
        0.00523132964927923
    ],
    "clip_indices": [
        0,
        3,
        7,
        11,
        15,
        19,
        23,
        26,
        30,
        34,
        38,
        42,
        46,
        49,
        53,
        57,
        61,
        65,
        69,
        72,
        76,
        80,
        84,
        88,
        92,
        95,
        99,
        103,
        107,
        111,
        115,
        119
    ]
}