{
    "video_path": "FallVision/No Fall/Chair/nf_raw_c_3/C_M_123_resized.mp4",
    "active_window": [
        4,
        20
    ],
    "varying_k": 17,
    "detection_status": "Global Event Zone",
    "saliency_weights": [
        0.020344440687642462,
        0.037417300097777106,
        0.05750543124917047,
        0.0690365642478441,
        0.07264516796510087,
        0.07357908471281135,
        0.07403691627387807,
        0.07401218228269837,
        0.07363109844942492,
        0.07325160865619135,
        0.07286155174102088,
        0.07233133239042665,
        0.07198558400585023,
        0.07226625796503397,
        0.07291228843382151,
        0.07323944301542065,
        0.07317429581691355,
        0.07321093341311832,
        0.07343152100493999,
        0.07333149393925854,
        0.07256450380489424,
        0.07124239007171167,
        0.06959911016924958,
        0.067824267125692,
        0.0661957259142035,
        0.06510113837659927,
        0.06461082398376061,
        0.06389162318381929,
        0.06052039330629151,
        0.050675410369709545,
        0.03438425544976682,
        0.020790147718959633
    ],
    "clip_indices": [
        0,
        9,
        19,
        28,
        38,
        48,
        57,
        67,
        77,
        86,
        96,
        106,
        115,
        125,
        135,
        144,
        154,
        163,
        173,
        183,
        192,
        202,
        212,
        221,
        231,
        241,
        250,
        260,
        270,
        279,
        289,
        299
    ]
}