{
    "video_path": "FallVision/No Fall/Chair/nf_raw_c_3/C_M_143_resized.mp4",
    "active_window": [
        1,
        5
    ],
    "varying_k": 5,
    "detection_status": "Peak Only",
    "saliency_weights": [
        0.02965611887481023,
        0.053224349108869265,
        0.07746668079058694,
        0.08420927249829291,
        0.07734203900063141,
        0.06908240116923905,
        0.06544344616346202,
        0.06660166996439199,
        0.06967552237055619,
        0.07165180631607751,
        0.07212814180199922,
        0.07214825244669634,
        0.07178557924358574,
        0.07053868787814169,
        0.06906757830618684,
        0.0683625832173189,
        0.06721103671795708,
        0.06337225638140173,
        0.058127122171236174,
        0.055957494379918885,
        0.05846048562910586,
        0.06272712322881478,
        0.06620346748279937,
        0.06898147834953561,
        0.07142194482715306,
        0.07273026136896679,
        0.07236613053434784,
        0.07068981872117733,
        0.06647774242359476,
        0.05576388726042583,
        0.03822563240022037,
        0.02357775613293696
    ],
    "clip_indices": [
        0,
        3,
        7,
        11,
        15,
        19,
        22,
        26,
        30,
        34,
        38,
        41,
        45,
        49,
        53,
        57,
        60,
        64,
        68,
        72,
        76,
        79,
        83,
        87,
        91,
        95,
        98,
        102,
        106,
        110,
        114,
        118
    ]
}