{
    "video_path": "FallVision/No Fall/Chair/nf_raw_c_3/C_M_218.mp4",
    "active_window": [
        14,
        22
    ],
    "varying_k": 9,
    "detection_status": "Global Event Zone",
    "saliency_weights": [
        0.023919647452076476,
        0.0436851097141572,
        0.066095254567556,
        0.077040321592312,
        0.07750011630803993,
        0.07447632365874,
        0.07174318881450012,
        0.07000433170256815,
        0.06869917354055316,
        0.06729469627355077,
        0.06625563940748311,
        0.06645650766209517,
        0.06799470404748373,
        0.07028913116926895,
        0.07278516146178511,
        0.07509115621977755,
        0.07680211636400736,
        0.0776365052560822,
        0.0778917450855376,
        0.0781856158047837,
        0.0783209526180918,
        0.07714651066421303,
        0.0739514302266775,
        0.06922283296956258,
        0.06418299535654212,
        0.060281231251161735,
        0.058252322237262476,
        0.05727253420593387,
        0.05467470389581541,
        0.046379952316692556,
        0.031988479295385765,
        0.019784720104383452
    ],
    "clip_indices": [
        0,
        4,
        9,
        14,
        19,
        24,
        28,
        33,
        38,
        43,
        48,
        52,
        57,
        62,
        67,
        72,
        76,
        81,
        86,
        91,
        96,
        100,
        105,
        110,
        115,
        120,
        124,
        129,
        134,
        139,
        144,
        149
    ]
}