{
    "video_path": "FallVision/No Fall/Chair/nf_raw_c_3/C_M_117_resized.mp4",
    "active_window": [
        6,
        18
    ],
    "varying_k": 13,
    "detection_status": "Global Event Zone",
    "saliency_weights": [
        0.020104443522854766,
        0.03682143372298337,
        0.05614275850761555,
        0.06662416940100666,
        0.06948881006773629,
        0.07062082834856584,
        0.07233674875995114,
        0.07416705127361947,
        0.07521331112311862,
        0.07496293667098328,
        0.07365145084296096,
        0.072051057815886,
        0.07106087752789478,
        0.07123837905946362,
        0.07220434395489161,
        0.07300302201429563,
        0.07313197765447141,
        0.07273660337886584,
        0.07214956696549267,
        0.07160910991408977,
        0.07114071472041975,
        0.0706002268897553,
        0.06991542343970934,
        0.06918303349290883,
        0.06851368526604278,
        0.0679270717639111,
        0.06733437433173156,
        0.06620139145158443,
        0.06241450363495177,
        0.05214618546760789,
        0.03537284062308968,
        0.0214147281309339
    ],
    "clip_indices": [
        0,
        7,
        15,
        23,
        30,
        38,
        46,
        53,
        61,
        69,
        77,
        84,
        92,
        100,
        107,
        115,
        123,
        131,
        138,
        146,
        154,
        161,
        169,
        177,
        185,
        192,
        200,
        208,
        215,
        223,
        231,
        239
    ]
}