{
    "video_path": "FallVision/No Fall/Chair/nf_raw_c_3/C_M_129.mp4",
    "active_window": [
        5,
        24
    ],
    "varying_k": 20,
    "detection_status": "Global Event Zone",
    "saliency_weights": [
        0.00970230838096223,
        0.017157938134665582,
        0.028565182229142713,
        0.045547246939401806,
        0.07873718667962822,
        0.12797000738059783,
        0.16184159580723323,
        0.15023591041480966,
        0.10720985477626878,
        0.06708904861233836,
        0.043195305155160686,
        0.03042506703796534,
        0.023164894674579342,
        0.02003591407922248,
        0.021763617483054325,
        0.02910265601998859,
        0.04107313356121789,
        0.055003835566317466,
        0.06839343336681525,
        0.08167550947775162,
        0.10161129192547147,
        0.13509062351930978,
        0.168396094512195,
        0.16754483108627252,
        0.12251590743986687,
        0.06711863273848623,
        0.03312037145905185,
        0.019594203768815207,
        0.013998883915967828,
        0.010382517212357723,
        0.007705638521659338,
        0.006171137469067943
    ],
    "clip_indices": [
        0,
        3,
        7,
        11,
        15,
        19,
        23,
        26,
        30,
        34,
        38,
        42,
        46,
        49,
        53,
        57,
        61,
        65,
        69,
        72,
        76,
        80,
        84,
        88,
        92,
        95,
        99,
        103,
        107,
        111,
        115,
        119
    ]
}