{
    "video_path": "FallVision/No Fall/Chair/nf_raw_c_3/C_M_48.mp4",
    "active_window": [
        3,
        9
    ],
    "varying_k": 7,
    "detection_status": "Global Event Zone",
    "saliency_weights": [
        0.030507263702831182,
        0.05572749794610414,
        0.09170150918169678,
        0.13338289521322302,
        0.19640779406403824,
        0.2802918343530376,
        0.3310831815986942,
        0.29753209320576457,
        0.20597447595515475,
        0.11907991394799602,
        0.06419050298580944,
        0.03560177263747086,
        0.022081307309444735,
        0.016104229202413348,
        0.013564127666561851,
        0.012387141646514546,
        0.011653482975207321,
        0.011058580203454703,
        0.010510109909261302,
        0.00997642509217178,
        0.00950041793495042,
        0.0091678595778027,
        0.00896269855206504,
        0.008770515685489623,
        0.008666117027489185,
        0.008987475955346286,
        0.009828234713687503,
        0.010702241952340312,
        0.010955947617474152,
        0.010166764495384981,
        0.008492420237632485,
        0.007037135113960102
    ],
    "clip_indices": [
        0,
        4,
        9,
        14,
        19,
        24,
        28,
        33,
        38,
        43,
        48,
        52,
        57,
        62,
        67,
        72,
        76,
        81,
        86,
        91,
        96,
        100,
        105,
        110,
        115,
        120,
        124,
        129,
        134,
        139,
        144,
        149
    ]
}