{
    "video_path": "FallVision/No Fall/Chair/nf_raw_c_3/C_M_58.mp4",
    "active_window": [
        5,
        11
    ],
    "varying_k": 7,
    "detection_status": "Global Event Zone",
    "saliency_weights": [
        0.02868352773126672,
        0.04948946591815946,
        0.07034272580189767,
        0.08039628046149802,
        0.09872876565649051,
        0.14632717615881047,
        0.21347230057695915,
        0.2703386086124707,
        0.28637998004530535,
        0.2475770206018323,
        0.17558439455806268,
        0.10765993267012275,
        0.06156056739054391,
        0.03516712042181253,
        0.021454378328890408,
        0.014797066672459743,
        0.011749219067587913,
        0.010458964976916828,
        0.009979274411696673,
        0.009845140718878757,
        0.009834725226816998,
        0.009854264492892312,
        0.009878253459792236,
        0.009915260951974283,
        0.009966893035787065,
        0.0100116062810062,
        0.010030420956051042,
        0.009989533684647969,
        0.009698448865872102,
        0.008773268734916725,
        0.007194234934789975,
        0.005862930045513415
    ],
    "clip_indices": [
        0,
        3,
        7,
        11,
        15,
        19,
        23,
        26,
        30,
        34,
        38,
        42,
        46,
        49,
        53,
        57,
        61,
        65,
        69,
        72,
        76,
        80,
        84,
        88,
        92,
        95,
        99,
        103,
        107,
        111,
        115,
        119
    ]
}