{
    "video_path": "FallVision/No Fall/Chair/nf_raw_c_3/C_M_188_resized.mp4",
    "active_window": [
        15,
        28
    ],
    "varying_k": 14,
    "detection_status": "Global Event Zone",
    "saliency_weights": [
        0.030088145017315066,
        0.053198516753370936,
        0.07483126916092228,
        0.0763505077463958,
        0.06469457230578239,
        0.054596891870712094,
        0.04963972231387241,
        0.046920289327285966,
        0.04552087605055459,
        0.04606432399361349,
        0.047769260667549995,
        0.04967697560502435,
        0.05342270052803405,
        0.061202353044430724,
        0.07113840684510872,
        0.07867946925652071,
        0.08222862304207304,
        0.08359860484969572,
        0.0841274290193413,
        0.08340560136313147,
        0.0808910724410991,
        0.07709097248653066,
        0.07389198218842036,
        0.07376228715802383,
        0.0766213046071954,
        0.0788890075937782,
        0.07837402117515568,
        0.07671991808468755,
        0.07360655592192436,
        0.06321475382309055,
        0.043730729438721694,
        0.026719053750859804
    ],
    "clip_indices": [
        0,
        4,
        9,
        13,
        18,
        23,
        27,
        32,
        36,
        41,
        46,
        50,
        55,
        59,
        64,
        69,
        73,
        78,
        83,
        87,
        92,
        96,
        101,
        106,
        110,
        115,
        119,
        124,
        129,
        133,
        138,
        143
    ]
}