{
    "video_path": "FallVision/No Fall/Chair/nf_raw_c_3/C_M_231.mp4",
    "active_window": [
        0,
        4
    ],
    "varying_k": 5,
    "detection_status": "Global Event Zone",
    "saliency_weights": [
        0.17136960671837373,
        0.2950350190814709,
        0.3881994969911135,
        0.33915782694177854,
        0.2103813276483868,
        0.11435425298687878,
        0.07766112330767427,
        0.07149937447280921,
        0.06896492833568285,
        0.05786246488786209,
        0.040894030048845766,
        0.026723136914359208,
        0.01865504145323349,
        0.014627804377460496,
        0.012317796086975388,
        0.010736690212181859,
        0.009582563094439783,
        0.008751993626709285,
        0.00820165283664801,
        0.007918803707696242,
        0.007918848517592045,
        0.008229873926945904,
        0.008843155868334403,
        0.009657518497876532,
        0.010429652934202662,
        0.0108019406326604,
        0.010594601439535715,
        0.009971219560532782,
        0.009126337333514855,
        0.00807996561925731,
        0.006923207229316372,
        0.006092175276592296
    ],
    "clip_indices": [
        0,
        5,
        11,
        17,
        23,
        28,
        34,
        40,
        46,
        51,
        57,
        63,
        69,
        75,
        80,
        86,
        92,
        98,
        103,
        109,
        115,
        121,
        127,
        132,
        138,
        144,
        150,
        155,
        161,
        167,
        173,
        179
    ]
}