{
    "video_path": "FallVision/No Fall/Chair/nf_raw_c_3/C_M_156.mp4",
    "active_window": [
        9,
        18
    ],
    "varying_k": 10,
    "detection_status": "Global Event Zone",
    "saliency_weights": [
        0.022063849178753897,
        0.040587965027272174,
        0.062343912457324735,
        0.07435845416726797,
        0.07633076583283183,
        0.07367400502428112,
        0.0706292048282473,
        0.06939037841788082,
        0.07022016999536515,
        0.07232809506154396,
        0.07472088472835553,
        0.07661450067011763,
        0.07776799758986323,
        0.0784022862539625,
        0.0789181524045038,
        0.0794162246063845,
        0.07905609862905302,
        0.07654078774814704,
        0.07170122989311122,
        0.06572038946620218,
        0.05987855927684518,
        0.055250257479397144,
        0.0534755422750247,
        0.05622738287018368,
        0.06196603091336392,
        0.06536608086658552,
        0.06438386360080137,
        0.06361884922179582,
        0.06447084985451776,
        0.05872706819575291,
        0.04181519833588679,
        0.025473183970043826
    ],
    "clip_indices": [
        0,
        3,
        7,
        11,
        15,
        19,
        23,
        26,
        30,
        34,
        38,
        42,
        46,
        49,
        53,
        57,
        61,
        65,
        69,
        72,
        76,
        80,
        84,
        88,
        92,
        95,
        99,
        103,
        107,
        111,
        115,
        119
    ]
}