{
    "video_path": "FallVision/No Fall/Chair/nf_raw_c_3/C_M_141_resized.mp4",
    "active_window": [
        6,
        12
    ],
    "varying_k": 7,
    "detection_status": "Global Event Zone",
    "saliency_weights": [
        0.02028370729828087,
        0.03638971397205623,
        0.054056111652545105,
        0.06188560475190183,
        0.06276676004874407,
        0.06588569826047821,
        0.07766898221262605,
        0.09755348967368711,
        0.11458636303179108,
        0.1171086508150504,
        0.1063907686599028,
        0.09178891343169171,
        0.0793104093545638,
        0.07020120389746115,
        0.06409913138041899,
        0.0605066005920402,
        0.05894324370542425,
        0.05888699349601263,
        0.059766328767257675,
        0.06099067674973155,
        0.062088310636681854,
        0.06274832982938564,
        0.06278943059668082,
        0.062191890600204844,
        0.06122170627483735,
        0.0603878802425373,
        0.059806719383345586,
        0.05860430852918309,
        0.05475612875011931,
        0.04553927950262924,
        0.03139849396206239,
        0.01989429777442927
    ],
    "clip_indices": [
        0,
        3,
        7,
        11,
        15,
        19,
        23,
        26,
        30,
        34,
        38,
        42,
        46,
        49,
        53,
        57,
        61,
        65,
        69,
        72,
        76,
        80,
        84,
        88,
        92,
        95,
        99,
        103,
        107,
        111,
        115,
        119
    ]
}