{
    "video_path": "FallVision/No Fall/Chair/nf_raw_c_3/C_M_183.mp4",
    "active_window": [
        0,
        5
    ],
    "varying_k": 6,
    "detection_status": "Global Event Zone",
    "saliency_weights": [
        0.17495759606478167,
        0.30371606988562216,
        0.4078894071664928,
        0.3727737451461576,
        0.24939385330121677,
        0.14077153601872472,
        0.07884680714971011,
        0.048115254244590094,
        0.032504438560086724,
        0.02386273021125969,
        0.01866037158414083,
        0.0154230933732801,
        0.013475169575612504,
        0.012455203772555047,
        0.012141133260295072,
        0.012308059217128709,
        0.012583213916212189,
        0.01254231884157386,
        0.012053929381807648,
        0.011314970896138222,
        0.010543381458974137,
        0.00983050340030599,
        0.009184866775731767,
        0.008588106664581456,
        0.00805291347614851,
        0.007637547563812172,
        0.007371188382762085,
        0.007195931362811655,
        0.006993052580282041,
        0.006624945683693305,
        0.0060857865496242725,
        0.005650653594065278
    ],
    "clip_indices": [
        0,
        3,
        7,
        11,
        15,
        19,
        23,
        26,
        30,
        34,
        38,
        42,
        46,
        49,
        53,
        57,
        61,
        65,
        69,
        72,
        76,
        80,
        84,
        88,
        92,
        95,
        99,
        103,
        107,
        111,
        115,
        119
    ]
}