{
    "video_path": "FallVision/No Fall/Chair/nf_raw_c_3/C_M_187_resized.mp4",
    "active_window": [
        10,
        18
    ],
    "varying_k": 9,
    "detection_status": "Global Event Zone",
    "saliency_weights": [
        0.02135905948324816,
        0.03892742758282979,
        0.05868426258282355,
        0.0682914897031098,
        0.06954764401353976,
        0.06911184469198145,
        0.06901052242007742,
        0.06867982492943313,
        0.06892774280654582,
        0.0709934628306631,
        0.07410566020985304,
        0.0763805806050179,
        0.07705114704724553,
        0.07652720049499914,
        0.07544533767948025,
        0.07430684007943342,
        0.07344914463427779,
        0.07292415062815535,
        0.07223409626102098,
        0.07062762372314446,
        0.06813018271149368,
        0.06570495246277336,
        0.06411107660812781,
        0.06339118090676757,
        0.0634594173575928,
        0.06445156471020777,
        0.066387930108214,
        0.06844766319434109,
        0.06758216863207704,
        0.05838631360680163,
        0.04024510744895292,
        0.02438852151953925
    ],
    "clip_indices": [
        0,
        3,
        6,
        9,
        12,
        15,
        18,
        21,
        24,
        27,
        30,
        33,
        36,
        39,
        42,
        45,
        49,
        52,
        55,
        58,
        61,
        64,
        67,
        70,
        73,
        76,
        79,
        82,
        85,
        88,
        91,
        95
    ]
}