{
    "video_path": "FallVision/No Fall/Chair/nf_raw_c_3/C_M_144_resized.mp4",
    "active_window": [
        2,
        6
    ],
    "varying_k": 5,
    "detection_status": "Global Event Zone",
    "saliency_weights": [
        0.03448087427098337,
        0.06177648008893133,
        0.08957178659496842,
        0.09673405794852995,
        0.08820191997517648,
        0.07826362087686223,
        0.07282904424456138,
        0.07078236077479946,
        0.06855803256486247,
        0.06344434685581465,
        0.056471603121317576,
        0.050941477534917914,
        0.049345779099058344,
        0.052424666256461326,
        0.05892149551851639,
        0.06606954810814405,
        0.07067658403140623,
        0.07038421363350736,
        0.06562491304032944,
        0.0596028472713786,
        0.055844722545001904,
        0.05636919636892609,
        0.06012785442374822,
        0.06331049705846675,
        0.0636318586285178,
        0.06274954927582237,
        0.06411829992392992,
        0.070174650844747,
        0.07725686595875467,
        0.07348333367375662,
        0.0537461973675353,
        0.03368379694410082
    ],
    "clip_indices": [
        0,
        4,
        9,
        14,
        19,
        23,
        28,
        33,
        38,
        42,
        47,
        52,
        57,
        62,
        66,
        71,
        76,
        81,
        85,
        90,
        95,
        100,
        105,
        109,
        114,
        119,
        124,
        128,
        133,
        138,
        143,
        148
    ]
}