{
    "video_path": "FallVision/No Fall/Chair/nf_raw_c_3/C_M_15.mp4",
    "active_window": [
        10,
        21
    ],
    "varying_k": 12,
    "detection_status": "Global Event Zone",
    "saliency_weights": [
        0.018116940494385177,
        0.03243149112152305,
        0.047233387670378116,
        0.05170293063647631,
        0.04864399739782588,
        0.04596011846424429,
        0.047574627866821366,
        0.053638348731198576,
        0.06209861519203814,
        0.07024315584080965,
        0.07616486067638145,
        0.07919915096308813,
        0.08019875950730987,
        0.08057717008737245,
        0.08074643293995246,
        0.08040041549821132,
        0.07991942151862227,
        0.08013608147920508,
        0.08063354370250414,
        0.07983033690128871,
        0.0772387492893054,
        0.07428302330155002,
        0.07292437864635386,
        0.07429436700964441,
        0.07715013488965837,
        0.07791298882458142,
        0.07506478248399492,
        0.07118186913108987,
        0.0668199215471984,
        0.056720092439498125,
        0.03888929990775082,
        0.023486822364836887
    ],
    "clip_indices": [
        0,
        2,
        5,
        8,
        11,
        14,
        17,
        20,
        22,
        25,
        28,
        31,
        34,
        37,
        40,
        43,
        45,
        48,
        51,
        54,
        57,
        60,
        63,
        66,
        68,
        71,
        74,
        77,
        80,
        83,
        86,
        89
    ]
}