{"threshold": 0.43, "temperature": 1.5, "logit_mean": 0.5040749907493591, "logit_std": 0.26654696464538574}