{"threshold": 0.52, "temperature": 1.5, "logit_mean": 0.5113473534584045, "logit_std": 0.26592257618904114}