{"threshold": 0.525, "temperature": 1.5, "logit_mean": 0.5059860944747925, "logit_std": 0.31461721658706665}