{
    "video_path": "FallVision/Fall/Stand/f_raw_s_3/S_M_198.mp4",
    "active_window": [
        9,
        16
    ],
    "varying_k": 8,
    "detection_status": "Global Event Zone",
    "saliency_weights": [
        0.0027544774663850074,
        0.003266928181577265,
        0.003874868047663406,
        0.0042350559059607116,
        0.004396810020136475,
        0.00482036192872171,
        0.007471343334094339,
        0.020432920571180666,
        0.06101345483583405,
        0.13675857657528845,
        0.21941978303274964,
        0.2677180862179719,
        0.2704280204188185,
        0.24340794254986847,
        0.20513590746122928,
        0.16701670516576622,
        0.13211893796744228,
        0.09885280371527047,
        0.06781721563929238,
        0.04287447707094474,
        0.026182078599947055,
        0.016274864286021252,
        0.010710446219309496,
        0.007683720452566819,
        0.00608601717874388,
        0.005285184273856307,
        0.004909968238760011,
        0.004721462205523311,
        0.004544534641265654,
        0.004250132879277646,
        0.0038313745425393063,
        0.003496633614892949
    ],
    "clip_indices": [
        0,
        2,
        5,
        8,
        11,
        14,
        17,
        20,
        22,
        25,
        28,
        31,
        34,
        37,
        40,
        43,
        45,
        48,
        51,
        54,
        57,
        60,
        63,
        66,
        68,
        71,
        74,
        77,
        80,
        83,
        86,
        89
    ]
}