{
    "video_path": "FallVision/Fall/Stand/f_raw_s_3/S_M_197.mp4",
    "active_window": [
        14,
        20
    ],
    "varying_k": 7,
    "detection_status": "Global Event Zone",
    "saliency_weights": [
        0.00271869314641054,
        0.0031444381441934803,
        0.003636953017140192,
        0.0039040000775011677,
        0.003973020318324576,
        0.003989212188685339,
        0.004017424609800136,
        0.004112733588264483,
        0.004522738204801388,
        0.006074876390355222,
        0.010986565012957947,
        0.02406981347023844,
        0.053257779604533116,
        0.10325519439948852,
        0.16474642553407276,
        0.22001052070072163,
        0.2598298519683138,
        0.2824778102311193,
        0.27899776736894677,
        0.23655743869252277,
        0.16363484093930042,
        0.09276848514970651,
        0.046970864189044434,
        0.024264347913557374,
        0.014348284562528301,
        0.010165578771296407,
        0.008197289985411412,
        0.007056787536102978,
        0.006221153913037565,
        0.005398104134490776,
        0.004520375275126845,
        0.0038867832569951157
    ],
    "clip_indices": [
        0,
        2,
        5,
        8,
        11,
        14,
        17,
        20,
        22,
        25,
        28,
        31,
        34,
        37,
        40,
        43,
        45,
        48,
        51,
        54,
        57,
        60,
        63,
        66,
        68,
        71,
        74,
        77,
        80,
        83,
        86,
        89
    ]
}