{
    "video_path": "FallVision/Fall/Stand/f_raw_s_3/S_M_79.mp4",
    "active_window": [
        14,
        20
    ],
    "varying_k": 7,
    "detection_status": "Global Event Zone",
    "saliency_weights": [
        0.009167540111354108,
        0.015608030448109019,
        0.023273686788479075,
        0.027871590713447275,
        0.02962576321119327,
        0.030507707001744176,
        0.03142910975243252,
        0.03239513937742848,
        0.03320021252613269,
        0.03382642448818002,
        0.03489257258239839,
        0.03822481699352227,
        0.04755770697142459,
        0.06770043502737924,
        0.10161038855805499,
        0.14488416328631437,
        0.17864930310657978,
        0.18021596141730828,
        0.15165847181835015,
        0.11921841282976878,
        0.09912708665255753,
        0.08644587021200054,
        0.07521313342200442,
        0.0684198759391049,
        0.06818095780689587,
        0.06961221849736354,
        0.06748141477149708,
        0.061064266673243967,
        0.05140294898460167,
        0.0391198034378971,
        0.025903596981948794,
        0.01661607691891368
    ],
    "clip_indices": [
        0,
        1,
        3,
        5,
        7,
        9,
        11,
        13,
        15,
        17,
        19,
        20,
        22,
        24,
        26,
        28,
        30,
        32,
        34,
        36,
        38,
        39,
        41,
        43,
        45,
        47,
        49,
        51,
        53,
        55,
        57,
        59
    ]
}