{
    "video_path": "FallVision/Fall/Stand/f_raw_s_3/S_M_194.mp4",
    "active_window": [
        6,
        11
    ],
    "varying_k": 6,
    "detection_status": "Global Event Zone",
    "saliency_weights": [
        0.0036161100966032676,
        0.004923027220523906,
        0.008248168894276315,
        0.0164874963393817,
        0.03635001966968257,
        0.07637762916388424,
        0.1416968794295464,
        0.2212704391864981,
        0.2746778859636245,
        0.26463570248229806,
        0.20467799027550085,
        0.13863222674274717,
        0.09473677721077133,
        0.07815939729438208,
        0.0799906930506792,
        0.08594344760162682,
        0.08512402717795214,
        0.0733220235744336,
        0.053777565952923954,
        0.03447351735861605,
        0.02076061891707219,
        0.012781098974345699,
        0.008661990707907003,
        0.006634374281105238,
        0.005563436864997421,
        0.004949925340860547,
        0.004603236332544217,
        0.004418387556556037,
        0.004294910017238757,
        0.004118401346061061,
        0.003852332926035011,
        0.003631740874324352
    ],
    "clip_indices": [
        0,
        2,
        5,
        8,
        11,
        14,
        17,
        20,
        22,
        25,
        28,
        31,
        34,
        37,
        40,
        43,
        45,
        48,
        51,
        54,
        57,
        60,
        63,
        66,
        68,
        71,
        74,
        77,
        80,
        83,
        86,
        89
    ]
}