{
    "video_path": "FallVision/Fall/Stand/f_raw_s_3/S_M_110.mp4",
    "active_window": [
        3,
        9
    ],
    "varying_k": 7,
    "detection_status": "Global Event Zone",
    "saliency_weights": [
        0.008639847435947402,
        0.02014300958698114,
        0.050764759243975,
        0.10622529462652708,
        0.1788442722148201,
        0.24675589342037743,
        0.2759784015112804,
        0.24535184877375793,
        0.17770322544803285,
        0.11373084601287506,
        0.0709034954551711,
        0.045959107287462296,
        0.03186435995326833,
        0.02367947910599427,
        0.01869253706836406,
        0.015559261286697025,
        0.013571008727822383,
        0.012421498957404273,
        0.012394072342496447,
        0.014593583102071256,
        0.020947175652735517,
        0.03280588703378595,
        0.04723779367091051,
        0.056738694105507734,
        0.056463079094397434,
        0.048274636787959194,
        0.03682175171210361,
        0.026393767192023174,
        0.019123576481551004,
        0.014156685866259181,
        0.010203787177736148,
        0.007658610116805148
    ],
    "clip_indices": [
        0,
        5,
        11,
        17,
        23,
        28,
        34,
        40,
        46,
        51,
        57,
        63,
        69,
        75,
        80,
        86,
        92,
        98,
        103,
        109,
        115,
        121,
        127,
        132,
        138,
        144,
        150,
        155,
        161,
        167,
        173,
        179
    ]
}