{
    "video_path": "FallVision/Fall/Stand/f_raw_s_3/S_M_153.mp4",
    "active_window": [
        18,
        25
    ],
    "varying_k": 8,
    "detection_status": "Global Event Zone",
    "saliency_weights": [
        0.0029403588139587347,
        0.0037921544210975993,
        0.004798403109383671,
        0.005376439585562025,
        0.0055341558646497,
        0.005521896315141075,
        0.005484128977251689,
        0.005462188275704551,
        0.005458942082882325,
        0.005469788652346543,
        0.005505139427871521,
        0.005640385462891239,
        0.006203437255943172,
        0.008370385317567619,
        0.015003982305228845,
        0.029972286972049893,
        0.0558319147815171,
        0.09175414169120283,
        0.13144910351055203,
        0.16615340936032075,
        0.1940045574022835,
        0.21926711972192603,
        0.23714588325539526,
        0.23108748529766293,
        0.19526617146584627,
        0.14592939740188499,
        0.1014104429235759,
        0.06810719582380925,
        0.045132362542767826,
        0.029151115562105888,
        0.017682165275993283,
        0.011079239151402534
    ],
    "clip_indices": [
        0,
        1,
        3,
        5,
        7,
        9,
        11,
        13,
        15,
        17,
        19,
        20,
        22,
        24,
        26,
        28,
        30,
        32,
        34,
        36,
        38,
        39,
        41,
        43,
        45,
        47,
        49,
        51,
        53,
        55,
        57,
        59
    ]
}