{
    "video_path": "FallVision/Fall/Stand/f_raw_s_3/S_M_157_resized.mp4",
    "active_window": [
        21,
        26
    ],
    "varying_k": 6,
    "detection_status": "Global Event Zone",
    "saliency_weights": [
        0.0029920639684717924,
        0.0032775475199434997,
        0.0036147850493342924,
        0.0038099600204700374,
        0.0038705418412693614,
        0.0038888287618218343,
        0.003931778352073358,
        0.004074650989672946,
        0.004496653526423273,
        0.00561623474731307,
        0.008184771959734083,
        0.012794818397213133,
        0.019025497689138318,
        0.025522621726346357,
        0.03063144111171062,
        0.03337645397721782,
        0.03487314363099795,
        0.03772535840851421,
        0.0439723754372237,
        0.05709755117251877,
        0.08772156266956393,
        0.1487569602376559,
        0.23305737641034147,
        0.3057153249091983,
        0.32916366732188274,
        0.28434522321447453,
        0.18637298623384002,
        0.08847496911934147,
        0.03221158582505956,
        0.012014728610775814,
        0.006276119737797489,
        0.004524062085239849
    ],
    "clip_indices": [
        0,
        1,
        3,
        5,
        7,
        9,
        11,
        13,
        15,
        17,
        19,
        20,
        22,
        24,
        26,
        28,
        30,
        32,
        34,
        36,
        38,
        39,
        41,
        43,
        45,
        47,
        49,
        51,
        53,
        55,
        57,
        59
    ]
}