{
    "video_path": "FallVision/Fall/Stand/f_raw_s_3/S_M_54.mp4",
    "active_window": [
        5,
        11
    ],
    "varying_k": 7,
    "detection_status": "Global Event Zone",
    "saliency_weights": [
        0.006529109069436835,
        0.010607897489071174,
        0.017921299906775764,
        0.032884297348266776,
        0.06885736176733422,
        0.13345586855508856,
        0.2104323615080922,
        0.2698310715699155,
        0.2846925485709752,
        0.24508417652983813,
        0.1740796696082852,
        0.1083753436649498,
        0.06505824761022003,
        0.04163608916765559,
        0.030690355731027345,
        0.02617193596437643,
        0.024473952432185687,
        0.023880194633129563,
        0.02368756895381451,
        0.02366970989993676,
        0.023761048276462395,
        0.023896687855995177,
        0.023920232516188307,
        0.023605102779804446,
        0.022881242213289903,
        0.021940347530214673,
        0.02099269691820295,
        0.020036500911910657,
        0.018682338299173023,
        0.01617921028292841,
        0.012527201003737044,
        0.009585268746297216
    ],
    "clip_indices": [
        0,
        2,
        5,
        8,
        11,
        14,
        17,
        20,
        22,
        25,
        28,
        31,
        34,
        37,
        40,
        43,
        45,
        48,
        51,
        54,
        57,
        60,
        63,
        66,
        68,
        71,
        74,
        77,
        80,
        83,
        86,
        89
    ]
}