{
    "video_path": "FallVision/Fall/Stand/f_raw_s_3/S_M_09_resized.mp4",
    "active_window": [
        13,
        20
    ],
    "varying_k": 8,
    "detection_status": "Global Event Zone",
    "saliency_weights": [
        0.003522478713993779,
        0.004698529172364461,
        0.006167759224026834,
        0.007210114835515868,
        0.007882714847307725,
        0.008630249992577166,
        0.009954084680199511,
        0.012579319569100786,
        0.017680600116733707,
        0.026460496580355295,
        0.039480922884917155,
        0.05716199419383551,
        0.08073320825920648,
        0.11259194926286333,
        0.1554189288597183,
        0.20700562763798308,
        0.2518888143673514,
        0.2674549013582952,
        0.24508041591285626,
        0.19529118101148035,
        0.1358147024033503,
        0.08322494482445475,
        0.046378013701175405,
        0.024730391880135323,
        0.013891375003774829,
        0.0091702222982851,
        0.007159134234361035,
        0.006186115729897005,
        0.005537589354096078,
        0.004892772175103397,
        0.004194705846560618,
        0.0036885476971047727
    ],
    "clip_indices": [
        0,
        1,
        3,
        5,
        7,
        9,
        11,
        13,
        15,
        17,
        19,
        20,
        22,
        24,
        26,
        28,
        30,
        32,
        34,
        36,
        38,
        39,
        41,
        43,
        45,
        47,
        49,
        51,
        53,
        55,
        57,
        59
    ]
}