{
    "video_path": "FallVision/Fall/Stand/f_raw_s_3/S_M_170_resized.mp4",
    "active_window": [
        15,
        21
    ],
    "varying_k": 7,
    "detection_status": "Global Event Zone",
    "saliency_weights": [
        0.003247106773088195,
        0.0038408931212868787,
        0.004548064923855555,
        0.004973117478466453,
        0.005141048886206137,
        0.00526505672650841,
        0.00551555827851275,
        0.006008575428015084,
        0.006835713996117366,
        0.00813500548292358,
        0.01031021833147976,
        0.014772443879360572,
        0.025186676582550263,
        0.04792923575984363,
        0.091062533377465,
        0.15795792796360025,
        0.23564717639937205,
        0.29685767328422136,
        0.3163434642522146,
        0.2828612955488686,
        0.20993104865364226,
        0.13178113837885977,
        0.07389090728145584,
        0.0395834350975274,
        0.022188411472409034,
        0.014070169168436824,
        0.009930215586675235,
        0.007566939065491008,
        0.006209365777478292,
        0.005305936104055872,
        0.004528029384109924,
        0.003996728902154706
    ],
    "clip_indices": [
        0,
        2,
        5,
        8,
        11,
        14,
        17,
        20,
        22,
        25,
        28,
        31,
        34,
        37,
        40,
        43,
        45,
        48,
        51,
        54,
        57,
        60,
        63,
        66,
        68,
        71,
        74,
        77,
        80,
        83,
        86,
        89
    ]
}