{
    "video_path": "FallVision/Fall/Stand/f_raw_s_3/S_M_164_resized.mp4",
    "active_window": [
        11,
        17
    ],
    "varying_k": 7,
    "detection_status": "Global Event Zone",
    "saliency_weights": [
        0.0032024803191276516,
        0.0038858892470774497,
        0.004699126518470786,
        0.005198171831487261,
        0.005453744227492012,
        0.005812798579229627,
        0.006844680205551044,
        0.010194670607489971,
        0.020064850136128347,
        0.04396640708476467,
        0.09172869078719356,
        0.16573140770028078,
        0.24615668924384954,
        0.30014980316518713,
        0.3055933494372799,
        0.26056216777051644,
        0.18628240665798135,
        0.11587759623812148,
        0.0680496962832067,
        0.0412988448726235,
        0.028041688689237603,
        0.022385040605251733,
        0.020414046865728914,
        0.019425851873757463,
        0.017893602819405406,
        0.015490850744393887,
        0.012603179089845616,
        0.009957028118957644,
        0.008003041541362502,
        0.006545839470614239,
        0.005322125784598757,
        0.004523154593455619
    ],
    "clip_indices": [
        0,
        1,
        3,
        5,
        7,
        9,
        11,
        13,
        15,
        17,
        19,
        20,
        22,
        24,
        26,
        28,
        30,
        32,
        34,
        36,
        38,
        39,
        41,
        43,
        45,
        47,
        49,
        51,
        53,
        55,
        57,
        59
    ]
}