{
    "video_path": "FallVision/Fall/Stand/f_raw_s_3/S_M_100.mp4",
    "active_window": [
        11,
        20
    ],
    "varying_k": 10,
    "detection_status": "Global Event Zone",
    "saliency_weights": [
        0.003236039150068425,
        0.004181193074440467,
        0.005663701060677113,
        0.007665963976337302,
        0.011058341375484882,
        0.0168818484680379,
        0.025614188951351542,
        0.03791200139114796,
        0.05517065787843909,
        0.07708191041989662,
        0.09819363128877065,
        0.11117406974247268,
        0.11338687836843558,
        0.1085661826455055,
        0.10657097991931871,
        0.11952170250758548,
        0.1533325323522839,
        0.2003913624220302,
        0.2331067109572106,
        0.21765641342937614,
        0.15494127516188655,
        0.08568711332796963,
        0.04129584768393405,
        0.020673518315060334,
        0.012042160404752086,
        0.008356373124731803,
        0.006730875018298136,
        0.006006203054223697,
        0.005613846838881784,
        0.005176280889445904,
        0.0045691126323452284,
        0.00407480010604582
    ],
    "clip_indices": [
        0,
        2,
        4,
        6,
        9,
        11,
        13,
        16,
        18,
        20,
        22,
        25,
        27,
        29,
        32,
        34,
        36,
        38,
        41,
        43,
        45,
        48,
        50,
        52,
        54,
        57,
        59,
        61,
        64,
        66,
        68,
        71
    ]
}