{
    "video_path": "FallVision/Fall/Stand/f_raw_s_3/S_M_184_resized.mp4",
    "active_window": [
        9,
        17
    ],
    "varying_k": 9,
    "detection_status": "Global Event Zone",
    "saliency_weights": [
        0.003496952374238415,
        0.004929320557110999,
        0.0071033624911321196,
        0.009596781926364026,
        0.012792648631511768,
        0.017518290645173337,
        0.025104028574503223,
        0.03930482106649502,
        0.06780184716009233,
        0.11532348678653465,
        0.1732382783968494,
        0.22370582173026088,
        0.2501663261393933,
        0.24478826354633537,
        0.21614899593433035,
        0.18134019050407357,
        0.14735137057602415,
        0.11088451117575707,
        0.07309051772067648,
        0.042455936289973045,
        0.023889075569361984,
        0.014585279686680837,
        0.010058005731837922,
        0.007741346214303604,
        0.006497252805114073,
        0.005814873578583026,
        0.005427602655465285,
        0.005156300988674074,
        0.004858127471094376,
        0.004425481466296085,
        0.003875446316948321,
        0.003455153961382218
    ],
    "clip_indices": [
        0,
        1,
        3,
        4,
        6,
        7,
        9,
        10,
        12,
        13,
        15,
        16,
        18,
        19,
        21,
        22,
        24,
        25,
        27,
        28,
        30,
        31,
        33,
        34,
        36,
        37,
        39,
        40,
        42,
        43,
        45,
        47
    ]
}