{
    "video_path": "FallVision/Fall/Stand/f_raw_s_3/S_M_134_resized.mp4",
    "active_window": [
        10,
        16
    ],
    "varying_k": 7,
    "detection_status": "Global Event Zone",
    "saliency_weights": [
        0.0034739206879538303,
        0.0040510815207676475,
        0.004736694152429985,
        0.005154854259934219,
        0.005375834168644105,
        0.005774095973652913,
        0.007191935388587395,
        0.012266076263428266,
        0.02735748901587199,
        0.06198481316072006,
        0.12507406563514262,
        0.21220802314037096,
        0.2889302798263213,
        0.31279446241870723,
        0.27868387056338884,
        0.21542733600823388,
        0.15111609858405461,
        0.10011215711186951,
        0.0654061834538193,
        0.043283599915323254,
        0.02927710434243745,
        0.02052318714962881,
        0.015224575223766267,
        0.012024779920235335,
        0.009984633008734284,
        0.008586594923175277,
        0.007566553334679918,
        0.0067832304254584405,
        0.006123832095757045,
        0.005467523823088431,
        0.004797917538928947,
        0.004328102064033579
    ],
    "clip_indices": [
        0,
        2,
        4,
        6,
        9,
        11,
        13,
        16,
        18,
        20,
        22,
        25,
        27,
        29,
        32,
        34,
        36,
        38,
        41,
        43,
        45,
        48,
        50,
        52,
        54,
        57,
        59,
        61,
        64,
        66,
        68,
        71
    ]
}