{
    "video_path": "FallVision/Fall/Stand/f_raw_s_3/S_M_132_resized.mp4",
    "active_window": [
        10,
        16
    ],
    "varying_k": 7,
    "detection_status": "Global Event Zone",
    "saliency_weights": [
        0.004489389007979431,
        0.006542328806532927,
        0.008986900214251789,
        0.010490117408600674,
        0.011247361447658696,
        0.012165111431905323,
        0.014227826403795656,
        0.01936445329496816,
        0.03184227177160988,
        0.058079695321011975,
        0.10418379837448918,
        0.16659121514088904,
        0.21987965042857646,
        0.23356466448482222,
        0.2062466901965403,
        0.1618664923666201,
        0.12119748724683162,
        0.09207827068877403,
        0.07335830081403735,
        0.059796790826161766,
        0.047613030047338564,
        0.03632485349513018,
        0.026986308903124968,
        0.021124438316626262,
        0.020752877692266983,
        0.02770247895854934,
        0.040555088559483955,
        0.05281915460492745,
        0.05753348977937533,
        0.051354800461824474,
        0.03658088290917422,
        0.023577163289458657
    ],
    "clip_indices": [
        0,
        1,
        3,
        4,
        6,
        7,
        9,
        10,
        12,
        13,
        15,
        16,
        18,
        19,
        21,
        22,
        24,
        25,
        27,
        28,
        30,
        31,
        33,
        34,
        36,
        37,
        39,
        40,
        42,
        43,
        45,
        47
    ]
}