{
    "video_path": "FallVision/Fall/Stand/f_raw_s_3/S_M_205.mp4",
    "active_window": [
        17,
        25
    ],
    "varying_k": 9,
    "detection_status": "Global Event Zone",
    "saliency_weights": [
        0.0022935816940426144,
        0.0027404951906990944,
        0.0032705909265733765,
        0.0035802535547531933,
        0.0036738838769408933,
        0.0036816813723797586,
        0.0036781502737778123,
        0.00368988773429638,
        0.0037491533760688036,
        0.003966909015788493,
        0.004660699182092012,
        0.006537752286812649,
        0.010989956587456814,
        0.0202647054847608,
        0.03733154154134504,
        0.06453124129078175,
        0.10073938905833378,
        0.14058624381916823,
        0.17581088081761087,
        0.19907137276381764,
        0.2114431974008813,
        0.22028063806401837,
        0.22280014591386643,
        0.20337972129460902,
        0.15776237172734583,
        0.10480257640428772,
        0.06347825054069933,
        0.03706153607721725,
        0.0214058560933731,
        0.012393914729651623,
        0.007343375131498327,
        0.004984336513010661
    ],
    "clip_indices": [
        0,
        1,
        3,
        5,
        7,
        9,
        11,
        13,
        15,
        17,
        19,
        20,
        22,
        24,
        26,
        28,
        30,
        32,
        34,
        36,
        38,
        39,
        41,
        43,
        45,
        47,
        49,
        51,
        53,
        55,
        57,
        59
    ]
}