{
    "video_path": "FallVision/Fall/Stand/f_raw_s_3/S_M_87.mp4",
    "active_window": [
        22,
        27
    ],
    "varying_k": 6,
    "detection_status": "Global Event Zone",
    "saliency_weights": [
        0.0038521185860451073,
        0.0047093866859138685,
        0.005724078144483777,
        0.006315218466628372,
        0.006500288045722051,
        0.006534394784010238,
        0.006550569862724032,
        0.0065919719548069924,
        0.00672452890189232,
        0.007090612246924455,
        0.007925902596154234,
        0.009420448909901062,
        0.011484045638201686,
        0.013792931262957825,
        0.016003628826417586,
        0.018029528057541842,
        0.020439471799599526,
        0.02446264530293474,
        0.031728359239427406,
        0.0447699846154964,
        0.06816404138475987,
        0.1079369260967335,
        0.16704658726341282,
        0.23903487094749715,
        0.299497210241761,
        0.3093491405054769,
        0.2548293788177531,
        0.17087743138133663,
        0.09810032765758861,
        0.04990782236831622,
        0.023716703571703746,
        0.012918973669261364
    ],
    "clip_indices": [
        0,
        1,
        3,
        4,
        6,
        7,
        9,
        10,
        12,
        13,
        15,
        16,
        18,
        19,
        21,
        22,
        24,
        25,
        27,
        28,
        30,
        31,
        33,
        34,
        36,
        37,
        39,
        40,
        42,
        43,
        45,
        47
    ]
}