{
    "video_path": "FallVision/Fall/Stand/f_raw_s_3/S_M_162.mp4",
    "active_window": [
        9,
        17
    ],
    "varying_k": 9,
    "detection_status": "Global Event Zone",
    "saliency_weights": [
        0.0036610469108410513,
        0.0061213686210286195,
        0.011482698402578779,
        0.019897015743259666,
        0.030133642270981725,
        0.040486265239442085,
        0.0504036004985314,
        0.06272634503887216,
        0.08550931087271223,
        0.12462020485108935,
        0.17273378399553657,
        0.2132051284142399,
        0.23044082566763208,
        0.21793508344921386,
        0.18666531503115866,
        0.15578019215430766,
        0.13078456627593105,
        0.10385049181923711,
        0.0725171277174045,
        0.04423486527402466,
        0.025027851278356876,
        0.01440006130275727,
        0.00939240434397398,
        0.007406219273526107,
        0.006720084956037675,
        0.0064077589179410335,
        0.006092782337330467,
        0.00576506158106295,
        0.0054224784761112005,
        0.004876403726391048,
        0.004071171162639046,
        0.0034125990947332036
    ],
    "clip_indices": [
        0,
        1,
        3,
        5,
        7,
        9,
        11,
        13,
        15,
        17,
        19,
        20,
        22,
        24,
        26,
        28,
        30,
        32,
        34,
        36,
        38,
        39,
        41,
        43,
        45,
        47,
        49,
        51,
        53,
        55,
        57,
        59
    ]
}