{
    "video_path": "FallVision/Fall/Stand/f_raw_s_3/S_M_166_resized.mp4",
    "active_window": [
        13,
        18
    ],
    "varying_k": 6,
    "detection_status": "Global Event Zone",
    "saliency_weights": [
        0.0035515355069793645,
        0.00426530509947094,
        0.005116147735404983,
        0.005642278618195294,
        0.005908663108942849,
        0.006191362242665453,
        0.006670559159621435,
        0.00753295132026474,
        0.009295243750505658,
        0.01350617576944746,
        0.024032281379206218,
        0.04831433116674336,
        0.0971731829567343,
        0.17509206404775968,
        0.26355427664471637,
        0.3266718306669535,
        0.3347416408807889,
        0.2794096496955012,
        0.18555932640308312,
        0.09989131197632509,
        0.048860804073069426,
        0.025762685159957638,
        0.015913879194585943,
        0.011420317760150744,
        0.009278135940931284,
        0.008285129936415635,
        0.00783903939255657,
        0.007545506961999094,
        0.007127967034765601,
        0.006437181448994288,
        0.005541861005890429,
        0.004858259221978117
    ],
    "clip_indices": [
        0,
        1,
        3,
        5,
        7,
        9,
        11,
        13,
        15,
        17,
        19,
        20,
        22,
        24,
        26,
        28,
        30,
        32,
        34,
        36,
        38,
        39,
        41,
        43,
        45,
        47,
        49,
        51,
        53,
        55,
        57,
        59
    ]
}