{
    "video_path": "FallVision/Fall/Stand/f_raw_s_3/S_M_97.mp4",
    "active_window": [
        15,
        22
    ],
    "varying_k": 8,
    "detection_status": "Global Event Zone",
    "saliency_weights": [
        0.0031537328160352786,
        0.003968969574331606,
        0.004941125251081818,
        0.005525427757467247,
        0.005744079561266428,
        0.005857456016090823,
        0.006053406317024668,
        0.006538973772576109,
        0.00773710026264452,
        0.010338142522920934,
        0.015279028304660932,
        0.02352740663174948,
        0.035793549632785276,
        0.05315748660865408,
        0.07804759075538162,
        0.1134567514424651,
        0.1598940279293083,
        0.2109886565994917,
        0.24832874251957526,
        0.24966782479515742,
        0.2150158529982916,
        0.16970067571013994,
        0.13254478132032244,
        0.10186277298751191,
        0.07250193885612438,
        0.046737055054307045,
        0.02830668608535438,
        0.01715750970662256,
        0.011173822296188664,
        0.00796297288616661,
        0.00589664069659031,
        0.004693385507495832
    ],
    "clip_indices": [
        0,
        2,
        4,
        6,
        9,
        11,
        13,
        16,
        18,
        20,
        22,
        25,
        27,
        29,
        32,
        34,
        36,
        38,
        41,
        43,
        45,
        48,
        50,
        52,
        54,
        57,
        59,
        61,
        64,
        66,
        68,
        71
    ]
}