{
    "video_path": "FallVision/Fall/Stand/f_raw_s_3/S_M_14_resized.mp4",
    "active_window": [
        15,
        20
    ],
    "varying_k": 6,
    "detection_status": "Global Event Zone",
    "saliency_weights": [
        0.0035643664691047574,
        0.004672670455187841,
        0.006089936448800959,
        0.007232059919597062,
        0.008374474343129882,
        0.01033384297486152,
        0.014123740488858921,
        0.02056816371664833,
        0.029646530544718788,
        0.039935427521064194,
        0.048214907896742036,
        0.05224098735895802,
        0.05537615400077184,
        0.06633539798623556,
        0.09561614846219338,
        0.14857334062719318,
        0.2142968546788494,
        0.2673385369314578,
        0.2827145072467907,
        0.2482006300784137,
        0.17728024925963592,
        0.10514066314871948,
        0.056235165492690045,
        0.030109207033067374,
        0.01756463984385736,
        0.011812901587622927,
        0.00914685146967734,
        0.007822297690803667,
        0.006990409516152929,
        0.006163677084310288,
        0.005208559802022681,
        0.004488617972682012
    ],
    "clip_indices": [
        0,
        1,
        3,
        5,
        7,
        9,
        11,
        13,
        15,
        17,
        19,
        21,
        23,
        25,
        27,
        29,
        30,
        32,
        34,
        36,
        38,
        40,
        42,
        44,
        46,
        48,
        50,
        52,
        54,
        56,
        58,
        60
    ]
}