{
    "video_path": "FallVision/Fall/Stand/f_raw_s_3/S_M_40_resized.mp4",
    "active_window": [
        13,
        23
    ],
    "varying_k": 11,
    "detection_status": "Global Event Zone",
    "saliency_weights": [
        0.0020962028293687687,
        0.002506162355989764,
        0.002968396467203302,
        0.003199634612860523,
        0.003255248494717854,
        0.003323537427132858,
        0.003539035162933625,
        0.004135821558607554,
        0.005802735809436372,
        0.010210297441427504,
        0.02070680058923874,
        0.04195264859047369,
        0.07799039921991323,
        0.12683985147860563,
        0.17288152488119907,
        0.1950402086418322,
        0.187579992842687,
        0.16210392025973658,
        0.1339333213723629,
        0.11407371095280178,
        0.1051252125597921,
        0.10221495260691052,
        0.10042924343800974,
        0.0981006535690492,
        0.09408430270082732,
        0.08609367866344583,
        0.07270175302707166,
        0.0550801457197043,
        0.03629681032951963,
        0.020562549304550717,
        0.010725693205520595,
        0.006385203110870012
    ],
    "clip_indices": [
        0,
        1,
        3,
        5,
        7,
        9,
        11,
        13,
        15,
        17,
        19,
        20,
        22,
        24,
        26,
        28,
        30,
        32,
        34,
        36,
        38,
        39,
        41,
        43,
        45,
        47,
        49,
        51,
        53,
        55,
        57,
        59
    ]
}