{
    "video_path": "FallVision/Fall/Stand/f_raw_s_3/S_M_68.mp4",
    "active_window": [
        7,
        13
    ],
    "varying_k": 7,
    "detection_status": "Global Event Zone",
    "saliency_weights": [
        0.004625043644192681,
        0.007067920688695749,
        0.010152748683113354,
        0.013097181768673631,
        0.01872459973635355,
        0.03461436868016318,
        0.07233991143143989,
        0.13304443190270546,
        0.19040988932422023,
        0.21348171528927998,
        0.20150256178632392,
        0.17392661353519367,
        0.14467254949243147,
        0.11785188640099035,
        0.09351167347140198,
        0.07158224104005369,
        0.054109788617425214,
        0.04445638844740142,
        0.04384002690726641,
        0.049924935968871834,
        0.0576442678888934,
        0.06099280394850119,
        0.05722689896202566,
        0.04837880796177385,
        0.03790352785257197,
        0.02846274452153852,
        0.021426251520378525,
        0.01677746376291026,
        0.013717827958489625,
        0.011106182201419108,
        0.008391220854302524,
        0.006410990153857885
    ],
    "clip_indices": [
        0,
        1,
        3,
        5,
        7,
        9,
        11,
        12,
        14,
        16,
        18,
        20,
        22,
        23,
        25,
        27,
        29,
        31,
        33,
        34,
        36,
        38,
        40,
        42,
        44,
        45,
        47,
        49,
        51,
        53,
        55,
        57
    ]
}