{
    "video_path": "FallVision/Fall/Stand/f_raw_s_3/S_M_45.mp4",
    "active_window": [
        18,
        25
    ],
    "varying_k": 8,
    "detection_status": "Global Event Zone",
    "saliency_weights": [
        0.003984831510286616,
        0.00599610406134941,
        0.008395316485410684,
        0.010413458327952272,
        0.013780090611566811,
        0.020788256784415787,
        0.0317812803468332,
        0.044298181427691694,
        0.052644982243633405,
        0.05223226209595708,
        0.0455280261938527,
        0.03858695471160589,
        0.03410184789705097,
        0.031477521697713534,
        0.030483681430456558,
        0.03367405025552299,
        0.047498049592911276,
        0.07747001627177204,
        0.1175307605399579,
        0.15243075214697818,
        0.17558060672789821,
        0.19200025601392348,
        0.20047599283832934,
        0.1885129982497648,
        0.15258985106178966,
        0.10842857347101119,
        0.07216091144335374,
        0.047268927108238046,
        0.030940590108075178,
        0.019946873260596756,
        0.012359454124054932,
        0.008126188634783224
    ],
    "clip_indices": [
        0,
        3,
        7,
        11,
        15,
        19,
        23,
        26,
        30,
        34,
        38,
        42,
        46,
        49,
        53,
        57,
        61,
        65,
        69,
        72,
        76,
        80,
        84,
        88,
        92,
        95,
        99,
        103,
        107,
        111,
        115,
        119
    ]
}