{
    "video_path": "FallVision/Fall/Stand/f_raw_s_3/S_M_69.mp4",
    "active_window": [
        2,
        9
    ],
    "varying_k": 8,
    "detection_status": "Global Event Zone",
    "saliency_weights": [
        0.03717376829153383,
        0.07424582798381874,
        0.1348353798043999,
        0.1970007517098917,
        0.22784821394790084,
        0.2080126927568523,
        0.16174798154578973,
        0.12573266366927324,
        0.10776020435905402,
        0.0967956126626987,
        0.08564009038608966,
        0.07351285358446374,
        0.061136342612025385,
        0.04915203929458342,
        0.03861824475712988,
        0.031069817798168326,
        0.02789502366559235,
        0.029502526411176094,
        0.03410766047426271,
        0.038149187900451714,
        0.03890457300790626,
        0.03575594629447611,
        0.029903650936719404,
        0.023700800412551983,
        0.018854485180726896,
        0.015545698921005383,
        0.013346595663860195,
        0.01186052028230039,
        0.010664958580555947,
        0.009228522866101013,
        0.007416379969760783,
        0.006011373359386596
    ],
    "clip_indices": [
        0,
        1,
        3,
        5,
        7,
        9,
        11,
        13,
        15,
        17,
        19,
        20,
        22,
        24,
        26,
        28,
        30,
        32,
        34,
        36,
        38,
        39,
        41,
        43,
        45,
        47,
        49,
        51,
        53,
        55,
        57,
        59
    ]
}