{
    "video_path": "FallVision/Fall/Stand/f_raw_s_3/S_M_60.mp4",
    "active_window": [
        12,
        17
    ],
    "varying_k": 6,
    "detection_status": "Global Event Zone",
    "saliency_weights": [
        0.0047568874290509315,
        0.006839730862411191,
        0.009330801148626607,
        0.01082150578315894,
        0.01129852829148572,
        0.01134145048605578,
        0.011342295498445298,
        0.011597608383165574,
        0.013021306812487865,
        0.019343594699897184,
        0.039376644209502376,
        0.08163893470693145,
        0.1439879278517564,
        0.21036950370586371,
        0.25180850539502597,
        0.24229066391128645,
        0.18825328243254902,
        0.12351867734927652,
        0.07339041966009424,
        0.042820413636931884,
        0.02791056603316632,
        0.02418603868067179,
        0.030155126456931552,
        0.046352260438376786,
        0.06861089553252817,
        0.08543060049972884,
        0.08747472882145127,
        0.07444977844293613,
        0.052300215976468806,
        0.030512005541831234,
        0.016179514549274836,
        0.009799278328284974
    ],
    "clip_indices": [
        0,
        2,
        5,
        8,
        11,
        14,
        17,
        20,
        22,
        25,
        28,
        31,
        34,
        37,
        40,
        43,
        45,
        48,
        51,
        54,
        57,
        60,
        63,
        66,
        68,
        71,
        74,
        77,
        80,
        83,
        86,
        89
    ]
}