{
    "video_path": "FallVision/Fall/Stand/f_raw_s_3/S_M_173_resized.mp4",
    "active_window": [
        12,
        17
    ],
    "varying_k": 6,
    "detection_status": "Global Event Zone",
    "saliency_weights": [
        0.0034629208727967814,
        0.003772822543548989,
        0.0041486886249721975,
        0.004402785420075914,
        0.0045864080799280955,
        0.004862115145444201,
        0.005427625387571643,
        0.006805606966395386,
        0.010603252590964528,
        0.0210797911619843,
        0.04679459042576331,
        0.09697819478781317,
        0.17330241707720107,
        0.2620537192765572,
        0.32675509128145486,
        0.3282491627816465,
        0.26780855219159194,
        0.1843986561744452,
        0.11190957188833782,
        0.06258754473522024,
        0.03485395132724668,
        0.020972434219079426,
        0.014023233690000404,
        0.010491643883348004,
        0.008763816505054842,
        0.007857063935338898,
        0.00718986650777252,
        0.00656773740344893,
        0.005952450241597296,
        0.005315393627894311,
        0.004691118137921819,
        0.004267839639910886
    ],
    "clip_indices": [
        0,
        1,
        3,
        5,
        7,
        9,
        11,
        13,
        15,
        17,
        19,
        21,
        23,
        25,
        27,
        29,
        30,
        32,
        34,
        36,
        38,
        40,
        42,
        44,
        46,
        48,
        50,
        52,
        54,
        56,
        58,
        60
    ]
}