{
    "video_path": "FallVision/Fall/Stand/f_raw_s_3/S_M_03_resized.mp4",
    "active_window": [
        15,
        21
    ],
    "varying_k": 7,
    "detection_status": "Global Event Zone",
    "saliency_weights": [
        0.004169097624283585,
        0.004325520747751905,
        0.00451142779394435,
        0.0046212663426088525,
        0.004658344753228063,
        0.004674062282566881,
        0.0047113172810904855,
        0.004820306494891192,
        0.005094483683182712,
        0.0056891363390069605,
        0.006889389855014336,
        0.009404715148035153,
        0.01514719672767588,
        0.028942424402524487,
        0.06055474564849017,
        0.1213764591438625,
        0.2142223858542004,
        0.32115945448587363,
        0.39082356820335273,
        0.36343717924041585,
        0.2462667042109232,
        0.12114678929522125,
        0.0478362863105221,
        0.019644300121494332,
        0.010451660283608867,
        0.007067233082017679,
        0.005611651386853031,
        0.004965356603965119,
        0.0046900963453351974,
        0.004552078255217699,
        0.004437607415165863,
        0.004354872232118228
    ],
    "clip_indices": [
        0,
        2,
        5,
        8,
        11,
        14,
        17,
        20,
        22,
        25,
        28,
        31,
        34,
        37,
        40,
        43,
        45,
        48,
        51,
        54,
        57,
        60,
        63,
        66,
        68,
        71,
        74,
        77,
        80,
        83,
        86,
        89
    ]
}