{
    "video_path": "FallVision/Fall/Stand/f_raw_s_3/S_M_63.mp4",
    "active_window": [
        7,
        15
    ],
    "varying_k": 9,
    "detection_status": "Global Event Zone",
    "saliency_weights": [
        0.0031707883946830483,
        0.00505163580314323,
        0.007863666930732436,
        0.011916587948129404,
        0.020282288300004662,
        0.036195073771654145,
        0.05976710354858271,
        0.08831871311133854,
        0.1168776383115098,
        0.13932471842004146,
        0.1502480031041029,
        0.14747585467434457,
        0.13546262339323045,
        0.12123323193397068,
        0.10648313042278114,
        0.08885880608601271,
        0.06934112410687013,
        0.053843846094734166,
        0.04936896009796155,
        0.05997071118937172,
        0.08156733142056788,
        0.10189167381910363,
        0.109175207934718,
        0.09814325392314462,
        0.07290087695052996,
        0.04634798372967125,
        0.02838556701708307,
        0.018722659660139945,
        0.013306440811655872,
        0.00956267040777047,
        0.006599673599677705,
        0.004753545147442941
    ],
    "clip_indices": [
        0,
        1,
        3,
        5,
        7,
        9,
        11,
        13,
        15,
        17,
        19,
        20,
        22,
        24,
        26,
        28,
        30,
        32,
        34,
        36,
        38,
        39,
        41,
        43,
        45,
        47,
        49,
        51,
        53,
        55,
        57,
        59
    ]
}