{
    "video_path": "FallVision/Fall/Stand/f_raw_s_3/S_M_86.mp4",
    "active_window": [
        25,
        30
    ],
    "varying_k": 6,
    "detection_status": "Global Event Zone",
    "saliency_weights": [
        0.005602640096749145,
        0.008922463415162157,
        0.012853727885466494,
        0.015144494899693679,
        0.01585207172138914,
        0.015955342537569108,
        0.015962879711983922,
        0.015976102118497645,
        0.01601321881564136,
        0.016115475564719667,
        0.016385142496117423,
        0.017043220596474767,
        0.018516962057689892,
        0.021443098482020154,
        0.026543789636922437,
        0.03423531271603866,
        0.04393575404412492,
        0.0542430707539726,
        0.06388595208159205,
        0.07177094965957095,
        0.07628903147016958,
        0.07592124817832088,
        0.07218089425217175,
        0.07153463975413629,
        0.08417774200781328,
        0.11981678263212812,
        0.17423799456630354,
        0.22174821811362716,
        0.2350336308922901,
        0.20269440647324194,
        0.13636690838181192,
        0.07979093073016943
    ],
    "clip_indices": [
        0,
        1,
        3,
        4,
        6,
        7,
        9,
        10,
        12,
        13,
        15,
        16,
        18,
        19,
        21,
        22,
        24,
        25,
        27,
        28,
        30,
        31,
        33,
        34,
        36,
        37,
        39,
        40,
        42,
        43,
        45,
        47
    ]
}