{
    "video_path": "FallVision/Fall/Stand/f_raw_s_3/S_M_213_resized.mp4",
    "active_window": [
        13,
        19
    ],
    "varying_k": 7,
    "detection_status": "Global Event Zone",
    "saliency_weights": [
        0.0032121907607373136,
        0.0035279217898959644,
        0.003902690649205718,
        0.004122735262490618,
        0.0041946189657981366,
        0.004227815053885064,
        0.004346150571022583,
        0.0048165853252930225,
        0.006331263428448461,
        0.010428595452880614,
        0.020694382862218624,
        0.045660909741121525,
        0.10004685887163653,
        0.18825041331021647,
        0.2776173734984916,
        0.31835629697898793,
        0.2984121888644992,
        0.24572941745550467,
        0.18648982830044772,
        0.13016560346498485,
        0.08113813896852716,
        0.04483037048396413,
        0.02322377442189849,
        0.012548934511109028,
        0.007860230065475983,
        0.005909009742389433,
        0.00501227267348506,
        0.0045360412253308766,
        0.00426261525683856,
        0.00403967787717039,
        0.0037931696866298605,
        0.0036055358424717234
    ],
    "clip_indices": [
        0,
        2,
        5,
        8,
        11,
        14,
        17,
        20,
        22,
        25,
        28,
        31,
        34,
        37,
        40,
        43,
        45,
        48,
        51,
        54,
        57,
        60,
        63,
        66,
        68,
        71,
        74,
        77,
        80,
        83,
        86,
        89
    ]
}