{
    "video_path": "FallVision/Fall/Stand/f_raw_s_3/S_M_141_resized.mp4",
    "active_window": [
        16,
        22
    ],
    "varying_k": 7,
    "detection_status": "Global Event Zone",
    "saliency_weights": [
        0.0036554418979431505,
        0.004706192749600515,
        0.0064000094165314585,
        0.008332280956975545,
        0.010206496952142468,
        0.011774696224269673,
        0.012858606459914702,
        0.01349703018247767,
        0.014129076015616745,
        0.015230642251804458,
        0.016804593136879546,
        0.0186779222116523,
        0.02127276130533986,
        0.026487326549919685,
        0.038942479695904766,
        0.06625701400840092,
        0.11705595501605728,
        0.19227281270567406,
        0.269464218428759,
        0.30955512621789283,
        0.29309386134220117,
        0.23328732613191294,
        0.1568687949986392,
        0.08978066312714128,
        0.04581463954115805,
        0.022622864551410257,
        0.012278874240683853,
        0.008293572729966888,
        0.006676131808872851,
        0.005703650943925621,
        0.00488309912924514,
        0.00433280979649207
    ],
    "clip_indices": [
        0,
        1,
        3,
        5,
        7,
        9,
        11,
        13,
        15,
        17,
        19,
        20,
        22,
        24,
        26,
        28,
        30,
        32,
        34,
        36,
        38,
        39,
        41,
        43,
        45,
        47,
        49,
        51,
        53,
        55,
        57,
        59
    ]
}