{
    "video_path": "FallVision/Fall/Stand/f_raw_s_3/S_M_58.mp4",
    "active_window": [
        12,
        19
    ],
    "varying_k": 8,
    "detection_status": "Global Event Zone",
    "saliency_weights": [
        0.004409540888583493,
        0.006620700645889949,
        0.009261764184164748,
        0.010845553072779627,
        0.011386995465675917,
        0.011508316062247809,
        0.01156133209855003,
        0.011756194741648487,
        0.012739208364731445,
        0.016836182424091177,
        0.029446532761653973,
        0.05682867911556891,
        0.10103611920164982,
        0.15528779122317343,
        0.1994765694559557,
        0.2110571344432034,
        0.1887604262216805,
        0.1518471961533999,
        0.11831133501394905,
        0.09606498241918027,
        0.08589802302361622,
        0.08424569652764252,
        0.08517312915980443,
        0.08226836065677798,
        0.0731417499856219,
        0.061178104691521434,
        0.05018394483704778,
        0.04083046651805247,
        0.03228176886453869,
        0.023867024693425786,
        0.01595683837097164,
        0.01071710468304315
    ],
    "clip_indices": [
        0,
        1,
        3,
        5,
        7,
        9,
        11,
        13,
        15,
        17,
        19,
        20,
        22,
        24,
        26,
        28,
        30,
        32,
        34,
        36,
        38,
        39,
        41,
        43,
        45,
        47,
        49,
        51,
        53,
        55,
        57,
        59
    ]
}