{
    "video_path": "FallVision/Fall/Stand/f_raw_s_3/S_M_220.mp4",
    "active_window": [
        17,
        23
    ],
    "varying_k": 7,
    "detection_status": "Global Event Zone",
    "saliency_weights": [
        0.0030623924028783667,
        0.0036298672495690618,
        0.004286034200595408,
        0.004648767905785124,
        0.004779488278179795,
        0.004910338969818634,
        0.00516584064470493,
        0.005599812730632818,
        0.006321342530449197,
        0.007688096609412217,
        0.010557818230882844,
        0.016231085898946916,
        0.026075596643892397,
        0.040552255820813385,
        0.05802586784080341,
        0.07736796461552856,
        0.10308016606051917,
        0.14255394217043654,
        0.19521081367764231,
        0.24788532008703223,
        0.2780892641722934,
        0.26386820866987376,
        0.2069515186518047,
        0.13783706480525032,
        0.08343461061436236,
        0.04867804395254698,
        0.02844919361330841,
        0.017267666593281134,
        0.011208891560339097,
        0.00779748746114464,
        0.005687577103620882,
        0.004554038662818004
    ],
    "clip_indices": [
        0,
        1,
        3,
        5,
        7,
        9,
        11,
        13,
        15,
        17,
        19,
        20,
        22,
        24,
        26,
        28,
        30,
        32,
        34,
        36,
        38,
        39,
        41,
        43,
        45,
        47,
        49,
        51,
        53,
        55,
        57,
        59
    ]
}