{
    "video_path": "FallVision/Fall/Stand/f_raw_s_3/S_M_176_resized.mp4",
    "active_window": [
        16,
        21
    ],
    "varying_k": 6,
    "detection_status": "Global Event Zone",
    "saliency_weights": [
        0.004930276697443184,
        0.005489658904127762,
        0.0061754150636223765,
        0.0066501511845120185,
        0.006986644597209877,
        0.007420688839242323,
        0.0080946027098329,
        0.009059776058099666,
        0.010302237619445502,
        0.011718744909045644,
        0.013094079270368847,
        0.014359662446777305,
        0.016192731766720994,
        0.020972028000140815,
        0.03474160264079408,
        0.06998142946819587,
        0.14550027492065265,
        0.2647053476282695,
        0.37396373326922355,
        0.38652570249898244,
        0.28930709693358586,
        0.16368288974586143,
        0.07847588821325979,
        0.03725351983777426,
        0.019755942608688893,
        0.012451352697209803,
        0.009221132211758003,
        0.007695935574094382,
        0.00694068455907163,
        0.006437561721828491,
        0.0059475923077742686,
        0.0055876322223163445
    ],
    "clip_indices": [
        0,
        2,
        5,
        8,
        11,
        14,
        17,
        20,
        22,
        25,
        28,
        31,
        34,
        37,
        40,
        43,
        45,
        48,
        51,
        54,
        57,
        60,
        63,
        66,
        68,
        71,
        74,
        77,
        80,
        83,
        86,
        89
    ]
}