{
    "video_path": "FallVision/Fall/Stand/f_raw_s_3/S_M_85.mp4",
    "active_window": [
        10,
        18
    ],
    "varying_k": 9,
    "detection_status": "Global Event Zone",
    "saliency_weights": [
        0.009761764207955756,
        0.016979276458323582,
        0.025526449970480605,
        0.03047323478988438,
        0.03188484444719662,
        0.03208604578827494,
        0.03315470238072943,
        0.03763246680463976,
        0.04961737815268914,
        0.07258033110164795,
        0.10537149079253769,
        0.1416237642577497,
        0.17042707060311885,
        0.1815353508460412,
        0.17415318560277412,
        0.15581997157102118,
        0.1349569893074687,
        0.11695169473666583,
        0.10220886871666793,
        0.0875992315895458,
        0.07156171372541663,
        0.05579960465190215,
        0.0425255950106445,
        0.03276172654409903,
        0.02650335650313528,
        0.023011845135020446,
        0.021314706283819956,
        0.020389033892087346,
        0.01913271575521699,
        0.01645599016063383,
        0.01234544735967914,
        0.008985750800140701
    ],
    "clip_indices": [
        0,
        2,
        5,
        8,
        11,
        14,
        17,
        20,
        22,
        25,
        28,
        31,
        34,
        37,
        40,
        43,
        45,
        48,
        51,
        54,
        57,
        60,
        63,
        66,
        68,
        71,
        74,
        77,
        80,
        83,
        86,
        89
    ]
}