{
    "video_path": "FallVision/Fall/Stand/f_raw_s_3/S_M_36_resized.mp4",
    "active_window": [
        9,
        16
    ],
    "varying_k": 8,
    "detection_status": "Global Event Zone",
    "saliency_weights": [
        0.0027449113022397745,
        0.0031537029754799438,
        0.0036578174982256273,
        0.004066238034940097,
        0.004715458275444237,
        0.006857784394775818,
        0.013638123277630611,
        0.031635355315236126,
        0.07117646474288356,
        0.13637388055372662,
        0.21102918341449173,
        0.2686176187322672,
        0.29240036385541807,
        0.2787764224062902,
        0.23475536224215615,
        0.17435255129843305,
        0.11396574073315457,
        0.06762904836080694,
        0.039559132350423576,
        0.02443574583861838,
        0.016053199027919154,
        0.01124247196154985,
        0.008555088796647847,
        0.007026759807527008,
        0.006037848688641968,
        0.005329558063037575,
        0.0048158425621428755,
        0.004445924052223292,
        0.004153962010009589,
        0.003849309509852206,
        0.0035057491304901467,
        0.0032509249081740825
    ],
    "clip_indices": [
        0,
        2,
        5,
        8,
        11,
        14,
        17,
        20,
        22,
        25,
        28,
        31,
        34,
        37,
        40,
        43,
        45,
        48,
        51,
        54,
        57,
        60,
        63,
        66,
        68,
        71,
        74,
        77,
        80,
        83,
        86,
        89
    ]
}