{
    "video_path": "FallVision/Fall/Stand/f_raw_s_3/S_M_12_resized.mp4",
    "active_window": [
        16,
        22
    ],
    "varying_k": 7,
    "detection_status": "Global Event Zone",
    "saliency_weights": [
        0.003507845524410992,
        0.004257385772036208,
        0.0051599525348859756,
        0.005725394327852994,
        0.005981412574622762,
        0.006166579766280277,
        0.006422566154915778,
        0.006806912839319581,
        0.007360043123434905,
        0.008130516215431368,
        0.009245987591801777,
        0.011275655973632209,
        0.01594379027168004,
        0.026868999463752905,
        0.05013199221597721,
        0.09219888226735597,
        0.15437822287975655,
        0.2277283150533696,
        0.2883988277237009,
        0.3062657918346369,
        0.2726692550153378,
        0.2077053099753095,
        0.13760266444863328,
        0.08074087989581105,
        0.04427811832493458,
        0.024555691096133765,
        0.014933988744228906,
        0.010514712078477793,
        0.00835093938750751,
        0.00695407496166829,
        0.005770791149902012,
        0.0049772850121542235
    ],
    "clip_indices": [
        0,
        1,
        3,
        5,
        7,
        9,
        11,
        13,
        15,
        17,
        19,
        21,
        23,
        25,
        27,
        29,
        30,
        32,
        34,
        36,
        38,
        40,
        42,
        44,
        46,
        48,
        50,
        52,
        54,
        56,
        58,
        60
    ]
}