{
    "video_path": "FallVision/Fall/Stand/f_raw_s_3/S_M_238.mp4",
    "active_window": [
        13,
        20
    ],
    "varying_k": 8,
    "detection_status": "Global Event Zone",
    "saliency_weights": [
        0.0024473692972804568,
        0.0030087666683539047,
        0.0039044304675940403,
        0.0049559543181064945,
        0.0061494087560593465,
        0.007555675006189458,
        0.009275934787061433,
        0.011489974876884931,
        0.014544473393113624,
        0.019036412373331542,
        0.026380613595001944,
        0.04113287847952969,
        0.0729515215153719,
        0.1277059930637371,
        0.19182956026296216,
        0.23933880215481243,
        0.25562649004797844,
        0.24280833468720692,
        0.21101513954131926,
        0.1718348390134644,
        0.13273011677740196,
        0.09628565469568404,
        0.06430497971321272,
        0.03956925325312864,
        0.02335754586684903,
        0.013935908186063922,
        0.008773101649078376,
        0.006042163673921842,
        0.004599423642836456,
        0.00375201674598993,
        0.003151769497352215,
        0.0027889391427814983
    ],
    "clip_indices": [
        0,
        1,
        3,
        5,
        7,
        9,
        11,
        13,
        15,
        17,
        19,
        20,
        22,
        24,
        26,
        28,
        30,
        32,
        34,
        36,
        38,
        39,
        41,
        43,
        45,
        47,
        49,
        51,
        53,
        55,
        57,
        59
    ]
}