{
    "video_path": "FallVision/Fall/Stand/f_raw_s_3/S_M_211_resized.mp4",
    "active_window": [
        20,
        26
    ],
    "varying_k": 7,
    "detection_status": "Global Event Zone",
    "saliency_weights": [
        0.0026633404244033867,
        0.0030227412164565695,
        0.003450037184373019,
        0.003702174651972946,
        0.003783049621326165,
        0.0037961963446826604,
        0.0037982187837786252,
        0.003808227607138168,
        0.0038527739320740706,
        0.004011892716974569,
        0.004515635358497463,
        0.005955361232436025,
        0.009543666074437105,
        0.016790042734973483,
        0.028592465076183793,
        0.0443066224594995,
        0.0607869444139747,
        0.07446442600507101,
        0.08670071714069033,
        0.10480377736017302,
        0.13731006567053308,
        0.18715628644793889,
        0.24072723285723135,
        0.2686764928296109,
        0.2531496561995339,
        0.203039428449998,
        0.13897219198795757,
        0.08137654404344002,
        0.042232394453423486,
        0.02045782189145979,
        0.010005024287310598,
        0.006030214079086314
    ],
    "clip_indices": [
        0,
        1,
        3,
        5,
        7,
        9,
        11,
        13,
        15,
        17,
        19,
        20,
        22,
        24,
        26,
        28,
        30,
        32,
        34,
        36,
        38,
        39,
        41,
        43,
        45,
        47,
        49,
        51,
        53,
        55,
        57,
        59
    ]
}