{
    "video_path": "FallVision/Fall/Stand/f_raw_s_3/S_M_121.mp4",
    "active_window": [
        9,
        15
    ],
    "varying_k": 7,
    "detection_status": "Global Event Zone",
    "saliency_weights": [
        0.003893862312019032,
        0.004930263632969093,
        0.006198743467078625,
        0.00712720713660636,
        0.008233530114050026,
        0.011645448061576845,
        0.021845688269807744,
        0.044642458257597814,
        0.08508829709136365,
        0.144499352804045,
        0.2151517020886604,
        0.27827287931639977,
        0.30479530616445294,
        0.2731439984849672,
        0.1990554284845802,
        0.12341807101249327,
        0.0707579642256894,
        0.04078518178735543,
        0.025370364750984337,
        0.01781172487547129,
        0.014232866597594996,
        0.012899967259667813,
        0.01291075330444167,
        0.013552718238242556,
        0.01448223828637709,
        0.015763191609170165,
        0.0172344304792671,
        0.01811740099126989,
        0.017586306036134588,
        0.01533545542507235,
        0.011924460518540944,
        0.009218745738869112
    ],
    "clip_indices": [
        0,
        2,
        5,
        8,
        11,
        13,
        16,
        19,
        22,
        24,
        27,
        30,
        33,
        36,
        38,
        41,
        44,
        47,
        49,
        52,
        55,
        58,
        61,
        63,
        66,
        69,
        72,
        74,
        77,
        80,
        83,
        86
    ]
}