{
    "video_path": "FallVision/Fall/Stand/f_raw_s_3/S_M_159.mp4",
    "active_window": [
        12,
        20
    ],
    "varying_k": 9,
    "detection_status": "Global Event Zone",
    "saliency_weights": [
        0.0020742000217708247,
        0.002544294936147899,
        0.0031007001901884835,
        0.0034252125378968347,
        0.0035333405536988735,
        0.003603894824301389,
        0.003876796746143438,
        0.004981382964457987,
        0.00879312754503205,
        0.020044235965965287,
        0.047014744488693944,
        0.09289920607698395,
        0.14317255077075602,
        0.17702123276013276,
        0.19186033269139852,
        0.19919540324942292,
        0.20206062701400468,
        0.19356556915327286,
        0.1734767919161018,
        0.15043477303808578,
        0.12746568021190513,
        0.09898236273919475,
        0.06490811754399176,
        0.03590446375588066,
        0.0201985444049518,
        0.01570318332417242,
        0.016284200065776435,
        0.0168276094927926,
        0.014884768731386007,
        0.011215880244277233,
        0.007613150824188303,
        0.005382413034626207
    ],
    "clip_indices": [
        0,
        2,
        5,
        8,
        11,
        14,
        17,
        20,
        22,
        25,
        28,
        31,
        34,
        37,
        40,
        43,
        45,
        48,
        51,
        54,
        57,
        60,
        63,
        66,
        68,
        71,
        74,
        77,
        80,
        83,
        86,
        89
    ]
}