{
    "video_path": "FallVision/Fall/Stand/f_raw_s_3/S_M_151.mp4",
    "active_window": [
        19,
        27
    ],
    "varying_k": 9,
    "detection_status": "Global Event Zone",
    "saliency_weights": [
        0.0032898052856778553,
        0.004790949576011922,
        0.006571524860588923,
        0.007613688056693095,
        0.007938844790982206,
        0.007997194978386689,
        0.008068294700014033,
        0.008321991828255155,
        0.009008367783653805,
        0.010480187417234842,
        0.013132204359358683,
        0.01728665743648211,
        0.023010060375296314,
        0.03021437629773136,
        0.0388458941349293,
        0.04878383847154941,
        0.05964050056643415,
        0.07147950181147888,
        0.08626156278762544,
        0.10657411450454171,
        0.13104156574443868,
        0.1542194286385547,
        0.17330620077098774,
        0.18963068874766978,
        0.20053398689585608,
        0.19616977283724651,
        0.17023282252669836,
        0.12783777450839243,
        0.08046142937191386,
        0.04130951936636298,
        0.01836152821383347,
        0.009256224281852916
    ],
    "clip_indices": [
        0,
        1,
        3,
        5,
        7,
        9,
        11,
        13,
        15,
        17,
        19,
        20,
        22,
        24,
        26,
        28,
        30,
        32,
        34,
        36,
        38,
        39,
        41,
        43,
        45,
        47,
        49,
        51,
        53,
        55,
        57,
        59
    ]
}