{
    "video_path": "FallVision/Fall/Stand/f_raw_s_3/S_M_81.mp4",
    "active_window": [
        8,
        13
    ],
    "varying_k": 6,
    "detection_status": "Global Event Zone",
    "saliency_weights": [
        0.006825386315778949,
        0.010456346238656806,
        0.014775649254100017,
        0.01761924910005299,
        0.020326653649461776,
        0.027882155001287177,
        0.049003926209699844,
        0.0919552779392094,
        0.15703128109403566,
        0.22966985901541576,
        0.27459717448794135,
        0.2612099792107978,
        0.20369739285429517,
        0.14363792136736508,
        0.10309899461052384,
        0.07909112571320384,
        0.06310030514431561,
        0.05004361518248979,
        0.03847610612503727,
        0.029071248289731642,
        0.022534089268763827,
        0.018710721304999605,
        0.016873718545733295,
        0.016068982558778505,
        0.01565924236608006,
        0.01553395677998265,
        0.015706164460617688,
        0.01596721168472391,
        0.015781416578881036,
        0.01436522973432828,
        0.011665808671367527,
        0.009329162637797234
    ],
    "clip_indices": [
        0,
        2,
        5,
        8,
        11,
        14,
        17,
        20,
        22,
        25,
        28,
        31,
        34,
        37,
        40,
        43,
        45,
        48,
        51,
        54,
        57,
        60,
        63,
        66,
        68,
        71,
        74,
        77,
        80,
        83,
        86,
        89
    ]
}