{
    "video_path": "FallVision/Fall/Stand/f_raw_s_3/S_M_13_resized.mp4",
    "active_window": [
        13,
        19
    ],
    "varying_k": 7,
    "detection_status": "Global Event Zone",
    "saliency_weights": [
        0.0035841429321199613,
        0.003975054967708675,
        0.004465174994580889,
        0.00483207186409801,
        0.005141115608316201,
        0.005596504967369187,
        0.0064096641562114325,
        0.007883425720202605,
        0.010614253512535973,
        0.015817814640029373,
        0.025903453102911155,
        0.04510363753363769,
        0.07975351707974176,
        0.1354737017445081,
        0.21048715630981918,
        0.2891318141047787,
        0.3365057995903472,
        0.3165986313773711,
        0.2358436073449681,
        0.1424231563264299,
        0.07370752549431908,
        0.03482975373642037,
        0.016827138891308137,
        0.009742797916889721,
        0.006920508297332302,
        0.005645903577221951,
        0.00508629903860277,
        0.004870495546767616,
        0.0047523253743992615,
        0.0045775201000597815,
        0.004312811135488032,
        0.004094364109128215
    ],
    "clip_indices": [
        0,
        2,
        5,
        8,
        11,
        14,
        17,
        20,
        23,
        26,
        29,
        31,
        34,
        37,
        40,
        43,
        46,
        49,
        52,
        55,
        58,
        60,
        63,
        66,
        69,
        72,
        75,
        78,
        81,
        84,
        87,
        90
    ]
}