{
    "video_path": "FallVision/Fall/Stand/f_raw_s_3/S_M_91_resized.mp4",
    "active_window": [
        19,
        27
    ],
    "varying_k": 9,
    "detection_status": "Global Event Zone",
    "saliency_weights": [
        0.0043884626885655215,
        0.007427589846725641,
        0.011373606892546401,
        0.014701182493428083,
        0.018151764608127723,
        0.023468729461492546,
        0.03187396377599535,
        0.04303933901622033,
        0.054095924033618265,
        0.061892477332101015,
        0.06617085959964858,
        0.06817074223113491,
        0.06772454302658532,
        0.06390763248308089,
        0.05764971999174001,
        0.05184012731464381,
        0.049709434578123754,
        0.05417186480612886,
        0.06737075529685069,
        0.0890042465767339,
        0.11306480960363294,
        0.12939839492347352,
        0.13369108843534191,
        0.13105590867496156,
        0.12744835908594793,
        0.12397336126408356,
        0.11757850927333902,
        0.10304364832527055,
        0.07891610421926476,
        0.05162303950601625,
        0.02917160161973968,
        0.016394958535323252
    ],
    "clip_indices": [
        0,
        1,
        3,
        4,
        6,
        7,
        9,
        10,
        12,
        13,
        15,
        16,
        18,
        19,
        21,
        22,
        24,
        25,
        27,
        28,
        30,
        31,
        33,
        34,
        36,
        37,
        39,
        40,
        42,
        43,
        45,
        47
    ]
}