{
    "video_path": "FallVision/Fall/Stand/f_raw_s_3/S_M_102_resized.mp4",
    "active_window": [
        13,
        24
    ],
    "varying_k": 12,
    "detection_status": "Global Event Zone",
    "saliency_weights": [
        0.001977547700141421,
        0.0025532501592568264,
        0.0032404240977416078,
        0.0036625329655328603,
        0.0038711338196724316,
        0.004172024680758801,
        0.0050390810499969275,
        0.007405556304697739,
        0.012934652477415768,
        0.023035968634333097,
        0.03737557963223364,
        0.054652084353553045,
        0.07415093212641974,
        0.0958775173187461,
        0.11968503446143514,
        0.14331866311116181,
        0.1599766665258464,
        0.16199257547651918,
        0.1509055006754686,
        0.13816913201380673,
        0.13447964478446428,
        0.14236376704305836,
        0.15216294943371048,
        0.14555748900962168,
        0.11566954770538845,
        0.07634529177558283,
        0.04357696940449521,
        0.022534397976401718,
        0.011632919163671727,
        0.006764082147718206,
        0.004391096639306056,
        0.0032274128169156083
    ],
    "clip_indices": [
        0,
        2,
        4,
        6,
        9,
        11,
        13,
        16,
        18,
        20,
        22,
        25,
        27,
        29,
        32,
        34,
        36,
        38,
        41,
        43,
        45,
        48,
        50,
        52,
        54,
        57,
        59,
        61,
        64,
        66,
        68,
        71
    ]
}