{
    "video_path": "FallVision/Fall/Stand/f_raw_s_3/S_M_139_resized.mp4",
    "active_window": [
        15,
        25
    ],
    "varying_k": 11,
    "detection_status": "Global Event Zone",
    "saliency_weights": [
        0.0024885028788873636,
        0.0032626355286100384,
        0.004175848001042203,
        0.004700532228064059,
        0.004852617078527913,
        0.004867104225591536,
        0.004873054373529025,
        0.004910335809038673,
        0.005034265542738838,
        0.005489576450953411,
        0.007127478689691491,
        0.012320033233369183,
        0.025747100545572346,
        0.05119531347382582,
        0.08546330743181499,
        0.11887436506466494,
        0.1409931376948129,
        0.14726229599737872,
        0.14740231550615746,
        0.1589035448377611,
        0.1821997177717748,
        0.19689497658372473,
        0.1891913934705705,
        0.16447174974108783,
        0.13263356919226293,
        0.09873286202657995,
        0.06629397016378706,
        0.04020791206928649,
        0.023386739412273615,
        0.013859787602276123,
        0.00841811783075568,
        0.005706149826160744
    ],
    "clip_indices": [
        0,
        1,
        3,
        5,
        7,
        9,
        11,
        13,
        15,
        17,
        19,
        20,
        22,
        24,
        26,
        28,
        30,
        32,
        34,
        36,
        38,
        39,
        41,
        43,
        45,
        47,
        49,
        51,
        53,
        55,
        57,
        59
    ]
}