{
    "video_path": "FallVision/Fall/Stand/f_raw_s_3/S_M_49.mp4",
    "active_window": [
        8,
        13
    ],
    "varying_k": 6,
    "detection_status": "Global Event Zone",
    "saliency_weights": [
        0.005793454765355999,
        0.008882777557705413,
        0.012576956543347999,
        0.014953469603218649,
        0.01690112213099643,
        0.022614982242263604,
        0.040068410293375656,
        0.07683564410515806,
        0.13283961426437924,
        0.1946678366449048,
        0.2310951448646703,
        0.21536584341421966,
        0.16028918998074396,
        0.10326108977532979,
        0.06580397183300837,
        0.04912456068215308,
        0.05074614914397367,
        0.06802958793879041,
        0.09012018138839348,
        0.10012386729882741,
        0.0917367579214575,
        0.07352513702746115,
        0.05520509218095521,
        0.04034765465119389,
        0.029533486976625285,
        0.022908787121017345,
        0.01983831797986213,
        0.018373144767319063,
        0.016629298656330414,
        0.013887327551437772,
        0.010521024239609465,
        0.008024513545319493
    ],
    "clip_indices": [
        0,
        2,
        5,
        8,
        11,
        14,
        17,
        20,
        22,
        25,
        28,
        31,
        34,
        37,
        40,
        43,
        45,
        48,
        51,
        54,
        57,
        60,
        63,
        66,
        68,
        71,
        74,
        77,
        80,
        83,
        86,
        89
    ]
}