{
    "video_path": "FallVision/Fall/Stand/f_raw_s_3/S_M_133_resized.mp4",
    "active_window": [
        12,
        18
    ],
    "varying_k": 7,
    "detection_status": "Global Event Zone",
    "saliency_weights": [
        0.003997031231944412,
        0.004479498838148752,
        0.005053106884791584,
        0.005391762760456972,
        0.005501565909307074,
        0.005525489405957587,
        0.005565625288489069,
        0.005788313367896648,
        0.00678858224130147,
        0.01055573950380614,
        0.02244647733909113,
        0.053670835883583665,
        0.12098548853971326,
        0.22682051820500443,
        0.32813254148698623,
        0.3620120021423624,
        0.3146457547515725,
        0.22565442862456553,
        0.1379491167666019,
        0.07444702168837117,
        0.03885125866163297,
        0.021969133776050902,
        0.013991000982274512,
        0.010034475941485488,
        0.008126984206277225,
        0.007238499668609994,
        0.006771095474769818,
        0.006450740996961071,
        0.006133576251567435,
        0.005699188484111894,
        0.0051469664919888206,
        0.004722625276616375
    ],
    "clip_indices": [
        0,
        2,
        4,
        6,
        9,
        11,
        13,
        16,
        18,
        20,
        22,
        25,
        27,
        29,
        32,
        34,
        36,
        38,
        41,
        43,
        45,
        48,
        50,
        52,
        54,
        57,
        59,
        61,
        64,
        66,
        68,
        71
    ]
}