{
    "video_path": "FallVision/Fall/Stand/f_raw_s_3/S_M_158_resized.mp4",
    "active_window": [
        14,
        22
    ],
    "varying_k": 9,
    "detection_status": "Global Event Zone",
    "saliency_weights": [
        0.0018997600444047023,
        0.00221523262097539,
        0.0026669730341469296,
        0.0032527708258826135,
        0.004491787105716495,
        0.0075558470423255485,
        0.01421454918301802,
        0.025307272699852817,
        0.038746545180954876,
        0.05110010202083052,
        0.0604087212443669,
        0.06763227770012159,
        0.07758207066132179,
        0.09504674205781116,
        0.11802220268254167,
        0.13951338356864001,
        0.15532356988552243,
        0.16638607233024505,
        0.1764471052159376,
        0.18705599709018822,
        0.18944333483524078,
        0.16802569988454685,
        0.12226564383647082,
        0.07323619372166149,
        0.03922652592411675,
        0.02153490178984188,
        0.014106921131921262,
        0.011347152319574314,
        0.009746839062309488,
        0.007963880170056298,
        0.0059506271852242994,
        0.004489227133190624
    ],
    "clip_indices": [
        0,
        1,
        3,
        5,
        7,
        9,
        11,
        13,
        15,
        17,
        19,
        20,
        22,
        24,
        26,
        28,
        30,
        32,
        34,
        36,
        38,
        39,
        41,
        43,
        45,
        47,
        49,
        51,
        53,
        55,
        57,
        59
    ]
}