{
    "video_path": "FallVision/Fall/Stand/f_raw_s_3/S_M_125.mp4",
    "active_window": [
        6,
        11
    ],
    "varying_k": 6,
    "detection_status": "Global Event Zone",
    "saliency_weights": [
        0.0052068376114352615,
        0.006521043161502855,
        0.009479750151251947,
        0.017418673416312737,
        0.039916317688479405,
        0.0916556966744539,
        0.18567371968314655,
        0.30635750191344024,
        0.38107891563051216,
        0.3441259353675662,
        0.2294901843721307,
        0.12325468000865052,
        0.06317836113463082,
        0.03682886341634379,
        0.025661582146772353,
        0.02034101317472447,
        0.01739702600630414,
        0.015639835332536475,
        0.014472104038158934,
        0.01343336379471528,
        0.012421371353226417,
        0.01167318501219571,
        0.011259175717096637,
        0.010894481080801054,
        0.010350494118605868,
        0.009696060463983164,
        0.009088305359518394,
        0.008593055359876447,
        0.008139954048183944,
        0.007536526427972354,
        0.00673962934577914,
        0.006112933751814326
    ],
    "clip_indices": [
        0,
        2,
        5,
        8,
        11,
        13,
        16,
        19,
        22,
        24,
        27,
        30,
        33,
        36,
        38,
        41,
        44,
        47,
        49,
        52,
        55,
        58,
        61,
        63,
        66,
        69,
        72,
        74,
        77,
        80,
        83,
        86
    ]
}