{
    "video_path": "FallVision/Fall/Stand/f_raw_s_3/S_M_168_resized.mp4",
    "active_window": [
        3,
        9
    ],
    "varying_k": 7,
    "detection_status": "Global Event Zone",
    "saliency_weights": [
        0.007945501567389027,
        0.019421543951537768,
        0.053699957803583755,
        0.1207635455887901,
        0.21462569008764149,
        0.3089606465511581,
        0.35568411007738887,
        0.32132725725828004,
        0.23306033035173968,
        0.14480602234899098,
        0.08270343049027212,
        0.046111846802228344,
        0.02683239336231118,
        0.01723406427720072,
        0.012409909429918313,
        0.009790455257876095,
        0.008204565010972335,
        0.007194004620266982,
        0.006533407734254719,
        0.006051492766210042,
        0.005661483289630554,
        0.00536137056129766,
        0.005148766369617681,
        0.004983696497428316,
        0.004838402778710274,
        0.0047251483125686465,
        0.004659315081908262,
        0.0046275528457229605,
        0.0045859939781432366,
        0.0044702451916427775,
        0.004269621035600864,
        0.004098947403029961
    ],
    "clip_indices": [
        0,
        1,
        3,
        5,
        7,
        9,
        11,
        13,
        15,
        17,
        19,
        20,
        22,
        24,
        26,
        28,
        30,
        32,
        34,
        36,
        38,
        39,
        41,
        43,
        45,
        47,
        49,
        51,
        53,
        55,
        57,
        59
    ]
}