{
    "video_path": "FallVision/Fall/Stand/f_raw_s_3/S_M_147.mp4",
    "active_window": [
        16,
        22
    ],
    "varying_k": 7,
    "detection_status": "Global Event Zone",
    "saliency_weights": [
        0.0029315339897882263,
        0.0035605478275218113,
        0.004393095149050905,
        0.0050686322261254205,
        0.005560940324702616,
        0.0060109936477720964,
        0.006588043469895423,
        0.007537543769363266,
        0.009256039401366309,
        0.012153825819308794,
        0.01648335854918521,
        0.022735675393474902,
        0.03224096226036607,
        0.04688082131558534,
        0.06837318584105398,
        0.09896417707926955,
        0.14212905463860032,
        0.1975496275121895,
        0.2506030344941951,
        0.27607608163691355,
        0.2607119462779179,
        0.212020467595399,
        0.1481487901852978,
        0.08939232824750679,
        0.04829209007337501,
        0.02529224357435364,
        0.015242842579481134,
        0.011967192915905063,
        0.010764115379850687,
        0.009515249917691374,
        0.00783632408840879,
        0.006501261679106534
    ],
    "clip_indices": [
        0,
        1,
        3,
        5,
        7,
        9,
        11,
        13,
        15,
        17,
        19,
        20,
        22,
        24,
        26,
        28,
        30,
        32,
        34,
        36,
        38,
        39,
        41,
        43,
        45,
        47,
        49,
        51,
        53,
        55,
        57,
        59
    ]
}