{
    "video_path": "FallVision/Fall/Stand/f_raw_s_3/S_M_107.mp4",
    "active_window": [
        7,
        24
    ],
    "varying_k": 18,
    "detection_status": "Global Event Zone",
    "saliency_weights": [
        0.0037406178142239724,
        0.005300451752599872,
        0.007140637937616797,
        0.008493620680421584,
        0.010932043272670753,
        0.020316526163576,
        0.04782340735887507,
        0.09944307898577034,
        0.1618474735100528,
        0.2101606843123601,
        0.22295291923014238,
        0.1929123136201279,
        0.13818919517718384,
        0.08836334009116273,
        0.056585715787296785,
        0.03859849528536536,
        0.027934412348859263,
        0.02223810708917886,
        0.022593259225470327,
        0.03207331680242675,
        0.05355574473154957,
        0.0856607348017169,
        0.11564856617075236,
        0.12197551186050042,
        0.09830897076012322,
        0.06409750170008167,
        0.038803386325085495,
        0.02465775147924229,
        0.016637446627103505,
        0.011393885124669725,
        0.007694957546520846,
        0.005585640213728413
    ],
    "clip_indices": [
        0,
        7,
        15,
        23,
        30,
        38,
        46,
        53,
        61,
        69,
        77,
        84,
        92,
        100,
        107,
        115,
        123,
        131,
        138,
        146,
        154,
        161,
        169,
        177,
        185,
        192,
        200,
        208,
        215,
        223,
        231,
        239
    ]
}