{
    "video_path": "FallVision/Fall/Stand/f_raw_s_3/S_M_07_resized.mp4",
    "active_window": [
        20,
        25
    ],
    "varying_k": 6,
    "detection_status": "Global Event Zone",
    "saliency_weights": [
        0.004551477562589862,
        0.0052256094062730065,
        0.006031716042211319,
        0.006516142899030311,
        0.006680699273935204,
        0.006713898596449124,
        0.006722591638393776,
        0.006733607572918033,
        0.00674412624836325,
        0.00675037079965316,
        0.006771351013120822,
        0.006872360223301127,
        0.007207375081433988,
        0.008072257232738005,
        0.009966471763551702,
        0.013561543805193255,
        0.019718746973219865,
        0.030376659857818927,
        0.05046304861607041,
        0.08903308264220923,
        0.1572706903902477,
        0.25597890562258796,
        0.34760740420532976,
        0.36260501775525095,
        0.2806152044542979,
        0.1666369151034735,
        0.08536414377254689,
        0.04366734731673927,
        0.02405884654555144,
        0.014470705632523603,
        0.009514574131694464,
        0.007246363198720859
    ],
    "clip_indices": [
        0,
        1,
        3,
        5,
        7,
        9,
        11,
        13,
        15,
        17,
        19,
        20,
        22,
        24,
        26,
        28,
        30,
        32,
        34,
        36,
        38,
        39,
        41,
        43,
        45,
        47,
        49,
        51,
        53,
        55,
        57,
        59
    ]
}