{
    "video_path": "FallVision/Fall/Bed/f_raw_b_2/B_N_236.mp4",
    "active_window": [
        17,
        23
    ],
    "varying_k": 7,
    "detection_status": "Global Event Zone",
    "saliency_weights": [
        0.00394790588533985,
        0.00512006519750937,
        0.006571660753605361,
        0.007662395427072618,
        0.008836867508175663,
        0.01164341541089341,
        0.01847678862655549,
        0.030116552972972853,
        0.04266093036504051,
        0.05039341187506857,
        0.0505632006705518,
        0.04412720808041185,
        0.035466582206170036,
        0.03047120989440681,
        0.033530157641609916,
        0.047022814254348295,
        0.07199346832412626,
        0.10945014950193407,
        0.16105919816535588,
        0.22261324172346902,
        0.27000396464101944,
        0.26671674228864917,
        0.20734999574992524,
        0.13100391720932467,
        0.07394413936906419,
        0.041826234995028036,
        0.026197440049451577,
        0.018427140955678455,
        0.013243838482720557,
        0.009209129475603886,
        0.006451045320272419,
        0.0050528947040314
    ],
    "clip_indices": [
        0,
        2,
        5,
        8,
        11,
        14,
        17,
        20,
        22,
        25,
        28,
        31,
        34,
        37,
        40,
        43,
        45,
        48,
        51,
        54,
        57,
        60,
        63,
        66,
        68,
        71,
        74,
        77,
        80,
        83,
        86,
        89
    ]
}