{
    "video_path": "FallVision/Fall/Bed/f_raw_b_2/B_N_106.mp4",
    "active_window": [
        12,
        18
    ],
    "varying_k": 7,
    "detection_status": "Global Event Zone",
    "saliency_weights": [
        0.0027484325119937853,
        0.0029374175131045557,
        0.0031985625133865016,
        0.003482452132507235,
        0.00393643526895654,
        0.0048303484383685116,
        0.006494343125061497,
        0.009404230127321795,
        0.014631740370998072,
        0.025475519688196935,
        0.049182149857963875,
        0.09311922178124701,
        0.1569721118899856,
        0.22874505177204646,
        0.282882789460669,
        0.2934798935491659,
        0.2606994649221796,
        0.20799546078955788,
        0.154179789750981,
        0.10488795124326455,
        0.0629136914774836,
        0.032852388226310786,
        0.01613842170542908,
        0.008692863651999715,
        0.005696208049827419,
        0.004522570406178931,
        0.004056547596099795,
        0.0038441998310850692,
        0.003691258970092934,
        0.003513951171418981,
        0.003306484820085997,
        0.0031522036422533886
    ],
    "clip_indices": [
        0,
        5,
        11,
        17,
        23,
        29,
        34,
        40,
        46,
        52,
        58,
        63,
        69,
        75,
        81,
        87,
        92,
        98,
        104,
        110,
        116,
        121,
        127,
        133,
        139,
        145,
        150,
        156,
        162,
        168,
        174,
        180
    ]
}