{
    "video_path": "FallVision/Fall/Bed/f_raw_b_2/B_N_270_resized.mp4",
    "active_window": [
        21,
        26
    ],
    "varying_k": 6,
    "detection_status": "Global Event Zone",
    "saliency_weights": [
        0.0036190268519785017,
        0.005329640806387026,
        0.007781162820398249,
        0.010327829265856124,
        0.01343827831804469,
        0.018317818710527865,
        0.026320628301940797,
        0.037551333108574905,
        0.049135820639922875,
        0.05692292644380176,
        0.058420252461746605,
        0.05395669669914885,
        0.04746283796812244,
        0.04382881329339775,
        0.04424188345052961,
        0.04663075527987777,
        0.04933658442412221,
        0.0523650719895069,
        0.05701984765223191,
        0.06680354096072422,
        0.08912160426941629,
        0.1304941543047153,
        0.18115591954436244,
        0.21319546161334732,
        0.20815763056181075,
        0.17272929795828884,
        0.12451099732430243,
        0.08052899076264367,
        0.050087787712413956,
        0.031157982690686377,
        0.018798502439287403,
        0.011939823244768742
    ],
    "clip_indices": [
        0,
        2,
        5,
        8,
        11,
        14,
        17,
        20,
        22,
        25,
        28,
        31,
        34,
        37,
        40,
        43,
        45,
        48,
        51,
        54,
        57,
        60,
        63,
        66,
        68,
        71,
        74,
        77,
        80,
        83,
        86,
        89
    ]
}