{
    "video_path": "FallVision/Fall/Bed/f_raw_b_2/B_N_14.mp4",
    "active_window": [
        5,
        23
    ],
    "varying_k": 19,
    "detection_status": "Global Event Zone",
    "saliency_weights": [
        0.003639194075649172,
        0.006555624587448334,
        0.014017085704344644,
        0.031412399100602346,
        0.06781811837719365,
        0.12158983018266681,
        0.16500066248079065,
        0.16949259369092834,
        0.13942251043784729,
        0.09833423411653067,
        0.06349159392259474,
        0.04174110955740798,
        0.03216501955579934,
        0.03031659237836425,
        0.03263017666850413,
        0.03727058664117543,
        0.043480273751471205,
        0.05258212008284911,
        0.07007897763960141,
        0.10105142473113154,
        0.13710088031143347,
        0.15668827012809008,
        0.14722660775863725,
        0.11547246027665678,
        0.07621825492144615,
        0.04340225614866464,
        0.02382111203124349,
        0.014464284106153765,
        0.009797881680044515,
        0.006945558931864216,
        0.005006996644604139,
        0.003926226365225746
    ],
    "clip_indices": [
        0,
        1,
        3,
        5,
        7,
        9,
        11,
        13,
        15,
        17,
        19,
        20,
        22,
        24,
        26,
        28,
        30,
        32,
        34,
        36,
        38,
        39,
        41,
        43,
        45,
        47,
        49,
        51,
        53,
        55,
        57,
        59
    ]
}