{
    "video_path": "FallVision/Fall/Bed/f_raw_b_2/B_N_221.mp4",
    "active_window": [
        21,
        28
    ],
    "varying_k": 8,
    "detection_status": "Global Event Zone",
    "saliency_weights": [
        0.004561030194967313,
        0.00648827687283096,
        0.00870109678188191,
        0.009852979623684012,
        0.010047265460305137,
        0.009943713742832063,
        0.009850530742201269,
        0.009800807138531105,
        0.00980257595593357,
        0.009899846663515309,
        0.01016337289899934,
        0.010652654520690238,
        0.011356164526728305,
        0.012185462258415646,
        0.013004558192951005,
        0.013752324606544453,
        0.014714955147661943,
        0.01686629653787454,
        0.022437905720780256,
        0.03562890201116244,
        0.06287552724726529,
        0.10991129885069059,
        0.17295031103848646,
        0.23523490500772637,
        0.27622996866272276,
        0.27975184564030886,
        0.24334944414562554,
        0.18346624648258528,
        0.12075499299518712,
        0.0693612284320774,
        0.03590595455560699,
        0.019917324853732765
    ],
    "clip_indices": [
        0,
        1,
        3,
        5,
        7,
        9,
        11,
        13,
        15,
        17,
        19,
        20,
        22,
        24,
        26,
        28,
        30,
        32,
        34,
        36,
        38,
        39,
        41,
        43,
        45,
        47,
        49,
        51,
        53,
        55,
        57,
        59
    ]
}