{
    "video_path": "FallVision/Fall/Bed/f_raw_b_2/B_N_110_resized.mp4",
    "active_window": [
        22,
        28
    ],
    "varying_k": 7,
    "detection_status": "Global Event Zone",
    "saliency_weights": [
        0.004155068419833333,
        0.004700897292773213,
        0.005352552985393513,
        0.005741952994645641,
        0.005871691520745261,
        0.005899619552094582,
        0.0059250443723183124,
        0.005990334548525466,
        0.006119444942726525,
        0.006327458061426662,
        0.006619771999141617,
        0.007024231387595147,
        0.007653066928394191,
        0.00876205434299528,
        0.010775098255948313,
        0.014021703142340892,
        0.018228831166109724,
        0.022693317539651245,
        0.02718871730860013,
        0.03281396340592374,
        0.04325173362548903,
        0.06692791337372399,
        0.11855704472147377,
        0.20901495515530683,
        0.31188613600107956,
        0.3577441499878502,
        0.30998284380173674,
        0.21139859064712935,
        0.11995646140317275,
        0.058382979976213105,
        0.026147158952697983,
        0.01393919897089393
    ],
    "clip_indices": [
        0,
        1,
        3,
        5,
        7,
        9,
        11,
        13,
        15,
        17,
        19,
        20,
        22,
        24,
        26,
        28,
        30,
        32,
        34,
        36,
        38,
        39,
        41,
        43,
        45,
        47,
        49,
        51,
        53,
        55,
        57,
        59
    ]
}