{
    "video_path": "FallVision/Fall/Bed/f_raw_b_2/B_N_237.mp4",
    "active_window": [
        20,
        26
    ],
    "varying_k": 7,
    "detection_status": "Global Event Zone",
    "saliency_weights": [
        0.0026642538020056686,
        0.003419285204053122,
        0.004315748096529072,
        0.0048521295203599515,
        0.005064518718763294,
        0.005188244114714869,
        0.005315429895565652,
        0.0054419859965274715,
        0.005620301961330405,
        0.006160572829469422,
        0.007995055732353679,
        0.013113957697716982,
        0.024554387283525853,
        0.04313227707712933,
        0.062324445833343636,
        0.07265209240077902,
        0.0732734792678278,
        0.07255169260629296,
        0.07913627138115373,
        0.09785447046110698,
        0.12952472791031175,
        0.17019149680206944,
        0.209344868749765,
        0.2310512869256621,
        0.2240190313983722,
        0.18849062376582848,
        0.1352549787020485,
        0.08338243270433962,
        0.04691003072534597,
        0.025655751951043877,
        0.014055776078494273,
        0.008722955531767319
    ],
    "clip_indices": [
        0,
        1,
        3,
        5,
        7,
        9,
        11,
        13,
        15,
        17,
        19,
        20,
        22,
        24,
        26,
        28,
        30,
        32,
        34,
        36,
        38,
        39,
        41,
        43,
        45,
        47,
        49,
        51,
        53,
        55,
        57,
        59
    ]
}