{
    "video_path": "FallVision/Fall/Bed/f_raw_b_2/B_N_274_resized.mp4",
    "active_window": [
        22,
        28
    ],
    "varying_k": 7,
    "detection_status": "Global Event Zone",
    "saliency_weights": [
        0.005628614589436154,
        0.008765519162346238,
        0.012496393684163457,
        0.014711092963570843,
        0.015468580857469359,
        0.015672475970798357,
        0.015745373755591905,
        0.015745112063035173,
        0.015737910123607618,
        0.015823040908431923,
        0.016031716800956174,
        0.016309811334857646,
        0.016536001680748574,
        0.01661043122811504,
        0.01658956019004896,
        0.016637128925596652,
        0.016877378336371568,
        0.01754660186349341,
        0.019602152741145455,
        0.025857634457222466,
        0.04239885498526562,
        0.07646199190354613,
        0.1279770225391448,
        0.1859745743279124,
        0.23550999501381253,
        0.2626132470124185,
        0.25802443105691325,
        0.22071318517764477,
        0.16000913577669895,
        0.09713321935441124,
        0.05092615966822161,
        0.027264544934090043
    ],
    "clip_indices": [
        0,
        1,
        3,
        5,
        7,
        9,
        11,
        13,
        15,
        17,
        19,
        20,
        22,
        24,
        26,
        28,
        30,
        32,
        34,
        36,
        38,
        39,
        41,
        43,
        45,
        47,
        49,
        51,
        53,
        55,
        57,
        59
    ]
}