{
    "video_path": "FallVision/Fall/Bed/f_raw_b_2/B_N_383_anonymized.mp4",
    "active_window": [
        21,
        27
    ],
    "varying_k": 7,
    "detection_status": "Global Event Zone",
    "saliency_weights": [
        0.0034200512008150724,
        0.003948930278198115,
        0.004580272142430832,
        0.004958136388806089,
        0.005086881890668426,
        0.005119516519058064,
        0.005155616731837394,
        0.00528927785559908,
        0.005717485875311554,
        0.006760131158365828,
        0.008846411253228405,
        0.012438193280264194,
        0.01778921573087785,
        0.02445237565591689,
        0.030643680522642578,
        0.03423908501073607,
        0.035111526326027744,
        0.03525925602703951,
        0.03733787655613993,
        0.04550767460953473,
        0.06824471842773938,
        0.1156669842455603,
        0.18684027626452382,
        0.26251507796102275,
        0.31116096055806164,
        0.3002642136607978,
        0.22733823427938427,
        0.1358663235777786,
        0.068286750710603,
        0.031109082239408857,
        0.014012302110036802,
        0.007835672447479297
    ],
    "clip_indices": [
        0,
        2,
        5,
        8,
        11,
        14,
        17,
        20,
        22,
        25,
        28,
        31,
        34,
        37,
        40,
        43,
        45,
        48,
        51,
        54,
        57,
        60,
        63,
        66,
        68,
        71,
        74,
        77,
        80,
        83,
        86,
        89
    ]
}