{
    "video_path": "FallVision/Fall/Bed/f_raw_b_2/B_N_194_resized.mp4",
    "active_window": [
        19,
        26
    ],
    "varying_k": 8,
    "detection_status": "Global Event Zone",
    "saliency_weights": [
        0.002549515977592611,
        0.0031287184230206003,
        0.003922520437868872,
        0.004607849920723389,
        0.005118745455080689,
        0.005558576765202406,
        0.006127650492595415,
        0.0070101400317459095,
        0.008216739610380419,
        0.009494621425376541,
        0.010276304779194178,
        0.010135002760647946,
        0.009490780212674917,
        0.009319612358371598,
        0.010417667354012845,
        0.013707619923489109,
        0.021401589258501344,
        0.03795504793764047,
        0.07005939581385329,
        0.12196868016463053,
        0.18451492750004395,
        0.23494997332718776,
        0.25515741986687956,
        0.24210684515293365,
        0.2056598304582427,
        0.16411356234613342,
        0.12989821689093062,
        0.10173629428128807,
        0.07500412009872952,
        0.04990592590279746,
        0.029457698823956997,
        0.01740231980509127
    ],
    "clip_indices": [
        0,
        2,
        5,
        8,
        11,
        14,
        17,
        20,
        22,
        25,
        28,
        31,
        34,
        37,
        40,
        43,
        45,
        48,
        51,
        54,
        57,
        60,
        63,
        66,
        68,
        71,
        74,
        77,
        80,
        83,
        86,
        89
    ]
}