{
    "video_path": "FallVision/Fall/Bed/f_raw_b_2/B_N_33.mp4",
    "active_window": [
        11,
        17
    ],
    "varying_k": 7,
    "detection_status": "Global Event Zone",
    "saliency_weights": [
        0.004521285231387558,
        0.0074851591009633175,
        0.013409503670248273,
        0.02180027126548077,
        0.030793103121648603,
        0.039045732164820816,
        0.04785247403568296,
        0.05859247245845681,
        0.06964281519761387,
        0.07971580965373194,
        0.093093702408175,
        0.11719350831429498,
        0.1556191376365095,
        0.20090238698979618,
        0.22754400656180093,
        0.2089903800593158,
        0.15360026394712875,
        0.09888704463636616,
        0.06825391011123172,
        0.05830172946732615,
        0.057377018860659934,
        0.05668155902371415,
        0.05183003260077658,
        0.042379488831040424,
        0.030556937533553513,
        0.02012474449803135,
        0.013468165602348512,
        0.00993341169241687,
        0.007908001905465478,
        0.006430772386891681,
        0.005198787144877796,
        0.0044094988522828515
    ],
    "clip_indices": [
        0,
        1,
        3,
        5,
        7,
        9,
        11,
        13,
        15,
        17,
        19,
        20,
        22,
        24,
        26,
        28,
        30,
        32,
        34,
        36,
        38,
        39,
        41,
        43,
        45,
        47,
        49,
        51,
        53,
        55,
        57,
        59
    ]
}