{
    "video_path": "FallVision/Fall/Bed/f_raw_b_2/B_N_515_resized.mp4",
    "active_window": [
        21,
        26
    ],
    "varying_k": 6,
    "detection_status": "Global Event Zone",
    "saliency_weights": [
        0.004124354562733142,
        0.005072835067270649,
        0.006203584687161697,
        0.006879969678922515,
        0.007119017534058754,
        0.007205304307221671,
        0.007305749882916605,
        0.007483051909654259,
        0.007774525087353108,
        0.008192449543543204,
        0.00868962593648192,
        0.009186507794754325,
        0.009627552585562218,
        0.010012535600344494,
        0.01044177068569835,
        0.011195371868412674,
        0.01297322156703496,
        0.01760612637850383,
        0.029451760174483987,
        0.05656865980643608,
        0.10996457480130625,
        0.19464322209001597,
        0.2876106734856049,
        0.3380993646885439,
        0.3172784163782055,
        0.24512258866269918,
        0.15838308715346974,
        0.08617822502129469,
        0.041936307941150525,
        0.020351343198075886,
        0.010779870914987638,
        0.007085983441734063
    ],
    "clip_indices": [
        0,
        1,
        3,
        5,
        7,
        9,
        11,
        13,
        15,
        17,
        19,
        20,
        22,
        24,
        26,
        28,
        30,
        32,
        34,
        36,
        38,
        39,
        41,
        43,
        45,
        47,
        49,
        51,
        53,
        55,
        57,
        59
    ]
}