{
    "video_path": "FallVision/Fall/Bed/f_raw_b_2/B_N_32.mp4",
    "active_window": [
        15,
        23
    ],
    "varying_k": 9,
    "detection_status": "Global Event Zone",
    "saliency_weights": [
        0.0035699925663850293,
        0.005021924758197801,
        0.006751887064600687,
        0.007791737822626739,
        0.008204622959452052,
        0.008553619384634552,
        0.009360932594422269,
        0.010945081583461115,
        0.013390512487207532,
        0.01716976149746521,
        0.023860602850015823,
        0.0351665340030841,
        0.051071127812522016,
        0.06999629592391143,
        0.08982270093885453,
        0.10828466919735051,
        0.12349154957808503,
        0.13612657335270023,
        0.15269978487899247,
        0.1793389235222221,
        0.20426686206675304,
        0.20047034243588746,
        0.1604497626604015,
        0.10865456643041793,
        0.06992133531231061,
        0.05002951787839777,
        0.0439480315652199,
        0.043458990784166096,
        0.04163155912121635,
        0.03517351187658987,
        0.024861622909998375,
        0.01647067532931641
    ],
    "clip_indices": [
        0,
        1,
        2,
        4,
        5,
        7,
        8,
        9,
        11,
        12,
        14,
        15,
        17,
        18,
        19,
        21,
        22,
        24,
        25,
        26,
        28,
        29,
        31,
        32,
        34,
        35,
        36,
        38,
        39,
        41,
        42,
        44
    ]
}