{
    "video_path": "FallVision/Fall/Bed/f_raw_b_2/B_N_177_resized_anonymized.mp4",
    "active_window": [
        13,
        18
    ],
    "varying_k": 6,
    "detection_status": "Global Event Zone",
    "saliency_weights": [
        0.006268025434468718,
        0.00877130383615856,
        0.011311344591099757,
        0.01194171935196155,
        0.011117325329648979,
        0.010171180524474438,
        0.0097593608312963,
        0.010257735447521002,
        0.012580753515296358,
        0.018465501702277457,
        0.030778893601119565,
        0.054077052606173834,
        0.09466317878028219,
        0.15694472862298495,
        0.23548798618575745,
        0.30944720684897525,
        0.340519170578945,
        0.294787740622647,
        0.190520694458908,
        0.09193341190351612,
        0.03814433165800374,
        0.018850370464763275,
        0.012745238025272328,
        0.010288528880634733,
        0.009246195927067297,
        0.009095675580599179,
        0.009473075409647522,
        0.009884620752117474,
        0.009839839882149697,
        0.00902542746813361,
        0.007570874694999544,
        0.006351561415085379
    ],
    "clip_indices": [
        0,
        2,
        5,
        8,
        11,
        14,
        17,
        20,
        22,
        25,
        28,
        31,
        34,
        37,
        40,
        43,
        45,
        48,
        51,
        54,
        57,
        60,
        63,
        66,
        68,
        71,
        74,
        77,
        80,
        83,
        86,
        89
    ]
}