{
    "video_path": "FallVision/Fall/Bed/f_raw_b_2/B_N_380_anonymized.mp4",
    "active_window": [
        13,
        20
    ],
    "varying_k": 8,
    "detection_status": "Global Event Zone",
    "saliency_weights": [
        0.005009999300072287,
        0.007530546598817137,
        0.01036596312214081,
        0.011707934712445694,
        0.011725878000452616,
        0.01143870824463309,
        0.011676538155748139,
        0.013562236098066869,
        0.019250060699656422,
        0.031162844818978616,
        0.05025813943104061,
        0.07451026346697147,
        0.09786486240967435,
        0.11667221164737797,
        0.1398200053470719,
        0.17990026987734759,
        0.23024308731882426,
        0.2650452841004528,
        0.2612802213491121,
        0.21256705783644098,
        0.13689619102749512,
        0.06970732524154777,
        0.03177585467380437,
        0.01650469387429022,
        0.010694278988652628,
        0.007916684119152285,
        0.0062893285637973025,
        0.005277841372494808,
        0.0046265521435467725,
        0.004088737192112346,
        0.0035440062963043627,
        0.0031505959330782526
    ],
    "clip_indices": [
        0,
        2,
        5,
        8,
        11,
        14,
        17,
        20,
        22,
        25,
        28,
        31,
        34,
        37,
        40,
        43,
        45,
        48,
        51,
        54,
        57,
        60,
        63,
        66,
        68,
        71,
        74,
        77,
        80,
        83,
        86,
        89
    ]
}