{
    "video_path": "FallVision/Fall/Bed/f_raw_b_2/B_N_53_resized.mp4",
    "active_window": [
        12,
        23
    ],
    "varying_k": 12,
    "detection_status": "Global Event Zone",
    "saliency_weights": [
        0.002465168467578071,
        0.0026774948598588095,
        0.002936738955738662,
        0.003103879478106451,
        0.0031844003580429334,
        0.0032941562600160837,
        0.003719531829575938,
        0.005281316622712461,
        0.009801037769640347,
        0.019685642118178127,
        0.037448983452145014,
        0.06698121398385717,
        0.11372423903036569,
        0.1749329252466979,
        0.224815766959562,
        0.23021000812179065,
        0.19006103132272908,
        0.13551390592454776,
        0.09565161724537039,
        0.08228144310985144,
        0.09180411486147333,
        0.10985863676461646,
        0.12041285891760184,
        0.11229808164620195,
        0.08597230411666829,
        0.054960627103613574,
        0.03160397408646193,
        0.01794253640924707,
        0.011042240569212054,
        0.007655814446219497,
        0.005669590787378863,
        0.004563627446698911
    ],
    "clip_indices": [
        0,
        2,
        4,
        6,
        9,
        11,
        13,
        16,
        18,
        20,
        22,
        25,
        27,
        29,
        32,
        34,
        36,
        38,
        41,
        43,
        45,
        48,
        50,
        52,
        54,
        57,
        59,
        61,
        64,
        66,
        68,
        71
    ]
}