{
    "video_path": "FallVision/Fall/Bed/f_raw_b_2/B_N_138_resized.mp4",
    "active_window": [
        15,
        21
    ],
    "varying_k": 7,
    "detection_status": "Global Event Zone",
    "saliency_weights": [
        0.00410100570789384,
        0.005013638249063573,
        0.006150217985218033,
        0.006923623648635712,
        0.007295338860531791,
        0.007469389214070197,
        0.007601774501289673,
        0.00780856086075109,
        0.008220770849897198,
        0.008925158755449154,
        0.009889721567609611,
        0.011266650227002305,
        0.014469041342014138,
        0.025128645313334724,
        0.05631464666680036,
        0.120295012016571,
        0.2098411035208701,
        0.2954281349592968,
        0.33827827219322176,
        0.30964881755345497,
        0.2228656354250882,
        0.13130784036477863,
        0.07235763400188126,
        0.0427752561686197,
        0.027632587251858364,
        0.019711138831594907,
        0.016523615595778248,
        0.01583324386651456,
        0.015505845261864756,
        0.01413260926597944,
        0.011527914643810738,
        0.009270015921590007
    ],
    "clip_indices": [
        0,
        3,
        7,
        11,
        15,
        19,
        22,
        26,
        30,
        34,
        38,
        41,
        45,
        49,
        53,
        57,
        60,
        64,
        68,
        72,
        76,
        79,
        83,
        87,
        91,
        95,
        98,
        102,
        106,
        110,
        114,
        118
    ]
}