{
    "video_path": "FallVision/Fall/Bed/f_raw_b_2/B_N_224.mp4",
    "active_window": [
        14,
        19
    ],
    "varying_k": 6,
    "detection_status": "Global Event Zone",
    "saliency_weights": [
        0.004614819279051451,
        0.005666561606874282,
        0.0069057195612210465,
        0.0076368694594490935,
        0.007991408120711816,
        0.008648610206578016,
        0.010547854816200141,
        0.014484824058156171,
        0.020538450625231817,
        0.027935591780974295,
        0.03513594952574486,
        0.04162539780213427,
        0.05134106337706071,
        0.07528733768467509,
        0.13106346244090822,
        0.2232133270066267,
        0.30962320142076827,
        0.3252717160438443,
        0.26175686387049757,
        0.17449815345401276,
        0.10842647989891238,
        0.06749413284744277,
        0.04183547833087915,
        0.025721874130606615,
        0.016524104825502938,
        0.011866896505459499,
        0.009689261536491136,
        0.008599776838696806,
        0.007792714629472701,
        0.006951573484924306,
        0.006086330401746002,
        0.00548465925700484
    ],
    "clip_indices": [
        0,
        2,
        5,
        8,
        11,
        14,
        17,
        20,
        22,
        25,
        28,
        31,
        34,
        37,
        40,
        43,
        45,
        48,
        51,
        54,
        57,
        60,
        63,
        66,
        68,
        71,
        74,
        77,
        80,
        83,
        86,
        89
    ]
}