{
    "video_path": "FallVision/Fall/Bed/f_raw_b_2/B_N_231.mp4",
    "active_window": [
        20,
        26
    ],
    "varying_k": 7,
    "detection_status": "Global Event Zone",
    "saliency_weights": [
        0.004149168390914026,
        0.005056454866119422,
        0.006084722943706685,
        0.00658001895590201,
        0.006575966466346362,
        0.0064157552979998145,
        0.006361335273017966,
        0.006500838967207111,
        0.006716026157856672,
        0.006901753421474532,
        0.0072440460975500155,
        0.008056908732242928,
        0.009458872525947784,
        0.011506556960197374,
        0.014596763223045157,
        0.01965777870076621,
        0.028107260586250682,
        0.041233193145058855,
        0.05939762396163094,
        0.08518990212293573,
        0.12989393983962816,
        0.20493544722381268,
        0.2901007364588956,
        0.33071214564884666,
        0.29689918480132893,
        0.21520548293582026,
        0.12790772860240177,
        0.06247256620757451,
        0.027623611025652008,
        0.013928702498218756,
        0.008663880296859213,
        0.006430157897051184
    ],
    "clip_indices": [
        0,
        2,
        5,
        8,
        11,
        14,
        17,
        20,
        22,
        25,
        28,
        31,
        34,
        37,
        40,
        43,
        45,
        48,
        51,
        54,
        57,
        60,
        63,
        66,
        68,
        71,
        74,
        77,
        80,
        83,
        86,
        89
    ]
}