{
    "video_path": "FallVision/Fall/Bed/f_raw_b_2/B_N_177_resized.mp4",
    "active_window": [
        13,
        18
    ],
    "varying_k": 6,
    "detection_status": "Global Event Zone",
    "saliency_weights": [
        0.006341601062171151,
        0.008781870101030894,
        0.01126320997639469,
        0.011891175187156554,
        0.01110420142866444,
        0.010195916830293599,
        0.009804382667581964,
        0.010278294632326823,
        0.012427554407522334,
        0.017720503974520418,
        0.028551525729343823,
        0.04923544362526418,
        0.08682530765048677,
        0.14751743380210058,
        0.22814518366639008,
        0.3087580156235357,
        0.34765794593029287,
        0.3052545159844452,
        0.19861811735205825,
        0.09597250894694387,
        0.03968740324722983,
        0.019495410435362195,
        0.013131513599222752,
        0.010568364960408591,
        0.00944471341144406,
        0.009219241719037886,
        0.009531118630031619,
        0.009890601147300577,
        0.009816120529203816,
        0.00901021902352378,
        0.007602398996281201,
        0.006429228561794413
    ],
    "clip_indices": [
        0,
        2,
        5,
        8,
        11,
        14,
        17,
        20,
        22,
        25,
        28,
        31,
        34,
        37,
        40,
        43,
        45,
        48,
        51,
        54,
        57,
        60,
        63,
        66,
        68,
        71,
        74,
        77,
        80,
        83,
        86,
        89
    ]
}