{
    "video_path": "FallVision/Fall/Bed/f_raw_b_2/B_N_208.mp4",
    "active_window": [
        23,
        29
    ],
    "varying_k": 7,
    "detection_status": "Global Event Zone",
    "saliency_weights": [
        0.0041571234966092325,
        0.005451314547619714,
        0.006987061237174245,
        0.007886052011877398,
        0.00816146013809557,
        0.008187837175474055,
        0.00817052818933467,
        0.00815835442689424,
        0.008152344625199487,
        0.008145765602516062,
        0.008135470570157555,
        0.008122841202847324,
        0.008112644997201237,
        0.008111045242393942,
        0.008124616777808204,
        0.008170038991539967,
        0.008296660616125679,
        0.008617908579294068,
        0.009422238777245556,
        0.011628004485218287,
        0.017948966009137583,
        0.034872805781565056,
        0.07455381764289423,
        0.14840132542274825,
        0.24331617638419445,
        0.31432425386617946,
        0.32666396183163965,
        0.28427434919587224,
        0.21062362432538762,
        0.13288974387885108,
        0.07203794236012079,
        0.038462404973559225
    ],
    "clip_indices": [
        0,
        1,
        3,
        5,
        7,
        9,
        11,
        13,
        15,
        17,
        19,
        21,
        23,
        25,
        27,
        29,
        30,
        32,
        34,
        36,
        38,
        40,
        42,
        44,
        46,
        48,
        50,
        52,
        54,
        56,
        58,
        60
    ]
}