{
    "video_path": "FallVision/Fall/Bed/f_raw_b_2/B_N_431.mp4",
    "active_window": [
        18,
        23
    ],
    "varying_k": 6,
    "detection_status": "Global Event Zone",
    "saliency_weights": [
        0.005006724345654679,
        0.005881464804720718,
        0.00718734064775235,
        0.00893920889053937,
        0.01207941795945948,
        0.01697228150425232,
        0.021732713385375663,
        0.023902234414795484,
        0.022834364854020926,
        0.019443097486437896,
        0.015372759277147369,
        0.012132874212485736,
        0.010150456795265468,
        0.009120048757029837,
        0.00925059451825988,
        0.013259498239948734,
        0.029306905763502745,
        0.0708819441145971,
        0.15083807461817894,
        0.26485170890711013,
        0.36280835112700793,
        0.3665758930512769,
        0.26513853313116065,
        0.1419882514064465,
        0.06753787981062952,
        0.038362626239728276,
        0.02688732105737425,
        0.01998591999546792,
        0.014854276513513197,
        0.01101452810246221,
        0.008334619742663776,
        0.006886115217589904
    ],
    "clip_indices": [
        0,
        7,
        15,
        23,
        30,
        38,
        46,
        53,
        61,
        69,
        77,
        84,
        92,
        100,
        107,
        115,
        123,
        131,
        138,
        146,
        154,
        161,
        169,
        177,
        185,
        192,
        200,
        208,
        215,
        223,
        231,
        239
    ]
}