{
    "video_path": "FallVision/Fall/Bed/f_raw_b_2/B_N_255.mp4",
    "active_window": [
        9,
        16
    ],
    "varying_k": 8,
    "detection_status": "Global Event Zone",
    "saliency_weights": [
        0.0029830231289006562,
        0.003875639548460703,
        0.004863476979682839,
        0.005457988218911702,
        0.006256150219796268,
        0.008502824816407042,
        0.014159888054897986,
        0.02824281992449361,
        0.0604036160869237,
        0.11533028546176223,
        0.1792576006751928,
        0.2305854642068364,
        0.25982304601736356,
        0.2666346629534819,
        0.2473220428760539,
        0.19888765253290186,
        0.1349982319736292,
        0.08118648842133677,
        0.04972970249555592,
        0.03436488788075947,
        0.026028740039809595,
        0.02066733378184156,
        0.016933935044276135,
        0.01400097279020433,
        0.011413019249426953,
        0.009193302972877812,
        0.007490806927901557,
        0.006310161840373625,
        0.0054873742854776465,
        0.004720743911712322,
        0.0038715042184981445,
        0.003237384892149212
    ],
    "clip_indices": [
        0,
        2,
        5,
        8,
        11,
        14,
        17,
        20,
        22,
        25,
        28,
        31,
        34,
        37,
        40,
        43,
        45,
        48,
        51,
        54,
        57,
        60,
        63,
        66,
        68,
        71,
        74,
        77,
        80,
        83,
        86,
        89
    ]
}