{
    "video_path": "FallVision/Fall/Bed/f_raw_b_2/B_N_413.mp4",
    "active_window": [
        24,
        29
    ],
    "varying_k": 6,
    "detection_status": "Global Event Zone",
    "saliency_weights": [
        0.005114211917325603,
        0.005671874654088464,
        0.006296521207240162,
        0.006598130749250988,
        0.006656425667429306,
        0.006771399728496703,
        0.007205799726150625,
        0.008138104256644964,
        0.00961413867358563,
        0.011486689371105842,
        0.013335170150565925,
        0.014710592136933546,
        0.015522629800764106,
        0.01589028897619173,
        0.015762292620224314,
        0.015043533459094077,
        0.014075760635015672,
        0.013562589551992292,
        0.013976077887569709,
        0.015509618050006783,
        0.018681289500672823,
        0.02504133553475256,
        0.03839126008374376,
        0.0676664915191391,
        0.1305310137280868,
        0.2422298800462637,
        0.36738060196287814,
        0.4045206101820855,
        0.30463346132094693,
        0.15554503165106925,
        0.0586371754978324,
        0.02352807208080583
    ],
    "clip_indices": [
        0,
        2,
        5,
        8,
        11,
        14,
        17,
        20,
        22,
        25,
        28,
        31,
        34,
        37,
        40,
        43,
        45,
        48,
        51,
        54,
        57,
        60,
        63,
        66,
        68,
        71,
        74,
        77,
        80,
        83,
        86,
        89
    ]
}