{
    "video_path": "FallVision/Fall/Bed/f_raw_b_2/B_N_461_resized.mp4",
    "active_window": [
        17,
        27
    ],
    "varying_k": 11,
    "detection_status": "Global Event Zone",
    "saliency_weights": [
        0.0030036237824700874,
        0.0038167215764529257,
        0.004784572904695768,
        0.005361939703760686,
        0.005570606456045057,
        0.005671964723229485,
        0.005841106274445046,
        0.006170870659953729,
        0.006727551863097305,
        0.00755028490678963,
        0.008631388194497276,
        0.010030905502591484,
        0.012298440068818382,
        0.017703197372968445,
        0.03157696134587197,
        0.05886567953428046,
        0.09643415497269416,
        0.13257241319243251,
        0.15347872843897603,
        0.14980033865504194,
        0.12568627267213134,
        0.1004313242173499,
        0.09713076653370735,
        0.12985018525150266,
        0.18408566689882078,
        0.2143987185429404,
        0.19270825335492853,
        0.1382308503424853,
        0.08254342333765778,
        0.04166809768239195,
        0.01885698780692473,
        0.009766427903319466
    ],
    "clip_indices": [
        0,
        5,
        11,
        17,
        23,
        28,
        34,
        40,
        46,
        51,
        57,
        63,
        69,
        75,
        80,
        86,
        92,
        98,
        103,
        109,
        115,
        121,
        127,
        132,
        138,
        144,
        150,
        155,
        161,
        167,
        173,
        179
    ]
}