{
    "video_path": "FallVision/Fall/Bed/f_raw_b_2/B_N_433.mp4",
    "active_window": [
        15,
        20
    ],
    "varying_k": 6,
    "detection_status": "Global Event Zone",
    "saliency_weights": [
        0.00467277930145536,
        0.006526333079586718,
        0.00932701866454318,
        0.012329608563706854,
        0.015411896143940505,
        0.01856214093539066,
        0.021380916168530103,
        0.02329222283561521,
        0.023926159663864605,
        0.023201150731516844,
        0.021462488119633267,
        0.01974504318269138,
        0.02078365629385539,
        0.03183582058958512,
        0.06724939494240434,
        0.13802053828043845,
        0.2299910753222508,
        0.3055743119667107,
        0.32888061698854715,
        0.28430208721478806,
        0.19277138486972561,
        0.10438356891237849,
        0.05127065945669085,
        0.027962465635501456,
        0.018396169046259372,
        0.013829809684687756,
        0.011138627291517707,
        0.009331233239898692,
        0.008010041490611169,
        0.006839151226492403,
        0.005691911512432749,
        0.0048921122874131355
    ],
    "clip_indices": [
        0,
        7,
        15,
        23,
        30,
        38,
        46,
        53,
        61,
        69,
        77,
        84,
        92,
        100,
        107,
        115,
        123,
        131,
        138,
        146,
        154,
        161,
        169,
        177,
        185,
        192,
        200,
        208,
        215,
        223,
        231,
        239
    ]
}