{
    "video_path": "FallVision/Fall/Bed/f_raw_b_2/B_N_161_resized.mp4",
    "active_window": [
        21,
        26
    ],
    "varying_k": 6,
    "detection_status": "Global Event Zone",
    "saliency_weights": [
        0.006144120469708202,
        0.009005804060698317,
        0.01255081423963225,
        0.0147994106575382,
        0.015303381765026089,
        0.014534791103700694,
        0.013379029575940496,
        0.012756326672213448,
        0.013239905951786313,
        0.014942990709626349,
        0.017365314546805222,
        0.01961656850398058,
        0.020819903784218288,
        0.020499058156392955,
        0.019079679687926156,
        0.01764090936564692,
        0.0172405482873223,
        0.019261879705947952,
        0.026956122107592004,
        0.04759567406511282,
        0.09377898300728513,
        0.1742682895840782,
        0.26809623505368163,
        0.32293588865619094,
        0.30682051049827264,
        0.23693349361333094,
        0.14989791855186024,
        0.07814903329713174,
        0.0372419995992788,
        0.01956959645729073,
        0.011775073706057505,
        0.008181182961501308
    ],
    "clip_indices": [
        0,
        3,
        6,
        9,
        12,
        15,
        18,
        21,
        24,
        27,
        30,
        33,
        36,
        39,
        42,
        45,
        49,
        52,
        55,
        58,
        61,
        64,
        67,
        70,
        73,
        76,
        79,
        82,
        85,
        88,
        91,
        95
    ]
}