{
    "video_path": "FallVision/Fall/Bed/f_raw_b_2/B_N_01.mp4",
    "active_window": [
        23,
        29
    ],
    "varying_k": 7,
    "detection_status": "Global Event Zone",
    "saliency_weights": [
        0.004047258028663152,
        0.005258876194278185,
        0.006713372232342042,
        0.00761981498457839,
        0.008056422979090552,
        0.008555661985921932,
        0.009818578025309178,
        0.01316800548943757,
        0.020855487856750596,
        0.03385576054597568,
        0.04864043074012837,
        0.059102042950301,
        0.06081193709868353,
        0.05298778809036944,
        0.03985785511979069,
        0.02800308813705095,
        0.020659245764099433,
        0.017213661695665135,
        0.01676358019517969,
        0.019758150616121996,
        0.02769425832164212,
        0.042873825992525885,
        0.06828656915692632,
        0.10719701026443493,
        0.16112403371427322,
        0.22474345258880102,
        0.2753802134685137,
        0.2730187650592663,
        0.20450960033108312,
        0.11468303976382463,
        0.05234797125779615,
        0.025366185225688377
    ],
    "clip_indices": [
        0,
        1,
        3,
        5,
        7,
        9,
        11,
        13,
        15,
        17,
        19,
        20,
        22,
        24,
        26,
        28,
        30,
        32,
        34,
        36,
        38,
        39,
        41,
        43,
        45,
        47,
        49,
        51,
        53,
        55,
        57,
        59
    ]
}