{
    "video_path": "FallVision/Fall/Bed/f_raw_b_2/B_N_139_resized_anonymized.mp4",
    "active_window": [
        17,
        22
    ],
    "varying_k": 6,
    "detection_status": "Global Event Zone",
    "saliency_weights": [
        0.004442963071472114,
        0.005270376538663144,
        0.006270635065585969,
        0.006909006494697631,
        0.007220278491228554,
        0.007448393150990792,
        0.007682174992997198,
        0.007903173333981108,
        0.008105952645446165,
        0.008305782347469684,
        0.008524474958521565,
        0.008860823692487255,
        0.009649188333960439,
        0.011728383712939185,
        0.01775467471618124,
        0.03709432606302979,
        0.09082349299996242,
        0.1930007267583729,
        0.3087999375426401,
        0.36600251254889693,
        0.3332719498997906,
        0.24488052366010787,
        0.1494582818799953,
        0.07792692490482178,
        0.039213078550288126,
        0.023254925834220425,
        0.017054466346852308,
        0.014131224433132361,
        0.01220466282327286,
        0.01042076098830327,
        0.0086231520072616,
        0.007363611505060896
    ],
    "clip_indices": [
        0,
        3,
        7,
        11,
        15,
        19,
        22,
        26,
        30,
        34,
        38,
        41,
        45,
        49,
        53,
        57,
        60,
        64,
        68,
        72,
        76,
        79,
        83,
        87,
        91,
        95,
        98,
        102,
        106,
        110,
        114,
        118
    ]
}