{
    "video_path": "FallVision/Fall/Bed/f_raw_b_2/B_N_272_resized.mp4",
    "active_window": [
        14,
        24
    ],
    "varying_k": 11,
    "detection_status": "Global Event Zone",
    "saliency_weights": [
        0.002068592560588841,
        0.0024995879775078587,
        0.003067846862014205,
        0.0036660125409226293,
        0.004789772791314678,
        0.007616280848064615,
        0.013874633801879591,
        0.024210062091368292,
        0.03607944306973517,
        0.04554111667195398,
        0.050438206417362325,
        0.0519675295344231,
        0.05600374249233482,
        0.07044464336604034,
        0.09935282860960926,
        0.13880075970230055,
        0.17347512754768546,
        0.184442317664363,
        0.16887515436189804,
        0.14210180118954768,
        0.11979834848572275,
        0.1087014848404918,
        0.10704381729537119,
        0.1069941072359776,
        0.10105056790980765,
        0.08603469778784842,
        0.06385175138225738,
        0.041204914777425605,
        0.023927085969310497,
        0.01299232216030438,
        0.007002598786708911,
        0.004428562713476098
    ],
    "clip_indices": [
        0,
        3,
        7,
        11,
        15,
        19,
        23,
        26,
        30,
        34,
        38,
        42,
        46,
        49,
        53,
        57,
        61,
        65,
        69,
        72,
        76,
        80,
        84,
        88,
        92,
        95,
        99,
        103,
        107,
        111,
        115,
        119
    ]
}