{
    "video_path": "FallVision/Fall/Bed/f_raw_b_2/B_N_378_anonymized.mp4",
    "active_window": [
        16,
        23
    ],
    "varying_k": 8,
    "detection_status": "Global Event Zone",
    "saliency_weights": [
        0.003629022945443777,
        0.004573585456464791,
        0.005871078393794369,
        0.007133205061248961,
        0.008580505315282164,
        0.010321006431541727,
        0.011627517813918154,
        0.011777963298847184,
        0.011198513279123641,
        0.010828830950596093,
        0.011039001681989135,
        0.011860149801101035,
        0.013944839877658828,
        0.019907380719521348,
        0.03591953001626832,
        0.07016764894607438,
        0.1271667724465044,
        0.1993068722304861,
        0.25623323419836663,
        0.25925740946691067,
        0.20873748796864933,
        0.15001139148933215,
        0.11659289487555169,
        0.10385908332736424,
        0.09630542649882118,
        0.08645494765485806,
        0.07267976486900729,
        0.055653035363287875,
        0.037597756080816655,
        0.02225556811519827,
        0.012399590162501807,
        0.007894211426834524
    ],
    "clip_indices": [
        0,
        2,
        5,
        8,
        11,
        14,
        17,
        20,
        22,
        25,
        28,
        31,
        34,
        37,
        40,
        43,
        45,
        48,
        51,
        54,
        57,
        60,
        63,
        66,
        68,
        71,
        74,
        77,
        80,
        83,
        86,
        89
    ]
}