{
    "video_path": "FallVision/Fall/Bed/f_raw_b_2/B_N_532.mp4",
    "active_window": [
        15,
        23
    ],
    "varying_k": 9,
    "detection_status": "Global Event Zone",
    "saliency_weights": [
        0.0020764164509186078,
        0.002471002601936013,
        0.0029410005741391113,
        0.0032205601770716333,
        0.0033153071648262733,
        0.003344671143659165,
        0.0033894514700189256,
        0.003518156633646556,
        0.0038817080866130485,
        0.004883772516194936,
        0.0075442107833917724,
        0.014126025431298431,
        0.02873451531531725,
        0.05561128502820896,
        0.09518636845603234,
        0.1414760857615836,
        0.1806625305231535,
        0.19886433638259968,
        0.1994063505710099,
        0.19941052345012888,
        0.2024889648440445,
        0.19321880087176968,
        0.16325692890628457,
        0.12310415010268257,
        0.08581396084043295,
        0.05639116091235472,
        0.03513156355428968,
        0.020941857984645065,
        0.012321334836583289,
        0.007432362313214993,
        0.004738477530739174,
        0.003485683134337441
    ],
    "clip_indices": [
        0,
        1,
        3,
        5,
        7,
        9,
        11,
        13,
        15,
        17,
        19,
        20,
        22,
        24,
        26,
        28,
        30,
        32,
        34,
        36,
        38,
        39,
        41,
        43,
        45,
        47,
        49,
        51,
        53,
        55,
        57,
        59
    ]
}