{
    "video_path": "FallVision/Fall/Bed/f_raw_b_2/B_N_235.mp4",
    "active_window": [
        23,
        27
    ],
    "varying_k": 5,
    "detection_status": "Global Event Zone",
    "saliency_weights": [
        0.004860124786074319,
        0.00530595597224283,
        0.005892029915230152,
        0.006455900078357149,
        0.007255788521982429,
        0.008634578975947202,
        0.01059836320874777,
        0.012723432567200882,
        0.014135088401465396,
        0.014101409996736883,
        0.0128632363944091,
        0.01126829615199142,
        0.009977358707783057,
        0.009297416563153697,
        0.009273151799631483,
        0.009842780259005816,
        0.010996891946186029,
        0.012703930859736343,
        0.014732051943158877,
        0.01728763731760304,
        0.02336031641946037,
        0.04322071491316777,
        0.09957760447505896,
        0.21317255111005234,
        0.3490864778576593,
        0.4066526827472899,
        0.335464750635759,
        0.205292597221334,
        0.10158482931201754,
        0.04412774450112338,
        0.018761069012612673,
        0.010382683426796338
    ],
    "clip_indices": [
        0,
        2,
        5,
        8,
        11,
        14,
        17,
        20,
        22,
        25,
        28,
        31,
        34,
        37,
        40,
        43,
        45,
        48,
        51,
        54,
        57,
        60,
        63,
        66,
        68,
        71,
        74,
        77,
        80,
        83,
        86,
        89
    ]
}