{
    "video_path": "FallVision/Fall/Bed/f_raw_b_2/B_N_402_resized.mp4",
    "active_window": [
        12,
        29
    ],
    "varying_k": 18,
    "detection_status": "Global Event Zone",
    "saliency_weights": [
        0.0023982672095960254,
        0.0028344105696587753,
        0.003370216591231519,
        0.0037713921430756383,
        0.0042124098553947085,
        0.005218463292963007,
        0.007722928319758286,
        0.013340016283078609,
        0.024431608298423578,
        0.04234009696591049,
        0.06481032986890953,
        0.08762517154532667,
        0.10769997630205864,
        0.12269240089315313,
        0.1292490372278206,
        0.12408594956288387,
        0.10762128844399624,
        0.0844201524474163,
        0.06076074783886071,
        0.04246692502294376,
        0.032081596998490364,
        0.028708966755556436,
        0.031613639695871554,
        0.04297288789342703,
        0.0689043457890927,
        0.11491146665451776,
        0.1678081649422637,
        0.18935960244547978,
        0.1583178456775254,
        0.10111580307285101,
        0.053533705082354166,
        0.02872022717770823
    ],
    "clip_indices": [
        0,
        1,
        3,
        5,
        7,
        9,
        11,
        13,
        15,
        17,
        19,
        20,
        22,
        24,
        26,
        28,
        30,
        32,
        34,
        36,
        38,
        39,
        41,
        43,
        45,
        47,
        49,
        51,
        53,
        55,
        57,
        59
    ]
}