{
    "video_path": "FallVision/Fall/Bed/f_raw_b_2/B_N_451.mp4",
    "active_window": [
        9,
        16
    ],
    "varying_k": 8,
    "detection_status": "Global Event Zone",
    "saliency_weights": [
        0.0033484211141639737,
        0.004294881945422735,
        0.00570009910132796,
        0.007539280223794543,
        0.011071115318610287,
        0.01884852843964588,
        0.034251550133268485,
        0.05831941082234257,
        0.08647695812323401,
        0.11604583984927731,
        0.15527905749994553,
        0.20931494943843504,
        0.2572865917516445,
        0.2678737306479657,
        0.2365909806266981,
        0.18433806092820074,
        0.13096137153531925,
        0.08617858605822593,
        0.05327443910268874,
        0.032158271105188714,
        0.02048398285223157,
        0.014499777421736089,
        0.011209209330062031,
        0.00923617022836504,
        0.00801671656738142,
        0.007189691250206347,
        0.006542373495564375,
        0.0060259175687725035,
        0.005591687499932109,
        0.0050908768719513785,
        0.0044747797103898085,
        0.004000547087946376
    ],
    "clip_indices": [
        0,
        2,
        5,
        8,
        11,
        14,
        17,
        19,
        22,
        25,
        28,
        31,
        34,
        36,
        39,
        42,
        45,
        48,
        51,
        53,
        56,
        59,
        62,
        65,
        68,
        70,
        73,
        76,
        79,
        82,
        85,
        88
    ]
}