{
    "video_path": "FallVision/Fall/Bed/f_raw_b_2/B_N_204.mp4",
    "active_window": [
        22,
        28
    ],
    "varying_k": 7,
    "detection_status": "Global Event Zone",
    "saliency_weights": [
        0.0031264817318048645,
        0.0036741556107917988,
        0.004324308020727559,
        0.004706930724667144,
        0.004831677196101561,
        0.004860336161008073,
        0.004878002209012599,
        0.004899090367885566,
        0.004915093310555951,
        0.004917476534564615,
        0.004911556559478585,
        0.004918021779209897,
        0.004969346307805994,
        0.005091672830055603,
        0.005276514302796314,
        0.005498428668802046,
        0.00579044772868194,
        0.006416983784478775,
        0.008364289557546764,
        0.014573604017930189,
        0.03169363907958364,
        0.06788467190436437,
        0.12366187482355442,
        0.18859091286279828,
        0.25004786448865435,
        0.29683061693316803,
        0.3136610731633984,
        0.2816169360037467,
        0.2020149205455477,
        0.11330423365198136,
        0.05291125982457545,
        0.02603950482700467
    ],
    "clip_indices": [
        0,
        2,
        4,
        6,
        9,
        11,
        13,
        16,
        18,
        20,
        22,
        25,
        27,
        29,
        32,
        34,
        36,
        38,
        41,
        43,
        45,
        48,
        50,
        52,
        54,
        57,
        59,
        61,
        64,
        66,
        68,
        71
    ]
}