{
    "video_path": "FallVision/Fall/Bed/f_raw_b_2/B_N_257.mp4",
    "active_window": [
        17,
        27
    ],
    "varying_k": 11,
    "detection_status": "Global Event Zone",
    "saliency_weights": [
        0.0017659527843356675,
        0.0019040666496582892,
        0.0020731202282512798,
        0.0022189999638109674,
        0.002453677219367542,
        0.0029761287028535277,
        0.003968950502802864,
        0.005506098557095275,
        0.00745793696551634,
        0.009709861058164857,
        0.012457817052610842,
        0.016061531189484526,
        0.020779313725653503,
        0.027125461666483205,
        0.03653919903850417,
        0.051062718140604674,
        0.07212937875286105,
        0.10000255320257392,
        0.13324299501316197,
        0.16720154467041393,
        0.19195190794975953,
        0.19577140862275025,
        0.17852875873072313,
        0.15538168421141502,
        0.14025415389764445,
        0.1349716833982738,
        0.1309112972403198,
        0.11349857858799606,
        0.07814335796821287,
        0.04059540524569366,
        0.017160676049575305,
        0.008125109698360361
    ],
    "clip_indices": [
        0,
        3,
        7,
        11,
        15,
        19,
        23,
        26,
        30,
        34,
        38,
        42,
        46,
        49,
        53,
        57,
        61,
        65,
        69,
        72,
        76,
        80,
        84,
        88,
        92,
        95,
        99,
        103,
        107,
        111,
        115,
        119
    ]
}