{
    "video_path": "FallVision/Fall/Bed/f_raw_b_2/B_N_119_resized.mp4",
    "active_window": [
        18,
        24
    ],
    "varying_k": 7,
    "detection_status": "Global Event Zone",
    "saliency_weights": [
        0.002611493031541244,
        0.003049378747727835,
        0.003600961377487556,
        0.004002928185690349,
        0.004269331325239127,
        0.004502645366390615,
        0.004703495361000767,
        0.004819575916990348,
        0.004841064366068045,
        0.00479985832010623,
        0.00474888118757409,
        0.004769515800402862,
        0.005020222123401881,
        0.005904635894577962,
        0.008678295014207773,
        0.017287428975251262,
        0.04049908595343607,
        0.0867633995691676,
        0.15134208553661788,
        0.2162395479939115,
        0.2653862233024311,
        0.29017428898098263,
        0.2838490663053481,
        0.24167583442778212,
        0.17275700204507644,
        0.10390237337779742,
        0.05613696168906923,
        0.029608699566134787,
        0.016141440085674988,
        0.00942317615167661,
        0.00595467007421833,
        0.004360912156036104
    ],
    "clip_indices": [
        0,
        2,
        5,
        8,
        11,
        14,
        17,
        20,
        22,
        25,
        28,
        31,
        34,
        37,
        40,
        43,
        45,
        48,
        51,
        54,
        57,
        60,
        63,
        66,
        68,
        71,
        74,
        77,
        80,
        83,
        86,
        89
    ]
}