{
    "video_path": "FallVision/Fall/Bed/f_raw_b_2/B_N_520.mp4",
    "active_window": [
        13,
        19
    ],
    "varying_k": 7,
    "detection_status": "Global Event Zone",
    "saliency_weights": [
        0.004667702900137822,
        0.006433375054713362,
        0.008247655364980367,
        0.008735720471525626,
        0.008154625317037317,
        0.007383410050382456,
        0.006876119213097222,
        0.006769477858570624,
        0.007226353546574445,
        0.008783559295256252,
        0.013417110270254735,
        0.02782081162666819,
        0.0662048839873056,
        0.13805173025738177,
        0.22602295671298434,
        0.2929313659432292,
        0.3106558374714595,
        0.2732980123948192,
        0.2004714304910921,
        0.12715624345807136,
        0.07515983105695132,
        0.04414120546260925,
        0.026896540468400554,
        0.018649018921912824,
        0.016907647917787847,
        0.019765893166295248,
        0.02431378185956736,
        0.026199536744309214,
        0.023042374289903248,
        0.016971850829644704,
        0.011320393444979863,
        0.00799413327898379
    ],
    "clip_indices": [
        0,
        2,
        5,
        8,
        11,
        14,
        17,
        20,
        23,
        26,
        29,
        31,
        34,
        37,
        40,
        43,
        46,
        49,
        52,
        55,
        58,
        60,
        63,
        66,
        69,
        72,
        75,
        78,
        81,
        84,
        87,
        90
    ]
}