{
    "video_path": "FallVision/Fall/Bed/f_raw_b_2/B_N_103.mp4",
    "active_window": [
        18,
        25
    ],
    "varying_k": 8,
    "detection_status": "Global Event Zone",
    "saliency_weights": [
        0.0023889165384772073,
        0.002740033867611251,
        0.003184830410966068,
        0.0035545992029034227,
        0.004050243123038953,
        0.005370494521672162,
        0.008929228679961983,
        0.016659524005674876,
        0.030260159749846173,
        0.04887210818183897,
        0.06619673001594172,
        0.07474191742468714,
        0.07332329238512683,
        0.06629746744163661,
        0.059040072040645604,
        0.05630293696604727,
        0.06171482022700335,
        0.07620751926487326,
        0.09525223658859379,
        0.11274651018008036,
        0.132656871803564,
        0.16571206887011478,
        0.20380704205756064,
        0.2154044161804866,
        0.18426138079291227,
        0.12974442520302787,
        0.07806445084105577,
        0.04136425715569083,
        0.020831333485225825,
        0.011165734861739048,
        0.0065908091316328726,
        0.0045457861352943656
    ],
    "clip_indices": [
        0,
        3,
        7,
        11,
        15,
        19,
        23,
        27,
        30,
        34,
        38,
        42,
        46,
        50,
        54,
        58,
        61,
        65,
        69,
        73,
        77,
        81,
        85,
        89,
        92,
        96,
        100,
        104,
        108,
        112,
        116,
        120
    ]
}