{
    "video_path": "FallVision/Fall/Bed/f_raw_b_2/B_N_225.mp4",
    "active_window": [
        11,
        16
    ],
    "varying_k": 6,
    "detection_status": "Global Event Zone",
    "saliency_weights": [
        0.005113096102522233,
        0.007275522725536474,
        0.010012467258873517,
        0.011998579652018067,
        0.013211324527184005,
        0.014160579312944798,
        0.015247275387190142,
        0.01742734558922248,
        0.02389070700003116,
        0.0427957368488096,
        0.08861116562863655,
        0.16842542097272123,
        0.26029679259426325,
        0.3234652964485404,
        0.3277450717956585,
        0.26839872300039436,
        0.17515858048388044,
        0.09543034049085664,
        0.051276416542532705,
        0.03179649465676643,
        0.021738282407665344,
        0.015353311059654571,
        0.011515818286289461,
        0.009397134536529756,
        0.008197439543233617,
        0.007455769638560557,
        0.006964364858638214,
        0.006637218065448024,
        0.006354681383354163,
        0.005897010767374807,
        0.005203144216811285,
        0.00463025501162052
    ],
    "clip_indices": [
        0,
        1,
        3,
        5,
        7,
        9,
        11,
        13,
        15,
        17,
        19,
        20,
        22,
        24,
        26,
        28,
        30,
        32,
        34,
        36,
        38,
        39,
        41,
        43,
        45,
        47,
        49,
        51,
        53,
        55,
        57,
        59
    ]
}