{
    "video_path": "FallVision/Fall/Bed/f_raw_b_2/B_N_420.mp4",
    "active_window": [
        16,
        21
    ],
    "varying_k": 6,
    "detection_status": "Global Event Zone",
    "saliency_weights": [
        0.004947096067430376,
        0.005754016156636005,
        0.00670765360512625,
        0.007260822088365648,
        0.007435989861885253,
        0.007498001263243292,
        0.007631679462133483,
        0.007959858059859328,
        0.008609336365324117,
        0.009655935712331736,
        0.011037451918821092,
        0.012766727376393993,
        0.015457283132320702,
        0.021254661493337337,
        0.03570822220485039,
        0.07021060706661093,
        0.141727001441412,
        0.25323953191491966,
        0.35635256961810424,
        0.3724497483862398,
        0.28798801360531245,
        0.1737963586873869,
        0.09170645718094891,
        0.04796397589660716,
        0.027054398340357125,
        0.01721006119027256,
        0.01233720529285771,
        0.009779619299517778,
        0.008355519533003097,
        0.007376133931144016,
        0.006521452313250289,
        0.005940807000653966
    ],
    "clip_indices": [
        0,
        2,
        5,
        8,
        11,
        14,
        17,
        20,
        22,
        25,
        28,
        31,
        34,
        37,
        40,
        43,
        45,
        48,
        51,
        54,
        57,
        60,
        63,
        66,
        68,
        71,
        74,
        77,
        80,
        83,
        86,
        89
    ]
}