{
    "video_path": "FallVision/Fall/Bed/f_raw_b_2/B_N_514.mp4",
    "active_window": [
        17,
        23
    ],
    "varying_k": 7,
    "detection_status": "Global Event Zone",
    "saliency_weights": [
        0.0036205080659823764,
        0.004370184112525916,
        0.005260739013207847,
        0.005784371450897093,
        0.005949054925213883,
        0.005972177126721524,
        0.005975068410608193,
        0.005995656490376631,
        0.006059925217514275,
        0.006209279748069665,
        0.006515722256637234,
        0.007104180673892424,
        0.008216795411542601,
        0.010435763745406591,
        0.015439114211188147,
        0.028186738609087124,
        0.059380783825668776,
        0.11911030830812239,
        0.20067421434417998,
        0.27809997818440385,
        0.3210639663959676,
        0.3086214626889566,
        0.24607002836409236,
        0.1666036453321728,
        0.10007239533142222,
        0.05529521176166885,
        0.029524974580502843,
        0.01650867743597555,
        0.010475533051492555,
        0.00761505630284769,
        0.005906198725201551,
        0.004925933046408608
    ],
    "clip_indices": [
        0,
        1,
        3,
        5,
        7,
        9,
        11,
        13,
        15,
        17,
        19,
        20,
        22,
        24,
        26,
        28,
        30,
        32,
        34,
        36,
        38,
        39,
        41,
        43,
        45,
        47,
        49,
        51,
        53,
        55,
        57,
        59
    ]
}