{
    "video_path": "FallVision/Fall/Bed/f_raw_b_2/B_N_380.mp4",
    "active_window": [
        12,
        20
    ],
    "varying_k": 9,
    "detection_status": "Global Event Zone",
    "saliency_weights": [
        0.003637828403398201,
        0.005105673604670154,
        0.00709836727620718,
        0.008742902073669876,
        0.009756919953566496,
        0.010255908751119733,
        0.010690868780756292,
        0.011980506779465133,
        0.01585748104853288,
        0.02515489557527753,
        0.043661742123128205,
        0.07349687006422342,
        0.11115996647518121,
        0.15063827519494727,
        0.18981627431792095,
        0.22783595617363064,
        0.25651167757750587,
        0.2615487647418655,
        0.23404956110117242,
        0.17717314562693254,
        0.10810798826058511,
        0.05224015315589445,
        0.022354158507832407,
        0.0110884696782831,
        0.007153863257368795,
        0.005403329161537106,
        0.004478038021204986,
        0.003974443003108519,
        0.0036720709009920713,
        0.0034085046670470813,
        0.003120222114874963,
        0.002905017602982389
    ],
    "clip_indices": [
        0,
        2,
        5,
        8,
        11,
        14,
        17,
        20,
        22,
        25,
        28,
        31,
        34,
        37,
        40,
        43,
        45,
        48,
        51,
        54,
        57,
        60,
        63,
        66,
        68,
        71,
        74,
        77,
        80,
        83,
        86,
        89
    ]
}