{
    "video_path": "FallVision/Fall/Bed/f_raw_b_2/B_N_366.mp4",
    "active_window": [
        11,
        16
    ],
    "varying_k": 6,
    "detection_status": "Global Event Zone",
    "saliency_weights": [
        0.005161017567182537,
        0.007069302631704485,
        0.010017401220306294,
        0.013201515814369777,
        0.016235708815267928,
        0.01894276864265145,
        0.021317221340153222,
        0.02400888849462444,
        0.029415718963405436,
        0.04317321160079411,
        0.07527098870513985,
        0.13433609141933206,
        0.2163373090742916,
        0.29853477231856895,
        0.3377584355814352,
        0.29701661308068533,
        0.19625074591607472,
        0.09949039158317427,
        0.04397737392435171,
        0.02165736396006899,
        0.014402176363486615,
        0.012897265862377584,
        0.013740739188733798,
        0.015371502651449074,
        0.016636042653190894,
        0.01654604562360251,
        0.014918081207311947,
        0.012719019008485686,
        0.010825140956857719,
        0.009157164287517713,
        0.007503635674805186,
        0.006330776083157937
    ],
    "clip_indices": [
        0,
        3,
        7,
        11,
        15,
        19,
        23,
        26,
        30,
        34,
        38,
        42,
        46,
        49,
        53,
        57,
        61,
        65,
        69,
        72,
        76,
        80,
        84,
        88,
        92,
        95,
        99,
        103,
        107,
        111,
        115,
        119
    ]
}