{
    "video_path": "FallVision/Fall/Bed/f_raw_b_2/B_N_412_anonymized.mp4",
    "active_window": [
        14,
        21
    ],
    "varying_k": 8,
    "detection_status": "Global Event Zone",
    "saliency_weights": [
        0.004060762308739536,
        0.005281460644652345,
        0.006713817722285729,
        0.007674413454641658,
        0.008657280707280694,
        0.010592899156881577,
        0.014015252551993502,
        0.018996577077906453,
        0.025163829106790846,
        0.03208501619984068,
        0.039837870914224804,
        0.049438515564925546,
        0.06321360739179104,
        0.08386227088794995,
        0.11272565615891875,
        0.15051345588344855,
        0.19832190620727164,
        0.2508429693963282,
        0.28339937110465463,
        0.26310918816955,
        0.1912605997998164,
        0.10981097676217735,
        0.05299620451303384,
        0.02364678594536218,
        0.011694503902652241,
        0.00805055248691581,
        0.007183006387542245,
        0.006841101850012403,
        0.00637254243568679,
        0.0056768044188290935,
        0.004883584571204427,
        0.004317700233266373
    ],
    "clip_indices": [
        0,
        2,
        5,
        8,
        11,
        14,
        17,
        20,
        22,
        25,
        28,
        31,
        34,
        37,
        40,
        43,
        45,
        48,
        51,
        54,
        57,
        60,
        63,
        66,
        68,
        71,
        74,
        77,
        80,
        83,
        86,
        89
    ]
}