{
    "video_path": "FallVision/Fall/Bed/f_raw_b_2/B_N_523.mp4",
    "active_window": [
        15,
        22
    ],
    "varying_k": 8,
    "detection_status": "Global Event Zone",
    "saliency_weights": [
        0.0030718807272983777,
        0.0040608023394826205,
        0.005234122146359282,
        0.005922369816464613,
        0.006142904159941219,
        0.006200751979935927,
        0.00629095301398713,
        0.006502880470185121,
        0.006895666070951038,
        0.0075499863306273726,
        0.008797119843673692,
        0.012212902477869096,
        0.02203340946070837,
        0.04427242898192024,
        0.0836372287346527,
        0.1393022609737366,
        0.19917194657525006,
        0.24451578296607185,
        0.26511897201618717,
        0.26165273939957273,
        0.23540406342924453,
        0.18662782917431348,
        0.1247845234593957,
        0.07040684741220349,
        0.03688482892593304,
        0.0207653730913107,
        0.013542100792776152,
        0.010133897958104416,
        0.008237294162857692,
        0.006760713846832543,
        0.005342008918168101,
        0.0043471398898243295
    ],
    "clip_indices": [
        0,
        2,
        5,
        8,
        11,
        14,
        17,
        20,
        22,
        25,
        28,
        31,
        34,
        37,
        40,
        43,
        45,
        48,
        51,
        54,
        57,
        60,
        63,
        66,
        68,
        71,
        74,
        77,
        80,
        83,
        86,
        89
    ]
}