{
    "video_path": "FallVision/Fall/Bed/f_raw_b_2/B_N_369.mp4",
    "active_window": [
        21,
        26
    ],
    "varying_k": 6,
    "detection_status": "Global Event Zone",
    "saliency_weights": [
        0.01099319323201418,
        0.01787282003985103,
        0.024950537838055606,
        0.026860054858232615,
        0.024544105578878546,
        0.021317736436347212,
        0.018761427685360578,
        0.017027712331849014,
        0.01587084418915216,
        0.015031335730078907,
        0.014397066626653233,
        0.014133212037949991,
        0.014859073641191625,
        0.01754522902315544,
        0.023086339065236907,
        0.03141819702511105,
        0.04024557725234849,
        0.04630024930455441,
        0.049675930966573495,
        0.05746059318184297,
        0.08555991418013834,
        0.14896893092761476,
        0.23279654072148553,
        0.2881913082857556,
        0.2816989367374204,
        0.22371177975416146,
        0.14500585823930512,
        0.07709155726011388,
        0.03706059501545329,
        0.019166426022358338,
        0.011264268030662647,
        0.0077752844111159
    ],
    "clip_indices": [
        0,
        2,
        5,
        8,
        11,
        14,
        17,
        20,
        22,
        25,
        28,
        31,
        34,
        37,
        40,
        43,
        45,
        48,
        51,
        54,
        57,
        60,
        63,
        66,
        68,
        71,
        74,
        77,
        80,
        83,
        86,
        89
    ]
}