{
    "video_path": "FallVision/Fall/Bed/f_raw_b_2/B_N_156_resized.mp4",
    "active_window": [
        19,
        23
    ],
    "varying_k": 5,
    "detection_status": "Global Event Zone",
    "saliency_weights": [
        0.003735172534503649,
        0.00434439836135358,
        0.005092523084749519,
        0.005586942571988567,
        0.005839782201162887,
        0.006112594272784665,
        0.006969325305856757,
        0.01012115624002123,
        0.01930509550104989,
        0.038135433147175574,
        0.0660675308913612,
        0.09600966379927336,
        0.11300656592238743,
        0.10426363003066141,
        0.07656353648734099,
        0.05074776382668153,
        0.04097412979418098,
        0.05328099486757708,
        0.09746024390462409,
        0.1781864698026433,
        0.26197165797358746,
        0.2847514805684228,
        0.22685076791886444,
        0.1389520714572352,
        0.07205316462750543,
        0.03548657054763715,
        0.01909859443112153,
        0.01251620925108849,
        0.009318044087089805,
        0.0071966656832780675,
        0.005747728614053119,
        0.004977315205058041
    ],
    "clip_indices": [
        0,
        3,
        6,
        9,
        12,
        15,
        18,
        21,
        24,
        27,
        30,
        33,
        36,
        39,
        42,
        45,
        49,
        52,
        55,
        58,
        61,
        64,
        67,
        70,
        73,
        76,
        79,
        82,
        85,
        88,
        91,
        95
    ]
}