{
    "video_path": "FallVision/Fall/Bed/f_raw_b_2/B_N_147_resized.mp4",
    "active_window": [
        21,
        25
    ],
    "varying_k": 5,
    "detection_status": "Global Event Zone",
    "saliency_weights": [
        0.004925030317436159,
        0.005496563016385624,
        0.006209808286008987,
        0.0067124438895648465,
        0.007019974656897002,
        0.007291581060201871,
        0.007602237972794603,
        0.007942565168637578,
        0.008256846847733063,
        0.008480261716658933,
        0.008581064632519352,
        0.008587812429769522,
        0.00863211305380001,
        0.008968731989835159,
        0.009969075935663353,
        0.011984049142931798,
        0.01508452484759681,
        0.01925573588479802,
        0.025973277798134145,
        0.044038797396931104,
        0.09789797481652346,
        0.21013270551185947,
        0.3435910377036102,
        0.3993448252549243,
        0.33305400696852905,
        0.21162471529169183,
        0.11282437011495466,
        0.055488672200074585,
        0.028042858846108295,
        0.016369808568595,
        0.011024592005365388,
        0.008555058579869115
    ],
    "clip_indices": [
        0,
        2,
        5,
        8,
        11,
        14,
        17,
        20,
        22,
        25,
        28,
        31,
        34,
        37,
        40,
        43,
        45,
        48,
        51,
        54,
        57,
        60,
        63,
        66,
        68,
        71,
        74,
        77,
        80,
        83,
        86,
        89
    ]
}