{
    "video_path": "FallVision/Fall/Bed/f_raw_b_2/B_N_278_resized.mp4",
    "active_window": [
        12,
        17
    ],
    "varying_k": 6,
    "detection_status": "Global Event Zone",
    "saliency_weights": [
        0.005956257724164303,
        0.00880300652365542,
        0.012205131379214902,
        0.014258977380252632,
        0.015011880194880284,
        0.015300029582329833,
        0.015620239017096447,
        0.01637119203488611,
        0.018694311476855602,
        0.026009104368061007,
        0.045664657119722646,
        0.08595102449955852,
        0.14896110385321923,
        0.22259630720793994,
        0.27268839749101254,
        0.2639115972280915,
        0.20403227184095196,
        0.13741354763541408,
        0.09331671184701948,
        0.07063211484272051,
        0.059478977053438895,
        0.05342391114835092,
        0.04871196729119273,
        0.04278741627955475,
        0.035252324967370484,
        0.028195985772723912,
        0.023399764288022783,
        0.020504864714365162,
        0.018208572472953072,
        0.015391273468324859,
        0.01190323299734884,
        0.009236749231166207
    ],
    "clip_indices": [
        0,
        1,
        3,
        5,
        7,
        9,
        11,
        13,
        15,
        17,
        19,
        20,
        22,
        24,
        26,
        28,
        30,
        32,
        34,
        36,
        38,
        39,
        41,
        43,
        45,
        47,
        49,
        51,
        53,
        55,
        57,
        59
    ]
}