{
    "video_path": "FallVision/Fall/Bed/f_raw_b_2/B_N_123.mp4",
    "active_window": [
        17,
        23
    ],
    "varying_k": 7,
    "detection_status": "Global Event Zone",
    "saliency_weights": [
        0.004355631603924248,
        0.006086358891421797,
        0.008239818196610446,
        0.0097243557033617,
        0.010524595427662677,
        0.011021840534661435,
        0.011326395243161935,
        0.011403123019729584,
        0.011349007927490952,
        0.011349878380442744,
        0.01156695586286052,
        0.012268079689147733,
        0.014143093273387225,
        0.018685672520121495,
        0.028970277495452487,
        0.051108779673977034,
        0.09484460847224446,
        0.1650089375738249,
        0.2435624684769223,
        0.2938056847685937,
        0.29320260251860647,
        0.24725475080101056,
        0.17817667605932186,
        0.11358459087040804,
        0.06965262650278527,
        0.04400433748523315,
        0.028765015763772876,
        0.019425571225940443,
        0.013826304333267984,
        0.010244434062996787,
        0.007589807158226561,
        0.00596166385101226
    ],
    "clip_indices": [
        0,
        1,
        3,
        5,
        7,
        9,
        11,
        13,
        15,
        17,
        19,
        21,
        23,
        25,
        27,
        29,
        30,
        32,
        34,
        36,
        38,
        40,
        42,
        44,
        46,
        48,
        50,
        52,
        54,
        56,
        58,
        60
    ]
}