{
    "video_path": "FallVision/Fall/Bed/f_raw_b_2/B_N_148_resized.mp4",
    "active_window": [
        12,
        17
    ],
    "varying_k": 6,
    "detection_status": "Global Event Zone",
    "saliency_weights": [
        0.005012570750643573,
        0.005867023429294084,
        0.006908875612771284,
        0.007600117454694645,
        0.008006048069026278,
        0.008472479488257051,
        0.009298507148289652,
        0.010687076760152486,
        0.012820842688593861,
        0.016503875613577863,
        0.02535320504205384,
        0.051878984558334715,
        0.1211972536138769,
        0.2410276420729516,
        0.3533340736592423,
        0.3734055186267401,
        0.29420359434346033,
        0.1856141815090449,
        0.10292773289791075,
        0.05475060274650963,
        0.030558567323255955,
        0.019321414696385084,
        0.014186594832760437,
        0.01236769997229916,
        0.012571426951955888,
        0.013457210021878812,
        0.013883915134655629,
        0.013284383148616973,
        0.011654076709193169,
        0.009535730271692178,
        0.007602773934204936,
        0.0064156339873297965
    ],
    "clip_indices": [
        0,
        3,
        7,
        11,
        15,
        19,
        23,
        26,
        30,
        34,
        38,
        42,
        46,
        49,
        53,
        57,
        61,
        65,
        69,
        72,
        76,
        80,
        84,
        88,
        92,
        95,
        99,
        103,
        107,
        111,
        115,
        119
    ]
}