{
    "video_path": "FallVision/Fall/Bed/f_raw_b_2/B_N_96.mp4",
    "active_window": [
        22,
        27
    ],
    "varying_k": 6,
    "detection_status": "Global Event Zone",
    "saliency_weights": [
        0.004060949426083285,
        0.005527567590837841,
        0.007315688023889148,
        0.008483071269785536,
        0.009073855048838838,
        0.009534939151014714,
        0.010129809380002025,
        0.01094663113261117,
        0.012001378625477222,
        0.013277472133005452,
        0.014800560473242625,
        0.01703432828230108,
        0.02151617892941135,
        0.030854448084458808,
        0.04784282043971126,
        0.07240116208825423,
        0.09672655180583856,
        0.10872004898433982,
        0.10394797904477046,
        0.08907420082152204,
        0.07633032964648634,
        0.0794940237853751,
        0.10906532796282446,
        0.1650703784766479,
        0.22457382103074497,
        0.24331676942593028,
        0.20170741732975433,
        0.13189612738364317,
        0.07289451450570979,
        0.03601605551328814,
        0.017143008653324302,
        0.009780933723970531
    ],
    "clip_indices": [
        0,
        3,
        7,
        11,
        15,
        19,
        23,
        26,
        30,
        34,
        38,
        42,
        46,
        49,
        53,
        57,
        61,
        65,
        69,
        72,
        76,
        80,
        84,
        88,
        92,
        95,
        99,
        103,
        107,
        111,
        115,
        119
    ]
}