{
    "video_path": "FallVision/Fall/Bed/f_raw_b_2/B_N_46.mp4",
    "active_window": [
        13,
        24
    ],
    "varying_k": 12,
    "detection_status": "Global Event Zone",
    "saliency_weights": [
        0.002064925074747277,
        0.002598151809296267,
        0.0032359891663111522,
        0.00363144718441196,
        0.0038459040599158403,
        0.004249594761428666,
        0.005550034348415103,
        0.009133285782421617,
        0.017082616658519685,
        0.029636121137767923,
        0.0424272217903153,
        0.05317652580590371,
        0.07132678949757087,
        0.10719695102094998,
        0.1498135454313152,
        0.17359941068895723,
        0.1662963142599713,
        0.13750933285251044,
        0.1113596254055674,
        0.11238190651690613,
        0.14025842071716293,
        0.1672326138920996,
        0.16927532851792684,
        0.1430956612495082,
        0.10010429251497222,
        0.05897662861034631,
        0.03210675426166387,
        0.018207542601382264,
        0.011260442946025847,
        0.007394479953182699,
        0.004938413368196697,
        0.003588644841776123
    ],
    "clip_indices": [
        0,
        2,
        4,
        6,
        9,
        11,
        13,
        16,
        18,
        20,
        22,
        25,
        27,
        29,
        32,
        34,
        36,
        38,
        41,
        43,
        45,
        48,
        50,
        52,
        54,
        57,
        59,
        61,
        64,
        66,
        68,
        71
    ]
}