{
    "video_path": "FallVision/Fall/Bed/f_raw_b_2/B_N_518_resized.mp4",
    "active_window": [
        16,
        21
    ],
    "varying_k": 6,
    "detection_status": "Global Event Zone",
    "saliency_weights": [
        0.005894998740700177,
        0.008434782707486413,
        0.011827259702999367,
        0.014522219474730952,
        0.016037430319746946,
        0.016440582554292718,
        0.01593653604005049,
        0.014815558853035456,
        0.013511766881246652,
        0.012502682842261463,
        0.012203118308011306,
        0.013313358048372081,
        0.017659480996011216,
        0.029609672002185224,
        0.05747222577879357,
        0.10988376497801891,
        0.18644626260018074,
        0.2709381568326271,
        0.3276676206742412,
        0.3176157447605302,
        0.242550371029372,
        0.1503967783897841,
        0.08132217364472989,
        0.04133082524598706,
        0.021511201914001098,
        0.012733990516756753,
        0.008957245201052517,
        0.007269029239467352,
        0.006401448368269865,
        0.00575518467374023,
        0.005120526728700836,
        0.004665509792050019
    ],
    "clip_indices": [
        0,
        1,
        3,
        5,
        7,
        9,
        11,
        13,
        15,
        17,
        19,
        20,
        22,
        24,
        26,
        28,
        30,
        32,
        34,
        36,
        38,
        39,
        41,
        43,
        45,
        47,
        49,
        51,
        53,
        55,
        57,
        59
    ]
}