{
    "video_path": "FallVision/Fall/Bed/f_raw_b_2/B_N_325.mp4",
    "active_window": [
        2,
        9
    ],
    "varying_k": 8,
    "detection_status": "Global Event Zone",
    "saliency_weights": [
        0.04159933140846324,
        0.0779332535455884,
        0.12638952198440115,
        0.1668462381255733,
        0.1979407417543651,
        0.22241445357977901,
        0.23289134455896648,
        0.2198421700094944,
        0.1848400494382947,
        0.13869094647529012,
        0.0956890557567559,
        0.06680543323674876,
        0.05148771014869211,
        0.04212045303418253,
        0.03445747310725977,
        0.028719549349573978,
        0.024958043676656983,
        0.02177656328271989,
        0.018158737670866405,
        0.01420018742928126,
        0.010489017574572206,
        0.007601442017265425,
        0.00573968027423143,
        0.004655519952072407,
        0.004022398997778965,
        0.0036505302308975393,
        0.003443036013504602,
        0.003330567544405307,
        0.0032358121482406648,
        0.0030666073700587803,
        0.0028026123031634053,
        0.0025834518346584956
    ],
    "clip_indices": [
        0,
        2,
        5,
        8,
        11,
        14,
        17,
        20,
        22,
        25,
        28,
        31,
        34,
        37,
        40,
        43,
        45,
        48,
        51,
        54,
        57,
        60,
        63,
        66,
        68,
        71,
        74,
        77,
        80,
        83,
        86,
        89
    ]
}