{
    "video_path": "FallVision/Fall/Bed/f_raw_b_2/B_N_318.mp4",
    "active_window": [
        13,
        20
    ],
    "varying_k": 8,
    "detection_status": "Global Event Zone",
    "saliency_weights": [
        0.002808326202246006,
        0.003418049628740767,
        0.00415521136869328,
        0.004651747143311534,
        0.005011403109760167,
        0.00550857910960271,
        0.006293813656844199,
        0.007545687277384464,
        0.009859704244917503,
        0.014908402924246935,
        0.025995079105803454,
        0.04603877799007012,
        0.0744164188684025,
        0.10921569690239642,
        0.15134294851850694,
        0.19929708354125214,
        0.23779766154729626,
        0.24449908487854488,
        0.214857423128882,
        0.16609500551416106,
        0.11766828947960371,
        0.08091167366716752,
        0.05879217305966475,
        0.04786859149879377,
        0.04338167444291291,
        0.041741754616775734,
        0.039942207631629346,
        0.03518439456787169,
        0.02676885583751417,
        0.017524314336372908,
        0.010628225607769552,
        0.00710712026087323
    ],
    "clip_indices": [
        0,
        2,
        5,
        8,
        11,
        14,
        17,
        20,
        22,
        25,
        28,
        31,
        34,
        37,
        40,
        43,
        45,
        48,
        51,
        54,
        57,
        60,
        63,
        66,
        68,
        71,
        74,
        77,
        80,
        83,
        86,
        89
    ]
}