{
    "video_path": "FallVision/Fall/Bed/f_raw_b_2/B_N_188.mp4",
    "active_window": [
        14,
        20
    ],
    "varying_k": 7,
    "detection_status": "Global Event Zone",
    "saliency_weights": [
        0.004684582749749535,
        0.006338754556507602,
        0.008463740824683267,
        0.010046516453083298,
        0.01098769224358349,
        0.011571487332512731,
        0.01196787387122927,
        0.012293867230814392,
        0.01284013452112041,
        0.014278997469270553,
        0.017872060808644313,
        0.025221370132557555,
        0.038427061382855565,
        0.06348032173389566,
        0.11341687712255047,
        0.1941335839216497,
        0.2772845615992034,
        0.3137899107519583,
        0.2869515989675886,
        0.2225185240738837,
        0.15190517864095981,
        0.09315876742671989,
        0.05264269234677248,
        0.028857785225230158,
        0.01715589537493891,
        0.012206765006229244,
        0.010072077826300386,
        0.009060706309605353,
        0.008496190351532023,
        0.007803703409988568,
        0.006752482188100241,
        0.0058687265576997955
    ],
    "clip_indices": [
        0,
        2,
        5,
        8,
        11,
        14,
        17,
        20,
        23,
        26,
        29,
        31,
        34,
        37,
        40,
        43,
        46,
        49,
        52,
        55,
        58,
        60,
        63,
        66,
        69,
        72,
        75,
        78,
        81,
        84,
        87,
        90
    ]
}