{
    "video_path": "FallVision/Fall/Bed/f_raw_b_2/B_N_210.mp4",
    "active_window": [
        16,
        22
    ],
    "varying_k": 7,
    "detection_status": "Global Event Zone",
    "saliency_weights": [
        0.0036661780878683875,
        0.004767235697579754,
        0.0060795748299931635,
        0.00685765420263338,
        0.007102534171622354,
        0.007122413989860258,
        0.0070956673501149595,
        0.0070797775305849655,
        0.007099766210250257,
        0.007177123132729488,
        0.007361768558559488,
        0.00793062465938179,
        0.010210724384421839,
        0.01920552575467898,
        0.04640458479856947,
        0.10194096546283579,
        0.17768538837985814,
        0.24850242938385125,
        0.2906378469502767,
        0.2917559427265818,
        0.2551880744507829,
        0.1977958501933219,
        0.137209228241349,
        0.08518061487514911,
        0.04748844863803947,
        0.024606143927847515,
        0.01366037979193838,
        0.009547670775259934,
        0.007850570556713414,
        0.006650152532379528,
        0.005546544159469483,
        0.004798067190946135
    ],
    "clip_indices": [
        0,
        1,
        3,
        5,
        7,
        9,
        11,
        13,
        15,
        17,
        19,
        21,
        23,
        25,
        27,
        29,
        30,
        32,
        34,
        36,
        38,
        40,
        42,
        44,
        46,
        48,
        50,
        52,
        54,
        56,
        58,
        60
    ]
}