{
    "video_path": "FallVision/Fall/Bed/f_raw_b_2/B_N_540.mp4",
    "active_window": [
        14,
        22
    ],
    "varying_k": 9,
    "detection_status": "Global Event Zone",
    "saliency_weights": [
        0.007548721399111147,
        0.011994424115694534,
        0.016590766602179608,
        0.017849716863956054,
        0.016267774131923953,
        0.013905822791918845,
        0.011891239784054396,
        0.010565168885489116,
        0.010096620277529613,
        0.010841538650434824,
        0.013846150066810324,
        0.022033884786443147,
        0.0414272964077905,
        0.07803963710532097,
        0.130858707347148,
        0.18783899840209722,
        0.2248722591190452,
        0.22045106304860623,
        0.1867181945849995,
        0.16233476334367808,
        0.16012391513251478,
        0.15470501594766728,
        0.12743603698893885,
        0.08813613510075483,
        0.05302606737591868,
        0.02917792668135288,
        0.016498316993477244,
        0.01096718560962289,
        0.00846521238685757,
        0.0068732884636479195,
        0.005522742161553351,
        0.004620615254647359
    ],
    "clip_indices": [
        0,
        1,
        3,
        5,
        7,
        9,
        11,
        13,
        15,
        17,
        19,
        20,
        22,
        24,
        26,
        28,
        30,
        32,
        34,
        36,
        38,
        39,
        41,
        43,
        45,
        47,
        49,
        51,
        53,
        55,
        57,
        59
    ]
}