{
    "video_path": "FallVision/Fall/Bed/f_raw_b_2/B_N_162_resized.mp4",
    "active_window": [
        25,
        30
    ],
    "varying_k": 6,
    "detection_status": "Global Event Zone",
    "saliency_weights": [
        0.004680323154625558,
        0.006205726355718409,
        0.008660849451412418,
        0.011521666124044056,
        0.014527437484281688,
        0.017342789866228298,
        0.019287246452834826,
        0.019796286359159268,
        0.019075857543747222,
        0.017749446094464646,
        0.01627272401992584,
        0.014890729310963802,
        0.013766893922542576,
        0.013003976404133182,
        0.012583062765337244,
        0.012423089361188536,
        0.012522680637954482,
        0.012941949044564829,
        0.013647107584102543,
        0.014512396999907109,
        0.01558095144560212,
        0.01760945780259022,
        0.023366896941784697,
        0.040089887193400855,
        0.08242715215280053,
        0.1657335727260537,
        0.2736905418612807,
        0.34384930666997915,
        0.33008026725144857,
        0.25069883384143027,
        0.15275051283832244,
        0.08445060675883505
    ],
    "clip_indices": [
        0,
        3,
        6,
        9,
        12,
        15,
        18,
        21,
        24,
        27,
        30,
        33,
        36,
        39,
        42,
        45,
        49,
        52,
        55,
        58,
        61,
        64,
        67,
        70,
        73,
        76,
        79,
        82,
        85,
        88,
        91,
        95
    ]
}