{
    "video_path": "FallVision/Fall/Bed/f_raw_b_2/B_N_368.mp4",
    "active_window": [
        22,
        27
    ],
    "varying_k": 6,
    "detection_status": "Global Event Zone",
    "saliency_weights": [
        0.005670985531699041,
        0.007342664105962437,
        0.00933074724109037,
        0.010525407879819131,
        0.011025429729935214,
        0.01151800519557324,
        0.012635826495764155,
        0.014706265402179036,
        0.01749256782786062,
        0.020277697982679435,
        0.022048153136850317,
        0.022046442268587874,
        0.020569079569721337,
        0.018606311747480384,
        0.0169187843080427,
        0.015909277352005556,
        0.015949868330424662,
        0.017517857381972028,
        0.021249141493004282,
        0.028758528743101225,
        0.04460692942185507,
        0.07783653416288337,
        0.14071962819432343,
        0.23734945583938147,
        0.33307891931652756,
        0.35358319566594576,
        0.2707444985003884,
        0.15222570111568065,
        0.07023253200330332,
        0.031865760233278397,
        0.01624547681809222,
        0.010495706809674533
    ],
    "clip_indices": [
        0,
        2,
        5,
        8,
        11,
        14,
        17,
        20,
        22,
        25,
        28,
        31,
        34,
        37,
        40,
        43,
        45,
        48,
        51,
        54,
        57,
        60,
        63,
        66,
        68,
        71,
        74,
        77,
        80,
        83,
        86,
        89
    ]
}