{
    "video_path": "FallVision/Fall/Bed/f_raw_b_2/B_N_506.mp4",
    "active_window": [
        15,
        22
    ],
    "varying_k": 8,
    "detection_status": "Global Event Zone",
    "saliency_weights": [
        0.0026043126144679116,
        0.0031445629286959804,
        0.00380922146725498,
        0.00424834545584369,
        0.0044526687330205894,
        0.004551901214466394,
        0.004616998302505832,
        0.004672491951537012,
        0.004755897056894248,
        0.0049681788264493145,
        0.0056075323478233935,
        0.00759505811320093,
        0.013434693534266847,
        0.028722522358176916,
        0.06288896504975545,
        0.12145286215135298,
        0.19120001454375357,
        0.24496025124839957,
        0.2654592978549777,
        0.2531789780914574,
        0.2185875705933165,
        0.17560844097881828,
        0.1346756049195793,
        0.10008922583809662,
        0.07220396090662824,
        0.04944660228938094,
        0.030977721774496453,
        0.017795062982993708,
        0.01038364241620062,
        0.0068504037997492075,
        0.004971407873348153,
        0.003985768397492905
    ],
    "clip_indices": [
        0,
        1,
        3,
        5,
        7,
        9,
        11,
        13,
        15,
        17,
        19,
        20,
        22,
        24,
        26,
        28,
        30,
        32,
        34,
        36,
        38,
        39,
        41,
        43,
        45,
        47,
        49,
        51,
        53,
        55,
        57,
        59
    ]
}