{
    "video_path": "FallVision/Fall/Bed/f_raw_b_2/B_N_468_resized.mp4",
    "active_window": [
        13,
        24
    ],
    "varying_k": 12,
    "detection_status": "Global Event Zone",
    "saliency_weights": [
        0.003080307865377004,
        0.004282569339310133,
        0.005682465069710205,
        0.006499051588737098,
        0.006919791255279608,
        0.007489567193773284,
        0.008482857435559207,
        0.01003338622265623,
        0.012596234640505164,
        0.017955091592177296,
        0.030126399173706728,
        0.05249698206279002,
        0.08282555277490272,
        0.11377026395907391,
        0.13636784186236856,
        0.14368682126730345,
        0.13600135170850108,
        0.1212312210686658,
        0.11121540404956717,
        0.11700548509092115,
        0.14058982925830435,
        0.17112245411982774,
        0.18838393014953672,
        0.1713087113924605,
        0.12043724382965046,
        0.06552719669559814,
        0.031582227131870894,
        0.017024691514458783,
        0.010973108697824849,
        0.007664076706432061,
        0.0054643193487000485,
        0.004230817405634433
    ],
    "clip_indices": [
        0,
        2,
        5,
        8,
        11,
        14,
        17,
        20,
        22,
        25,
        28,
        31,
        34,
        37,
        40,
        43,
        45,
        48,
        51,
        54,
        57,
        60,
        63,
        66,
        68,
        71,
        74,
        77,
        80,
        83,
        86,
        89
    ]
}