{
    "video_path": "FallVision/Fall/Bed/f_raw_b_2/B_N_71_resized.mp4",
    "active_window": [
        19,
        25
    ],
    "varying_k": 7,
    "detection_status": "Global Event Zone",
    "saliency_weights": [
        0.005315026564137192,
        0.008486270564176213,
        0.012208587269037535,
        0.014324876371985436,
        0.0149582207471072,
        0.015111113800590163,
        0.015254539388474972,
        0.01548215325602478,
        0.016112666636968316,
        0.018549750265073273,
        0.025978079668423373,
        0.040905712106778555,
        0.06095193566182064,
        0.079504948453747,
        0.08924344582090223,
        0.08619534487647415,
        0.07537738628937013,
        0.06977335847056523,
        0.08227335793329706,
        0.11754488125879473,
        0.16212329261353564,
        0.18914297874064712,
        0.1872675805495181,
        0.17015115699671196,
        0.14980502642640425,
        0.12276943505092835,
        0.08705643536923457,
        0.05358016883704989,
        0.03226336065527542,
        0.020834816163613497,
        0.013519264116792367,
        0.009142302715098149
    ],
    "clip_indices": [
        0,
        3,
        7,
        11,
        15,
        19,
        23,
        26,
        30,
        34,
        38,
        42,
        46,
        49,
        53,
        57,
        61,
        65,
        69,
        72,
        76,
        80,
        84,
        88,
        92,
        95,
        99,
        103,
        107,
        111,
        115,
        119
    ]
}