{
    "video_path": "FallVision/Fall/Bed/f_raw_b_2/B_N_263_resized.mp4",
    "active_window": [
        12,
        19
    ],
    "varying_k": 8,
    "detection_status": "Global Event Zone",
    "saliency_weights": [
        0.0033894673863693664,
        0.0043824772875677535,
        0.006114668883810146,
        0.008381475009116639,
        0.011055877329144016,
        0.013928990885888507,
        0.016649493793088305,
        0.019307247294654932,
        0.02338726705587461,
        0.0321814385484563,
        0.05110605479922262,
        0.08642687432726565,
        0.14138691551273586,
        0.20836717340542693,
        0.2593028092823789,
        0.2630183082566511,
        0.2237186441853665,
        0.1755031505633412,
        0.13821069602728636,
        0.10681631433025641,
        0.07589923611470631,
        0.050112504619640647,
        0.03377605827784576,
        0.024893215634080385,
        0.01975954491416159,
        0.016271376110920107,
        0.013496259363537584,
        0.010969301213723682,
        0.008547578329640697,
        0.006416094446579541,
        0.004834167681656794,
        0.0039711582459552785
    ],
    "clip_indices": [
        0,
        3,
        7,
        11,
        15,
        19,
        23,
        26,
        30,
        34,
        38,
        42,
        46,
        49,
        53,
        57,
        61,
        65,
        69,
        72,
        76,
        80,
        84,
        88,
        92,
        95,
        99,
        103,
        107,
        111,
        115,
        119
    ]
}