{
    "video_path": "FallVision/Fall/Bed/f_raw_b_2/B_N_95.mp4",
    "active_window": [
        20,
        28
    ],
    "varying_k": 9,
    "detection_status": "Global Event Zone",
    "saliency_weights": [
        0.0024374194360118947,
        0.0029465963169101913,
        0.003555412034527621,
        0.003920990300077085,
        0.004045698607989451,
        0.004082726058964144,
        0.0041522978719806284,
        0.004376523315779497,
        0.004968578172408867,
        0.0062540075610516555,
        0.00858911880331465,
        0.011927691772767424,
        0.015225324813696938,
        0.017116348374129117,
        0.017374595234231217,
        0.01706456340530249,
        0.018216333161341285,
        0.02512339783407321,
        0.04615528805700653,
        0.08779852536052266,
        0.13910532454878816,
        0.17482016359652766,
        0.18812131852524838,
        0.1996537115696643,
        0.22079089138009184,
        0.23422691130980666,
        0.21987174267656187,
        0.17525860338669635,
        0.11308850031716769,
        0.05682263152585721,
        0.02351980861489726,
        0.010817752556573586
    ],
    "clip_indices": [
        0,
        5,
        11,
        17,
        23,
        28,
        34,
        40,
        46,
        51,
        57,
        63,
        69,
        75,
        80,
        86,
        92,
        98,
        103,
        109,
        115,
        121,
        127,
        132,
        138,
        144,
        150,
        155,
        161,
        167,
        173,
        179
    ]
}