{
    "video_path": "FallVision/Fall/Bed/f_raw_b_2/B_N_62_resized.mp4",
    "active_window": [
        15,
        23
    ],
    "varying_k": 9,
    "detection_status": "Global Event Zone",
    "saliency_weights": [
        0.0019967454115242967,
        0.0021823941084897916,
        0.002412176937150648,
        0.002581212639762847,
        0.002754410605370048,
        0.003205999877125403,
        0.004532097236881056,
        0.00774430564742997,
        0.014167381660999082,
        0.024204914656145143,
        0.03574514936752253,
        0.046203165007786914,
        0.056069173832439374,
        0.06817593123175388,
        0.08488040065319946,
        0.10781460856532782,
        0.1385753214502604,
        0.17566540397141397,
        0.20803750434245244,
        0.2189010436230296,
        0.20305597126946784,
        0.1713092028628474,
        0.1360611915643588,
        0.10352760286045612,
        0.07612977710183116,
        0.05476964445579413,
        0.039149768760908754,
        0.027688971402283116,
        0.018893716082586907,
        0.012252791009880751,
        0.007743705335209038,
        0.005401576208014295
    ],
    "clip_indices": [
        0,
        2,
        4,
        6,
        9,
        11,
        13,
        16,
        18,
        20,
        22,
        25,
        27,
        29,
        32,
        34,
        36,
        38,
        41,
        43,
        45,
        48,
        50,
        52,
        54,
        57,
        59,
        61,
        64,
        66,
        68,
        71
    ]
}