{
    "video_path": "FallVision/Fall/Bed/f_raw_b_2/B_N_359.mp4",
    "active_window": [
        17,
        22
    ],
    "varying_k": 6,
    "detection_status": "Global Event Zone",
    "saliency_weights": [
        0.005173222801081254,
        0.007711576094907559,
        0.012525119217345067,
        0.01984058917440684,
        0.030197153339123782,
        0.04210121444794948,
        0.04978110879135214,
        0.04817895089593954,
        0.039536920300901036,
        0.029726187806245224,
        0.021983436330655654,
        0.016779624325946145,
        0.01374998229784313,
        0.012694293740869528,
        0.014572324976452646,
        0.024299041290447,
        0.054171844839024916,
        0.11657948442214021,
        0.2046813871099441,
        0.28784792151104716,
        0.326299347244994,
        0.29055502128926325,
        0.1940436665479286,
        0.09570679176882253,
        0.03857606781224429,
        0.01711427867551615,
        0.010743964890736132,
        0.008782180402334614,
        0.007902808029655426,
        0.007100231891941535,
        0.006165437299478159,
        0.005456221784046098
    ],
    "clip_indices": [
        0,
        3,
        7,
        11,
        15,
        19,
        23,
        26,
        30,
        34,
        38,
        42,
        46,
        49,
        53,
        57,
        61,
        65,
        69,
        72,
        76,
        80,
        84,
        88,
        92,
        95,
        99,
        103,
        107,
        111,
        115,
        119
    ]
}