{
    "video_path": "FallVision/Fall/Bed/f_raw_b_2/B_N_243.mp4",
    "active_window": [
        11,
        19
    ],
    "varying_k": 9,
    "detection_status": "Global Event Zone",
    "saliency_weights": [
        0.012209860212391125,
        0.02037605320392301,
        0.028098827679857025,
        0.028723248452564996,
        0.024376422556378625,
        0.02044029051822372,
        0.019889059472407856,
        0.02480957012163154,
        0.03850434217701382,
        0.06174196769966139,
        0.08715328748626153,
        0.10527235410356348,
        0.11573859121451191,
        0.12671302871733003,
        0.14771812580467636,
        0.18111531151333327,
        0.21182357528470064,
        0.21561030863896735,
        0.1856858957125277,
        0.1375015430992611,
        0.08969370503536414,
        0.05358112977608552,
        0.03202558918199879,
        0.02105226567400672,
        0.015595720668844359,
        0.012590207554193341,
        0.010608105222802092,
        0.009159472877943694,
        0.007990001317679438,
        0.006733468262697563,
        0.005278861742953496,
        0.004187246144861181
    ],
    "clip_indices": [
        0,
        1,
        3,
        5,
        7,
        9,
        11,
        13,
        15,
        17,
        19,
        20,
        22,
        24,
        26,
        28,
        30,
        32,
        34,
        36,
        38,
        39,
        41,
        43,
        45,
        47,
        49,
        51,
        53,
        55,
        57,
        59
    ]
}