{
    "video_path": "FallVision/Fall/Bed/f_raw_b_2/B_N_446.mp4",
    "active_window": [
        14,
        20
    ],
    "varying_k": 7,
    "detection_status": "Global Event Zone",
    "saliency_weights": [
        0.005428749509887922,
        0.008075480060742046,
        0.011351466288387055,
        0.013638442463129006,
        0.015127516669956036,
        0.0167348821530865,
        0.01899384162702608,
        0.02206575359973406,
        0.025955329232266795,
        0.030822926693421286,
        0.03728365867183339,
        0.04616773823438393,
        0.05859361926374257,
        0.07892060163195261,
        0.11772709603444947,
        0.1802583068780757,
        0.24408601946727554,
        0.2697993892233762,
        0.2439007335995248,
        0.1875066432742672,
        0.12776319288013016,
        0.08169091759486692,
        0.0537237656365009,
        0.038075234788084805,
        0.028212206336963495,
        0.021741141374543988,
        0.01799626025210312,
        0.01585021407658848,
        0.01407235454659423,
        0.011922628551103905,
        0.009404412395402089,
        0.007536632937131088
    ],
    "clip_indices": [
        0,
        1,
        3,
        5,
        7,
        9,
        11,
        13,
        15,
        17,
        19,
        20,
        22,
        24,
        26,
        28,
        30,
        32,
        34,
        36,
        38,
        39,
        41,
        43,
        45,
        47,
        49,
        51,
        53,
        55,
        57,
        59
    ]
}