{
    "video_path": "FallVision/Fall/Bed/f_raw_b_2/B_N_13.mp4",
    "active_window": [
        14,
        19
    ],
    "varying_k": 6,
    "detection_status": "Global Event Zone",
    "saliency_weights": [
        0.020028674326596118,
        0.03741121615362464,
        0.061363082790542596,
        0.0812103561513597,
        0.09148796760764424,
        0.0901155552984423,
        0.0778466720414227,
        0.05825214108355103,
        0.038187000282647716,
        0.024433097719262383,
        0.019170428123273523,
        0.022696045189681983,
        0.038126123323125816,
        0.06852036269889142,
        0.10921407901740116,
        0.14771940836451672,
        0.16948880517891818,
        0.16451900840450492,
        0.1366848759856009,
        0.10185990922050772,
        0.07258659733441114,
        0.05217480966671009,
        0.04021951904693574,
        0.03632203965180653,
        0.04020979611947685,
        0.05027240859099112,
        0.06056237272361531,
        0.060459792316217655,
        0.04567369155807101,
        0.02599167715571358,
        0.012480317789545463,
        0.006779990166116637
    ],
    "clip_indices": [
        0,
        1,
        3,
        5,
        7,
        9,
        11,
        13,
        15,
        17,
        19,
        20,
        22,
        24,
        26,
        28,
        30,
        32,
        34,
        36,
        38,
        39,
        41,
        43,
        45,
        47,
        49,
        51,
        53,
        55,
        57,
        59
    ]
}