{
    "video_path": "FallVision/Fall/Bed/f_raw_b_2/B_N_223.mp4",
    "active_window": [
        16,
        21
    ],
    "varying_k": 6,
    "detection_status": "Global Event Zone",
    "saliency_weights": [
        0.004798726515894182,
        0.005718022523820268,
        0.0068085342321948265,
        0.0074409731059247326,
        0.00761454116378155,
        0.007614188228927247,
        0.007697794621554177,
        0.008182061315826286,
        0.009573204311061297,
        0.012284743381793754,
        0.016204988195414178,
        0.021047167381165327,
        0.02718704027042263,
        0.03671511913211277,
        0.055130536961843904,
        0.09247996220336353,
        0.16129730509037957,
        0.26009457372965694,
        0.34386043966047486,
        0.3446866491909424,
        0.2562460427963402,
        0.1484686288094922,
        0.0777225592861712,
        0.043646025956443346,
        0.027288080632170756,
        0.018313886129999436,
        0.013162110518883429,
        0.010258112640963012,
        0.008595246245604368,
        0.007456155585884635,
        0.006487414155436043,
        0.0058402626759197235
    ],
    "clip_indices": [
        0,
        2,
        5,
        8,
        11,
        14,
        17,
        20,
        22,
        25,
        28,
        31,
        34,
        37,
        40,
        43,
        45,
        48,
        51,
        54,
        57,
        60,
        63,
        66,
        68,
        71,
        74,
        77,
        80,
        83,
        86,
        89
    ]
}