{
    "video_path": "FallVision/Fall/Bed/f_raw_b_2/B_N_172_resized.mp4",
    "active_window": [
        14,
        19
    ],
    "varying_k": 6,
    "detection_status": "Global Event Zone",
    "saliency_weights": [
        0.005731817736854224,
        0.00794541792014829,
        0.011243786639923026,
        0.014547603492703867,
        0.017280422609563043,
        0.019008688192946287,
        0.01924888799960512,
        0.017982852352712783,
        0.016384767816265834,
        0.016129724397645952,
        0.018810311304219972,
        0.028644501882735013,
        0.056114702039645345,
        0.11280362783997486,
        0.19864492433159725,
        0.2932890279051821,
        0.3513426280508466,
        0.3270857531660968,
        0.23107975543968312,
        0.1273136958569459,
        0.0605784042131814,
        0.029075849654770544,
        0.016295664130563756,
        0.011434484465543905,
        0.009437162299813959,
        0.008324589318312526,
        0.007443981611505831,
        0.006671840921354012,
        0.006007280936183249,
        0.0054009609694302685,
        0.004842338953484958,
        0.004471278756454958
    ],
    "clip_indices": [
        0,
        2,
        5,
        8,
        11,
        14,
        17,
        20,
        22,
        25,
        28,
        31,
        34,
        37,
        40,
        43,
        45,
        48,
        51,
        54,
        57,
        60,
        63,
        66,
        68,
        71,
        74,
        77,
        80,
        83,
        86,
        89
    ]
}