{
    "video_path": "FallVision/Fall/Bed/f_raw_b_2/B_N_522.mp4",
    "active_window": [
        15,
        20
    ],
    "varying_k": 6,
    "detection_status": "Global Event Zone",
    "saliency_weights": [
        0.0037795928652305266,
        0.004492035719983645,
        0.005354626990785502,
        0.005911008935859739,
        0.0061990106807774704,
        0.006433396194251767,
        0.006684555226257232,
        0.006931333932928648,
        0.0071906273677572255,
        0.007577785117506784,
        0.00843036055820521,
        0.010726134979293412,
        0.017475803184921652,
        0.037493673300537544,
        0.0885165448534734,
        0.18172423438490132,
        0.2911260394919012,
        0.3621967969246769,
        0.3592788050043778,
        0.2855461456650278,
        0.17658371393951594,
        0.08345115024627969,
        0.03316187829035517,
        0.014801576810947254,
        0.009145813901702196,
        0.007172420741776349,
        0.006393052943096077,
        0.006078073393951264,
        0.005870780666830087,
        0.0055330864184250095,
        0.00501748029317853,
        0.004592128414017832
    ],
    "clip_indices": [
        0,
        2,
        5,
        8,
        11,
        14,
        17,
        20,
        22,
        25,
        28,
        31,
        34,
        37,
        40,
        43,
        45,
        48,
        51,
        54,
        57,
        60,
        63,
        66,
        68,
        71,
        74,
        77,
        80,
        83,
        86,
        89
    ]
}