{
    "video_path": "FallVision/Fall/Bed/f_raw_b_2/B_N_534.mp4",
    "active_window": [
        15,
        21
    ],
    "varying_k": 7,
    "detection_status": "Global Event Zone",
    "saliency_weights": [
        0.00322464231906248,
        0.0036548103087901225,
        0.004165664543797151,
        0.004473363032941907,
        0.0046091372281617336,
        0.0047500284111897054,
        0.005057065937257692,
        0.005693084956168304,
        0.006839359394710334,
        0.008530180701269393,
        0.01052887664356152,
        0.013211651160618535,
        0.01943621227856833,
        0.03653099252174631,
        0.07717423852220312,
        0.14977291646423435,
        0.23951517079642676,
        0.31112106728639993,
        0.33326518206914646,
        0.294225905599239,
        0.2121014529141817,
        0.12804076906338857,
        0.07013384093582475,
        0.03805135973580874,
        0.0216715217039243,
        0.013730134759164958,
        0.010129793140653355,
        0.00842785447354098,
        0.0072541915604379375,
        0.006153419570786174,
        0.005148937258078686,
        0.004499615351604369
    ],
    "clip_indices": [
        0,
        2,
        5,
        8,
        11,
        14,
        17,
        20,
        22,
        25,
        28,
        31,
        34,
        37,
        40,
        43,
        45,
        48,
        51,
        54,
        57,
        60,
        63,
        66,
        68,
        71,
        74,
        77,
        80,
        83,
        86,
        89
    ]
}