{
    "video_path": "FallVision/Fall/Bed/f_raw_b_2/B_N_205.mp4",
    "active_window": [
        9,
        16
    ],
    "varying_k": 8,
    "detection_status": "Global Event Zone",
    "saliency_weights": [
        0.002731540577706158,
        0.003104271871371628,
        0.0035451789457434796,
        0.003816741176421198,
        0.004009928066434866,
        0.004631366658346612,
        0.0077272854677046116,
        0.021259497787722532,
        0.06187415617413927,
        0.13609989172895542,
        0.21537985112022956,
        0.2624769265875801,
        0.2776935818480018,
        0.28189509252713335,
        0.26930596862170436,
        0.2173460362103795,
        0.1356754353436092,
        0.06439585402645813,
        0.025777858133188444,
        0.011343489806132874,
        0.006831494001906712,
        0.005357018947302214,
        0.00476406404683973,
        0.004444841475827473,
        0.004232176565372235,
        0.004086825666124232,
        0.003995734740742451,
        0.003932272990790642,
        0.003845913473174009,
        0.00366874276738432,
        0.00339740904746662,
        0.0031753681043912175
    ],
    "clip_indices": [
        0,
        2,
        4,
        6,
        9,
        11,
        13,
        16,
        18,
        20,
        22,
        25,
        27,
        29,
        32,
        34,
        36,
        38,
        41,
        43,
        45,
        48,
        50,
        52,
        54,
        57,
        59,
        61,
        64,
        66,
        68,
        71
    ]
}