{
    "video_path": "FallVision/Fall/Bed/f_raw_b_2/B_N_375_anonymized.mp4",
    "active_window": [
        11,
        17
    ],
    "varying_k": 7,
    "detection_status": "Global Event Zone",
    "saliency_weights": [
        0.004852698020471492,
        0.0070496209885120165,
        0.009060918761713978,
        0.00913648678686092,
        0.008138514504692461,
        0.007823170441067676,
        0.009257509715264779,
        0.01444341529085088,
        0.028553237857443483,
        0.05821451835082723,
        0.10733430467312985,
        0.17220097732998102,
        0.23556511193363983,
        0.2751113959459849,
        0.28089917766192074,
        0.25619561133358465,
        0.2091345139427799,
        0.14990550756209894,
        0.09171367941648487,
        0.04814200506561822,
        0.023867204820835673,
        0.012902973709152646,
        0.007995918450370874,
        0.005599402710179228,
        0.004416031498984325,
        0.003856548239956057,
        0.0036162459281100187,
        0.0035708318529434568,
        0.0036104731670238382,
        0.0035482086071272037,
        0.0032962530712153555,
        0.0030427210429833365
    ],
    "clip_indices": [
        0,
        2,
        5,
        8,
        11,
        14,
        17,
        20,
        22,
        25,
        28,
        31,
        34,
        37,
        40,
        43,
        45,
        48,
        51,
        54,
        57,
        60,
        63,
        66,
        68,
        71,
        74,
        77,
        80,
        83,
        86,
        89
    ]
}