{
    "video_path": "FallVision/Fall/Bed/f_raw_b_2/B_N_527.mp4",
    "active_window": [
        10,
        16
    ],
    "varying_k": 7,
    "detection_status": "Global Event Zone",
    "saliency_weights": [
        0.004460873467286761,
        0.005315157892499665,
        0.006342571782532724,
        0.007008622321006305,
        0.007461919722250772,
        0.008356376075476868,
        0.010850418711269731,
        0.01717774327694552,
        0.03220621414863176,
        0.0665182665451217,
        0.1364659988611861,
        0.24155673013969398,
        0.3328004116872376,
        0.3477376872328757,
        0.2842556544295629,
        0.19274951728160344,
        0.11470202851247603,
        0.06327949736639427,
        0.035392058071678154,
        0.022033011101429287,
        0.01578105849634471,
        0.012988749058449607,
        0.012002661024523287,
        0.011803573416590132,
        0.011691852461695233,
        0.011261358028776173,
        0.010435162776030694,
        0.009457352733148322,
        0.008518613083880824,
        0.0075246290186944,
        0.006444013742292814,
        0.005659000810225837
    ],
    "clip_indices": [
        0,
        5,
        11,
        17,
        23,
        28,
        34,
        40,
        46,
        51,
        57,
        63,
        69,
        75,
        80,
        86,
        92,
        98,
        103,
        109,
        115,
        121,
        127,
        132,
        138,
        144,
        150,
        155,
        161,
        167,
        173,
        179
    ]
}