{
    "video_path": "FallVision/Fall/Bed/f_raw_b_2/B_N_155_resized.mp4",
    "active_window": [
        19,
        29
    ],
    "varying_k": 11,
    "detection_status": "Global Event Zone",
    "saliency_weights": [
        0.0021305193880249533,
        0.0026543709058486162,
        0.0032767894266538524,
        0.0036723785690124674,
        0.003925283032533903,
        0.004226734611091928,
        0.0045655251050289915,
        0.00486628547894774,
        0.005198511234870084,
        0.005660564924190432,
        0.0061675601978884165,
        0.006523412276104677,
        0.0066397547143612875,
        0.006750019107600678,
        0.007804481713693483,
        0.012078576088487315,
        0.02371280406556362,
        0.04680238663602361,
        0.08066207403654982,
        0.11932272605233216,
        0.15584252069368992,
        0.18366738751846706,
        0.19535924089786927,
        0.185427944922403,
        0.1617588068025157,
        0.14723270804936156,
        0.15204550647286347,
        0.15763462875528617,
        0.1437350297286895,
        0.11015896991585707,
        0.06931577778817402,
        0.04011748270235248
    ],
    "clip_indices": [
        0,
        3,
        6,
        9,
        12,
        15,
        18,
        21,
        24,
        27,
        30,
        33,
        36,
        39,
        42,
        45,
        49,
        52,
        55,
        58,
        61,
        64,
        67,
        70,
        73,
        76,
        79,
        82,
        85,
        88,
        91,
        95
    ]
}