{
    "video_path": "FallVision/Fall/Bed/f_raw_b_2/B_N_139_resized.mp4",
    "active_window": [
        17,
        22
    ],
    "varying_k": 6,
    "detection_status": "Global Event Zone",
    "saliency_weights": [
        0.004575936926163,
        0.005390566845925279,
        0.006375799804988428,
        0.007004177154370416,
        0.00730622111898979,
        0.007519959770052508,
        0.007737782916662206,
        0.007951412479144384,
        0.008165699825008525,
        0.008397439188003432,
        0.008649612326341004,
        0.008987697301864949,
        0.009710249182421443,
        0.011623979030027508,
        0.017425584498149543,
        0.036917636108404435,
        0.0923387996540241,
        0.19828385033354395,
        0.31701094944997216,
        0.3716125982680413,
        0.3314742037575894,
        0.23770418469025537,
        0.1427296192457801,
        0.07442075552244992,
        0.03799282593529571,
        0.02288146204700209,
        0.016900479405165314,
        0.014021441463269228,
        0.012094182197382104,
        0.01032492142585543,
        0.008580465088269769,
        0.007374200111122701
    ],
    "clip_indices": [
        0,
        3,
        7,
        11,
        15,
        19,
        22,
        26,
        30,
        34,
        38,
        41,
        45,
        49,
        53,
        57,
        60,
        64,
        68,
        72,
        76,
        79,
        83,
        87,
        91,
        95,
        98,
        102,
        106,
        110,
        114,
        118
    ]
}