{
    "video_path": "FallVision/Fall/Bed/f_raw_b_2/B_N_519_resized.mp4",
    "active_window": [
        19,
        25
    ],
    "varying_k": 7,
    "detection_status": "Global Event Zone",
    "saliency_weights": [
        0.002349768768214163,
        0.0028003073409106254,
        0.0033351795724464355,
        0.0036505362339674064,
        0.00376645767332294,
        0.003910570248061854,
        0.004646770226994442,
        0.007912231566780377,
        0.017938142744517407,
        0.037940034299486565,
        0.06483183865117176,
        0.08979554370320598,
        0.10156368773829749,
        0.09304654019688921,
        0.07099613259664508,
        0.051400758088486966,
        0.04487272469746511,
        0.05372478728956674,
        0.07754484795880454,
        0.11481081002279533,
        0.15971555307013843,
        0.2004122711490571,
        0.2216565404973878,
        0.2100667826958203,
        0.1667596963023234,
        0.11204193145045073,
        0.06594982475259548,
        0.03527100872693738,
        0.01846567066935847,
        0.010367143445323641,
        0.006283937364007317,
        0.004342639394597518
    ],
    "clip_indices": [
        0,
        2,
        5,
        8,
        11,
        14,
        17,
        20,
        22,
        25,
        28,
        31,
        34,
        37,
        40,
        43,
        45,
        48,
        51,
        54,
        57,
        60,
        63,
        66,
        68,
        71,
        74,
        77,
        80,
        83,
        86,
        89
    ]
}