{
    "video_path": "FallVision/Fall/Bed/f_raw_b_2/B_N_384.mp4",
    "active_window": [
        18,
        24
    ],
    "varying_k": 7,
    "detection_status": "Global Event Zone",
    "saliency_weights": [
        0.004380878593433261,
        0.006216380617635233,
        0.008661735161204987,
        0.01069717796057994,
        0.01226585891743574,
        0.013602704666956723,
        0.014572118051863467,
        0.014852345653605969,
        0.014317751714824923,
        0.013139049292502529,
        0.011882969192169619,
        0.01152243846055982,
        0.013434360762122666,
        0.01926356538017746,
        0.030436446341334744,
        0.04724047250305834,
        0.06784080414233074,
        0.09175505875134277,
        0.12663107919596586,
        0.18125067133682685,
        0.24202165785849955,
        0.27324626497238386,
        0.2556453850365261,
        0.20358058985279762,
        0.14208655647512478,
        0.09036452741191495,
        0.056390535516587084,
        0.035927341440045064,
        0.022316707583180502,
        0.013029067246989046,
        0.00760765090934867,
        0.005248921772973985
    ],
    "clip_indices": [
        0,
        1,
        3,
        5,
        7,
        9,
        11,
        13,
        15,
        17,
        19,
        20,
        22,
        24,
        26,
        28,
        30,
        32,
        34,
        36,
        38,
        39,
        41,
        43,
        45,
        47,
        49,
        51,
        53,
        55,
        57,
        59
    ]
}