{
    "video_path": "FallVision/Fall/Bed/f_raw_b_2/B_N_531.mp4",
    "active_window": [
        19,
        24
    ],
    "varying_k": 6,
    "detection_status": "Global Event Zone",
    "saliency_weights": [
        0.004338122913432527,
        0.004823769355425644,
        0.0054058549677236355,
        0.005760163213057373,
        0.005891376114475736,
        0.005935085084765916,
        0.005960620944872463,
        0.005984605690078422,
        0.0060216874666862725,
        0.0060873765959280806,
        0.006184797229474796,
        0.006317646587949715,
        0.006521738057978241,
        0.006909435987215407,
        0.007813217101680522,
        0.010306943603906021,
        0.01782756285458028,
        0.04030788311454003,
        0.0981252703721317,
        0.20493257718294192,
        0.3244800958072946,
        0.3777273314182107,
        0.3318311257798462,
        0.23435588675269808,
        0.14255953536048788,
        0.07879995356970425,
        0.04277021683614411,
        0.024931333391723605,
        0.015916125276170895,
        0.010868184118252567,
        0.007872616211690157,
        0.006367722095783076
    ],
    "clip_indices": [
        0,
        1,
        3,
        5,
        7,
        9,
        11,
        13,
        15,
        17,
        19,
        20,
        22,
        24,
        26,
        28,
        30,
        32,
        34,
        36,
        38,
        39,
        41,
        43,
        45,
        47,
        49,
        51,
        53,
        55,
        57,
        59
    ]
}