{
    "video_path": "FallVision/Fall/Bed/f_raw_b_2/B_N_375.mp4",
    "active_window": [
        10,
        17
    ],
    "varying_k": 8,
    "detection_status": "Global Event Zone",
    "saliency_weights": [
        0.002339638625867986,
        0.002769621936775413,
        0.0035681863805211156,
        0.004876006963082244,
        0.007188051757133511,
        0.011027180962840895,
        0.01677372540996748,
        0.025919912460739755,
        0.04253039050173334,
        0.07139584489773962,
        0.11433640532418848,
        0.1676598742346241,
        0.21952986202028166,
        0.25517636397889143,
        0.2670408404195899,
        0.2544959733987755,
        0.21828548276925186,
        0.16186815472732358,
        0.09867514831512723,
        0.04887365595644512,
        0.021701909146806884,
        0.010602879092232193,
        0.006396145692387089,
        0.004614153330091032,
        0.0037744659165241247,
        0.003366250219692282,
        0.0031727821463679367,
        0.003082589761733564,
        0.0030163407248821822,
        0.002902847482634872,
        0.0027261423832023457,
        0.0025793830965539434
    ],
    "clip_indices": [
        0,
        2,
        5,
        8,
        11,
        14,
        17,
        20,
        22,
        25,
        28,
        31,
        34,
        37,
        40,
        43,
        45,
        48,
        51,
        54,
        57,
        60,
        63,
        66,
        68,
        71,
        74,
        77,
        80,
        83,
        86,
        89
    ]
}