{
    "video_path": "FallVision/Fall/Bed/f_raw_b_2/B_N_351_resized.mp4",
    "active_window": [
        12,
        20
    ],
    "varying_k": 9,
    "detection_status": "Global Event Zone",
    "saliency_weights": [
        0.005265054555767647,
        0.008296688594528794,
        0.01180067071730954,
        0.013698786410154155,
        0.014245076292583387,
        0.014784122375286084,
        0.0166117072361231,
        0.021343469765435056,
        0.03130702876956719,
        0.04780764559378817,
        0.06836149448045056,
        0.08776498325424985,
        0.10121228209152167,
        0.10859670771564411,
        0.11951406582172762,
        0.14567830698433995,
        0.18349573562895483,
        0.2140712345303764,
        0.219273067061644,
        0.1918477339905637,
        0.14135749142374926,
        0.09043582931549268,
        0.054769840149682544,
        0.034452998403882794,
        0.02385160153660888,
        0.01846092220831598,
        0.015723331758645563,
        0.014483874084095849,
        0.01380560486740233,
        0.012345225005158233,
        0.009594188825071435,
        0.0071636356551929535
    ],
    "clip_indices": [
        0,
        1,
        3,
        4,
        6,
        7,
        9,
        10,
        12,
        13,
        15,
        16,
        18,
        19,
        21,
        22,
        24,
        25,
        27,
        28,
        30,
        31,
        33,
        34,
        36,
        37,
        39,
        40,
        42,
        43,
        45,
        47
    ]
}