{
    "video_path": "FallVision/Fall/Bed/f_raw_b_2/B_N_387.mp4",
    "active_window": [
        8,
        18
    ],
    "varying_k": 11,
    "detection_status": "Global Event Zone",
    "saliency_weights": [
        0.019449638107229373,
        0.032986298425948,
        0.04487005576621317,
        0.04388687208926381,
        0.035525008523620866,
        0.03127637788090758,
        0.037428677166809685,
        0.057957096271037636,
        0.09778470854126765,
        0.15297993553112477,
        0.19751425141955398,
        0.20341485428299466,
        0.17561587069631646,
        0.14179899460979303,
        0.11954488418484968,
        0.11000797936323871,
        0.10731592345351512,
        0.10437411614624617,
        0.09585949926978997,
        0.07967718512484129,
        0.05828622890086636,
        0.037758447491043345,
        0.022623624490127024,
        0.01345996101175681,
        0.008813497362381684,
        0.006696752785510048,
        0.0056056961914548115,
        0.004918109261748951,
        0.004417853677858095,
        0.003933038052343499,
        0.0034020250480789878,
        0.00301071663298157
    ],
    "clip_indices": [
        0,
        2,
        5,
        8,
        11,
        14,
        17,
        20,
        22,
        25,
        28,
        31,
        34,
        37,
        40,
        43,
        45,
        48,
        51,
        54,
        57,
        60,
        63,
        66,
        68,
        71,
        74,
        77,
        80,
        83,
        86,
        89
    ]
}