{
    "video_path": "FallVision/Fall/Bed/f_raw_b_2/B_N_140_resized_anonymized.mp4",
    "active_window": [
        15,
        21
    ],
    "varying_k": 7,
    "detection_status": "Global Event Zone",
    "saliency_weights": [
        0.004534771103195444,
        0.005334033338318342,
        0.006275638164414473,
        0.0068187981517345815,
        0.006993605066575957,
        0.007049918064087099,
        0.007103402910233782,
        0.007168828690851321,
        0.007261619515562395,
        0.007412478999262772,
        0.007682883763206431,
        0.008378716872206779,
        0.011004430409713443,
        0.02143124170896773,
        0.0536111495425097,
        0.1217122966278309,
        0.22116897096387234,
        0.32244198695563,
        0.377800646512073,
        0.3450153414602697,
        0.2372658722248376,
        0.12393994728680208,
        0.054636343614022045,
        0.02490874301176006,
        0.013795303593287548,
        0.009591077122297278,
        0.007956007691837382,
        0.007290275542465785,
        0.00690163926180325,
        0.006444528673516702,
        0.005846454291896517,
        0.0053758684253781275
    ],
    "clip_indices": [
        0,
        2,
        5,
        8,
        11,
        14,
        17,
        20,
        22,
        25,
        28,
        31,
        34,
        37,
        40,
        43,
        45,
        48,
        51,
        54,
        57,
        60,
        63,
        66,
        68,
        71,
        74,
        77,
        80,
        83,
        86,
        89
    ]
}