{
    "video_path": "FallVision/Fall/Bed/f_raw_b_2/B_N_218.mp4",
    "active_window": [
        24,
        30
    ],
    "varying_k": 7,
    "detection_status": "Global Event Zone",
    "saliency_weights": [
        0.005245077471455337,
        0.0076390385803335945,
        0.010465216895877226,
        0.012105021442862353,
        0.012633356843989071,
        0.012763931035061907,
        0.012789168630211194,
        0.012712201268196804,
        0.012598054462074963,
        0.012601843723415974,
        0.012881452838190387,
        0.013505595909650838,
        0.01435927241678318,
        0.01531394870459652,
        0.016555033948593836,
        0.018590309430119894,
        0.022047522727828527,
        0.027609485948293842,
        0.03590900179808749,
        0.046955571747027414,
        0.05903016645029499,
        0.06947568691744213,
        0.07883772248680943,
        0.09336827919474933,
        0.12332224819012208,
        0.17669156786556367,
        0.2406819142922008,
        0.2744977001326804,
        0.2502415466584886,
        0.18417053708282663,
        0.11049028755502874,
        0.0612159956291517
    ],
    "clip_indices": [
        0,
        1,
        3,
        5,
        7,
        9,
        11,
        13,
        15,
        17,
        19,
        20,
        22,
        24,
        26,
        28,
        30,
        32,
        34,
        36,
        38,
        39,
        41,
        43,
        45,
        47,
        49,
        51,
        53,
        55,
        57,
        59
    ]
}