{
    "video_path": "FallVision/Fall/Bed/f_raw_b_2/B_N_187.mp4",
    "active_window": [
        25,
        29
    ],
    "varying_k": 5,
    "detection_status": "Global Event Zone",
    "saliency_weights": [
        0.006309270123538485,
        0.008565427784820412,
        0.01124393268000713,
        0.01282481769671397,
        0.013361154201061117,
        0.013540070625859203,
        0.013736433956720535,
        0.01402787559862613,
        0.0143739406872973,
        0.014700957036764217,
        0.014952869142029009,
        0.015149844408671266,
        0.01547638040719158,
        0.01628521985744238,
        0.018022345936059843,
        0.020978536859040026,
        0.024839874624127126,
        0.02870647790190188,
        0.03157225722349968,
        0.03273732419223579,
        0.03238709097904861,
        0.032152901786069686,
        0.03598145349085196,
        0.05266389445894907,
        0.09916116982293227,
        0.19155068826263189,
        0.3039800300715122,
        0.35365368050221546,
        0.29376619297692863,
        0.18105067443415027,
        0.09108036980959858,
        0.046856145245325
    ],
    "clip_indices": [
        0,
        1,
        3,
        5,
        7,
        9,
        11,
        13,
        15,
        17,
        19,
        21,
        23,
        25,
        27,
        29,
        30,
        32,
        34,
        36,
        38,
        40,
        42,
        44,
        46,
        48,
        50,
        52,
        54,
        56,
        58,
        60
    ]
}