{
    "video_path": "FallVision/Fall/Bed/f_raw_b_2/B_N_140_resized.mp4",
    "active_window": [
        15,
        21
    ],
    "varying_k": 7,
    "detection_status": "Global Event Zone",
    "saliency_weights": [
        0.0045179984426705665,
        0.005326427558604111,
        0.006278881845336731,
        0.006828741727677057,
        0.007007365001627736,
        0.007068245523945884,
        0.007128247475332406,
        0.007202398100610811,
        0.0073081774437757045,
        0.007480266536069894,
        0.0077851323131534565,
        0.008533484823913034,
        0.011240305979638054,
        0.02183179482816948,
        0.054383684881968125,
        0.1230364337627936,
        0.22267983239666622,
        0.3231201321362273,
        0.37700205857747465,
        0.3433617574533232,
        0.23587808023769619,
        0.12321622908701312,
        0.05429896475004828,
        0.02469329817479249,
        0.013647830711213749,
        0.009510530332197158,
        0.007920722537072104,
        0.007281411986142451,
        0.006911553614335359,
        0.00646224821286972,
        0.005857125522649536,
        0.005375688195183172
    ],
    "clip_indices": [
        0,
        2,
        5,
        8,
        11,
        14,
        17,
        20,
        22,
        25,
        28,
        31,
        34,
        37,
        40,
        43,
        45,
        48,
        51,
        54,
        57,
        60,
        63,
        66,
        68,
        71,
        74,
        77,
        80,
        83,
        86,
        89
    ]
}