{
    "video_path": "FallVision/Fall/Bed/f_raw_b_2/B_N_356.mp4",
    "active_window": [
        17,
        22
    ],
    "varying_k": 6,
    "detection_status": "Global Event Zone",
    "saliency_weights": [
        0.005737455955660751,
        0.008226503392953473,
        0.011212345719827817,
        0.01303569659342033,
        0.01371153287739695,
        0.013871979701074899,
        0.013719922262792474,
        0.01322583826262594,
        0.012554410746538472,
        0.011962498819112363,
        0.011551270107329911,
        0.011388716490733017,
        0.011820905740831202,
        0.013726455246061985,
        0.019362845587095574,
        0.03537675076256365,
        0.076086141491678,
        0.15339454053496854,
        0.252403417257007,
        0.3309445266749889,
        0.34992023728271493,
        0.2948260470334691,
        0.1897227897594714,
        0.09124056007650033,
        0.03651022825067384,
        0.016976630405112686,
        0.011369649441025953,
        0.00942422574478632,
        0.008361507336158449,
        0.007367783461450988,
        0.006252820509392476,
        0.005421026638143877
    ],
    "clip_indices": [
        0,
        2,
        5,
        8,
        11,
        14,
        17,
        20,
        22,
        25,
        28,
        31,
        34,
        37,
        40,
        43,
        45,
        48,
        51,
        54,
        57,
        60,
        63,
        66,
        68,
        71,
        74,
        77,
        80,
        83,
        86,
        89
    ]
}