{
    "video_path": "FallVision/Fall/Bed/f_raw_b_2/B_N_357.mp4",
    "active_window": [
        16,
        21
    ],
    "varying_k": 6,
    "detection_status": "Global Event Zone",
    "saliency_weights": [
        0.008965329838093866,
        0.01343565210393214,
        0.01945870083085456,
        0.024161368955432957,
        0.02618484920521668,
        0.02540425592319259,
        0.022914898556828243,
        0.020176680009970666,
        0.01805479387600685,
        0.01682928708713042,
        0.016419889748411645,
        0.01688214050966674,
        0.01905561426811982,
        0.02471315938207678,
        0.03739165811340035,
        0.0669877810371664,
        0.1337282646175474,
        0.2455226896987149,
        0.35090381489761935,
        0.3620194295751179,
        0.26523416626662183,
        0.14303969925090748,
        0.06419293013005492,
        0.029844219442684842,
        0.017547630810016132,
        0.013388015863483645,
        0.011737245879195508,
        0.010809348786301298,
        0.010066078378083286,
        0.00914777017321668,
        0.00797700997311313,
        0.007067166342191358
    ],
    "clip_indices": [
        0,
        2,
        5,
        8,
        11,
        14,
        17,
        20,
        22,
        25,
        28,
        31,
        34,
        37,
        40,
        43,
        45,
        48,
        51,
        54,
        57,
        60,
        63,
        66,
        68,
        71,
        74,
        77,
        80,
        83,
        86,
        89
    ]
}