{
    "video_path": "FallVision/Fall/Bed/f_raw_b_2/B_N_94.mp4",
    "active_window": [
        17,
        23
    ],
    "varying_k": 7,
    "detection_status": "Global Event Zone",
    "saliency_weights": [
        0.003185210758088518,
        0.004304914341648188,
        0.005675957711069716,
        0.006597568726224495,
        0.007145576879733137,
        0.007723886811786927,
        0.008628439096220093,
        0.010126078725698116,
        0.012615241818503948,
        0.0165343086320677,
        0.02207783601327996,
        0.028863282449820647,
        0.035653857722452595,
        0.04169391961978399,
        0.04929807700354702,
        0.06449880562768204,
        0.09551296032213552,
        0.14634042520522605,
        0.2048830913679165,
        0.24583281128057466,
        0.2525469124803815,
        0.22623700201102226,
        0.17880270990642355,
        0.1266100756780444,
        0.08269404787697027,
        0.0527399507237899,
        0.03624525552650792,
        0.027820166914623346,
        0.02208173657343894,
        0.016816302317028672,
        0.011988371659285298,
        0.008838345524166725
    ],
    "clip_indices": [
        0,
        3,
        7,
        11,
        15,
        19,
        23,
        26,
        30,
        34,
        38,
        42,
        46,
        49,
        53,
        57,
        61,
        65,
        69,
        72,
        76,
        80,
        84,
        88,
        92,
        95,
        99,
        103,
        107,
        111,
        115,
        119
    ]
}