{
    "video_path": "FallVision/Fall/Bed/f_raw_b_2/B_N_501_resized.mp4",
    "active_window": [
        19,
        24
    ],
    "varying_k": 6,
    "detection_status": "Global Event Zone",
    "saliency_weights": [
        0.003909263718419912,
        0.004568784101243185,
        0.005306993054482153,
        0.0056761514126220085,
        0.005842858853644654,
        0.006409102719833859,
        0.008138589664155461,
        0.01121975834629255,
        0.014410646781832157,
        0.016086435147164457,
        0.01587720517327547,
        0.014522414873749402,
        0.013123341007745436,
        0.012580373038579118,
        0.013130905621183643,
        0.015108850210659506,
        0.021174174139750007,
        0.039714837676144324,
        0.08752859515739651,
        0.1766468391888138,
        0.28115039586755486,
        0.34043148135077295,
        0.3221444381367664,
        0.2496552571429682,
        0.16323431523630683,
        0.09264485391511107,
        0.04989665553052975,
        0.028462967031070357,
        0.017484739239591082,
        0.011216105816309961,
        0.007558950098422262,
        0.005793488145481531
    ],
    "clip_indices": [
        0,
        3,
        7,
        11,
        15,
        19,
        23,
        26,
        30,
        34,
        38,
        42,
        46,
        49,
        53,
        57,
        61,
        65,
        69,
        72,
        76,
        80,
        84,
        88,
        92,
        95,
        99,
        103,
        107,
        111,
        115,
        119
    ]
}