{
    "video_path": "FallVision/Fall/Bed/f_raw_b_2/B_N_69_resized.mp4",
    "active_window": [
        8,
        19
    ],
    "varying_k": 12,
    "detection_status": "Global Event Zone",
    "saliency_weights": [
        0.0054325472864324865,
        0.00902738062370148,
        0.013353287404566032,
        0.016384104772699554,
        0.019453578113813194,
        0.02629299946540915,
        0.041463652164917306,
        0.06604974875536962,
        0.09237850262797215,
        0.10920064408095165,
        0.11055899389514484,
        0.09896004499199382,
        0.08703948579998254,
        0.0895006155299726,
        0.10867986598980894,
        0.1341191174103229,
        0.15119545387928573,
        0.14891896087144418,
        0.12904603036363743,
        0.10466514131279181,
        0.08659744287716517,
        0.0770640477640018,
        0.07196298115540235,
        0.06448876550650082,
        0.05201106696653676,
        0.03881008741840149,
        0.029369271381698456,
        0.023780767295546207,
        0.02001355481873121,
        0.016129592003363925,
        0.011571528084767208,
        0.008118499677882269
    ],
    "clip_indices": [
        0,
        2,
        5,
        8,
        11,
        14,
        17,
        20,
        22,
        25,
        28,
        31,
        34,
        37,
        40,
        43,
        45,
        48,
        51,
        54,
        57,
        60,
        63,
        66,
        68,
        71,
        74,
        77,
        80,
        83,
        86,
        89
    ]
}