{
    "video_path": "FallVision/Fall/Bed/f_raw_b_2/B_N_459.mp4",
    "active_window": [
        21,
        26
    ],
    "varying_k": 6,
    "detection_status": "Global Event Zone",
    "saliency_weights": [
        0.003799485853949176,
        0.005010342096022833,
        0.006628059857724005,
        0.007955235073106711,
        0.008869274390894388,
        0.009434227151935946,
        0.009552677983236824,
        0.009164871383307923,
        0.008572649462247776,
        0.008249248718208107,
        0.008493580711879278,
        0.009386980965549768,
        0.010806105530668415,
        0.012421040484713763,
        0.013725910593220654,
        0.014472158548560331,
        0.015568693610497657,
        0.019531689298067326,
        0.030663244711824727,
        0.055354608244016126,
        0.10124576440885216,
        0.17153167892672727,
        0.25123643535744417,
        0.3059595937067213,
        0.3095956880386208,
        0.26209718008689037,
        0.18342229667260915,
        0.1062200238696805,
        0.05394595194146502,
        0.02619138935786629,
        0.013242689954783822,
        0.008255745434027784
    ],
    "clip_indices": [
        0,
        1,
        3,
        5,
        7,
        9,
        11,
        13,
        15,
        17,
        19,
        20,
        22,
        24,
        26,
        28,
        30,
        32,
        34,
        36,
        38,
        39,
        41,
        43,
        45,
        47,
        49,
        51,
        53,
        55,
        57,
        59
    ]
}