{
    "video_path": "FallVision/Fall/Bed/f_raw_b_2/B_N_489.mp4",
    "active_window": [
        24,
        29
    ],
    "varying_k": 6,
    "detection_status": "Global Event Zone",
    "saliency_weights": [
        0.0042898140124329725,
        0.004709497837103142,
        0.005195552859301993,
        0.005457835556405161,
        0.005517074526854124,
        0.00551609409479515,
        0.00552925424092493,
        0.005577908157441655,
        0.00567792093161089,
        0.005829191271859291,
        0.005987384613288483,
        0.006110918254994075,
        0.006244522214875635,
        0.0065117460468869,
        0.007053062365648539,
        0.007954816284984864,
        0.00916101845959005,
        0.010560542644545892,
        0.012268104701837507,
        0.014844008787234284,
        0.019543505402926604,
        0.028850287327366574,
        0.04743169351983151,
        0.08331381926970899,
        0.1474542491722845,
        0.24487581564113903,
        0.3456881988979506,
        0.3770865991351823,
        0.3033137208175043,
        0.18329335375922592,
        0.09037413905062963,
        0.045322471498453684
    ],
    "clip_indices": [
        0,
        1,
        3,
        5,
        7,
        9,
        11,
        13,
        15,
        17,
        19,
        20,
        22,
        24,
        26,
        28,
        30,
        32,
        34,
        36,
        38,
        39,
        41,
        43,
        45,
        47,
        49,
        51,
        53,
        55,
        57,
        59
    ]
}