{
    "video_path": "FallVision/Fall/Bed/f_raw_b_2/B_N_440.mp4",
    "active_window": [
        24,
        29
    ],
    "varying_k": 6,
    "detection_status": "Global Event Zone",
    "saliency_weights": [
        0.005447370372342202,
        0.006481291058518141,
        0.007706448067026694,
        0.008417115294691873,
        0.008618168294313824,
        0.008612390579126116,
        0.008587053231612744,
        0.0085991352394532,
        0.008631301140082056,
        0.008651325117596437,
        0.008663657230408312,
        0.008693302130463869,
        0.008746856952183435,
        0.008822163269298633,
        0.008940967646357899,
        0.009135563375608537,
        0.009405070044735895,
        0.009741335892436073,
        0.010230035456655,
        0.011136106216948823,
        0.013101526640663039,
        0.018013755777596053,
        0.031069544142672174,
        0.06294946996288348,
        0.12961779807791707,
        0.24101052507926435,
        0.36237905795062353,
        0.4029147766712248,
        0.3177772451409695,
        0.18115103999429827,
        0.0826628585811844,
        0.039864285080350934
    ],
    "clip_indices": [
        0,
        1,
        3,
        5,
        7,
        9,
        11,
        13,
        15,
        17,
        19,
        20,
        22,
        24,
        26,
        28,
        30,
        32,
        34,
        36,
        38,
        39,
        41,
        43,
        45,
        47,
        49,
        51,
        53,
        55,
        57,
        59
    ]
}