{
    "video_path": "FallVision/Fall/Bed/f_raw_b_2/B_N_364.mp4",
    "active_window": [
        14,
        18
    ],
    "varying_k": 5,
    "detection_status": "Global Event Zone",
    "saliency_weights": [
        0.019074504545668888,
        0.03150755736039346,
        0.04314522613155048,
        0.043612089603032256,
        0.035719885370853105,
        0.027027726031017975,
        0.02090304490875234,
        0.0175109847544732,
        0.016427793609145674,
        0.017632210616013055,
        0.02220594769634912,
        0.033629598097308804,
        0.059327529519838024,
        0.10821858536361988,
        0.18333196171486044,
        0.27048635764215945,
        0.325272744393482,
        0.2984192954838926,
        0.20059482219778943,
        0.10019266846071767,
        0.0426685741638046,
        0.021052921124552027,
        0.014822586136916106,
        0.013667490592208183,
        0.014104920526505922,
        0.014517776370579348,
        0.014177343931719415,
        0.01321467608082421,
        0.011910021128568156,
        0.010251105493960879,
        0.008359747314897043,
        0.006978843658710808
    ],
    "clip_indices": [
        0,
        3,
        7,
        11,
        15,
        19,
        23,
        26,
        30,
        34,
        38,
        42,
        46,
        49,
        53,
        57,
        61,
        65,
        69,
        72,
        76,
        80,
        84,
        88,
        92,
        95,
        99,
        103,
        107,
        111,
        115,
        119
    ]
}