{
    "video_path": "FallVision/Fall/Bed/f_raw_b_2/B_N_153_resized.mp4",
    "active_window": [
        21,
        26
    ],
    "varying_k": 6,
    "detection_status": "Global Event Zone",
    "saliency_weights": [
        0.003538583644431746,
        0.004226902841390124,
        0.0050648715416048064,
        0.005580093969678077,
        0.005711577469236589,
        0.005605323526994799,
        0.005428600950275366,
        0.005342710800361398,
        0.005496667423590783,
        0.005964085332011873,
        0.006644745525172713,
        0.007358481507829009,
        0.008046345479841595,
        0.008960162108336783,
        0.010906592201303125,
        0.015218965308929699,
        0.023392375000420147,
        0.0363516039787912,
        0.05350346143163418,
        0.074978801266184,
        0.10725784638991198,
        0.16044360206274216,
        0.23175192959389304,
        0.29758800776909655,
        0.32530692730409727,
        0.2882124079961269,
        0.19355169444086184,
        0.09480432715738069,
        0.03664495417542452,
        0.014838637677649424,
        0.00792848192637222,
        0.005515579292922132
    ],
    "clip_indices": [
        0,
        2,
        4,
        6,
        9,
        11,
        13,
        16,
        18,
        20,
        22,
        25,
        27,
        29,
        32,
        34,
        36,
        38,
        41,
        43,
        45,
        48,
        50,
        52,
        54,
        57,
        59,
        61,
        64,
        66,
        68,
        71
    ]
}