{
    "video_path": "FallVision/Fall/Bed/f_raw_b_2/B_N_415.mp4",
    "active_window": [
        9,
        15
    ],
    "varying_k": 7,
    "detection_status": "Global Event Zone",
    "saliency_weights": [
        0.007685094145796956,
        0.012355559629050867,
        0.01744556296185918,
        0.019961823508326156,
        0.021892582680295116,
        0.027959494076770668,
        0.042985287839182304,
        0.06980041620701222,
        0.1067275304339062,
        0.14960385837554613,
        0.19428626214830647,
        0.23513094732964673,
        0.26206475225189757,
        0.2630421807527085,
        0.23124647814639393,
        0.17040498760751036,
        0.09980516148792873,
        0.04574586758043395,
        0.018525845671007353,
        0.00906123234580081,
        0.006250907457177199,
        0.005286353427984808,
        0.004895674920189663,
        0.004726272067274496,
        0.004648304337732773,
        0.00462536513788927,
        0.004645073058337803,
        0.004673674036643309,
        0.004626914216128333,
        0.004373958704368592,
        0.003905884175570105,
        0.0035033498306541264
    ],
    "clip_indices": [
        0,
        2,
        5,
        8,
        11,
        14,
        17,
        20,
        23,
        26,
        29,
        31,
        34,
        37,
        40,
        43,
        46,
        49,
        52,
        55,
        58,
        60,
        63,
        66,
        69,
        72,
        75,
        78,
        81,
        84,
        87,
        90
    ]
}