{
    "video_path": "FallVision/Fall/Stand/f_raw_s_2/S_N_563.mp4",
    "active_window": [
        12,
        18
    ],
    "varying_k": 7,
    "detection_status": "Global Event Zone",
    "saliency_weights": [
        0.0029082616975876136,
        0.003396073282684458,
        0.003974282384071459,
        0.004318462696805544,
        0.004460438349870092,
        0.004608535805004892,
        0.0050451598830990475,
        0.006497488322095525,
        0.011002867621493183,
        0.023291764308242327,
        0.051681561187126336,
        0.10227050496576043,
        0.1690641432913127,
        0.2356055571735327,
        0.28270507214195234,
        0.2949415181707083,
        0.26911581369154414,
        0.21486126142607898,
        0.14911879214540957,
        0.09028731738611893,
        0.04884701764057381,
        0.024783455359112853,
        0.013274906136418716,
        0.008548989287190055,
        0.006469593982505188,
        0.005381844353787758,
        0.004821092277683529,
        0.004555903592455199,
        0.004386882425151199,
        0.004147258482661053,
        0.0037939035682183504,
        0.0035039740475167106
    ],
    "clip_indices": [
        0,
        2,
        5,
        8,
        11,
        14,
        17,
        20,
        22,
        25,
        28,
        31,
        34,
        37,
        40,
        43,
        45,
        48,
        51,
        54,
        57,
        60,
        63,
        66,
        68,
        71,
        74,
        77,
        80,
        83,
        86,
        89
    ]
}