{
    "video_path": "FallVision/Fall/Stand/f_raw_s_2/S_N_370_resized.mp4",
    "active_window": [
        12,
        23
    ],
    "varying_k": 12,
    "detection_status": "Global Event Zone",
    "saliency_weights": [
        0.0028156499496259924,
        0.003597087469177281,
        0.004503877998975919,
        0.004989839428934299,
        0.005075643847680996,
        0.005035631548979168,
        0.005124219996420473,
        0.005760849682614037,
        0.008028618480751556,
        0.014536235415667322,
        0.030293582291477786,
        0.0607194519764819,
        0.1070792603506533,
        0.16203545039496625,
        0.20528258707661465,
        0.2144809207363813,
        0.1891053488085124,
        0.14998292236220553,
        0.1176759662937929,
        0.1022295382639728,
        0.10245389023993154,
        0.10852068791720011,
        0.1095555842643363,
        0.0987838652488306,
        0.07736847864187246,
        0.05468123849376545,
        0.03822052525807043,
        0.027450133521730494,
        0.019337418206173875,
        0.012870559543567861,
        0.00826053792158435,
        0.005793703634327204
    ],
    "clip_indices": [
        0,
        1,
        3,
        5,
        7,
        9,
        11,
        13,
        15,
        17,
        19,
        20,
        22,
        24,
        26,
        28,
        30,
        32,
        34,
        36,
        38,
        39,
        41,
        43,
        45,
        47,
        49,
        51,
        53,
        55,
        57,
        59
    ]
}