{
    "video_path": "FallVision/Fall/Stand/f_raw_s_2/S_N_283.mp4",
    "active_window": [
        9,
        15
    ],
    "varying_k": 7,
    "detection_status": "Global Event Zone",
    "saliency_weights": [
        0.004627154195414967,
        0.006459966593057697,
        0.00866520282716696,
        0.010152832083859035,
        0.011408609404325134,
        0.014018197653544489,
        0.020429614065067363,
        0.03445513039145055,
        0.06161993152840699,
        0.1066496477497477,
        0.1680327880937944,
        0.23231061545599352,
        0.26920102509841304,
        0.25149243606605853,
        0.19073190703445678,
        0.12606249430623498,
        0.08101247274761512,
        0.054974135697634374,
        0.041694510777377125,
        0.03760837212614268,
        0.03905795885822469,
        0.04092250381992363,
        0.0398530889771584,
        0.03599604264939327,
        0.03151798942358171,
        0.028969065699113197,
        0.028606923985343476,
        0.02727433453438762,
        0.022612348145158584,
        0.016177283048426278,
        0.01065935328773127,
        0.007526523029796979
    ],
    "clip_indices": [
        0,
        1,
        3,
        5,
        7,
        9,
        11,
        13,
        15,
        17,
        19,
        20,
        22,
        24,
        26,
        28,
        30,
        32,
        34,
        36,
        38,
        39,
        41,
        43,
        45,
        47,
        49,
        51,
        53,
        55,
        57,
        59
    ]
}