{
    "video_path": "FallVision/Fall/Stand/f_raw_s_2/S_N_329_resized.mp4",
    "active_window": [
        15,
        20
    ],
    "varying_k": 6,
    "detection_status": "Global Event Zone",
    "saliency_weights": [
        0.003111502675476042,
        0.0036024813521305134,
        0.004185251801392896,
        0.004527724908347396,
        0.0046374917800157765,
        0.004657763583068766,
        0.004663267404599148,
        0.004672057040993151,
        0.004702492230917302,
        0.004824033808097441,
        0.005297653920825564,
        0.007062396602933629,
        0.013064900096632281,
        0.031134658472012522,
        0.07588535575467492,
        0.15505612669948632,
        0.24361384012379167,
        0.2945529235431825,
        0.2856191526179438,
        0.23203532682252304,
        0.16350009097744875,
        0.10732404971871756,
        0.07520670266302289,
        0.06083668214017775,
        0.05463478565936185,
        0.05195859278888513,
        0.04963717204488881,
        0.04331758210958682,
        0.0315353907590072,
        0.01892007022472255,
        0.010464009756882647,
        0.0067526252627163295
    ],
    "clip_indices": [
        0,
        2,
        5,
        8,
        11,
        14,
        17,
        20,
        22,
        25,
        28,
        31,
        34,
        37,
        40,
        43,
        45,
        48,
        51,
        54,
        57,
        60,
        63,
        66,
        68,
        71,
        74,
        77,
        80,
        83,
        86,
        89
    ]
}