{
    "video_path": "FallVision/Fall/Stand/f_raw_s_2/S_N_103_resized.mp4",
    "active_window": [
        9,
        14
    ],
    "varying_k": 6,
    "detection_status": "Global Event Zone",
    "saliency_weights": [
        0.0036467697727392313,
        0.00444575074536512,
        0.005408077492627271,
        0.006042104713775368,
        0.006532403572629809,
        0.007771077971652755,
        0.012590360720852178,
        0.03068107724215045,
        0.08182776126865289,
        0.1751674223947834,
        0.27979116062830434,
        0.34506493072925376,
        0.34278560308510664,
        0.277192608870081,
        0.18237389571823404,
        0.10211177832866788,
        0.05484337133833199,
        0.03167246528431903,
        0.01994394445265759,
        0.013454134659378222,
        0.00982966518888332,
        0.007877227127281427,
        0.006874637908692045,
        0.006398585361406606,
        0.006211079259488569,
        0.006185737277113499,
        0.00624037126049044,
        0.0062881817376174145,
        0.0062028674896323615,
        0.0058260653955047,
        0.00516766725000292,
        0.004611910792050217
    ],
    "clip_indices": [
        0,
        2,
        4,
        6,
        9,
        11,
        13,
        16,
        18,
        20,
        22,
        25,
        27,
        29,
        32,
        34,
        36,
        38,
        41,
        43,
        45,
        48,
        50,
        52,
        54,
        57,
        59,
        61,
        64,
        66,
        68,
        71
    ]
}