{
    "video_path": "FallVision/Fall/Stand/f_raw_s_2/S_N_154.mp4",
    "active_window": [
        6,
        13
    ],
    "varying_k": 8,
    "detection_status": "Global Event Zone",
    "saliency_weights": [
        0.004542983475737558,
        0.007629354488226705,
        0.013944979869507941,
        0.024396505507398303,
        0.04112923284747115,
        0.06863431830550902,
        0.11360077906301218,
        0.17583617212629737,
        0.2366998702628425,
        0.27055875966941906,
        0.26422172827768015,
        0.2208761775938309,
        0.1601768503004596,
        0.10677981008691735,
        0.07164756925586284,
        0.0517362702282984,
        0.04027097459944212,
        0.03188863473581069,
        0.02421935850311354,
        0.01741853113285477,
        0.012308707966815154,
        0.009459538599814011,
        0.009146670357063088,
        0.011133812027408511,
        0.01398348951112462,
        0.01510778414409077,
        0.013285255575100201,
        0.010116664821259719,
        0.007498354840635621,
        0.005711988527128961,
        0.004408950040401729,
        0.0036233063709577218
    ],
    "clip_indices": [
        0,
        2,
        5,
        8,
        11,
        14,
        17,
        20,
        22,
        25,
        28,
        31,
        34,
        37,
        40,
        43,
        45,
        48,
        51,
        54,
        57,
        60,
        63,
        66,
        68,
        71,
        74,
        77,
        80,
        83,
        86,
        89
    ]
}