{
    "video_path": "FallVision/Fall/Stand/f_raw_s_2/S_N_189.mp4",
    "active_window": [
        5,
        10
    ],
    "varying_k": 6,
    "detection_status": "Global Event Zone",
    "saliency_weights": [
        0.006085015130255891,
        0.00997883631012653,
        0.01821624212391943,
        0.03887622617554751,
        0.09122069359552912,
        0.18056600902839703,
        0.26979706503996803,
        0.31185821411081804,
        0.29493181597555007,
        0.23587483765639233,
        0.1624426597843363,
        0.10008766942029351,
        0.0591666561258252,
        0.03740256235882275,
        0.028100062467606088,
        0.024520332980109652,
        0.022398978597955716,
        0.02007550850795356,
        0.017443603739816575,
        0.015071104091571998,
        0.013332152630005178,
        0.01213686137845259,
        0.01126798102083576,
        0.01059153784718221,
        0.010055270496801563,
        0.009658911608631048,
        0.009423102726804067,
        0.009330851358221636,
        0.009172287791625919,
        0.008495493344109538,
        0.0071882550079453295,
        0.006042168286002201
    ],
    "clip_indices": [
        0,
        2,
        4,
        6,
        9,
        11,
        13,
        16,
        18,
        20,
        22,
        25,
        27,
        29,
        32,
        34,
        36,
        38,
        41,
        43,
        45,
        48,
        50,
        52,
        54,
        57,
        59,
        61,
        64,
        66,
        68,
        71
    ]
}