{
    "video_path": "FallVision/Fall/Stand/f_raw_s_2/S_N_159.mp4",
    "active_window": [
        16,
        21
    ],
    "varying_k": 6,
    "detection_status": "Global Event Zone",
    "saliency_weights": [
        0.004799478587741422,
        0.0074809075722388225,
        0.010640546549927691,
        0.012488636349432286,
        0.01329190040874342,
        0.014618094285105887,
        0.01868308961934978,
        0.02802342261955673,
        0.044581570904783,
        0.06681332160602743,
        0.08620045851553497,
        0.09343849017198297,
        0.08907350824133795,
        0.08155013711793166,
        0.07923440462690652,
        0.08813594343944096,
        0.11176228748562689,
        0.1470650186496822,
        0.17674168766863713,
        0.1768138228228371,
        0.14451917071791848,
        0.1034182698055908,
        0.0743966197754791,
        0.06086348521134955,
        0.05774880050004991,
        0.0586390195736948,
        0.05812376204281797,
        0.05267268392829534,
        0.04175183169342888,
        0.02869521901302649,
        0.017589425507001342,
        0.01112124716282924
    ],
    "clip_indices": [
        0,
        2,
        5,
        8,
        11,
        14,
        17,
        20,
        22,
        25,
        28,
        31,
        34,
        37,
        40,
        43,
        45,
        48,
        51,
        54,
        57,
        60,
        63,
        66,
        68,
        71,
        74,
        77,
        80,
        83,
        86,
        89
    ]
}