{
    "video_path": "FallVision/Fall/Stand/f_raw_s_2/S_N_489_resized.mp4",
    "active_window": [
        17,
        22
    ],
    "varying_k": 6,
    "detection_status": "Global Event Zone",
    "saliency_weights": [
        0.003514722644217989,
        0.004425413765686672,
        0.005528604255971906,
        0.006243356348353195,
        0.006621935638772458,
        0.006933767871265066,
        0.007247486491479517,
        0.007535604347229708,
        0.00787522986182499,
        0.008420381661790738,
        0.009343576546538605,
        0.011032282375367493,
        0.01447600433816802,
        0.02155139466059032,
        0.03550688235352541,
        0.06198779821009531,
        0.10922981053055711,
        0.18098896891030664,
        0.2615824360214441,
        0.31757623042584354,
        0.3217486862190952,
        0.26823582296543946,
        0.17825397000460225,
        0.09396968806838678,
        0.04301282843805093,
        0.02073350554994769,
        0.012444358707880604,
        0.009435156945485338,
        0.008050029328616197,
        0.006934298440966923,
        0.005777326141917446,
        0.004940531318384161
    ],
    "clip_indices": [
        0,
        2,
        5,
        8,
        11,
        14,
        17,
        19,
        22,
        25,
        28,
        31,
        34,
        36,
        39,
        42,
        45,
        48,
        51,
        53,
        56,
        59,
        62,
        65,
        68,
        70,
        73,
        76,
        79,
        82,
        85,
        88
    ]
}