{
    "video_path": "FallVision/Fall/Stand/f_raw_s_2/S_N_448_resized.mp4",
    "active_window": [
        23,
        29
    ],
    "varying_k": 7,
    "detection_status": "Global Event Zone",
    "saliency_weights": [
        0.00393125402302805,
        0.004621864613512628,
        0.005447451842791832,
        0.005940205225024826,
        0.0060954005612866725,
        0.006109914362337886,
        0.0061237205383931105,
        0.006206348209127342,
        0.0063881597912986594,
        0.006697477136035166,
        0.007185911817281385,
        0.007890084449030072,
        0.00875865938007834,
        0.009670700717319387,
        0.010515279763922053,
        0.011304733689228005,
        0.012389010771029716,
        0.014711411681378907,
        0.020002194284623714,
        0.030004148046752083,
        0.044437651902437036,
        0.06143483470730112,
        0.08193042508516707,
        0.11212314656360403,
        0.16107946061679868,
        0.23275809660608948,
        0.3046935214732081,
        0.32247098264367197,
        0.2596152047951933,
        0.16086888441593034,
        0.08252238722795685,
        0.04292416513639948
    ],
    "clip_indices": [
        0,
        1,
        3,
        5,
        7,
        9,
        11,
        13,
        15,
        17,
        19,
        20,
        22,
        24,
        26,
        28,
        30,
        32,
        34,
        36,
        38,
        39,
        41,
        43,
        45,
        47,
        49,
        51,
        53,
        55,
        57,
        59
    ]
}