{
    "video_path": "FallVision/Fall/Stand/f_raw_s_2/S_N_239_resized.mp4",
    "active_window": [
        15,
        22
    ],
    "varying_k": 8,
    "detection_status": "Global Event Zone",
    "saliency_weights": [
        0.0028196479212039874,
        0.003389672102543595,
        0.004072862654792744,
        0.004488057907139285,
        0.004640808079716041,
        0.004704381993037994,
        0.004847913559617429,
        0.005455934770937414,
        0.007479167574485031,
        0.012358152789954233,
        0.02154718843097913,
        0.03509685680558536,
        0.050121422466993235,
        0.0649891215475907,
        0.086349860544503,
        0.12400064203763239,
        0.17625982035115423,
        0.2275814513250427,
        0.25745532596344856,
        0.25022673039735766,
        0.2089887241248848,
        0.15563251300832437,
        0.10929435357373597,
        0.07567490647270117,
        0.053036386325889195,
        0.037379603310085656,
        0.025722440247066502,
        0.017296741927869,
        0.011871841622003537,
        0.008426128309940913,
        0.005995259945028218,
        0.0045585722485735405
    ],
    "clip_indices": [
        0,
        2,
        5,
        8,
        11,
        14,
        17,
        20,
        22,
        25,
        28,
        31,
        34,
        37,
        40,
        43,
        45,
        48,
        51,
        54,
        57,
        60,
        63,
        66,
        68,
        71,
        74,
        77,
        80,
        83,
        86,
        89
    ]
}