{
    "video_path": "FallVision/Fall/Stand/f_raw_s_2/S_N_393_resized.mp4",
    "active_window": [
        17,
        24
    ],
    "varying_k": 8,
    "detection_status": "Global Event Zone",
    "saliency_weights": [
        0.005450166105160119,
        0.008436830033078747,
        0.011970985941883776,
        0.014022186788975453,
        0.014632109805659184,
        0.0146527667162074,
        0.014498156390681555,
        0.014312994280553815,
        0.014385324850572992,
        0.015009817609995531,
        0.01619568971255636,
        0.017978998352724908,
        0.02100525164603867,
        0.02654893503389183,
        0.03632561987849289,
        0.05285343577380203,
        0.07975502176645596,
        0.11953329700125997,
        0.16825371995528604,
        0.21426875689935593,
        0.24250384474365555,
        0.24019674670513852,
        0.20730753433821067,
        0.15908258047941487,
        0.1118761118062283,
        0.0745118465319981,
        0.04932291535219375,
        0.0338218783038794,
        0.024202560009669,
        0.01741442745657428,
        0.011977504022361606,
        0.00854475270639553
    ],
    "clip_indices": [
        0,
        1,
        3,
        4,
        6,
        7,
        9,
        10,
        12,
        13,
        15,
        16,
        18,
        19,
        21,
        22,
        24,
        25,
        27,
        28,
        30,
        31,
        33,
        34,
        36,
        37,
        39,
        40,
        42,
        43,
        45,
        47
    ]
}