{
    "video_path": "FallVision/Fall/Stand/f_raw_s_2/S_N_238_resized.mp4",
    "active_window": [
        16,
        24
    ],
    "varying_k": 9,
    "detection_status": "Global Event Zone",
    "saliency_weights": [
        0.0023482543019948017,
        0.00290796883092693,
        0.0035708846130216862,
        0.003954659183485845,
        0.004062246552019774,
        0.004060042177881016,
        0.004058943801043152,
        0.004124772909196473,
        0.004399017873241543,
        0.005454787565384671,
        0.008799133266214555,
        0.016733651744758545,
        0.031518887181734345,
        0.05312042400558586,
        0.07635334861704168,
        0.09600435614447675,
        0.11734663523690078,
        0.15078980611396697,
        0.19206984620359352,
        0.22220915421700949,
        0.230572839249158,
        0.2216413008274667,
        0.19915157768817576,
        0.16033145401100482,
        0.10910871319102433,
        0.062223583522735326,
        0.03248799115603618,
        0.017671805312634438,
        0.010490441528305774,
        0.0066789599692390275,
        0.004532442793600787,
        0.0034950752347394087
    ],
    "clip_indices": [
        0,
        2,
        5,
        8,
        11,
        14,
        17,
        20,
        22,
        25,
        28,
        31,
        34,
        37,
        40,
        43,
        45,
        48,
        51,
        54,
        57,
        60,
        63,
        66,
        68,
        71,
        74,
        77,
        80,
        83,
        86,
        89
    ]
}