{
    "video_path": "FallVision/Fall/Stand/f_raw_s_2/S_N_494_resized.mp4",
    "active_window": [
        6,
        12
    ],
    "varying_k": 7,
    "detection_status": "Global Event Zone",
    "saliency_weights": [
        0.005927911480579506,
        0.008894200221803301,
        0.013566229434277977,
        0.020837803565824358,
        0.03684489978274559,
        0.07199032430225055,
        0.13673308295532294,
        0.22491489712452983,
        0.2950541222409029,
        0.30347867557410624,
        0.25417470091983163,
        0.18292365285223067,
        0.11809788088515077,
        0.07188035592350828,
        0.044410368154413626,
        0.029780206086080632,
        0.022317074338094985,
        0.018516617958895937,
        0.016573429206007528,
        0.015701494109129324,
        0.015569264719921053,
        0.015949657684222733,
        0.016462640785774366,
        0.016578531902265416,
        0.01608943716443146,
        0.015323201838934805,
        0.014641222329164752,
        0.014061416995877984,
        0.013283054951615598,
        0.011820945214855844,
        0.009665222720181917,
        0.007922458110087122
    ],
    "clip_indices": [
        0,
        1,
        3,
        5,
        7,
        9,
        11,
        13,
        15,
        17,
        19,
        20,
        22,
        24,
        26,
        28,
        30,
        32,
        34,
        36,
        38,
        39,
        41,
        43,
        45,
        47,
        49,
        51,
        53,
        55,
        57,
        59
    ]
}