{
    "video_path": "FallVision/Fall/Stand/f_raw_s_2/S_N_421.mp4",
    "active_window": [
        14,
        21
    ],
    "varying_k": 8,
    "detection_status": "Global Event Zone",
    "saliency_weights": [
        0.003716238809570888,
        0.00529656407745371,
        0.007181223636318075,
        0.00830495087054696,
        0.008680642433116538,
        0.008764691403079308,
        0.008840199102253832,
        0.009111693874412933,
        0.009987336861966963,
        0.012297344629571123,
        0.017549419737350025,
        0.027931928439094922,
        0.04612393748462839,
        0.07489899251656897,
        0.11580512531106085,
        0.16646357296641462,
        0.2164395038357354,
        0.2498166385807138,
        0.2553004911910562,
        0.2310888878929848,
        0.18545466966788465,
        0.13390554644184127,
        0.08913296738778186,
        0.05623704719603387,
        0.035116469376675945,
        0.02266255342189523,
        0.01555715995251018,
        0.011612639801910102,
        0.009386947198871141,
        0.007752743331749848,
        0.006161045135368243,
        0.00501417787720802
    ],
    "clip_indices": [
        0,
        1,
        3,
        5,
        7,
        9,
        11,
        13,
        15,
        17,
        19,
        20,
        22,
        24,
        26,
        28,
        30,
        32,
        34,
        36,
        38,
        39,
        41,
        43,
        45,
        47,
        49,
        51,
        53,
        55,
        57,
        59
    ]
}