{
    "video_path": "FallVision/Fall/Stand/f_raw_s_2/S_N_458_resized.mp4",
    "active_window": [
        6,
        13
    ],
    "varying_k": 8,
    "detection_status": "Global Event Zone",
    "saliency_weights": [
        0.0030289723457563853,
        0.004329078611423696,
        0.007919408643947754,
        0.01744580696629605,
        0.040508048399615346,
        0.083353470075506,
        0.14322806779881858,
        0.20722693240888868,
        0.2525767193960653,
        0.26080643851967367,
        0.2373328930069283,
        0.20099568100290627,
        0.16308643830623448,
        0.12623973606404018,
        0.09239345043245152,
        0.06455601638492653,
        0.043864047667923484,
        0.029171734987034695,
        0.019035595170361803,
        0.012494368839798355,
        0.008675650430442137,
        0.006571629459756059,
        0.005373698635597248,
        0.004632577020225212,
        0.0041372488498165865,
        0.003802977980317784,
        0.0035862860650798826,
        0.0034395924729500173,
        0.0033101771061267073,
        0.0031497038227319665,
        0.0029542332887019475,
        0.00280608215370003
    ],
    "clip_indices": [
        0,
        2,
        5,
        8,
        11,
        14,
        17,
        20,
        22,
        25,
        28,
        31,
        34,
        37,
        40,
        43,
        45,
        48,
        51,
        54,
        57,
        60,
        63,
        66,
        68,
        71,
        74,
        77,
        80,
        83,
        86,
        89
    ]
}