{
    "video_path": "FallVision/Fall/Stand/f_raw_s_2/S_N_445_resized.mp4",
    "active_window": [
        15,
        23
    ],
    "varying_k": 9,
    "detection_status": "Global Event Zone",
    "saliency_weights": [
        0.003427344957925124,
        0.0047617500497298786,
        0.006153163559358188,
        0.006628217974920187,
        0.006512705255937201,
        0.006563597813014563,
        0.007071808808450106,
        0.008144094301247129,
        0.01017416343752333,
        0.013695236040654323,
        0.019084068347562932,
        0.026977959659070988,
        0.03906152604488571,
        0.05831734101490081,
        0.0884321119308201,
        0.13057228521987002,
        0.17756488722657837,
        0.2149440589032398,
        0.22937435089155328,
        0.21550953056840733,
        0.18276639363475075,
        0.1512051158093097,
        0.1293203780727517,
        0.10727761091371846,
        0.07828744976677744,
        0.05010454117039215,
        0.031220702005704468,
        0.020837431770230543,
        0.014718814614520934,
        0.010432994467345282,
        0.007236997776154433,
        0.005361230558727581
    ],
    "clip_indices": [
        0,
        1,
        3,
        5,
        7,
        9,
        11,
        13,
        15,
        17,
        19,
        20,
        22,
        24,
        26,
        28,
        30,
        32,
        34,
        36,
        38,
        39,
        41,
        43,
        45,
        47,
        49,
        51,
        53,
        55,
        57,
        59
    ]
}