{
    "video_path": "FallVision/Fall/Stand/f_raw_s_2/S_N_330_resized.mp4",
    "active_window": [
        7,
        12
    ],
    "varying_k": 6,
    "detection_status": "Global Event Zone",
    "saliency_weights": [
        0.0033773088449207548,
        0.004404228945289138,
        0.006026353450134121,
        0.009047533586457303,
        0.017603281876015887,
        0.04056203859440961,
        0.09042372308369906,
        0.16655939732847286,
        0.23535249757584603,
        0.25748554731785384,
        0.23012349015419792,
        0.1777608693770512,
        0.12536488246455482,
        0.08881037220137852,
        0.0718987735571606,
        0.06935200096530837,
        0.07258721527602198,
        0.07371151208849161,
        0.06953369666376738,
        0.06140915540672183,
        0.05107468521428944,
        0.03917179456501256,
        0.027056555334652635,
        0.017390294966304634,
        0.011671135617549698,
        0.00890835404569905,
        0.007534907625881894,
        0.006733044367233724,
        0.006143103689680851,
        0.0055051208132605185,
        0.004750230455504838,
        0.0041782909475674285
    ],
    "clip_indices": [
        0,
        2,
        5,
        8,
        11,
        14,
        17,
        20,
        22,
        25,
        28,
        31,
        34,
        37,
        40,
        43,
        45,
        48,
        51,
        54,
        57,
        60,
        63,
        66,
        68,
        71,
        74,
        77,
        80,
        83,
        86,
        89
    ]
}