{
    "video_path": "FallVision/Fall/Stand/f_raw_s_2/S_N_286.mp4",
    "active_window": [
        9,
        14
    ],
    "varying_k": 6,
    "detection_status": "Global Event Zone",
    "saliency_weights": [
        0.00737163879227075,
        0.011213465016143584,
        0.01741232310879097,
        0.0241302193828324,
        0.029332968661993433,
        0.031841435686831,
        0.033350559041337186,
        0.039830070963375916,
        0.062954104089738,
        0.11545146784497276,
        0.2008347608336447,
        0.2994431683956752,
        0.35463884971163784,
        0.31368821353542453,
        0.20190295235624586,
        0.09822151867298651,
        0.04290976486476521,
        0.022195761231375344,
        0.014661564811695301,
        0.011802493772574498,
        0.011329447399396307,
        0.011607788232975428,
        0.011602358512688201,
        0.011269768374541113,
        0.01088628927142948,
        0.01060437094386743,
        0.010505770526324159,
        0.010632830628834022,
        0.010758116240194411,
        0.010277878109665357,
        0.008976124002922352,
        0.007751722807852823
    ],
    "clip_indices": [
        0,
        3,
        6,
        9,
        12,
        16,
        19,
        22,
        25,
        29,
        32,
        35,
        38,
        41,
        45,
        48,
        51,
        54,
        58,
        61,
        64,
        67,
        70,
        74,
        77,
        80,
        83,
        87,
        90,
        93,
        96,
        100
    ]
}