{
    "video_path": "FallVision/Fall/Stand/f_raw_s_2/S_N_461_resized.mp4",
    "active_window": [
        5,
        11
    ],
    "varying_k": 7,
    "detection_status": "Global Event Zone",
    "saliency_weights": [
        0.002964642018432575,
        0.004095995285787556,
        0.008830419154618543,
        0.027200350458368137,
        0.07907733611948234,
        0.16865054053222567,
        0.25603789149842304,
        0.2949271432229909,
        0.2829767751707772,
        0.24402841927703955,
        0.19445356733783561,
        0.14149140837663576,
        0.09299771377779753,
        0.05713622132806325,
        0.035508919780555676,
        0.023881486227692882,
        0.017933057868444686,
        0.015188322646546643,
        0.01415493871847846,
        0.013696340131455726,
        0.013083739520515912,
        0.01202995151276945,
        0.010568974361659246,
        0.00895501697574713,
        0.007487818544907076,
        0.00639524244993081,
        0.005726686449887422,
        0.005302336580038768,
        0.004906987532879067,
        0.004437900955047314,
        0.003925924936875422,
        0.0035613607060012717
    ],
    "clip_indices": [
        0,
        1,
        3,
        5,
        7,
        9,
        11,
        13,
        15,
        17,
        19,
        21,
        23,
        25,
        27,
        29,
        30,
        32,
        34,
        36,
        38,
        40,
        42,
        44,
        46,
        48,
        50,
        52,
        54,
        56,
        58,
        60
    ]
}