{
    "video_path": "FallVision/Fall/Stand/f_raw_s_2/S_N_89_resized.mp4",
    "active_window": [
        8,
        15
    ],
    "varying_k": 8,
    "detection_status": "Global Event Zone",
    "saliency_weights": [
        0.003191842603765071,
        0.0038406878148776785,
        0.00463082727099442,
        0.005243584847617463,
        0.006302045345135492,
        0.010463592418340963,
        0.02395660822231132,
        0.05556169046060873,
        0.11279801958852526,
        0.1905089896528787,
        0.2571124259322763,
        0.2768219375312364,
        0.24813033500725862,
        0.19654952500637426,
        0.14536523151800268,
        0.1067080828154124,
        0.08358348353497522,
        0.07250242687094541,
        0.06569985567996624,
        0.05489085332421258,
        0.03879766841360853,
        0.023829588080040605,
        0.014830379262239065,
        0.01074220645057257,
        0.008846001605408644,
        0.007710726011397146,
        0.006879295461297108,
        0.006256714890572014,
        0.00576963813366697,
        0.0052364864448061705,
        0.004586754983716801,
        0.004086174331313589
    ],
    "clip_indices": [
        0,
        5,
        11,
        17,
        23,
        28,
        34,
        40,
        46,
        51,
        57,
        63,
        69,
        75,
        80,
        86,
        92,
        98,
        103,
        109,
        115,
        121,
        127,
        132,
        138,
        144,
        150,
        155,
        161,
        167,
        173,
        179
    ]
}