{
    "video_path": "FallVision/Fall/Stand/f_raw_s_2/S_N_166.mp4",
    "active_window": [
        7,
        12
    ],
    "varying_k": 6,
    "detection_status": "Global Event Zone",
    "saliency_weights": [
        0.005637642677242932,
        0.00946785717173175,
        0.014542466870798632,
        0.019605100606264452,
        0.027492544238685378,
        0.04355759900109833,
        0.07297891023326719,
        0.11514195217270123,
        0.15673274555004943,
        0.179440377052322,
        0.17294485749474092,
        0.1389220572096332,
        0.0931060959500333,
        0.055655714709961876,
        0.03464193509940712,
        0.027252187204357466,
        0.03138345148332046,
        0.0474466976064324,
        0.07163416192366975,
        0.09406154439613501,
        0.10387359433134119,
        0.09447700004512094,
        0.07030953288656364,
        0.04714835544335842,
        0.037948052132431714,
        0.04393327501049488,
        0.05700282424948239,
        0.0634568459273674,
        0.05546510775917876,
        0.038828891241679785,
        0.023124898566826726,
        0.013846064108340418
    ],
    "clip_indices": [
        0,
        2,
        5,
        8,
        11,
        14,
        17,
        20,
        22,
        25,
        28,
        31,
        34,
        37,
        40,
        43,
        45,
        48,
        51,
        54,
        57,
        60,
        63,
        66,
        68,
        71,
        74,
        77,
        80,
        83,
        86,
        89
    ]
}