{
    "video_path": "FallVision/Fall/Stand/f_raw_s_2/S_N_558_resized.mp4",
    "active_window": [
        8,
        14
    ],
    "varying_k": 7,
    "detection_status": "Global Event Zone",
    "saliency_weights": [
        0.007230271751148619,
        0.01119020624294953,
        0.015813099685436524,
        0.018765764354054117,
        0.021571266193145158,
        0.028352241787882586,
        0.044861907198747566,
        0.0785318335880986,
        0.13637592803479914,
        0.2134836863715851,
        0.2786456058600164,
        0.2958113902926924,
        0.26187628108315625,
        0.20084231447023998,
        0.13721071384231961,
        0.08604959244661514,
        0.05166825454298578,
        0.030918595873543266,
        0.019270433573785155,
        0.013310117033820462,
        0.010704400307072984,
        0.0098433893577193,
        0.009770695686311125,
        0.010052894804661757,
        0.010393767686582397,
        0.010456012701865757,
        0.0100905761697827,
        0.009471127970059022,
        0.008728868749380876,
        0.007721441206064331,
        0.0064461204142285886,
        0.005464623976816093
    ],
    "clip_indices": [
        0,
        2,
        5,
        8,
        11,
        14,
        17,
        20,
        22,
        25,
        28,
        31,
        34,
        37,
        40,
        43,
        45,
        48,
        51,
        54,
        57,
        60,
        63,
        66,
        68,
        71,
        74,
        77,
        80,
        83,
        86,
        89
    ]
}