{
    "video_path": "FallVision/Fall/Stand/f_raw_s_2/S_N_488_resized.mp4",
    "active_window": [
        18,
        25
    ],
    "varying_k": 8,
    "detection_status": "Global Event Zone",
    "saliency_weights": [
        0.003280865237824084,
        0.00480048267429935,
        0.006657327382317053,
        0.007849609165736047,
        0.008336737413049206,
        0.008488059042728122,
        0.008544703023193972,
        0.008618715738937487,
        0.008792373977228114,
        0.00915055483145041,
        0.009783507259711588,
        0.010808329585692271,
        0.012445292419021401,
        0.015309985794341053,
        0.02107119621489907,
        0.033472268033065605,
        0.058910687257408015,
        0.10158436501570356,
        0.15301384676510357,
        0.19429157951795994,
        0.21428055887647735,
        0.21589918733671326,
        0.20626955041762118,
        0.19009062459720621,
        0.16779946497218834,
        0.1368551823356527,
        0.09889043835946176,
        0.06342285491371297,
        0.03838026961061401,
        0.022937837558669495,
        0.013358879049572942,
        0.008322161845947378
    ],
    "clip_indices": [
        0,
        1,
        3,
        5,
        7,
        9,
        11,
        13,
        15,
        17,
        19,
        20,
        22,
        24,
        26,
        28,
        30,
        32,
        34,
        36,
        38,
        39,
        41,
        43,
        45,
        47,
        49,
        51,
        53,
        55,
        57,
        59
    ]
}