{
    "video_path": "FallVision/Fall/Stand/f_raw_s_2/S_N_56.mp4",
    "active_window": [
        10,
        23
    ],
    "varying_k": 14,
    "detection_status": "Global Event Zone",
    "saliency_weights": [
        0.012455029500030515,
        0.022707620341558196,
        0.03534891376898519,
        0.04395293292414272,
        0.048882868352615,
        0.05304913660596197,
        0.057643649178843945,
        0.0626419612348235,
        0.06811009948201782,
        0.07415915765945724,
        0.08036182769792788,
        0.08550880225190355,
        0.08763733633585963,
        0.08535533954874694,
        0.08008736813527281,
        0.07531120119917048,
        0.0736703770842922,
        0.07617527164161421,
        0.08271378963760179,
        0.09168950537496043,
        0.09879315840773828,
        0.09836201607927128,
        0.08946273822522133,
        0.07771572936636298,
        0.06853355654937089,
        0.06309634206779076,
        0.06030647419649356,
        0.05827970066727249,
        0.05430327468714839,
        0.04508570691206619,
        0.03076417553107039,
        0.01903519067652694
    ],
    "clip_indices": [
        0,
        1,
        3,
        4,
        6,
        7,
        9,
        10,
        12,
        13,
        15,
        16,
        18,
        19,
        21,
        22,
        24,
        25,
        27,
        28,
        30,
        31,
        33,
        34,
        36,
        37,
        39,
        40,
        42,
        43,
        45,
        47
    ]
}