{
    "video_path": "FallVision/Fall/Stand/f_raw_s_2/S_N_33.mp4",
    "active_window": [
        19,
        26
    ],
    "varying_k": 8,
    "detection_status": "Global Event Zone",
    "saliency_weights": [
        0.006724502227268673,
        0.010874110264932749,
        0.01579306516076131,
        0.01873167995548773,
        0.019974372914012904,
        0.021162150276346166,
        0.023536289219881684,
        0.02748015412128682,
        0.03219279485757922,
        0.03625799942462569,
        0.038459813074997365,
        0.03817418990745722,
        0.035789486534912,
        0.03251922825578847,
        0.030034679585599335,
        0.03058154805449495,
        0.03743151500108443,
        0.0552890772892642,
        0.08944001436151335,
        0.13975607982657956,
        0.18866826237649217,
        0.20636817522783457,
        0.18480070294256196,
        0.14883806675064465,
        0.12262789972787036,
        0.10930780349731628,
        0.10125973220558775,
        0.08975756367699117,
        0.07091576204416304,
        0.048755186946934106,
        0.02964627610208568,
        0.018344845574771295
    ],
    "clip_indices": [
        0,
        1,
        2,
        4,
        5,
        7,
        8,
        9,
        11,
        12,
        14,
        15,
        17,
        18,
        19,
        21,
        22,
        24,
        25,
        26,
        28,
        29,
        31,
        32,
        34,
        35,
        36,
        38,
        39,
        41,
        42,
        44
    ]
}