{
    "video_path": "FallVision/Fall/Stand/f_raw_s_2/S_N_259.mp4",
    "active_window": [
        3,
        9
    ],
    "varying_k": 7,
    "detection_status": "Global Event Zone",
    "saliency_weights": [
        0.01652363561491438,
        0.03961445216274294,
        0.09445342066797999,
        0.1763415747213369,
        0.24516533574773103,
        0.2620836858497243,
        0.2337253065166406,
        0.18913424574598953,
        0.146667144721888,
        0.1126911368235248,
        0.08792914141752159,
        0.07076576973106607,
        0.05849230713951489,
        0.04838541315323012,
        0.03908325863007603,
        0.030606418770929157,
        0.02363027209134635,
        0.018814113212499713,
        0.016056245182415947,
        0.014553273911185858,
        0.013728055445938253,
        0.013492545364670877,
        0.013656931100338688,
        0.013692199910243775,
        0.013266405453559529,
        0.012542691554007305,
        0.011792910028777026,
        0.011091766758773547,
        0.010286862638466045,
        0.009065240032020952,
        0.007426095430664876,
        0.00614103464833076
    ],
    "clip_indices": [
        0,
        1,
        3,
        5,
        7,
        9,
        11,
        13,
        15,
        17,
        19,
        20,
        22,
        24,
        26,
        28,
        30,
        32,
        34,
        36,
        38,
        39,
        41,
        43,
        45,
        47,
        49,
        51,
        53,
        55,
        57,
        59
    ]
}