{
    "video_path": "FallVision/Fall/Stand/f_raw_s_2/S_N_490_resized.mp4",
    "active_window": [
        14,
        19
    ],
    "varying_k": 6,
    "detection_status": "Global Event Zone",
    "saliency_weights": [
        0.005988928616476645,
        0.008390082854720537,
        0.011184967605984274,
        0.012692491945800674,
        0.012946100185485263,
        0.012749641556495862,
        0.012722599413536772,
        0.013136950893484971,
        0.013912387712046934,
        0.015048276234791685,
        0.017512608008921127,
        0.024806560336956975,
        0.04489532018824894,
        0.08795661828405288,
        0.15928324999652732,
        0.24835153075562885,
        0.3155235638233455,
        0.3132730719240465,
        0.24299598331282737,
        0.15644866507269267,
        0.0935084520843231,
        0.057266628448369515,
        0.03756694101941771,
        0.02679299475262315,
        0.020857166064067872,
        0.017681160446932017,
        0.01607422195229847,
        0.015152552564824933,
        0.014157642757066095,
        0.0124758020856701,
        0.010114621883625732,
        0.008239633259952467
    ],
    "clip_indices": [
        0,
        1,
        3,
        5,
        7,
        9,
        11,
        13,
        15,
        17,
        19,
        20,
        22,
        24,
        26,
        28,
        30,
        32,
        34,
        36,
        38,
        39,
        41,
        43,
        45,
        47,
        49,
        51,
        53,
        55,
        57,
        59
    ]
}