{
    "video_path": "FallVision/Fall/Stand/f_raw_s_2/S_N_92_resized.mp4",
    "active_window": [
        11,
        18
    ],
    "varying_k": 8,
    "detection_status": "Global Event Zone",
    "saliency_weights": [
        0.0023894973375620946,
        0.002737772206047099,
        0.0031538331618734742,
        0.0034077786925102572,
        0.0035298741950013767,
        0.00375023107226453,
        0.004618832122375243,
        0.007720412835930505,
        0.016537113889443976,
        0.03530574956404433,
        0.06673146104269469,
        0.11037894775573233,
        0.16063866707879604,
        0.20873036876362744,
        0.24669530802250533,
        0.2667433847445381,
        0.2591670518765359,
        0.218147853231472,
        0.15577222399089652,
        0.09846283850522985,
        0.06116490351070035,
        0.03931340786426252,
        0.024838689780717522,
        0.015085082938418759,
        0.009602467155279062,
        0.007171641710056597,
        0.006313317256712921,
        0.005962568848153054,
        0.005527078941525387,
        0.004853071261832561,
        0.00406184902165766,
        0.003490368028037381
    ],
    "clip_indices": [
        0,
        2,
        5,
        8,
        11,
        14,
        17,
        20,
        22,
        25,
        28,
        31,
        34,
        37,
        40,
        43,
        45,
        48,
        51,
        54,
        57,
        60,
        63,
        66,
        68,
        71,
        74,
        77,
        80,
        83,
        86,
        89
    ]
}