{
    "video_path": "FallVision/Fall/Stand/f_raw_s_2/S_N_331_resized.mp4",
    "active_window": [
        6,
        12
    ],
    "varying_k": 7,
    "detection_status": "Global Event Zone",
    "saliency_weights": [
        0.006174704621353163,
        0.011017073749495338,
        0.021266997750079127,
        0.037836838192700034,
        0.06154850801445332,
        0.09591620771889467,
        0.14821774314942202,
        0.21541009434562083,
        0.2676420977195882,
        0.2724085503552808,
        0.2318593801218061,
        0.17233583235521188,
        0.11699533093261155,
        0.0779639240754346,
        0.05629528705151487,
        0.046090973139506955,
        0.040593910091782176,
        0.03505048437229079,
        0.028118350841900834,
        0.021204173253328296,
        0.01576178566637021,
        0.012097800345084456,
        0.009872488402723905,
        0.008554463847612742,
        0.007729907641571816,
        0.0072065395543389485,
        0.006898598992229657,
        0.006718470575555939,
        0.006509655960281486,
        0.006041289433610658,
        0.005275635659661108,
        0.004634165292577685
    ],
    "clip_indices": [
        0,
        1,
        3,
        5,
        7,
        9,
        11,
        13,
        14,
        16,
        18,
        20,
        22,
        24,
        26,
        28,
        29,
        31,
        33,
        35,
        37,
        39,
        41,
        43,
        44,
        46,
        48,
        50,
        52,
        54,
        56,
        58
    ]
}