{
    "video_path": "FallVision/Fall/Stand/f_raw_s_2/S_N_139_resized.mp4",
    "active_window": [
        5,
        12
    ],
    "varying_k": 8,
    "detection_status": "Global Event Zone",
    "saliency_weights": [
        0.0038736877877688183,
        0.006436876623344358,
        0.012765603068902327,
        0.026868322710474526,
        0.05625983595564836,
        0.1050190225354411,
        0.16471292251229896,
        0.21795685393227882,
        0.24489803445254502,
        0.23369537391229628,
        0.19409263130242194,
        0.1475687464717361,
        0.10887856837651563,
        0.08314092380371232,
        0.06913631834414694,
        0.06243999141510126,
        0.058229377704263605,
        0.052851392780333725,
        0.045306206015678745,
        0.03690835655956809,
        0.029017591095197443,
        0.022116785217753232,
        0.016448196295872103,
        0.012347429427354159,
        0.009830010075623254,
        0.0083563194985018,
        0.007356425603632016,
        0.006565243326825804,
        0.005853128223151639,
        0.0050827299439811895,
        0.004247593453031475,
        0.0036457091678169145
    ],
    "clip_indices": [
        0,
        1,
        3,
        5,
        7,
        9,
        11,
        13,
        15,
        17,
        19,
        21,
        23,
        25,
        27,
        29,
        30,
        32,
        34,
        36,
        38,
        40,
        42,
        44,
        46,
        48,
        50,
        52,
        54,
        56,
        58,
        60
    ]
}