{
    "video_path": "FallVision/Fall/Stand/f_raw_s_2/S_N_522_resized.mp4",
    "active_window": [
        8,
        16
    ],
    "varying_k": 9,
    "detection_status": "Global Event Zone",
    "saliency_weights": [
        0.003220756813193633,
        0.004404302293326324,
        0.00600141696585826,
        0.007909542898592027,
        0.011838829391746897,
        0.02075484881494379,
        0.038285145710272875,
        0.06836118424840319,
        0.11342068403991862,
        0.16854733983056003,
        0.21428288456663297,
        0.22857497724893444,
        0.20813148652124153,
        0.1675709770365027,
        0.1279803103138759,
        0.10598890183490217,
        0.10090776286298027,
        0.09846023419978836,
        0.08878731722068808,
        0.07230862755825493,
        0.05367094675343338,
        0.037447401940576566,
        0.025976306581274408,
        0.01891102239561426,
        0.014825085122271042,
        0.012264483914351702,
        0.010326057857059262,
        0.008820265401812214,
        0.0076796360900567955,
        0.006561174628765441,
        0.005291268369641819,
        0.004335326064567683
    ],
    "clip_indices": [
        0,
        1,
        3,
        5,
        7,
        9,
        11,
        13,
        15,
        17,
        19,
        20,
        22,
        24,
        26,
        28,
        30,
        32,
        34,
        36,
        38,
        39,
        41,
        43,
        45,
        47,
        49,
        51,
        53,
        55,
        57,
        59
    ]
}