{
    "video_path": "FallVision/Fall/Stand/f_raw_s_2/S_N_98_resized.mp4",
    "active_window": [
        12,
        17
    ],
    "varying_k": 6,
    "detection_status": "Global Event Zone",
    "saliency_weights": [
        0.003871440276526551,
        0.004625984285020468,
        0.0055051523201947936,
        0.005990173334905376,
        0.00611464948655129,
        0.006146620661365424,
        0.006329121824481197,
        0.00721800323335739,
        0.010660985171039092,
        0.02190948121377255,
        0.051518237799991824,
        0.1088268863857138,
        0.1896134649299197,
        0.27247712451327943,
        0.3207980136341658,
        0.3035414390725166,
        0.23311495924550657,
        0.1562051433981795,
        0.10215428126877851,
        0.06885600258623281,
        0.04656625400588198,
        0.030831658798951667,
        0.02034294625036054,
        0.01412994944741492,
        0.011014109624215878,
        0.009623776655010258,
        0.008895600672143468,
        0.008339889948466081,
        0.007732166335609874,
        0.0068972398723329284,
        0.005863524873026528,
        0.005080452219634361
    ],
    "clip_indices": [
        0,
        2,
        5,
        8,
        11,
        14,
        17,
        19,
        22,
        25,
        28,
        31,
        34,
        36,
        39,
        42,
        45,
        48,
        51,
        53,
        56,
        59,
        62,
        65,
        68,
        70,
        73,
        76,
        79,
        82,
        85,
        88
    ]
}