{
    "video_path": "FallVision/Fall/Stand/f_raw_s_2/S_N_309.mp4",
    "active_window": [
        7,
        13
    ],
    "varying_k": 7,
    "detection_status": "Global Event Zone",
    "saliency_weights": [
        0.0033767427417819513,
        0.004145999484775857,
        0.0054429498467852225,
        0.007905979795922762,
        0.014592218983675923,
        0.03254109385418234,
        0.07310010014632422,
        0.1413682100931269,
        0.221921785978696,
        0.2873942911304749,
        0.3142582289280636,
        0.2918413051981189,
        0.23187096856752315,
        0.15981519336862327,
        0.09677077777972723,
        0.05346052571707231,
        0.029606096479014972,
        0.017908868159413976,
        0.011875578629900869,
        0.008460723984437741,
        0.006497823866882383,
        0.005440499761327334,
        0.004928946335340885,
        0.004673254939456577,
        0.004500187515100625,
        0.004372781050381409,
        0.00429120071683216,
        0.004223062402378073,
        0.004112079085221014,
        0.0039023930947084755,
        0.0036058364297033535,
        0.003370932863730157
    ],
    "clip_indices": [
        0,
        2,
        5,
        8,
        11,
        14,
        17,
        20,
        22,
        25,
        28,
        31,
        34,
        37,
        40,
        43,
        45,
        48,
        51,
        54,
        57,
        60,
        63,
        66,
        68,
        71,
        74,
        77,
        80,
        83,
        86,
        89
    ]
}