{
    "video_path": "FallVision/Fall/Stand/f_raw_s_2/S_N_96_resized.mp4",
    "active_window": [
        11,
        17
    ],
    "varying_k": 7,
    "detection_status": "Global Event Zone",
    "saliency_weights": [
        0.0038377961141696925,
        0.004422105498835551,
        0.005106496872100302,
        0.005492521270496344,
        0.005611197073749525,
        0.005704445106028645,
        0.006077173264098203,
        0.007441221180792366,
        0.011925132442141554,
        0.025340545363201954,
        0.059117028088990546,
        0.12275295918105766,
        0.20985941999729651,
        0.2953738000350767,
        0.3399577312826277,
        0.31245362538581933,
        0.22921483658834058,
        0.1429338776790301,
        0.08545849631379521,
        0.0527863420013896,
        0.03284277073381181,
        0.020192838029088063,
        0.012930917257396266,
        0.009296883759338903,
        0.007758593589214588,
        0.007360633966803474,
        0.007465708784179547,
        0.007536034692555897,
        0.007230686456326337,
        0.006530976633310695,
        0.005649288826218637,
        0.00500180758764808
    ],
    "clip_indices": [
        0,
        2,
        5,
        8,
        11,
        14,
        17,
        19,
        22,
        25,
        28,
        31,
        34,
        36,
        39,
        42,
        45,
        48,
        51,
        53,
        56,
        59,
        62,
        65,
        68,
        70,
        73,
        76,
        79,
        82,
        85,
        88
    ]
}