{
    "video_path": "FallVision/Fall/Stand/f_raw_s_2/S_N_380_resized.mp4",
    "active_window": [
        21,
        28
    ],
    "varying_k": 8,
    "detection_status": "Global Event Zone",
    "saliency_weights": [
        0.00390680194497865,
        0.005418867174947296,
        0.007152177958584341,
        0.008054732603726227,
        0.00822706819313316,
        0.008202014512338462,
        0.008211733994809763,
        0.008273733585854533,
        0.00841176996639562,
        0.00864061225976203,
        0.008879159937542451,
        0.009045817243503299,
        0.009243143241151486,
        0.009760925944165041,
        0.01102569245736646,
        0.013740184316112111,
        0.019130981682002567,
        0.028802162979082137,
        0.04401978480397882,
        0.06508630449588562,
        0.09080566694569564,
        0.11969297587435271,
        0.1536770551993296,
        0.19622678897644724,
        0.23977748439704355,
        0.26172173674889315,
        0.24577005195618595,
        0.19703335654340698,
        0.13278436689663817,
        0.07432759523044775,
        0.036198034900446124,
        0.018850562938074404
    ],
    "clip_indices": [
        0,
        1,
        3,
        4,
        6,
        7,
        9,
        10,
        12,
        13,
        15,
        16,
        18,
        19,
        21,
        22,
        24,
        25,
        27,
        28,
        30,
        31,
        33,
        34,
        36,
        37,
        39,
        40,
        42,
        43,
        45,
        47
    ]
}