{
    "video_path": "FallVision/Fall/Stand/f_raw_s_2/S_N_545_resized.mp4",
    "active_window": [
        10,
        16
    ],
    "varying_k": 7,
    "detection_status": "Global Event Zone",
    "saliency_weights": [
        0.0034202691415341495,
        0.00392535382732965,
        0.004491385171866999,
        0.004775306212279543,
        0.004888434579219468,
        0.005240807777143051,
        0.006855945428612056,
        0.013514353016790978,
        0.034172260284712916,
        0.0787958756172378,
        0.15006410756383343,
        0.23673161525348785,
        0.30722575707459554,
        0.32671290194673197,
        0.2897637919083429,
        0.2190813230363692,
        0.14286471239842735,
        0.08240756455163756,
        0.04483869654476426,
        0.02482716224940036,
        0.01480680369142055,
        0.009852762715826253,
        0.0073567913648280425,
        0.006092293201955062,
        0.005476938561844109,
        0.005198951202323238,
        0.005078578363416335,
        0.0050091640959164085,
        0.004898366809278236,
        0.004648440930920449,
        0.004259171117137389,
        0.0039397304024308705
    ],
    "clip_indices": [
        0,
        2,
        5,
        8,
        11,
        14,
        17,
        20,
        22,
        25,
        28,
        31,
        34,
        37,
        40,
        43,
        45,
        48,
        51,
        54,
        57,
        60,
        63,
        66,
        68,
        71,
        74,
        77,
        80,
        83,
        86,
        89
    ]
}