{
    "video_path": "FallVision/Fall/Stand/f_raw_s_2/S_N_263.mp4",
    "active_window": [
        8,
        13
    ],
    "varying_k": 6,
    "detection_status": "Global Event Zone",
    "saliency_weights": [
        0.004976401356372173,
        0.006739493611716999,
        0.008813734903290689,
        0.010377034216920425,
        0.013097857497924673,
        0.022096177490824584,
        0.04680214190227569,
        0.09622672024540943,
        0.1701684908660721,
        0.25071141948687947,
        0.2951816040001657,
        0.2679299863126596,
        0.1902939584853064,
        0.11710072765636395,
        0.07508578724101325,
        0.05705712944086201,
        0.0500639668902417,
        0.04701847114754526,
        0.04480367856784004,
        0.04206937955439293,
        0.03867201966654828,
        0.03520014284565452,
        0.03182709380558389,
        0.028016080599269404,
        0.023678993236246226,
        0.019705344430160893,
        0.01674251862909346,
        0.014398335633681963,
        0.012083908394125509,
        0.009717127497725173,
        0.00758765095346962,
        0.006240188207277719
    ],
    "clip_indices": [
        0,
        2,
        5,
        8,
        11,
        14,
        17,
        20,
        22,
        25,
        28,
        31,
        34,
        37,
        40,
        43,
        45,
        48,
        51,
        54,
        57,
        60,
        63,
        66,
        68,
        71,
        74,
        77,
        80,
        83,
        86,
        89
    ]
}