{
    "video_path": "FallVision/Fall/Stand/f_raw_s_2/S_N_22.mp4",
    "active_window": [
        7,
        19
    ],
    "varying_k": 13,
    "detection_status": "Global Event Zone",
    "saliency_weights": [
        0.004144835911576675,
        0.006342243609486818,
        0.009353518493694079,
        0.012982211191060258,
        0.020491321537787592,
        0.03860905455996351,
        0.07558805522122272,
        0.12938620217088653,
        0.1742599812779303,
        0.18273903489930665,
        0.15864711129395603,
        0.1258602864028575,
        0.10112337036205848,
        0.08961446145920061,
        0.09045300003105253,
        0.10017109288338898,
        0.11404473562129075,
        0.12577064939627203,
        0.127052746572278,
        0.11106920953308802,
        0.08150004534276824,
        0.05241398104375086,
        0.03341687839680085,
        0.023119523395920667,
        0.017083399376101035,
        0.013130225848414567,
        0.010562050471801417,
        0.00893309623871459,
        0.007779153755931909,
        0.006628565152055462,
        0.005324746878418253,
        0.004349981306279992
    ],
    "clip_indices": [
        0,
        1,
        2,
        4,
        5,
        7,
        8,
        9,
        11,
        12,
        14,
        15,
        17,
        18,
        19,
        21,
        22,
        24,
        25,
        26,
        28,
        29,
        31,
        32,
        34,
        35,
        36,
        38,
        39,
        41,
        42,
        44
    ]
}