{
    "video_path": "FallVision/Fall/Stand/f_raw_s_2/S_N_426.mp4",
    "active_window": [
        12,
        18
    ],
    "varying_k": 7,
    "detection_status": "Global Event Zone",
    "saliency_weights": [
        0.007471098535163774,
        0.013763575119122226,
        0.02428179053656366,
        0.03760093488346558,
        0.053639032749658457,
        0.07121403294859771,
        0.08570061644215476,
        0.09243680362202585,
        0.09154232328587578,
        0.08655826781211237,
        0.08203029506185316,
        0.08368311739669398,
        0.0985359586354564,
        0.12881562362758397,
        0.16186661265833535,
        0.17721368203483318,
        0.1667324347758487,
        0.13776926080854968,
        0.10255567335285565,
        0.07163560513822112,
        0.04996502786306122,
        0.03672925916665083,
        0.02925881421546505,
        0.025242492437657502,
        0.0231446660327282,
        0.02209792683622456,
        0.021546579320016156,
        0.020955919771587762,
        0.01961325912757566,
        0.016677135807690622,
        0.012290984957994178,
        0.008751688276483705
    ],
    "clip_indices": [
        0,
        1,
        3,
        5,
        7,
        9,
        11,
        13,
        15,
        17,
        19,
        20,
        22,
        24,
        26,
        28,
        30,
        32,
        34,
        36,
        38,
        39,
        41,
        43,
        45,
        47,
        49,
        51,
        53,
        55,
        57,
        59
    ]
}