{
    "video_path": "FallVision/Fall/Stand/f_raw_s_2/S_N_530_resized.mp4",
    "active_window": [
        7,
        12
    ],
    "varying_k": 6,
    "detection_status": "Global Event Zone",
    "saliency_weights": [
        0.0040752465476409745,
        0.005658237427742109,
        0.008280427914216074,
        0.013007821424548746,
        0.024787396531534986,
        0.05250674249282419,
        0.10694040508746164,
        0.188314357865381,
        0.2705838546769205,
        0.31761729454798016,
        0.3103443199050778,
        0.25255987556394344,
        0.17144742302445046,
        0.1012543138999207,
        0.056586501693378505,
        0.032523190246234755,
        0.02033358229266595,
        0.014147398050100195,
        0.010877547530452081,
        0.009154455725937724,
        0.008415533787421032,
        0.00838263429879883,
        0.008722324753763888,
        0.008968397851377954,
        0.00883070954212548,
        0.008369566844080436,
        0.007794798484882205,
        0.007291181722318364,
        0.006865049679612375,
        0.006285754017408109,
        0.005461459888338739,
        0.0047904681298805265
    ],
    "clip_indices": [
        0,
        1,
        3,
        5,
        7,
        9,
        11,
        13,
        15,
        17,
        19,
        20,
        22,
        24,
        26,
        28,
        30,
        32,
        34,
        36,
        38,
        39,
        41,
        43,
        45,
        47,
        49,
        51,
        53,
        55,
        57,
        59
    ]
}