{
    "video_path": "FallVision/Fall/Stand/f_raw_s_2/S_N_138_resized.mp4",
    "active_window": [
        9,
        15
    ],
    "varying_k": 7,
    "detection_status": "Global Event Zone",
    "saliency_weights": [
        0.00395924202838082,
        0.004489328757313999,
        0.005122430332734156,
        0.005578290967107384,
        0.006172280106495657,
        0.00792901948125167,
        0.013240460770330838,
        0.02773160933173984,
        0.06185011045770987,
        0.1246574048822372,
        0.21230596794502557,
        0.3016464787925852,
        0.34739617538335976,
        0.312118948067361,
        0.21760529663652584,
        0.1257263404634954,
        0.07038321126814426,
        0.04497289526736075,
        0.0336590817307305,
        0.026979684726901813,
        0.02134250016352663,
        0.01640916264231858,
        0.01258719470347007,
        0.009906830621946689,
        0.008139358690325066,
        0.0069924058848247865,
        0.006239115812447616,
        0.005753713553432228,
        0.00542746678283879,
        0.005113495947469295,
        0.004746442724014265,
        0.004465526734278019
    ],
    "clip_indices": [
        0,
        2,
        5,
        8,
        11,
        14,
        17,
        20,
        23,
        26,
        29,
        31,
        34,
        37,
        40,
        43,
        46,
        49,
        52,
        55,
        58,
        60,
        63,
        66,
        69,
        72,
        75,
        78,
        81,
        84,
        87,
        90
    ]
}