{
    "video_path": "FallVision/Fall/Stand/f_raw_s_2/S_N_568_resized.mp4",
    "active_window": [
        14,
        21
    ],
    "varying_k": 8,
    "detection_status": "Global Event Zone",
    "saliency_weights": [
        0.002453133176057073,
        0.0027602569605047287,
        0.0031394760174573615,
        0.003421825317760971,
        0.0037181731854470748,
        0.004409815450636739,
        0.0061881151310507875,
        0.010029664542293492,
        0.017028864001787797,
        0.02769663981831949,
        0.04097481292707699,
        0.055174243879008156,
        0.07010908390676471,
        0.0893928011361124,
        0.12200521217857456,
        0.17373010770248276,
        0.2306137928147316,
        0.26430270586049853,
        0.2586934131773943,
        0.21876553105124144,
        0.16138678838663123,
        0.1066311576704849,
        0.0665615835986651,
        0.04138821517391654,
        0.026609925835406625,
        0.017781364914047054,
        0.012011405436177729,
        0.00817194621322426,
        0.005822033829365031,
        0.004434361907706569,
        0.00356164500936669,
        0.003089535180517239
    ],
    "clip_indices": [
        0,
        5,
        11,
        17,
        23,
        28,
        34,
        40,
        46,
        51,
        57,
        63,
        69,
        75,
        80,
        86,
        92,
        98,
        103,
        109,
        115,
        121,
        127,
        132,
        138,
        144,
        150,
        155,
        161,
        167,
        173,
        179
    ]
}