{
    "video_path": "FallVision/Fall/Stand/f_raw_s_2/S_N_117_resized.mp4",
    "active_window": [
        10,
        16
    ],
    "varying_k": 7,
    "detection_status": "Global Event Zone",
    "saliency_weights": [
        0.002877962506958098,
        0.0032335081648816634,
        0.0036927522125336657,
        0.004084435905228282,
        0.004538868778439098,
        0.005426212455357304,
        0.007595906099821203,
        0.01370388280085175,
        0.029915752025115063,
        0.06437308486601831,
        0.12290301955173669,
        0.2011016704562076,
        0.27413991831258677,
        0.309731363352157,
        0.29573693992711125,
        0.24301025047838087,
        0.17371491158223373,
        0.11087770345659952,
        0.0661474422810038,
        0.038437103250651763,
        0.022564389266596763,
        0.013962687886846781,
        0.009471478409341556,
        0.007115166852756651,
        0.005774071927272665,
        0.004940895484618549,
        0.004406769607154573,
        0.004071122638094553,
        0.003850253501330037,
        0.0036434260964514674,
        0.003406116287271774,
        0.003225695014069049
    ],
    "clip_indices": [
        0,
        1,
        3,
        5,
        7,
        9,
        11,
        13,
        15,
        17,
        19,
        20,
        22,
        24,
        26,
        28,
        30,
        32,
        34,
        36,
        38,
        39,
        41,
        43,
        45,
        47,
        49,
        51,
        53,
        55,
        57,
        59
    ]
}