{
    "video_path": "FallVision/Fall/Stand/f_raw_s_2/S_N_430.mp4",
    "active_window": [
        16,
        23
    ],
    "varying_k": 8,
    "detection_status": "Global Event Zone",
    "saliency_weights": [
        0.0031697588413441714,
        0.003954524171437308,
        0.004884002017737699,
        0.005440056138254556,
        0.005687791651227088,
        0.005972880026155719,
        0.006627994368536075,
        0.007968242013405517,
        0.010303294609554568,
        0.01380697039311357,
        0.018322231441375292,
        0.023676267348157,
        0.03026292064995576,
        0.03933233328492362,
        0.05340562219233572,
        0.07719780860395495,
        0.11775916665485267,
        0.17755623685493083,
        0.2404472496326539,
        0.2762187089082977,
        0.26906787088364637,
        0.22765221008914,
        0.16979595020199484,
        0.11232002216077387,
        0.06642352924366257,
        0.03609162770813659,
        0.019957980211090343,
        0.01267712157676441,
        0.009096111484113604,
        0.0068421004020295315,
        0.0052572893914380045,
        0.004356514174692587
    ],
    "clip_indices": [
        0,
        2,
        5,
        8,
        11,
        14,
        17,
        20,
        22,
        25,
        28,
        31,
        34,
        37,
        40,
        43,
        45,
        48,
        51,
        54,
        57,
        60,
        63,
        66,
        68,
        71,
        74,
        77,
        80,
        83,
        86,
        89
    ]
}