{
    "video_path": "FallVision/Fall/Stand/f_raw_s_2/S_N_513_resized.mp4",
    "active_window": [
        19,
        25
    ],
    "varying_k": 7,
    "detection_status": "Global Event Zone",
    "saliency_weights": [
        0.004194430281121747,
        0.005771914731117352,
        0.007642152245369129,
        0.00874887644623776,
        0.009158063286819992,
        0.009398544460427288,
        0.009796177804575638,
        0.010472776866522265,
        0.011440108174630297,
        0.012602232902082146,
        0.01375276652739096,
        0.01490710498175089,
        0.016825704464437992,
        0.020885565852304853,
        0.02853274000748394,
        0.04080708681566829,
        0.05767785800921452,
        0.07805975521348546,
        0.10066907319553424,
        0.1260629419898354,
        0.15950046569353543,
        0.20526322697129473,
        0.24821490205335794,
        0.25435351407909,
        0.2116270704945809,
        0.14907159956696894,
        0.09746165448948815,
        0.06260910402608962,
        0.039204777954564674,
        0.02345318567228356,
        0.013658599215821077,
        0.008876505061279301
    ],
    "clip_indices": [
        0,
        2,
        5,
        8,
        11,
        14,
        17,
        20,
        22,
        25,
        28,
        31,
        34,
        37,
        40,
        43,
        45,
        48,
        51,
        54,
        57,
        60,
        63,
        66,
        68,
        71,
        74,
        77,
        80,
        83,
        86,
        89
    ]
}