{
    "video_path": "FallVision/Fall/Stand/f_raw_s_2/S_N_147.mp4",
    "active_window": [
        9,
        23
    ],
    "varying_k": 15,
    "detection_status": "Global Event Zone",
    "saliency_weights": [
        0.004078451610087807,
        0.005886172561666004,
        0.007823608752305112,
        0.008784936674585046,
        0.009808886177364803,
        0.013196530189866901,
        0.02177795723148117,
        0.03938228020948995,
        0.07006379750196393,
        0.11049856857816714,
        0.1407659503051364,
        0.13986388359694574,
        0.1121889382206041,
        0.07970839923941622,
        0.05704697609376909,
        0.04772976558242842,
        0.05297039743819339,
        0.07478884063527845,
        0.11286324781509453,
        0.15971010353094717,
        0.19530739674491238,
        0.19393899857940228,
        0.15243778394242619,
        0.09826364665473727,
        0.05681751797731463,
        0.0324461863389359,
        0.019882556860286858,
        0.013767798636893012,
        0.010508250412397396,
        0.008223751853772974,
        0.006247229143824177,
        0.004929094391124039
    ],
    "clip_indices": [
        0,
        2,
        5,
        8,
        11,
        14,
        17,
        20,
        22,
        25,
        28,
        31,
        34,
        37,
        40,
        43,
        45,
        48,
        51,
        54,
        57,
        60,
        63,
        66,
        68,
        71,
        74,
        77,
        80,
        83,
        86,
        89
    ]
}