{
    "video_path": "FallVision/Fall/Stand/f_raw_s_2/S_N_299_resized.mp4",
    "active_window": [
        9,
        17
    ],
    "varying_k": 9,
    "detection_status": "Global Event Zone",
    "saliency_weights": [
        0.006493074280845967,
        0.009783614945722757,
        0.012679526826193338,
        0.012497679631356628,
        0.01091545021729028,
        0.012429783252581952,
        0.022611114814879908,
        0.04600650431261981,
        0.0825324836850036,
        0.12418552241557719,
        0.15300612763814017,
        0.15826452760859255,
        0.16080266014765532,
        0.18900543836538636,
        0.22906542786701162,
        0.23843279094918374,
        0.20324626745554158,
        0.14607431283052322,
        0.09180699265950765,
        0.05218213371099156,
        0.028515004155002455,
        0.01620618832207533,
        0.010215518164047522,
        0.0074139407058661805,
        0.00612944236395474,
        0.0055141582039094,
        0.005156789403170263,
        0.0048897400786792194,
        0.004614113305077687,
        0.004219397099982909,
        0.00370116805314742,
        0.0032975953217860713
    ],
    "clip_indices": [
        0,
        2,
        5,
        8,
        11,
        14,
        17,
        20,
        22,
        25,
        28,
        31,
        34,
        37,
        40,
        43,
        45,
        48,
        51,
        54,
        57,
        60,
        63,
        66,
        68,
        71,
        74,
        77,
        80,
        83,
        86,
        89
    ]
}