{
    "video_path": "FallVision/Fall/Stand/f_raw_s_2/S_N_73_resized.mp4",
    "active_window": [
        6,
        12
    ],
    "varying_k": 7,
    "detection_status": "Global Event Zone",
    "saliency_weights": [
        0.002939365636521257,
        0.003812954520070181,
        0.0064392722418421785,
        0.014189537021735182,
        0.034368607288314916,
        0.07377368195662122,
        0.1323568471143774,
        0.2022805208211256,
        0.2666784333727339,
        0.3044756731170938,
        0.29907252483624813,
        0.24733573437088263,
        0.17103162007360118,
        0.10285484219236266,
        0.05806527707827698,
        0.03309477175883994,
        0.02004185797676044,
        0.01320856995802374,
        0.00956471049531327,
        0.007823978954973455,
        0.007227136481644522,
        0.007028016267174002,
        0.00672364811363403,
        0.006190990311672507,
        0.005511568671195383,
        0.004835972171267666,
        0.004276922740407618,
        0.0038562115268814664,
        0.003542497293466788,
        0.003284231165553868,
        0.0030583371276942063,
        0.0029110281407835033
    ],
    "clip_indices": [
        0,
        2,
        4,
        6,
        9,
        11,
        13,
        16,
        18,
        20,
        22,
        25,
        27,
        29,
        32,
        34,
        36,
        38,
        41,
        43,
        45,
        48,
        50,
        52,
        54,
        57,
        59,
        61,
        64,
        66,
        68,
        71
    ]
}