{
    "video_path": "FallVision/Fall/Stand/f_raw_s_2/S_N_43.mp4",
    "active_window": [
        14,
        27
    ],
    "varying_k": 14,
    "detection_status": "Global Event Zone",
    "saliency_weights": [
        0.005106793285559758,
        0.008618262408152392,
        0.012778899955048656,
        0.01520936493016796,
        0.01597366726966879,
        0.016125170521894112,
        0.016274063934861208,
        0.016757408465828554,
        0.018137897049963735,
        0.02133254294477621,
        0.027617029010748997,
        0.03850521347109459,
        0.055262427807423894,
        0.0777367626666989,
        0.10246845211903786,
        0.12341220044389403,
        0.13497229943007005,
        0.13475064829122813,
        0.1267237792181669,
        0.11892480051671217,
        0.11427220618917455,
        0.10884931142322032,
        0.10061618873774325,
        0.09333214350574515,
        0.0911815760776655,
        0.09444671772697974,
        0.09841043224136203,
        0.09415159499336001,
        0.07706745592642458,
        0.05305798535679858,
        0.03116045124199654,
        0.017930657915267316
    ],
    "clip_indices": [
        0,
        1,
        3,
        4,
        6,
        7,
        9,
        10,
        12,
        13,
        15,
        16,
        18,
        19,
        21,
        22,
        24,
        25,
        27,
        28,
        30,
        31,
        33,
        34,
        36,
        37,
        39,
        40,
        42,
        43,
        45,
        47
    ]
}