{
    "video_path": "FallVision/Fall/Stand/f_raw_s_2/S_N_498_resized.mp4",
    "active_window": [
        7,
        18
    ],
    "varying_k": 12,
    "detection_status": "Global Event Zone",
    "saliency_weights": [
        0.002672031589256111,
        0.0037182781974875625,
        0.005694415209385465,
        0.009868216120735563,
        0.020251105650687225,
        0.041949156184595424,
        0.07828875583872924,
        0.12707725643333245,
        0.17576119922388295,
        0.20699272195441556,
        0.20849644923730046,
        0.1793512038019371,
        0.13670178336435646,
        0.105774424293306,
        0.09956905986428817,
        0.11374246870204527,
        0.1300537770064965,
        0.12737817039705415,
        0.1017910282762372,
        0.0678667289591964,
        0.039561766456432196,
        0.02138097288712675,
        0.012047804238178816,
        0.008017621063918767,
        0.006278305681172145,
        0.005456234593870963,
        0.0050756099103328265,
        0.004916824520150008,
        0.004783669415345567,
        0.004452066575310512,
        0.0038713152321523175,
        0.0033738635355289835
    ],
    "clip_indices": [
        0,
        1,
        3,
        5,
        7,
        9,
        11,
        13,
        15,
        17,
        19,
        20,
        22,
        24,
        26,
        28,
        30,
        32,
        34,
        36,
        38,
        39,
        41,
        43,
        45,
        47,
        49,
        51,
        53,
        55,
        57,
        59
    ]
}