{
    "video_path": "FallVision/Fall/Stand/f_raw_s_2/S_N_554_resized.mp4",
    "active_window": [
        14,
        20
    ],
    "varying_k": 7,
    "detection_status": "Global Event Zone",
    "saliency_weights": [
        0.004935032711474453,
        0.006312625883573519,
        0.007781629446229708,
        0.008350616551983485,
        0.008300752563071641,
        0.008301565309079089,
        0.008487767354074667,
        0.008731461948048047,
        0.009141930408872616,
        0.010128006995073362,
        0.012502915267103488,
        0.018234639743321696,
        0.03204299541109652,
        0.06328594592432481,
        0.12544840050730732,
        0.22007885912409186,
        0.30928664168226205,
        0.3352123009296509,
        0.28589187543239414,
        0.2037119227506248,
        0.12982657000594922,
        0.07835567317155076,
        0.04764597604033582,
        0.030535978023973717,
        0.020735303216025597,
        0.015064752722982116,
        0.011976751384075814,
        0.010283451769043824,
        0.009088060995160303,
        0.00792513528386283,
        0.006735420734591446,
        0.005900486607799683
    ],
    "clip_indices": [
        0,
        2,
        5,
        8,
        11,
        14,
        17,
        20,
        22,
        25,
        28,
        31,
        34,
        37,
        40,
        43,
        45,
        48,
        51,
        54,
        57,
        60,
        63,
        66,
        68,
        71,
        74,
        77,
        80,
        83,
        86,
        89
    ]
}