{
    "video_path": "FallVision/Fall/Stand/f_raw_s_2/S_N_107_resized.mp4",
    "active_window": [
        13,
        19
    ],
    "varying_k": 7,
    "detection_status": "Global Event Zone",
    "saliency_weights": [
        0.005641269235507487,
        0.009074158460810798,
        0.014046842141950455,
        0.01951583987780989,
        0.026680474176440087,
        0.0362990109317219,
        0.04588278236739052,
        0.05246407236017106,
        0.056400828758920586,
        0.05980400562642912,
        0.06390753639009181,
        0.07065723283924341,
        0.08566352378726985,
        0.11502691604443618,
        0.1576442621369811,
        0.2026184269830229,
        0.23049825032081417,
        0.2226790918370995,
        0.18072426697258182,
        0.1264289770952416,
        0.07952816067148155,
        0.04751557961700113,
        0.029643986838217846,
        0.02105047230721252,
        0.01708100720971824,
        0.01519781850487988,
        0.014259554042591747,
        0.013729437016399018,
        0.013090171303916993,
        0.011635902162407674,
        0.009258589272084602,
        0.007267907649976611
    ],
    "clip_indices": [
        0,
        1,
        3,
        5,
        7,
        9,
        11,
        13,
        15,
        17,
        19,
        20,
        22,
        24,
        26,
        28,
        30,
        32,
        34,
        36,
        38,
        39,
        41,
        43,
        45,
        47,
        49,
        51,
        53,
        55,
        57,
        59
    ]
}