{
    "video_path": "FallVision/Fall/Stand/f_raw_s_2/S_N_265.mp4",
    "active_window": [
        18,
        26
    ],
    "varying_k": 9,
    "detection_status": "Global Event Zone",
    "saliency_weights": [
        0.004237406386847297,
        0.006313309038138664,
        0.008709099958889448,
        0.009983448018876365,
        0.010241610269581553,
        0.010185400050834485,
        0.010144389684523521,
        0.010130942014367534,
        0.010078214440235364,
        0.009959910273000815,
        0.00988833709538109,
        0.01017186274974809,
        0.011414008735826136,
        0.014638882496702785,
        0.021409806183225577,
        0.03363153885995591,
        0.05299188212212927,
        0.0809308231498389,
        0.11833008162299477,
        0.16233607726343358,
        0.20024375484224274,
        0.2135789109838877,
        0.1994233174287412,
        0.17616165188280347,
        0.15814353671974568,
        0.1419987170755333,
        0.12073096166503726,
        0.0944391594977963,
        0.06706169530191264,
        0.04281382798182343,
        0.024859032181097408,
        0.01507040319059038
    ],
    "clip_indices": [
        0,
        1,
        3,
        5,
        7,
        9,
        11,
        13,
        15,
        17,
        19,
        20,
        22,
        24,
        26,
        28,
        30,
        32,
        34,
        36,
        38,
        39,
        41,
        43,
        45,
        47,
        49,
        51,
        53,
        55,
        57,
        59
    ]
}