{
    "video_path": "FallVision/Fall/Stand/f_raw_s_2/S_N_121_resized.mp4",
    "active_window": [
        17,
        22
    ],
    "varying_k": 6,
    "detection_status": "Global Event Zone",
    "saliency_weights": [
        0.003662350277708146,
        0.003876745499035642,
        0.00412937268280244,
        0.0042753388975117785,
        0.004324912225680884,
        0.004357901618321386,
        0.004437540946910556,
        0.004601774692957996,
        0.004864138172477902,
        0.005218576213107773,
        0.005655087006120832,
        0.00626803767418432,
        0.007594330550297441,
        0.011552054156866417,
        0.02330026986219599,
        0.05311683357246233,
        0.11591773320576476,
        0.21634966246474535,
        0.31970289635298443,
        0.36419459428092504,
        0.32621649028456345,
        0.23950666680925342,
        0.14831621062292696,
        0.07908860818561356,
        0.03909170940019587,
        0.020279033318262207,
        0.011987212027622107,
        0.00821333649983289,
        0.006337621645266706,
        0.005288355774983655,
        0.004646459288656966,
        0.004310429203748514
    ],
    "clip_indices": [
        0,
        2,
        5,
        8,
        11,
        14,
        17,
        20,
        22,
        25,
        28,
        31,
        34,
        37,
        40,
        43,
        45,
        48,
        51,
        54,
        57,
        60,
        63,
        66,
        68,
        71,
        74,
        77,
        80,
        83,
        86,
        89
    ]
}