{
    "video_path": "FallVision/Fall/Stand/f_raw_s_2/S_N_200_resized.mp4",
    "active_window": [
        10,
        16
    ],
    "varying_k": 7,
    "detection_status": "Global Event Zone",
    "saliency_weights": [
        0.0030942179235590866,
        0.0036851488840065026,
        0.004397963593125213,
        0.0048566213369705255,
        0.005147925215473161,
        0.005779856995514166,
        0.00806682717596801,
        0.015781853192747847,
        0.03681871579768075,
        0.07891214599181526,
        0.14170068964365645,
        0.21248129957544792,
        0.26363052274599674,
        0.2688497940598517,
        0.23195227858190776,
        0.1802790807546327,
        0.13460465162610505,
        0.1007463718330335,
        0.07728634045066475,
        0.06087999736116534,
        0.048559154075494076,
        0.03839612858145237,
        0.029608917938730942,
        0.02237254899134227,
        0.01708699457191407,
        0.0138510270399448,
        0.012215477508315696,
        0.011125375968395353,
        0.009729963127578973,
        0.007973307220884036,
        0.006242571862276466,
        0.005108252473228058
    ],
    "clip_indices": [
        0,
        1,
        3,
        5,
        7,
        9,
        11,
        13,
        15,
        17,
        19,
        20,
        22,
        24,
        26,
        28,
        30,
        32,
        34,
        36,
        38,
        39,
        41,
        43,
        45,
        47,
        49,
        51,
        53,
        55,
        57,
        59
    ]
}