{
    "video_path": "FallVision/Fall/Stand/f_raw_s_2/S_N_515_resized.mp4",
    "active_window": [
        9,
        15
    ],
    "varying_k": 7,
    "detection_status": "Global Event Zone",
    "saliency_weights": [
        0.003793603313153069,
        0.00495622204447872,
        0.006673356673986164,
        0.008722767936390248,
        0.011931353466454903,
        0.01773050385870813,
        0.02806039052538728,
        0.04710337410687049,
        0.08256909319307561,
        0.13927682152748772,
        0.20879797983775034,
        0.27054319672366,
        0.29836948128474405,
        0.27481835542376704,
        0.21235270885178592,
        0.14364805348023574,
        0.0903201591897154,
        0.055666540419796164,
        0.03526037678744795,
        0.02360450518691904,
        0.01676292577093517,
        0.012689720405816798,
        0.010288514836827505,
        0.008803436960236537,
        0.0077790521345753975,
        0.007060085287245393,
        0.006593751967666412,
        0.006286373098069226,
        0.005989776285510902,
        0.005529221026783607,
        0.0048842742775553095,
        0.004369410154021123
    ],
    "clip_indices": [
        0,
        1,
        3,
        5,
        7,
        9,
        11,
        13,
        15,
        17,
        19,
        20,
        22,
        24,
        26,
        28,
        30,
        32,
        34,
        36,
        38,
        39,
        41,
        43,
        45,
        47,
        49,
        51,
        53,
        55,
        57,
        59
    ]
}