{
    "video_path": "FallVision/Fall/Stand/f_raw_s_2/S_N_183_resized.mp4",
    "active_window": [
        3,
        23
    ],
    "varying_k": 21,
    "detection_status": "Global Event Zone",
    "saliency_weights": [
        0.021832214976901423,
        0.04459578454773361,
        0.08487622162528002,
        0.13382545389227268,
        0.17527388608733974,
        0.19312118848701645,
        0.18225091910562546,
        0.1481145296648352,
        0.10555242821674649,
        0.07008572431718815,
        0.04674571441458285,
        0.03272520761450251,
        0.02430273628470976,
        0.01909022504982938,
        0.016155648956558567,
        0.01599754282500311,
        0.020589876255125268,
        0.03190587369181889,
        0.048783163023464415,
        0.06735296287695167,
        0.08542763867304226,
        0.10215036794021369,
        0.11135858059521284,
        0.10203657065805764,
        0.07363615902993684,
        0.04248706971865822,
        0.022719683822670013,
        0.013721470386720391,
        0.009571407098878638,
        0.0070086370348997834,
        0.00509416802466672,
        0.003936335579930287
    ],
    "clip_indices": [
        0,
        2,
        4,
        6,
        9,
        11,
        13,
        16,
        18,
        20,
        22,
        25,
        27,
        29,
        32,
        34,
        36,
        38,
        41,
        43,
        45,
        48,
        50,
        52,
        54,
        57,
        59,
        61,
        64,
        66,
        68,
        71
    ]
}