{
    "video_path": "FallVision/Fall/Stand/f_raw_s_2/S_N_99_resized.mp4",
    "active_window": [
        9,
        15
    ],
    "varying_k": 7,
    "detection_status": "Global Event Zone",
    "saliency_weights": [
        0.0028283128009557175,
        0.0034377396978866937,
        0.004170141152862138,
        0.004728050462435124,
        0.005654216674263309,
        0.008981076817265904,
        0.019301834049806454,
        0.04369098676190014,
        0.08989037036110967,
        0.15779914765672265,
        0.227974707804883,
        0.27258917355314627,
        0.27673301071127965,
        0.24258557169698816,
        0.18717898451394577,
        0.1332903817138668,
        0.09409312816407253,
        0.07027798402637714,
        0.05594029888863607,
        0.04384319493545083,
        0.03114509870473452,
        0.020179869292446445,
        0.013145633665358394,
        0.009438565466142076,
        0.0075705705544230825,
        0.006577718607621002,
        0.005977614166274337,
        0.005538827406330873,
        0.005119356366011331,
        0.004604745378918553,
        0.0040012231450879876,
        0.0035527548262320064
    ],
    "clip_indices": [
        0,
        2,
        5,
        8,
        11,
        14,
        17,
        19,
        22,
        25,
        28,
        31,
        34,
        36,
        39,
        42,
        45,
        48,
        51,
        53,
        56,
        59,
        62,
        65,
        68,
        70,
        73,
        76,
        79,
        82,
        85,
        88
    ]
}