{
    "video_path": "FallVision/Fall/Stand/f_raw_s_2/S_N_153.mp4",
    "active_window": [
        8,
        17
    ],
    "varying_k": 10,
    "detection_status": "Global Event Zone",
    "saliency_weights": [
        0.0036532147114529175,
        0.004691550222570905,
        0.005882727051044549,
        0.006660855283786039,
        0.007920128219409317,
        0.013017265972675496,
        0.029005015996875487,
        0.06427909268259205,
        0.12302571211293795,
        0.19506805854114512,
        0.24512167426258924,
        0.2395856981602746,
        0.19042683561370044,
        0.13930932423744857,
        0.11098519133221463,
        0.10451807998291313,
        0.10698993569514675,
        0.10439803343209637,
        0.09121354674025717,
        0.07134777019877991,
        0.051260621295862924,
        0.03576220625514309,
        0.026184637126858493,
        0.02047037088015846,
        0.01633568907470326,
        0.013004725295649285,
        0.010431604479046331,
        0.008554784721201901,
        0.007182790591413158,
        0.006025098801985367,
        0.0049493925653513165,
        0.004219058256541001
    ],
    "clip_indices": [
        0,
        2,
        5,
        8,
        11,
        14,
        17,
        20,
        22,
        25,
        28,
        31,
        34,
        37,
        40,
        43,
        45,
        48,
        51,
        54,
        57,
        60,
        63,
        66,
        68,
        71,
        74,
        77,
        80,
        83,
        86,
        89
    ]
}