{
    "video_path": "FallVision/Fall/Stand/f_raw_s_2/S_N_505_resized.mp4",
    "active_window": [
        5,
        10
    ],
    "varying_k": 6,
    "detection_status": "Global Event Zone",
    "saliency_weights": [
        0.005768070609707566,
        0.00951894347666991,
        0.01866169183075987,
        0.03908060860592878,
        0.08213392142100903,
        0.1540974072306627,
        0.2418464045615351,
        0.315666027422446,
        0.3373150841737981,
        0.28617731736653207,
        0.19338997756943413,
        0.11223920243392616,
        0.0638113015842852,
        0.03884323755229084,
        0.025343519441981537,
        0.017535466152482315,
        0.012957168433221294,
        0.010215336136424742,
        0.008580193312277322,
        0.007779727164940066,
        0.007599507495243955,
        0.00771448474372471,
        0.00782673667071057,
        0.0077638951319122795,
        0.007500249667558208,
        0.007140146909776247,
        0.0067844643612445625,
        0.006444079135049299,
        0.006063833369230481,
        0.0055647007946870285,
        0.004968877777007641,
        0.004524535901286136
    ],
    "clip_indices": [
        0,
        5,
        11,
        17,
        23,
        28,
        34,
        40,
        46,
        51,
        57,
        63,
        69,
        75,
        80,
        86,
        92,
        98,
        103,
        109,
        115,
        121,
        127,
        132,
        138,
        144,
        150,
        155,
        161,
        167,
        173,
        179
    ]
}