{
    "video_path": "FallVision/Fall/Stand/f_raw_s_2/S_N_221_resized.mp4",
    "active_window": [
        13,
        19
    ],
    "varying_k": 7,
    "detection_status": "Global Event Zone",
    "saliency_weights": [
        0.0030778761520901606,
        0.003683182156587241,
        0.004399827578447627,
        0.004819907832368724,
        0.0049618529359441825,
        0.005011349235156391,
        0.005068360677091006,
        0.005212883227204293,
        0.005746445406336809,
        0.007783139667610524,
        0.014605215827742532,
        0.03401009553397631,
        0.0792893128774485,
        0.15612615101462296,
        0.24064896578790856,
        0.2915980845528769,
        0.28849624499430643,
        0.24053812525190282,
        0.1727620799132305,
        0.11279997434958922,
        0.07440410643178791,
        0.0542530504337441,
        0.04495072104410659,
        0.04183597999903528,
        0.040959532307247075,
        0.037693332752985136,
        0.03012915009561986,
        0.02116797115626369,
        0.01414501008612614,
        0.009536411264817246,
        0.006602846236946902,
        0.005059750793795528
    ],
    "clip_indices": [
        0,
        1,
        3,
        5,
        7,
        9,
        11,
        13,
        15,
        17,
        19,
        20,
        22,
        24,
        26,
        28,
        30,
        32,
        34,
        36,
        38,
        39,
        41,
        43,
        45,
        47,
        49,
        51,
        53,
        55,
        57,
        59
    ]
}