{
    "video_path": "FallVision/Fall/Stand/f_raw_s_2/S_N_305_resized.mp4",
    "active_window": [
        13,
        19
    ],
    "varying_k": 7,
    "detection_status": "Global Event Zone",
    "saliency_weights": [
        0.0027784822384399506,
        0.0030914877214748646,
        0.003454405607916324,
        0.0036686991947125526,
        0.0038220203434965712,
        0.004221488369664036,
        0.0053907820030013156,
        0.008225929340757792,
        0.01415870365877773,
        0.024729152705312292,
        0.04073093449909715,
        0.06175453193658746,
        0.08616149916756033,
        0.1145562047591704,
        0.15398956720881,
        0.20805162652192055,
        0.2569827454735436,
        0.2671165911324086,
        0.22897545924649423,
        0.16473687727081132,
        0.10180642271097833,
        0.05771350769809133,
        0.036997769299128326,
        0.0326612974179577,
        0.03485112432926575,
        0.03606731663971986,
        0.03289461796792736,
        0.02638702887140986,
        0.019016986994276695,
        0.012587372681185132,
        0.008056265167342317,
        0.005707219349806625
    ],
    "clip_indices": [
        0,
        2,
        5,
        8,
        11,
        14,
        17,
        20,
        22,
        25,
        28,
        31,
        34,
        37,
        40,
        43,
        45,
        48,
        51,
        54,
        57,
        60,
        63,
        66,
        68,
        71,
        74,
        77,
        80,
        83,
        86,
        89
    ]
}