{
    "video_path": "FallVision/Fall/Stand/f_raw_s_2/S_N_255_resized.mp4",
    "active_window": [
        21,
        27
    ],
    "varying_k": 7,
    "detection_status": "Global Event Zone",
    "saliency_weights": [
        0.003634598989346298,
        0.004017039835084134,
        0.004468390538579029,
        0.004727816656766692,
        0.004802266226925471,
        0.0048080282653818925,
        0.004816112147135367,
        0.004876231435083794,
        0.005074928048347371,
        0.005525995534834537,
        0.00632984490090246,
        0.0075469197821372205,
        0.009173239744419838,
        0.011234464381619961,
        0.013930317027410887,
        0.017538450495124806,
        0.022194921964379423,
        0.028278229978057616,
        0.03750018735854204,
        0.05378392735676599,
        0.08354876807451786,
        0.13376026419160686,
        0.20494543801074686,
        0.2837980613759653,
        0.3374610618535771,
        0.3214452906097385,
        0.2296752197550671,
        0.12118170512116568,
        0.051529718938755416,
        0.021578092953765345,
        0.010576392231303489,
        0.006800141628904865
    ],
    "clip_indices": [
        0,
        2,
        5,
        8,
        11,
        14,
        17,
        20,
        22,
        25,
        28,
        31,
        34,
        37,
        40,
        43,
        45,
        48,
        51,
        54,
        57,
        60,
        63,
        66,
        68,
        71,
        74,
        77,
        80,
        83,
        86,
        89
    ]
}