{
    "video_path": "FallVision/Fall/Stand/f_raw_s_2/S_N_402_resized.mp4",
    "active_window": [
        14,
        19
    ],
    "varying_k": 6,
    "detection_status": "Global Event Zone",
    "saliency_weights": [
        0.0058696632242027464,
        0.008319186658751369,
        0.011536998534500326,
        0.01399572278487946,
        0.015383155771169962,
        0.016527811482728288,
        0.019409794638184673,
        0.026005919507959097,
        0.036582455271585754,
        0.04904643861375228,
        0.05871258218563602,
        0.06216298397620952,
        0.06391308394398158,
        0.07789311665691677,
        0.12380493081953764,
        0.20752409201850855,
        0.28927789687748273,
        0.3059046321438087,
        0.2458366766083865,
        0.15810508390485672,
        0.08755316427473064,
        0.04555697263069655,
        0.025976604187690773,
        0.018461339432059704,
        0.015297641973323924,
        0.013490335589474317,
        0.012310818579802475,
        0.011436577987684049,
        0.010543790926174364,
        0.009319670578919822,
        0.007779176822901636,
        0.0066020338493415105
    ],
    "clip_indices": [
        0,
        2,
        5,
        8,
        11,
        14,
        17,
        20,
        22,
        25,
        28,
        31,
        34,
        37,
        40,
        43,
        45,
        48,
        51,
        54,
        57,
        60,
        63,
        66,
        68,
        71,
        74,
        77,
        80,
        83,
        86,
        89
    ]
}