{
    "video_path": "FallVision/Fall/Stand/f_raw_s_2/S_N_207_resized.mp4",
    "active_window": [
        15,
        23
    ],
    "varying_k": 9,
    "detection_status": "Global Event Zone",
    "saliency_weights": [
        0.0028259963546046693,
        0.003449806051702215,
        0.004162518553130672,
        0.004544403814743229,
        0.004690379809992581,
        0.004907159282442713,
        0.005408248253366469,
        0.006360051345718744,
        0.00797215288384068,
        0.010439860048894314,
        0.013958968773445492,
        0.019531285579846923,
        0.03010285963790322,
        0.04964599593513748,
        0.08026108650221025,
        0.11854206612284393,
        0.15182858600537275,
        0.16730267811374233,
        0.1730762294752906,
        0.19074236783626797,
        0.21492173322631788,
        0.21070982744244776,
        0.16812298605580078,
        0.12076197121153082,
        0.09410706989121521,
        0.07739269627860357,
        0.055708205340371623,
        0.03292698495160297,
        0.017525678640382444,
        0.009684356160904156,
        0.005931680999616614,
        0.0043061774901897165
    ],
    "clip_indices": [
        0,
        1,
        3,
        4,
        6,
        7,
        9,
        10,
        12,
        13,
        15,
        16,
        18,
        19,
        21,
        22,
        24,
        25,
        27,
        28,
        30,
        31,
        33,
        34,
        36,
        37,
        39,
        40,
        42,
        43,
        45,
        47
    ]
}