{
    "video_path": "FallVision/Fall/Stand/f_raw_s_2/S_N_354.mp4",
    "active_window": [
        10,
        14
    ],
    "varying_k": 5,
    "detection_status": "Global Event Zone",
    "saliency_weights": [
        0.0063306118162124655,
        0.00895824213136202,
        0.01214738719326293,
        0.014221632829856574,
        0.01540556198302747,
        0.01708702800719662,
        0.02127793830594886,
        0.030970803776345136,
        0.05117304026360829,
        0.09044746833181391,
        0.1590229891554826,
        0.24889702223869364,
        0.30819991239285305,
        0.2812588613066707,
        0.18693455187676516,
        0.09829443835065177,
        0.054802719016917745,
        0.04555634177218604,
        0.049430281863862585,
        0.05446504388893828,
        0.05564918760945855,
        0.05156195914666191,
        0.043319347464046906,
        0.03388542975432045,
        0.025773281150945217,
        0.019849209930681296,
        0.016108276057025896,
        0.014201853423962095,
        0.013346428105232677,
        0.012241657574245127,
        0.010245755839288783,
        0.008465913664799353
    ],
    "clip_indices": [
        0,
        2,
        5,
        7,
        10,
        12,
        15,
        18,
        20,
        23,
        25,
        28,
        30,
        33,
        36,
        38,
        41,
        43,
        46,
        49,
        51,
        54,
        56,
        59,
        61,
        64,
        67,
        69,
        72,
        74,
        77,
        80
    ]
}