{
    "video_path": "FallVision/Fall/Stand/f_raw_s_2/S_N_382_resized.mp4",
    "active_window": [
        15,
        20
    ],
    "varying_k": 6,
    "detection_status": "Global Event Zone",
    "saliency_weights": [
        0.004719694361681067,
        0.006822605280119626,
        0.009339908552852733,
        0.010940778246843476,
        0.011871029325765,
        0.012968646459514288,
        0.014658196024234894,
        0.01709750956377294,
        0.02050562525803592,
        0.02515389590033739,
        0.031219039618945153,
        0.03885513847900123,
        0.048824429068452066,
        0.06509614552291204,
        0.09762081822974328,
        0.15419472010275204,
        0.22323569108087,
        0.2757505839368304,
        0.28629456555645527,
        0.24637081403317151,
        0.17281881220057663,
        0.10151232280623856,
        0.05559786693752631,
        0.03235351941662212,
        0.021215862748803223,
        0.015759045573007686,
        0.01308613449214983,
        0.011785004571793843,
        0.010925651154729774,
        0.009723924515575001,
        0.00796742877640336,
        0.006529292984659688
    ],
    "clip_indices": [
        0,
        1,
        3,
        4,
        6,
        7,
        9,
        10,
        12,
        13,
        15,
        16,
        18,
        19,
        21,
        22,
        24,
        25,
        27,
        28,
        30,
        31,
        33,
        34,
        36,
        37,
        39,
        40,
        42,
        43,
        45,
        47
    ]
}