{
    "video_path": "FallVision/Fall/Stand/f_raw_s_2/S_N_258.mp4",
    "active_window": [
        11,
        16
    ],
    "varying_k": 6,
    "detection_status": "Global Event Zone",
    "saliency_weights": [
        0.005599067006926892,
        0.009139816878274339,
        0.01333946990466536,
        0.01580840854077651,
        0.01661912401605019,
        0.016794862031841263,
        0.016856772821621274,
        0.017315757790068814,
        0.02003244751946605,
        0.0301498863243816,
        0.05683800382555256,
        0.10304576827007741,
        0.150449335530268,
        0.17233086324348867,
        0.1623978742757547,
        0.13428131854252864,
        0.10260191331087079,
        0.07617408961648031,
        0.05993371071570474,
        0.055765781069290074,
        0.06080488782761672,
        0.06860334901308032,
        0.0759524507669852,
        0.08478987416590261,
        0.09534840800751537,
        0.10244304174733387,
        0.10046842435386927,
        0.08757199339087521,
        0.06618696166255307,
        0.043105871111711644,
        0.02492104628616022,
        0.01491081415246958
    ],
    "clip_indices": [
        0,
        1,
        3,
        5,
        7,
        9,
        11,
        13,
        15,
        17,
        19,
        20,
        22,
        24,
        26,
        28,
        30,
        32,
        34,
        36,
        38,
        39,
        41,
        43,
        45,
        47,
        49,
        51,
        53,
        55,
        57,
        59
    ]
}