{
    "video_path": "FallVision/Fall/Stand/f_raw_s_2/S_N_151.mp4",
    "active_window": [
        7,
        18
    ],
    "varying_k": 12,
    "detection_status": "Global Event Zone",
    "saliency_weights": [
        0.002610652631465288,
        0.0035767801494936474,
        0.005212030810822511,
        0.00817849531164952,
        0.015553991005196152,
        0.03346099499448602,
        0.07009213983362791,
        0.12537842494079968,
        0.1784835537989429,
        0.2035932590429093,
        0.19489809730234264,
        0.16441809918239866,
        0.13109589912203432,
        0.11276334577120042,
        0.117228117655097,
        0.13841389364764214,
        0.15496882563983486,
        0.14269011598480477,
        0.10207989225734705,
        0.058309917937450606,
        0.029763117733474086,
        0.01579510708521017,
        0.009746699524497034,
        0.007333502943074256,
        0.0064719922694673,
        0.006094543121742597,
        0.00567750155458905,
        0.00508682700359806,
        0.004366601972284248,
        0.003622802493680441,
        0.0029804853963646145,
        0.0025876624921980836
    ],
    "clip_indices": [
        0,
        2,
        5,
        8,
        11,
        14,
        17,
        20,
        22,
        25,
        28,
        31,
        34,
        37,
        40,
        43,
        45,
        48,
        51,
        54,
        57,
        60,
        63,
        66,
        68,
        71,
        74,
        77,
        80,
        83,
        86,
        89
    ]
}