{
    "video_path": "FallVision/Fall/Stand/f_raw_s_2/S_N_229_resized.mp4",
    "active_window": [
        13,
        18
    ],
    "varying_k": 6,
    "detection_status": "Global Event Zone",
    "saliency_weights": [
        0.004248859046158227,
        0.005634586209564633,
        0.00722709269638287,
        0.00806241689310894,
        0.008231123615205059,
        0.008269787501078684,
        0.008555222260805063,
        0.009357307774914309,
        0.011098224977132164,
        0.014881628304448814,
        0.02379735646318942,
        0.04572987723705627,
        0.09487023377843837,
        0.1774100124147147,
        0.2673898394011039,
        0.3197992743520117,
        0.31212185708468976,
        0.2544206125193648,
        0.17504593523806394,
        0.10572715893634588,
        0.061574076122469325,
        0.037236834842250766,
        0.023303021003940286,
        0.015184676148855221,
        0.010984144725972603,
        0.00911215617550284,
        0.008309810802332607,
        0.007908775895659997,
        0.0075316799875176045,
        0.006879201591253121,
        0.005919764003557682,
        0.00514242762314821
    ],
    "clip_indices": [
        0,
        2,
        4,
        6,
        9,
        11,
        13,
        16,
        18,
        20,
        22,
        25,
        27,
        29,
        32,
        34,
        36,
        38,
        41,
        43,
        45,
        48,
        50,
        52,
        54,
        57,
        59,
        61,
        64,
        66,
        68,
        71
    ]
}