{
    "video_path": "FallVision/Fall/Stand/f_raw_s_2/S_N_533_resized.mp4",
    "active_window": [
        9,
        16
    ],
    "varying_k": 8,
    "detection_status": "Global Event Zone",
    "saliency_weights": [
        0.0036603331399529034,
        0.005544698280697763,
        0.008433253764685532,
        0.012059409935014694,
        0.017671191889872227,
        0.026924945914676507,
        0.0407644718133182,
        0.06039297278521984,
        0.08813498969486491,
        0.12480862970879608,
        0.16555409818027636,
        0.20153922897544338,
        0.22416291676055478,
        0.22750472094030846,
        0.21109481248825268,
        0.17938312990450905,
        0.13945526197973074,
        0.09922983755192301,
        0.06502381690703382,
        0.040376996178685946,
        0.025296419312247354,
        0.01683098389395305,
        0.012057619799336075,
        0.009458892419994078,
        0.008263056749835017,
        0.007856559398155001,
        0.007781165986184934,
        0.007767278948128849,
        0.007565263795782276,
        0.006869321293282486,
        0.005676997878951929,
        0.004672908541866472
    ],
    "clip_indices": [
        0,
        1,
        3,
        5,
        7,
        9,
        11,
        13,
        15,
        17,
        19,
        20,
        22,
        24,
        26,
        28,
        30,
        32,
        34,
        36,
        38,
        39,
        41,
        43,
        45,
        47,
        49,
        51,
        53,
        55,
        57,
        59
    ]
}