{
    "video_path": "FallVision/Fall/Stand/f_raw_s_2/S_N_31.mp4",
    "active_window": [
        16,
        21
    ],
    "varying_k": 6,
    "detection_status": "Global Event Zone",
    "saliency_weights": [
        0.008157788482535094,
        0.013439449379910744,
        0.020061043488021107,
        0.025093094250938343,
        0.02958054212493906,
        0.03604465835439456,
        0.045575831163319896,
        0.05671401067634742,
        0.06470889939206603,
        0.0651507743410985,
        0.059105157296920646,
        0.051138198966673015,
        0.04497245937689895,
        0.0434835647189742,
        0.050750470739986175,
        0.07236579847612862,
        0.11291569583672573,
        0.16856449766101644,
        0.21541353675942337,
        0.2199658770725771,
        0.17841289769378899,
        0.12350976618794555,
        0.082998380960644,
        0.05929090965970729,
        0.04546450747382422,
        0.03698512222889318,
        0.031663191602028025,
        0.027991187850377693,
        0.024597444333384275,
        0.02025014260990909,
        0.014903485317478489,
        0.010842810492309563
    ],
    "clip_indices": [
        0,
        1,
        2,
        4,
        5,
        7,
        8,
        9,
        11,
        12,
        14,
        15,
        17,
        18,
        19,
        21,
        22,
        24,
        25,
        26,
        28,
        29,
        31,
        32,
        34,
        35,
        36,
        38,
        39,
        41,
        42,
        44
    ]
}