{
    "video_path": "FallVision/Fall/Stand/f_raw_s_2/S_N_08.mp4",
    "active_window": [
        9,
        15
    ],
    "varying_k": 7,
    "detection_status": "Global Event Zone",
    "saliency_weights": [
        0.0045874184460585055,
        0.006688999334860658,
        0.009073549342744111,
        0.010318343144407282,
        0.010823570606408199,
        0.012109609936864859,
        0.016640357681879048,
        0.029804904906129047,
        0.06124633908608315,
        0.11607906676360541,
        0.18180056647110787,
        0.234499535587225,
        0.2536237274550799,
        0.23110015162410963,
        0.18015385244251914,
        0.12613453618692297,
        0.08432970918101132,
        0.05598837677202172,
        0.03788157250653323,
        0.027348074249133176,
        0.022741381666791703,
        0.02326835788093535,
        0.029154634723492535,
        0.040401281945155146,
        0.0528124441003163,
        0.0574322832196818,
        0.0499904351813645,
        0.03656364807272619,
        0.02460926621639918,
        0.01610224598604983,
        0.010403672065353524,
        0.007337495346175631
    ],
    "clip_indices": [
        0,
        2,
        5,
        8,
        11,
        14,
        17,
        20,
        22,
        25,
        28,
        31,
        34,
        37,
        40,
        43,
        45,
        48,
        51,
        54,
        57,
        60,
        63,
        66,
        68,
        71,
        74,
        77,
        80,
        83,
        86,
        89
    ]
}