{
    "video_path": "FallVision/Fall/Stand/f_raw_s_2/S_N_195.mp4",
    "active_window": [
        6,
        12
    ],
    "varying_k": 7,
    "detection_status": "Global Event Zone",
    "saliency_weights": [
        0.004287966417338678,
        0.005719117157582988,
        0.008298463919696126,
        0.013907602080962238,
        0.02923515389780514,
        0.06492731543909011,
        0.13143497399133106,
        0.22262142349322306,
        0.29713369890120955,
        0.3104017038048144,
        0.2632016374049587,
        0.1885839250619725,
        0.1172345800947187,
        0.06639890243955393,
        0.03811270175376069,
        0.0250044797518131,
        0.019980405773406082,
        0.01931970233495543,
        0.021463283011818712,
        0.025426515322799634,
        0.029285362543372082,
        0.03030377904171932,
        0.0274476724641128,
        0.02235527022615175,
        0.01719537952228829,
        0.01325281432794659,
        0.010853460589356864,
        0.009497201648038675,
        0.008506893128363543,
        0.007465078666812485,
        0.006322640240779477,
        0.005494032893868958
    ],
    "clip_indices": [
        0,
        2,
        4,
        6,
        9,
        11,
        13,
        16,
        18,
        20,
        22,
        25,
        27,
        29,
        32,
        34,
        36,
        38,
        41,
        43,
        45,
        48,
        50,
        52,
        54,
        57,
        59,
        61,
        64,
        66,
        68,
        71
    ]
}