{
    "video_path": "FallVision/Fall/Stand/f_raw_s_2/S_N_40.mp4",
    "active_window": [
        15,
        22
    ],
    "varying_k": 8,
    "detection_status": "Global Event Zone",
    "saliency_weights": [
        0.007631187043569957,
        0.013215328482719408,
        0.021526310181673062,
        0.03015689467919299,
        0.038507830153351685,
        0.04581979011311946,
        0.04943233640104212,
        0.04716410874984924,
        0.040745136656955325,
        0.03428144405815608,
        0.0314951355186147,
        0.03515750857208331,
        0.046708201333241536,
        0.06492226485094581,
        0.08430533908213282,
        0.10064327923542685,
        0.12122331163768985,
        0.15715271531972,
        0.19917533444447882,
        0.21902594647754714,
        0.2016206434289396,
        0.15721677694309097,
        0.10539470603263323,
        0.06327599235669554,
        0.0382815780265469,
        0.026235083861097252,
        0.020371348592597247,
        0.017060560795662424,
        0.01468773320399852,
        0.012195647781242741,
        0.009311030726817777,
        0.007145217217716836
    ],
    "clip_indices": [
        0,
        1,
        2,
        4,
        5,
        7,
        8,
        9,
        11,
        12,
        14,
        15,
        17,
        18,
        19,
        21,
        22,
        24,
        25,
        26,
        28,
        29,
        31,
        32,
        34,
        35,
        36,
        38,
        39,
        41,
        42,
        44
    ]
}