{
    "video_path": "FallVision/Fall/Stand/f_raw_s_2/S_N_209_resized.mp4",
    "active_window": [
        15,
        28
    ],
    "varying_k": 14,
    "detection_status": "Global Event Zone",
    "saliency_weights": [
        0.0030536727683768286,
        0.004008770253965605,
        0.005108567143421689,
        0.005691310945324938,
        0.0058164154898090285,
        0.005821778832973527,
        0.00588442947406179,
        0.006113019898097998,
        0.006756764957307298,
        0.008264300254467408,
        0.011333811306757305,
        0.017033091896850906,
        0.02698521551212232,
        0.04352545546641036,
        0.06950220777701799,
        0.10668491793113805,
        0.15211451388427816,
        0.19520336241712644,
        0.21653412136782535,
        0.19740202138752885,
        0.14438686660067573,
        0.09041573401145789,
        0.05904676901469618,
        0.049379769732983365,
        0.056420007033859215,
        0.08106093192167385,
        0.11442715033940737,
        0.12960248939310048,
        0.11030090800532422,
        0.07240765096960419,
        0.0392699363656113,
        0.02109877968912862
    ],
    "clip_indices": [
        0,
        1,
        3,
        4,
        6,
        7,
        9,
        10,
        12,
        13,
        15,
        16,
        18,
        19,
        21,
        22,
        24,
        25,
        27,
        28,
        30,
        31,
        33,
        34,
        36,
        37,
        39,
        40,
        42,
        43,
        45,
        47
    ]
}