{
    "video_path": "FallVision/Fall/Stand/f_raw_s_2/S_N_108_resized.mp4",
    "active_window": [
        17,
        24
    ],
    "varying_k": 8,
    "detection_status": "Global Event Zone",
    "saliency_weights": [
        0.0035703880101656993,
        0.005093202767822039,
        0.006883567638874417,
        0.007911136450608269,
        0.008241989266862471,
        0.00835649333032219,
        0.00845996240980074,
        0.008560090743085766,
        0.00868656546784941,
        0.008946146702932652,
        0.009564620435275631,
        0.011055811538663609,
        0.014539674879985592,
        0.022015226006683243,
        0.03655935848694249,
        0.061785723867617964,
        0.10000014690626302,
        0.14941442349145198,
        0.20015425452091024,
        0.2368304288214651,
        0.25014470013249046,
        0.24042831563254768,
        0.21074040566953345,
        0.1645697905948115,
        0.11075543682992568,
        0.06483615680277482,
        0.0367687637845443,
        0.023158396954125894,
        0.016460677998345646,
        0.012148466735610992,
        0.008612403306405888,
        0.006303185211601073
    ],
    "clip_indices": [
        0,
        1,
        3,
        5,
        7,
        9,
        11,
        13,
        15,
        17,
        19,
        20,
        22,
        24,
        26,
        28,
        30,
        32,
        34,
        36,
        38,
        39,
        41,
        43,
        45,
        47,
        49,
        51,
        53,
        55,
        57,
        59
    ]
}