{
    "video_path": "FallVision/Fall/Stand/f_raw_s_2/S_N_306_resized.mp4",
    "active_window": [
        15,
        21
    ],
    "varying_k": 7,
    "detection_status": "Global Event Zone",
    "saliency_weights": [
        0.0035089797400798223,
        0.005843449747259204,
        0.01099588374530107,
        0.01924346092715918,
        0.02957271627997539,
        0.040110617417711096,
        0.04868923655975853,
        0.05326010601997385,
        0.052597049177790664,
        0.047059878734459736,
        0.039724965420810436,
        0.03519669876082829,
        0.03763632710238332,
        0.05130676191018278,
        0.08132711496686969,
        0.12924295367677877,
        0.18404060721626736,
        0.22455759811111964,
        0.2338530231872347,
        0.20773946926112435,
        0.1589755716866152,
        0.11193906318740854,
        0.08040191100423734,
        0.05941835576125229,
        0.04155624413814519,
        0.026665403216403837,
        0.01663793361564938,
        0.010833986024938439,
        0.0075304735768503194,
        0.005480357363840318,
        0.004071282534864358,
        0.003264763369839231
    ],
    "clip_indices": [
        0,
        2,
        5,
        8,
        11,
        14,
        17,
        20,
        22,
        25,
        28,
        31,
        34,
        37,
        40,
        43,
        45,
        48,
        51,
        54,
        57,
        60,
        63,
        66,
        68,
        71,
        74,
        77,
        80,
        83,
        86,
        89
    ]
}