{
    "video_path": "FallVision/Fall/Stand/f_raw_s_2/S_N_400_resized.mp4",
    "active_window": [
        12,
        26
    ],
    "varying_k": 15,
    "detection_status": "Global Event Zone",
    "saliency_weights": [
        0.003847422860869497,
        0.006020619569532037,
        0.00855016156763802,
        0.00994669289662587,
        0.0103297172935735,
        0.01049681357376435,
        0.011045321138445953,
        0.012691438300541558,
        0.01707278078009271,
        0.027641906580910192,
        0.04966755886151124,
        0.0841153167883685,
        0.11876546724607998,
        0.13617257283744696,
        0.13140387609251533,
        0.1122357578299578,
        0.08856982117945372,
        0.06825532178773308,
        0.05733566731122572,
        0.060313578474865945,
        0.07881561004087531,
        0.10942332396173929,
        0.14099329916495235,
        0.15682154298852585,
        0.14908221651409276,
        0.1257651459607933,
        0.09803272920450734,
        0.07158731128061599,
        0.04863456736190244,
        0.030298182765284107,
        0.017324352432662605,
        0.010366758353214297
    ],
    "clip_indices": [
        0,
        1,
        3,
        5,
        7,
        9,
        11,
        13,
        15,
        17,
        19,
        20,
        22,
        24,
        26,
        28,
        30,
        32,
        34,
        36,
        38,
        39,
        41,
        43,
        45,
        47,
        49,
        51,
        53,
        55,
        57,
        59
    ]
}