{
    "video_path": "FallVision/Fall/Stand/f_raw_s_2/S_N_164.mp4",
    "active_window": [
        6,
        11
    ],
    "varying_k": 6,
    "detection_status": "Global Event Zone",
    "saliency_weights": [
        0.004565771113034864,
        0.007006647723447669,
        0.010548266128580008,
        0.016353805522327534,
        0.03099959781627725,
        0.06173028952384983,
        0.10965829379472164,
        0.16664054210223733,
        0.21235537596792387,
        0.22550111180672028,
        0.20090787096811527,
        0.14936160339051086,
        0.09230967649239809,
        0.051534169254599596,
        0.034499888828462374,
        0.036172437442818464,
        0.05006891106921131,
        0.07002973346467475,
        0.08514119708522834,
        0.08278484683015142,
        0.06302247956176155,
        0.040433406935983594,
        0.026470797385125654,
        0.021218697518172257,
        0.021299334216936847,
        0.025058234845608013,
        0.03078262002909051,
        0.03500831298163147,
        0.03469703911957879,
        0.029297738892758607,
        0.020773818267611224,
        0.014008382742554637
    ],
    "clip_indices": [
        0,
        2,
        5,
        8,
        11,
        14,
        17,
        20,
        22,
        25,
        28,
        31,
        34,
        37,
        40,
        43,
        45,
        48,
        51,
        54,
        57,
        60,
        63,
        66,
        68,
        71,
        74,
        77,
        80,
        83,
        86,
        89
    ]
}