{
    "video_path": "FallVision/Fall/Stand/f_raw_s_2/S_N_542_resized.mp4",
    "active_window": [
        9,
        15
    ],
    "varying_k": 7,
    "detection_status": "Global Event Zone",
    "saliency_weights": [
        0.004367837359532667,
        0.005531545436173113,
        0.007494448476282452,
        0.010474883876572652,
        0.015863889355250474,
        0.02513921005409786,
        0.0387480760571701,
        0.05753191399316307,
        0.08491015647996054,
        0.1275639504341287,
        0.19293846955865684,
        0.2737030835036691,
        0.3279341799142241,
        0.309473889082877,
        0.22807417806689664,
        0.13705729395400368,
        0.07203083045543797,
        0.03577397605446583,
        0.018814050959279675,
        0.011759292478514264,
        0.00873865139924483,
        0.007308989309027533,
        0.006627892784059605,
        0.006336029996982689,
        0.006232414482958982,
        0.006194681212799157,
        0.006160603715131037,
        0.00611042232164499,
        0.005993318576064867,
        0.005696664993572229,
        0.005213094422998249,
        0.00480997036154429
    ],
    "clip_indices": [
        0,
        7,
        15,
        23,
        30,
        38,
        46,
        53,
        61,
        69,
        77,
        84,
        92,
        100,
        107,
        115,
        123,
        131,
        138,
        146,
        154,
        161,
        169,
        177,
        185,
        192,
        200,
        208,
        215,
        223,
        231,
        239
    ]
}