{
    "video_path": "FallVision/Fall/Stand/f_raw_s_2/S_N_321_resized.mp4",
    "active_window": [
        14,
        21
    ],
    "varying_k": 8,
    "detection_status": "Global Event Zone",
    "saliency_weights": [
        0.002834983984125492,
        0.003629269882484832,
        0.004572019708940365,
        0.005125641861844097,
        0.0053015643586737556,
        0.005331595106870209,
        0.00534543505946845,
        0.00542081949111079,
        0.00575168388596011,
        0.006884069267624563,
        0.010160564826060477,
        0.018328741252143187,
        0.03593549330329006,
        0.0668801107156336,
        0.10973957449399854,
        0.15801640236181824,
        0.20345453537866387,
        0.2373739180046206,
        0.2514923765678961,
        0.23987930115310008,
        0.20367135482002757,
        0.15256146444736524,
        0.10034893726898983,
        0.060567205920674196,
        0.0389159315245697,
        0.030127060111747754,
        0.026340212899281297,
        0.022803169121627546,
        0.017920932078286274,
        0.012599528443599562,
        0.008320721379624613,
        0.005929386269864157
    ],
    "clip_indices": [
        0,
        3,
        7,
        11,
        15,
        19,
        23,
        26,
        30,
        34,
        38,
        42,
        46,
        49,
        53,
        57,
        61,
        65,
        69,
        72,
        76,
        80,
        84,
        88,
        92,
        95,
        99,
        103,
        107,
        111,
        115,
        119
    ]
}