{
    "video_path": "FallVision/Fall/Stand/f_raw_s_2/S_N_367_resized.mp4",
    "active_window": [
        13,
        20
    ],
    "varying_k": 8,
    "detection_status": "Global Event Zone",
    "saliency_weights": [
        0.0023099760473796545,
        0.002666318614511511,
        0.003089668778951001,
        0.00333846730807717,
        0.0034156701423219233,
        0.0034233426880798216,
        0.003426062125778723,
        0.0035195778293084894,
        0.004192603604054216,
        0.0075253719551424455,
        0.01871563380932691,
        0.04450252527596153,
        0.08915831904952756,
        0.14991044180215785,
        0.21125280093972693,
        0.2514698855361359,
        0.25927639944863384,
        0.23736410792046697,
        0.1963226162343808,
        0.14969207572683918,
        0.1083878806844608,
        0.07814076583089605,
        0.05888042518135043,
        0.045847747130258486,
        0.0351060010468385,
        0.026245673413769696,
        0.019766921999090928,
        0.015089972634604515,
        0.01135885923355982,
        0.00825103180524348,
        0.0058387943813275715,
        0.004436224713232868
    ],
    "clip_indices": [
        0,
        1,
        3,
        5,
        7,
        9,
        11,
        13,
        15,
        17,
        19,
        20,
        22,
        24,
        26,
        28,
        30,
        32,
        34,
        36,
        38,
        39,
        41,
        43,
        45,
        47,
        49,
        51,
        53,
        55,
        57,
        59
    ]
}