{
    "video_path": "FallVision/Fall/Stand/f_raw_s_2/S_N_176_resized.mp4",
    "active_window": [
        8,
        13
    ],
    "varying_k": 6,
    "detection_status": "Global Event Zone",
    "saliency_weights": [
        0.0048926247255594475,
        0.005844587716548668,
        0.00703726683321473,
        0.007974677979023822,
        0.009159630597413797,
        0.012749457115372056,
        0.024597189372583594,
        0.05839949125542473,
        0.13563217121454063,
        0.2543843737259647,
        0.35026573422068263,
        0.3502253376385629,
        0.26611058370795593,
        0.1683701887192317,
        0.09956576124509736,
        0.060342996934437704,
        0.03929164740822731,
        0.02761717305894648,
        0.02053874193176378,
        0.01599225296165352,
        0.013161020697353702,
        0.011740125923515074,
        0.011708919649163024,
        0.013028506169554444,
        0.014936198801273557,
        0.015822250098138826,
        0.01481190379267753,
        0.012717422637456679,
        0.010619281249318449,
        0.008795146452153433,
        0.0072414424768241295,
        0.006254690985574941
    ],
    "clip_indices": [
        0,
        2,
        4,
        6,
        9,
        11,
        13,
        16,
        18,
        20,
        22,
        25,
        27,
        29,
        32,
        34,
        36,
        38,
        41,
        43,
        45,
        48,
        50,
        52,
        54,
        57,
        59,
        61,
        64,
        66,
        68,
        71
    ]
}