{
    "video_path": "FallVision/Fall/Stand/f_raw_s_2/S_N_297_resized.mp4",
    "active_window": [
        12,
        20
    ],
    "varying_k": 9,
    "detection_status": "Global Event Zone",
    "saliency_weights": [
        0.002144442744964707,
        0.0024880398135243447,
        0.0029083741121368623,
        0.003228071766848313,
        0.0036398528268969084,
        0.0047794232521235465,
        0.007838656582109534,
        0.014273861792288152,
        0.025354183614446767,
        0.04205288030555912,
        0.06490701863939209,
        0.09451113917531177,
        0.13138067709779863,
        0.17191683550241244,
        0.20290845580991296,
        0.21085397680598428,
        0.20216857075825,
        0.1958955338715215,
        0.1919734135413892,
        0.17045817630176052,
        0.1259977238997722,
        0.07781190097339502,
        0.043178136538659484,
        0.02354194807638356,
        0.013695054223230127,
        0.008910563946522131,
        0.006323906028196304,
        0.004788386682917237,
        0.003888813494517171,
        0.0033043125329924343,
        0.0028322151456388884,
        0.002522336613855548
    ],
    "clip_indices": [
        0,
        2,
        5,
        8,
        11,
        14,
        17,
        20,
        22,
        25,
        28,
        31,
        34,
        37,
        40,
        43,
        45,
        48,
        51,
        54,
        57,
        60,
        63,
        66,
        68,
        71,
        74,
        77,
        80,
        83,
        86,
        89
    ]
}