{
    "video_path": "FallVision/Fall/Stand/f_raw_s_2/S_N_150.mp4",
    "active_window": [
        6,
        13
    ],
    "varying_k": 8,
    "detection_status": "Global Event Zone",
    "saliency_weights": [
        0.005028701714442461,
        0.008486145918576722,
        0.015202497859838964,
        0.026576896608930946,
        0.04636460840154341,
        0.07702183231784213,
        0.11546025521723534,
        0.15656191277447024,
        0.1971127189245225,
        0.2315059521950153,
        0.24617469425476135,
        0.22939132995937336,
        0.18837887359882338,
        0.142353809727822,
        0.10319563457916268,
        0.07281400595181775,
        0.05029643447183971,
        0.0349154969326603,
        0.025357297103576315,
        0.01946499320185279,
        0.0153538161307002,
        0.011958484633967406,
        0.008973622806520927,
        0.006614915503296448,
        0.005053988654247333,
        0.0041297767349006845,
        0.00359769117496162,
        0.003306552132998188,
        0.0031469692026200994,
        0.0029960529872381098,
        0.0027944931029277604,
        0.0026297945465505483
    ],
    "clip_indices": [
        0,
        2,
        5,
        8,
        11,
        14,
        17,
        20,
        22,
        25,
        28,
        31,
        34,
        37,
        40,
        43,
        45,
        48,
        51,
        54,
        57,
        60,
        63,
        66,
        68,
        71,
        74,
        77,
        80,
        83,
        86,
        89
    ]
}