{
    "video_path": "FallVision/Fall/Stand/f_raw_s_2/S_N_561.mp4",
    "active_window": [
        20,
        26
    ],
    "varying_k": 7,
    "detection_status": "Global Event Zone",
    "saliency_weights": [
        0.0028507101780861728,
        0.003148197965843893,
        0.003500221704029999,
        0.0037050370094669693,
        0.0037685599019501104,
        0.00377911168641164,
        0.0037816663832257475,
        0.003784401623617928,
        0.0037890266172449652,
        0.003800804081752581,
        0.0038378609115344306,
        0.003966216308106292,
        0.004375658786848129,
        0.005493848636120039,
        0.008175934761634585,
        0.013850384040606244,
        0.02441334064188704,
        0.041042124472731395,
        0.06216512237658163,
        0.08621234635341743,
        0.11959285837825703,
        0.17362347685039115,
        0.24386248460988824,
        0.3022967474239949,
        0.3176610615756372,
        0.27331764906034844,
        0.1822281906822904,
        0.09128932386326022,
        0.037408294272152816,
        0.016094158049537604,
        0.008620313250863904,
        0.005838317153559517
    ],
    "clip_indices": [
        0,
        2,
        5,
        8,
        11,
        14,
        17,
        20,
        22,
        25,
        28,
        31,
        34,
        37,
        40,
        43,
        45,
        48,
        51,
        54,
        57,
        60,
        63,
        66,
        68,
        71,
        74,
        77,
        80,
        83,
        86,
        89
    ]
}