{
    "video_path": "FallVision/Fall/Stand/f_raw_s_2/S_N_507_resized.mp4",
    "active_window": [
        11,
        16
    ],
    "varying_k": 6,
    "detection_status": "Global Event Zone",
    "saliency_weights": [
        0.0031308956838813516,
        0.0036095193473802303,
        0.0041939187310358755,
        0.004582554360614452,
        0.004821481696136488,
        0.00520332142657581,
        0.006402116676189104,
        0.010485801092699245,
        0.022591556064912185,
        0.05150219380386903,
        0.10799063239772017,
        0.1932329107573479,
        0.2817540869151095,
        0.3339683509962622,
        0.3269878826910021,
        0.2643850427323262,
        0.17505175304018084,
        0.0980813229784883,
        0.05178090454130273,
        0.028732984930057714,
        0.01702194680939477,
        0.010764630822025029,
        0.007668019941048594,
        0.006355563440624292,
        0.005885862767546523,
        0.005731564342343948,
        0.005634763475990881,
        0.005496001610115589,
        0.005257678426694943,
        0.004855975413195747,
        0.00432408901085337,
        0.003913132375070316
    ],
    "clip_indices": [
        0,
        5,
        11,
        17,
        23,
        28,
        34,
        40,
        46,
        51,
        57,
        63,
        69,
        75,
        80,
        86,
        92,
        98,
        103,
        109,
        115,
        121,
        127,
        132,
        138,
        144,
        150,
        155,
        161,
        167,
        173,
        179
    ]
}