{
    "video_path": "FallVision/Fall/Stand/f_raw_s_2/S_N_437.mp4",
    "active_window": [
        10,
        22
    ],
    "varying_k": 13,
    "detection_status": "Global Event Zone",
    "saliency_weights": [
        0.004203073222337993,
        0.0064457943134739485,
        0.009094556275682557,
        0.010645182589964611,
        0.011275181100955524,
        0.0122240452381794,
        0.015542712943111785,
        0.025154453955336914,
        0.04704968195895967,
        0.08170826300919984,
        0.11419444576091399,
        0.1258163602169766,
        0.11511097953247076,
        0.09462116749785032,
        0.07625178081829789,
        0.06794198452631346,
        0.0763474601489285,
        0.10494140388238442,
        0.1464835670982253,
        0.18291823050298553,
        0.19581302179472154,
        0.17513776844014495,
        0.1284114741301038,
        0.07987750412310846,
        0.047377721683862825,
        0.030205072943164622,
        0.021337515644052826,
        0.0164875328760827,
        0.013543038624178848,
        0.011005972552736127,
        0.008259117748499325,
        0.006214754261284142
    ],
    "clip_indices": [
        0,
        2,
        5,
        8,
        11,
        14,
        17,
        20,
        22,
        25,
        28,
        31,
        34,
        37,
        40,
        43,
        45,
        48,
        51,
        54,
        57,
        60,
        63,
        66,
        68,
        71,
        74,
        77,
        80,
        83,
        86,
        89
    ]
}