{
    "video_path": "FallVision/Fall/Stand/f_raw_s_2/S_N_318_resized.mp4",
    "active_window": [
        24,
        29
    ],
    "varying_k": 6,
    "detection_status": "Global Event Zone",
    "saliency_weights": [
        0.005793434179591632,
        0.0075627992255020305,
        0.009642856334484414,
        0.010824002412974753,
        0.011149793565428778,
        0.011159866549577685,
        0.011128888664304473,
        0.011110075725299408,
        0.011119066528424724,
        0.011169196326109385,
        0.011260009134982419,
        0.01143545308411327,
        0.011908726406675972,
        0.013191203278287659,
        0.016213770640874692,
        0.022067853522231912,
        0.031193145974976064,
        0.042271719628818226,
        0.05091405406713333,
        0.051644862107363645,
        0.04445120465665696,
        0.036639516781811016,
        0.03783041970335657,
        0.05856464415219914,
        0.11261977237104218,
        0.20866464528946915,
        0.3153598600575821,
        0.3508266613184732,
        0.2746683788452948,
        0.15377085748550545,
        0.06835872357229253,
        0.03244028331209705
    ],
    "clip_indices": [
        0,
        2,
        5,
        8,
        11,
        14,
        17,
        20,
        22,
        25,
        28,
        31,
        34,
        37,
        40,
        43,
        45,
        48,
        51,
        54,
        57,
        60,
        63,
        66,
        68,
        71,
        74,
        77,
        80,
        83,
        86,
        89
    ]
}