{
    "video_path": "FallVision/Fall/Stand/f_raw_s_2/S_N_480_resized.mp4",
    "active_window": [
        21,
        26
    ],
    "varying_k": 6,
    "detection_status": "Global Event Zone",
    "saliency_weights": [
        0.004454598398577285,
        0.005243352478730359,
        0.006178932759040466,
        0.006723577870724912,
        0.006879329542534894,
        0.006869632913182318,
        0.006822603121833593,
        0.0067796630408947746,
        0.006763270311163089,
        0.006798797295151886,
        0.006913979263590553,
        0.0071207428010835825,
        0.0073888591278615506,
        0.007676085046927069,
        0.007994422649914963,
        0.0084413992378399,
        0.009317169239633265,
        0.01174826174788721,
        0.019358635151141945,
        0.04133573562956648,
        0.09503742088819264,
        0.19320571014259946,
        0.30685366875919406,
        0.36447138430003967,
        0.3297407392486443,
        0.24102823248313537,
        0.1513899529921089,
        0.08557896168692487,
        0.04690996479088953,
        0.026927373584855894,
        0.01624941623465526,
        0.011050321961220787
    ],
    "clip_indices": [
        0,
        1,
        3,
        5,
        7,
        9,
        11,
        13,
        15,
        17,
        19,
        20,
        22,
        24,
        26,
        28,
        30,
        32,
        34,
        36,
        38,
        39,
        41,
        43,
        45,
        47,
        49,
        51,
        53,
        55,
        57,
        59
    ]
}