{
    "video_path": "FallVision/Fall/Stand/f_raw_s_2/S_N_272.mp4",
    "active_window": [
        9,
        14
    ],
    "varying_k": 6,
    "detection_status": "Global Event Zone",
    "saliency_weights": [
        0.004184045373801182,
        0.005362401568314279,
        0.006779307847436789,
        0.007718685117052011,
        0.00860574468465529,
        0.011494542938135632,
        0.02104777761458798,
        0.04472225001111131,
        0.09154421477373115,
        0.164266164464415,
        0.24752870369068325,
        0.3121917196035543,
        0.32796759580643514,
        0.2802318736744601,
        0.19260466384815594,
        0.11095643162944316,
        0.05948485565663905,
        0.033664765224313255,
        0.021800572296969366,
        0.015934628090690094,
        0.012314731798772394,
        0.009907196211148024,
        0.008501160270502798,
        0.0077949650173018675,
        0.007473966151636101,
        0.00734260384412983,
        0.007294975807192846,
        0.007257455415313315,
        0.007104903314114354,
        0.006639994253084669,
        0.0058543634872393925,
        0.0051940215948798685
    ],
    "clip_indices": [
        0,
        3,
        6,
        9,
        12,
        15,
        19,
        22,
        25,
        28,
        31,
        35,
        38,
        41,
        44,
        47,
        51,
        54,
        57,
        60,
        63,
        67,
        70,
        73,
        76,
        79,
        83,
        86,
        89,
        92,
        95,
        99
    ]
}