{
    "video_path": "FallVision/Fall/Stand/f_raw_s_2/S_N_20.mp4",
    "active_window": [
        2,
        24
    ],
    "varying_k": 23,
    "detection_status": "Global Event Zone",
    "saliency_weights": [
        0.03307363715725619,
        0.06065753777099982,
        0.09250968404856022,
        0.10871260144330858,
        0.1084501370773269,
        0.09921222300268748,
        0.08634749510258802,
        0.07340079826284002,
        0.06424202197068707,
        0.061435900563730356,
        0.06303134139710578,
        0.06457730967192965,
        0.06319673469616226,
        0.05850219303319906,
        0.05224957791050044,
        0.04712658371776171,
        0.04487846986209301,
        0.04618527198033092,
        0.05166530099217223,
        0.0615441461086814,
        0.07372634604427877,
        0.08371954858147126,
        0.08790745843272846,
        0.08548265284382356,
        0.07822077850978953,
        0.069711857591301,
        0.06236905197250936,
        0.055631858162443565,
        0.047637962726736066,
        0.03690102527357068,
        0.024277450162292803,
        0.014975674667388382
    ],
    "clip_indices": [
        0,
        1,
        3,
        5,
        7,
        9,
        11,
        13,
        15,
        17,
        19,
        20,
        22,
        24,
        26,
        28,
        30,
        32,
        34,
        36,
        38,
        39,
        41,
        43,
        45,
        47,
        49,
        51,
        53,
        55,
        57,
        59
    ]
}