{
    "video_path": "FallVision/Fall/Stand/f_raw_s_2/S_N_314.mp4",
    "active_window": [
        9,
        15
    ],
    "varying_k": 7,
    "detection_status": "Global Event Zone",
    "saliency_weights": [
        0.002687338804046332,
        0.0028920062654511827,
        0.0031287924304862188,
        0.0032837323588423553,
        0.0035257560018664225,
        0.004607124459771977,
        0.009026970259725917,
        0.02427386310663892,
        0.06484357986368448,
        0.13809392018395594,
        0.22410255525778755,
        0.28914528847522025,
        0.3131473723911785,
        0.2937191710572502,
        0.2413553670993312,
        0.17372120823661846,
        0.10876059078387772,
        0.060057836837743836,
        0.03121385658307142,
        0.016707579821072988,
        0.009883638061258491,
        0.0066929938781915485,
        0.005128309809069476,
        0.0043156696372659295,
        0.0038859534298173863,
        0.003669921795140213,
        0.0035699628890302317,
        0.0035089523912175315,
        0.0034277750258761646,
        0.003294761374223263,
        0.0031223914268727255,
        0.002990744968932037
    ],
    "clip_indices": [
        0,
        3,
        7,
        11,
        15,
        19,
        23,
        26,
        30,
        34,
        38,
        42,
        46,
        49,
        53,
        57,
        61,
        65,
        69,
        72,
        76,
        80,
        84,
        88,
        92,
        95,
        99,
        103,
        107,
        111,
        115,
        119
    ]
}