{
    "video_path": "FallVision/Fall/Stand/f_raw_s_2/S_N_569_resized.mp4",
    "active_window": [
        19,
        27
    ],
    "varying_k": 9,
    "detection_status": "Global Event Zone",
    "saliency_weights": [
        0.002664228880209678,
        0.0030081828478439308,
        0.0034206070153273995,
        0.0036725211436137856,
        0.003768702178747422,
        0.003806770854048875,
        0.0038364305986037972,
        0.0038684664430925285,
        0.003912939887751948,
        0.003998976229324083,
        0.004202265364491305,
        0.004706952841268507,
        0.0059257616691329885,
        0.008644115918227953,
        0.014177084226300827,
        0.02420904899288548,
        0.04010485547024164,
        0.06176185605183789,
        0.08596488005852765,
        0.10799396503640389,
        0.1275348853919885,
        0.15014562151767558,
        0.18161054155504575,
        0.2214202229216439,
        0.2544842544967048,
        0.25263980515230483,
        0.20508964935007085,
        0.13651350568931492,
        0.07667300618608194,
        0.0368701730587174,
        0.0161700428054726,
        0.008413158492933214
    ],
    "clip_indices": [
        0,
        3,
        7,
        11,
        15,
        19,
        23,
        26,
        30,
        34,
        38,
        42,
        46,
        49,
        53,
        57,
        61,
        65,
        69,
        72,
        76,
        80,
        84,
        88,
        92,
        95,
        99,
        103,
        107,
        111,
        115,
        119
    ]
}