{
    "video_path": "FallVision/Fall/Stand/f_raw_s_2/S_N_473_resized.mp4",
    "active_window": [
        14,
        19
    ],
    "varying_k": 6,
    "detection_status": "Global Event Zone",
    "saliency_weights": [
        0.009622425346896253,
        0.01753513867528583,
        0.029396639693641334,
        0.04240155874494041,
        0.057111898251231794,
        0.07309525241767217,
        0.0846330959534865,
        0.08592375564963046,
        0.07835295412866904,
        0.06740563503577574,
        0.05726620365524384,
        0.051307476760169723,
        0.05443100604805579,
        0.07138675731715449,
        0.1018191260529906,
        0.13828053124476633,
        0.16635888733646553,
        0.1708761830394843,
        0.14954958155074866,
        0.11452655559850786,
        0.08027123591022825,
        0.05635205414282358,
        0.044632172520733274,
        0.039954531354492825,
        0.03714373293038871,
        0.03473803551439994,
        0.03282976328846858,
        0.031115069192355488,
        0.028628991186127144,
        0.024035995455185748,
        0.017432495317675354,
        0.01215123789341896
    ],
    "clip_indices": [
        0,
        4,
        9,
        14,
        18,
        23,
        28,
        33,
        37,
        42,
        47,
        52,
        56,
        61,
        66,
        71,
        75,
        80,
        85,
        90,
        94,
        99,
        104,
        109,
        113,
        118,
        123,
        128,
        132,
        137,
        142,
        147
    ]
}