{
    "video_path": "FallVision/Fall/Stand/f_raw_s_2/S_N_122_resized.mp4",
    "active_window": [
        6,
        12
    ],
    "varying_k": 7,
    "detection_status": "Global Event Zone",
    "saliency_weights": [
        0.0034282264996566944,
        0.00435752539012706,
        0.00677889063306005,
        0.013254486893413246,
        0.029845860907555595,
        0.06383628213516844,
        0.11974556672155337,
        0.19466041833817482,
        0.27156439875041893,
        0.3240320346432418,
        0.32638845771045144,
        0.2689544356804684,
        0.178238170359362,
        0.09792736561270599,
        0.04828697463128069,
        0.023744921342191434,
        0.01320518798578957,
        0.009024551641599519,
        0.007254215129884982,
        0.006328645896285639,
        0.005712146977518496,
        0.005221171660595948,
        0.004802458111903261,
        0.0044596589373594436,
        0.004203253474697088,
        0.004027165112501383,
        0.003916875583058617,
        0.003852016552737572,
        0.0037952483734434196,
        0.00368959898370189,
        0.003521035968205681,
        0.0033800311461582204
    ],
    "clip_indices": [
        0,
        2,
        5,
        8,
        11,
        14,
        17,
        20,
        22,
        25,
        28,
        31,
        34,
        37,
        40,
        43,
        45,
        48,
        51,
        54,
        57,
        60,
        63,
        66,
        68,
        71,
        74,
        77,
        80,
        83,
        86,
        89
    ]
}