{
    "video_path": "FallVision/Fall/Stand/f_raw_s_2/S_N_49.mp4",
    "active_window": [
        18,
        28
    ],
    "varying_k": 11,
    "detection_status": "Global Event Zone",
    "saliency_weights": [
        0.011841330373102962,
        0.02134289695542487,
        0.032578916409032446,
        0.0391092667705709,
        0.04114960078339448,
        0.04153214289313534,
        0.04164259384229976,
        0.04165875049901721,
        0.04157010793189493,
        0.04152203221451516,
        0.04190738224567249,
        0.04317429334045805,
        0.04552068208493778,
        0.04902340447915696,
        0.053926825611842685,
        0.060452564899076744,
        0.0682798179068085,
        0.07686181211086415,
        0.0864276028518284,
        0.0974256485029964,
        0.10818621907114044,
        0.11494819973683124,
        0.11575853579568879,
        0.11233163802009746,
        0.10792248185125612,
        0.10523755612798183,
        0.10378158900719518,
        0.09875299395080185,
        0.08581819955906753,
        0.0651558116646625,
        0.04141219248258969,
        0.024471104428592367
    ],
    "clip_indices": [
        0,
        1,
        3,
        4,
        6,
        7,
        9,
        10,
        12,
        13,
        15,
        16,
        18,
        19,
        21,
        22,
        24,
        25,
        27,
        28,
        30,
        31,
        33,
        34,
        36,
        37,
        39,
        40,
        42,
        43,
        45,
        47
    ]
}