{
    "video_path": "FallVision/Fall/Stand/f_raw_s_2/S_N_149.mp4",
    "active_window": [
        8,
        15
    ],
    "varying_k": 8,
    "detection_status": "Global Event Zone",
    "saliency_weights": [
        0.003573849604725788,
        0.0042032991834991,
        0.004886826928333546,
        0.005348843212594548,
        0.006422184704981534,
        0.010454621105434544,
        0.022484755896476458,
        0.05209959152471084,
        0.1124393508962844,
        0.2015438207386313,
        0.2789737747162334,
        0.2984720280059666,
        0.2644373883480526,
        0.21555176369746765,
        0.17241830533372718,
        0.1321959784987344,
        0.09264299575452162,
        0.05901936349135885,
        0.035373084079506234,
        0.020938861407495877,
        0.01302120072169877,
        0.008967209451467527,
        0.006899535671768174,
        0.005789889332822816,
        0.005132263354492728,
        0.004703401099136211,
        0.004407689883898613,
        0.004197100126128769,
        0.004023834152160553,
        0.0038235745059894497,
        0.0035805925155473744,
        0.0033952065263525002
    ],
    "clip_indices": [
        0,
        2,
        5,
        8,
        11,
        14,
        17,
        20,
        22,
        25,
        28,
        31,
        34,
        37,
        40,
        43,
        45,
        48,
        51,
        54,
        57,
        60,
        63,
        66,
        68,
        71,
        74,
        77,
        80,
        83,
        86,
        89
    ]
}