{
    "video_path": "FallVision/Fall/Stand/f_raw_s_2/S_N_364_resized.mp4",
    "active_window": [
        8,
        17
    ],
    "varying_k": 10,
    "detection_status": "Global Event Zone",
    "saliency_weights": [
        0.011363305026887989,
        0.018932175508825,
        0.025654080627465332,
        0.02556679124079566,
        0.022482574955202787,
        0.02383904577098811,
        0.034128017234105586,
        0.0560640778274129,
        0.09164939166830752,
        0.1366095177451468,
        0.17313921875949567,
        0.18295880854184948,
        0.1693887368528617,
        0.14985513781148369,
        0.13370068086026804,
        0.12001354417902002,
        0.10769919727299707,
        0.09756761907240938,
        0.08743147578926228,
        0.07292368518105696,
        0.05557424156458379,
        0.04331139428009615,
        0.039203922931328676,
        0.03741457912625405,
        0.03310564242942518,
        0.027904759137304225,
        0.024137462078344732,
        0.020723682773507578,
        0.016171311780718886,
        0.011201665853714196,
        0.007255182439848602,
        0.005086654297640502
    ],
    "clip_indices": [
        0,
        1,
        3,
        4,
        6,
        7,
        9,
        10,
        12,
        13,
        15,
        16,
        18,
        19,
        21,
        22,
        24,
        25,
        27,
        28,
        30,
        31,
        33,
        34,
        36,
        37,
        39,
        40,
        42,
        43,
        45,
        47
    ]
}