{
    "video_path": "FallVision/Fall/Stand/f_raw_s_2/S_N_240_resized.mp4",
    "active_window": [
        9,
        16
    ],
    "varying_k": 8,
    "detection_status": "Global Event Zone",
    "saliency_weights": [
        0.002888291613605899,
        0.003619895590784954,
        0.004599222981149501,
        0.005480517080802742,
        0.006497867930827621,
        0.00857119424153081,
        0.013861302481903787,
        0.027113073220379716,
        0.05635288200030543,
        0.10622445726885098,
        0.1679978582603595,
        0.2237902129121072,
        0.2566984140483938,
        0.25690008633586364,
        0.22794620147476785,
        0.18337919943706266,
        0.1369641221761262,
        0.09820844012824306,
        0.07041786971753916,
        0.05168017869240189,
        0.038651777653671004,
        0.028637872835948416,
        0.02043987885459705,
        0.014251222715813097,
        0.01029710967363492,
        0.008067672546969912,
        0.006859815077664587,
        0.006181143469719574,
        0.005692987008545872,
        0.005132155283116771,
        0.0044355834607330245,
        0.003898272573268813
    ],
    "clip_indices": [
        0,
        1,
        3,
        5,
        7,
        9,
        11,
        13,
        15,
        17,
        19,
        20,
        22,
        24,
        26,
        28,
        30,
        32,
        34,
        36,
        38,
        39,
        41,
        43,
        45,
        47,
        49,
        51,
        53,
        55,
        57,
        59
    ]
}