{
    "video_path": "FallVision/Fall/Stand/f_raw_s_2/S_N_377_resized.mp4",
    "active_window": [
        23,
        29
    ],
    "varying_k": 7,
    "detection_status": "Global Event Zone",
    "saliency_weights": [
        0.010169515585295118,
        0.01638778707618701,
        0.021891482222774615,
        0.021410474705891344,
        0.016957486450004507,
        0.013018129324638267,
        0.01133667724936634,
        0.01143041735147595,
        0.012014960888850627,
        0.011995049903047152,
        0.011301776365782536,
        0.010477240936455162,
        0.00987072272673371,
        0.00965804760938041,
        0.010263697703055009,
        0.012375154144944302,
        0.016570192586639478,
        0.022897306612986123,
        0.030448748453920323,
        0.038334775101713806,
        0.048527406967814934,
        0.06674980711421716,
        0.09977133569633717,
        0.15116578626104005,
        0.2132760449426759,
        0.26402609166397384,
        0.28045634570291433,
        0.25059397554225077,
        0.18186266187567138,
        0.10595932816059131,
        0.052105135573457965,
        0.026409331400284904
    ],
    "clip_indices": [
        0,
        1,
        3,
        4,
        6,
        7,
        9,
        10,
        12,
        13,
        15,
        16,
        18,
        19,
        21,
        22,
        24,
        25,
        27,
        28,
        30,
        31,
        33,
        34,
        36,
        37,
        39,
        40,
        42,
        43,
        45,
        47
    ]
}