{
    "video_path": "FallVision/Fall/Stand/f_raw_s_2/S_N_532_resized.mp4",
    "active_window": [
        10,
        16
    ],
    "varying_k": 7,
    "detection_status": "Global Event Zone",
    "saliency_weights": [
        0.0041657144536647725,
        0.005507735980599966,
        0.007110424163345307,
        0.008077524089987551,
        0.008471214562025585,
        0.008948712062607802,
        0.010773490277401557,
        0.017279623997597415,
        0.03565803710864557,
        0.07443335514160647,
        0.13760229180215452,
        0.21694718897439844,
        0.2832543695396505,
        0.3028927125869586,
        0.2705897355037835,
        0.20803767216163976,
        0.14089667491218388,
        0.08737042648424494,
        0.05347324599032652,
        0.03498041366542394,
        0.025459200537253503,
        0.02022339021084573,
        0.016709054560208533,
        0.01400286801344702,
        0.011905739352440402,
        0.01038238042467719,
        0.009379613024952854,
        0.00874632078204814,
        0.008219947551321157,
        0.007456071341654021,
        0.006375494652245101,
        0.005504500422999341
    ],
    "clip_indices": [
        0,
        1,
        3,
        5,
        7,
        9,
        11,
        13,
        15,
        17,
        19,
        20,
        22,
        24,
        26,
        28,
        30,
        32,
        34,
        36,
        38,
        39,
        41,
        43,
        45,
        47,
        49,
        51,
        53,
        55,
        57,
        59
    ]
}