{
    "video_path": "FallVision/Fall/Stand/f_raw_s_2/S_N_565_resized.mp4",
    "active_window": [
        9,
        15
    ],
    "varying_k": 7,
    "detection_status": "Global Event Zone",
    "saliency_weights": [
        0.003666116811865334,
        0.004456065210329544,
        0.005801964907202806,
        0.007740900032486212,
        0.011025745205000936,
        0.017450872796847233,
        0.030426171494005182,
        0.054996021822207544,
        0.09702523310776753,
        0.1591483179536515,
        0.23362343882425068,
        0.30001920472033894,
        0.32635993615122977,
        0.28895159286548266,
        0.2053985307906108,
        0.12116861384514135,
        0.06363438964204743,
        0.03251283660392898,
        0.018239444482364642,
        0.012309990576373806,
        0.00959016649530917,
        0.007942672588210898,
        0.0067168771161272975,
        0.0058159251814960625,
        0.005244778751671163,
        0.004938843216595102,
        0.004803702158817244,
        0.004750176964507139,
        0.004684892573650469,
        0.00450927127970531,
        0.004210956428212896,
        0.003959035554099518
    ],
    "clip_indices": [
        0,
        5,
        11,
        17,
        23,
        28,
        34,
        40,
        46,
        51,
        57,
        63,
        69,
        75,
        80,
        86,
        92,
        98,
        103,
        109,
        115,
        121,
        127,
        132,
        138,
        144,
        150,
        155,
        161,
        167,
        173,
        179
    ]
}