{
    "video_path": "FallVision/Fall/Stand/f_raw_s_2/S_N_376_resized.mp4",
    "active_window": [
        13,
        19
    ],
    "varying_k": 7,
    "detection_status": "Global Event Zone",
    "saliency_weights": [
        0.004188022813128247,
        0.006124745105975502,
        0.008522562348990709,
        0.010284172779996815,
        0.011799755355222333,
        0.013986128032310294,
        0.01729714016055225,
        0.021960053366180076,
        0.028325256739746417,
        0.03651579044710858,
        0.046460343413380414,
        0.061618739325790275,
        0.093031996904415,
        0.14834332650233342,
        0.21190763795207668,
        0.253371703689981,
        0.25721981848415965,
        0.2288051746893271,
        0.1820842339891366,
        0.1316917423908256,
        0.08786898207967747,
        0.055203247621415236,
        0.03416580063137209,
        0.022386293074718663,
        0.01664427628584453,
        0.01393971154200749,
        0.012334911583060005,
        0.011233927990686277,
        0.01039681029597432,
        0.009282142105115835,
        0.007668427733961381,
        0.006343285318918286
    ],
    "clip_indices": [
        0,
        1,
        3,
        4,
        6,
        7,
        9,
        10,
        12,
        13,
        15,
        16,
        18,
        19,
        21,
        22,
        24,
        25,
        27,
        28,
        30,
        31,
        33,
        34,
        36,
        37,
        39,
        40,
        42,
        43,
        45,
        47
    ]
}