{
    "video_path": "FallVision/Fall/Stand/f_raw_s_2/S_N_439.mp4",
    "active_window": [
        15,
        20
    ],
    "varying_k": 6,
    "detection_status": "Global Event Zone",
    "saliency_weights": [
        0.004850027392307717,
        0.006679800141507337,
        0.009562357186039452,
        0.013039439632366479,
        0.01739882860020194,
        0.022503424662777327,
        0.026606254725663532,
        0.027853944673768373,
        0.02640013839044418,
        0.023774723203240533,
        0.021674160268360637,
        0.02183792423336897,
        0.026669222579374055,
        0.04119118552177853,
        0.07494154972530115,
        0.1360813306240759,
        0.21783479050229623,
        0.2946442182352881,
        0.3288860668173796,
        0.28994568430519096,
        0.19273787189461444,
        0.09665182231996959,
        0.04177657579599496,
        0.020948804138360172,
        0.014140326973265283,
        0.011515634666497618,
        0.010274663581913465,
        0.009595163785876201,
        0.009036008500455106,
        0.008205518866081642,
        0.007030088237770207,
        0.006084590557703972
    ],
    "clip_indices": [
        0,
        2,
        5,
        8,
        11,
        14,
        17,
        20,
        22,
        25,
        28,
        31,
        34,
        37,
        40,
        43,
        45,
        48,
        51,
        54,
        57,
        60,
        63,
        66,
        68,
        71,
        74,
        77,
        80,
        83,
        86,
        89
    ]
}