{
    "video_path": "FallVision/Fall/Stand/f_raw_s_2/S_N_36.mp4",
    "active_window": [
        17,
        22
    ],
    "varying_k": 6,
    "detection_status": "Global Event Zone",
    "saliency_weights": [
        0.005223713581800114,
        0.007676319253455655,
        0.0110322604717446,
        0.014240895396299028,
        0.01786964537496061,
        0.02266635976870879,
        0.02797671366655775,
        0.032297603965985064,
        0.034269217626881066,
        0.03326157889819724,
        0.030010590410187554,
        0.026035763185865417,
        0.0227020754816221,
        0.02140367848444335,
        0.024822954419804266,
        0.039904616880551046,
        0.08047474276382309,
        0.15588061152669144,
        0.24542039145702121,
        0.30277358141022204,
        0.2986112895257421,
        0.23935974181054528,
        0.15435699494877725,
        0.08112688448037152,
        0.04000313339007808,
        0.02334879195271722,
        0.016791106493170418,
        0.01362568831077213,
        0.01185001986969287,
        0.010278559737044907,
        0.008370647811134915,
        0.006866261256863923
    ],
    "clip_indices": [
        0,
        1,
        2,
        4,
        5,
        7,
        8,
        9,
        11,
        12,
        14,
        15,
        17,
        18,
        19,
        21,
        22,
        24,
        25,
        26,
        28,
        29,
        31,
        32,
        34,
        35,
        36,
        38,
        39,
        41,
        42,
        44
    ]
}