{
    "video_path": "FallVision/Fall/Stand/f_raw_s_2/S_N_13.mp4",
    "active_window": [
        10,
        16
    ],
    "varying_k": 7,
    "detection_status": "Global Event Zone",
    "saliency_weights": [
        0.007288050551145397,
        0.012358801480395904,
        0.018512555969190915,
        0.022498397498707596,
        0.024664769216991345,
        0.027336741290262055,
        0.033160161241297406,
        0.044098562351851625,
        0.06051849456633644,
        0.08263593162282973,
        0.11180308447249816,
        0.14660918851434157,
        0.17674984377927888,
        0.1879101455567035,
        0.1737067239446931,
        0.1386177927928619,
        0.09583993439513738,
        0.06112288137278403,
        0.041385028023206996,
        0.03326705353182296,
        0.03173387823992723,
        0.03429198255195348,
        0.040015377253425445,
        0.048277772676398316,
        0.05796215061608549,
        0.06690770428378733,
        0.07189392012711501,
        0.06918966400401866,
        0.05767281881273036,
        0.04126716796111285,
        0.025593804816660147,
        0.015719789994896396
    ],
    "clip_indices": [
        0,
        2,
        5,
        8,
        11,
        14,
        17,
        20,
        22,
        25,
        28,
        31,
        34,
        37,
        40,
        43,
        45,
        48,
        51,
        54,
        57,
        60,
        63,
        66,
        68,
        71,
        74,
        77,
        80,
        83,
        86,
        89
    ]
}