{
    "video_path": "FallVision/Fall/Stand/f_raw_s_2/S_N_395_resized.mp4",
    "active_window": [
        7,
        13
    ],
    "varying_k": 7,
    "detection_status": "Global Event Zone",
    "saliency_weights": [
        0.0065367081970199225,
        0.010487559445312869,
        0.01647199199315196,
        0.023474120587334703,
        0.03343380207067018,
        0.05176484527815105,
        0.08712111539469633,
        0.14390746373990235,
        0.2116869465139375,
        0.2684342949570595,
        0.28881791445598737,
        0.25856592418498325,
        0.1938748166247685,
        0.12780190023742033,
        0.07923982816183422,
        0.04904540088094049,
        0.031872968272350644,
        0.02241088563142356,
        0.017105710261901195,
        0.014067419592209918,
        0.01234764661575868,
        0.011447872053048985,
        0.01105603689262577,
        0.010934760452317942,
        0.010926905509892709,
        0.010959659294694904,
        0.010996251282375715,
        0.010968993948671155,
        0.010655739970544115,
        0.009665361570762226,
        0.007995822275602367,
        0.006595139747757695
    ],
    "clip_indices": [
        0,
        1,
        3,
        4,
        6,
        7,
        9,
        10,
        12,
        13,
        15,
        16,
        18,
        19,
        21,
        22,
        24,
        25,
        27,
        28,
        30,
        31,
        33,
        34,
        36,
        37,
        39,
        40,
        42,
        43,
        45,
        47
    ]
}