{
    "video_path": "FallVision/Fall/Stand/f_raw_s_2/S_N_538_resized.mp4",
    "active_window": [
        20,
        27
    ],
    "varying_k": 8,
    "detection_status": "Global Event Zone",
    "saliency_weights": [
        0.0039118248432120275,
        0.004843938720422984,
        0.00577264021568154,
        0.005957334885269127,
        0.005566877083244748,
        0.005101886653066188,
        0.0047874683717945765,
        0.004635784380267248,
        0.004615897524622218,
        0.004699200225738885,
        0.004858596850073281,
        0.005071932923052032,
        0.0053353666365655306,
        0.005688631137451024,
        0.006272241270667526,
        0.0074455486760723645,
        0.01017989817082695,
        0.017286262945236306,
        0.03528367024051179,
        0.07298553747138298,
        0.1345749097947203,
        0.21243933198231862,
        0.2802548212448678,
        0.3001207627629625,
        0.2623759105479883,
        0.20214156399665434,
        0.15273005995926225,
        0.11549056176279227,
        0.08172417224771994,
        0.0515205552134617,
        0.02909140890436958,
        0.0169881583063358
    ],
    "clip_indices": [
        0,
        1,
        3,
        5,
        7,
        9,
        11,
        13,
        15,
        17,
        19,
        20,
        22,
        24,
        26,
        28,
        30,
        32,
        34,
        36,
        38,
        39,
        41,
        43,
        45,
        47,
        49,
        51,
        53,
        55,
        57,
        59
    ]
}