{
    "video_path": "FallVision/Fall/Stand/f_raw_s_2/S_N_10.mp4",
    "active_window": [
        10,
        26
    ],
    "varying_k": 17,
    "detection_status": "Global Event Zone",
    "saliency_weights": [
        0.005541499355890481,
        0.008802537237720485,
        0.01226895275306311,
        0.013492865826655043,
        0.012910882878360312,
        0.012122040718396511,
        0.012489638745303896,
        0.017033085019001616,
        0.03230438099557141,
        0.06252676039983814,
        0.10081849200169386,
        0.13385462652102204,
        0.1519978123226688,
        0.15202399417491233,
        0.13729779403867173,
        0.11475484873884485,
        0.08977094976519948,
        0.06545175996303111,
        0.044940930960582055,
        0.032128825858537935,
        0.0301763023358765,
        0.04128366690292256,
        0.0676762775960444,
        0.10823083462935802,
        0.14761742625131813,
        0.15638622131443403,
        0.1238861378104186,
        0.07705559777329511,
        0.04398925569264897,
        0.02642036686507431,
        0.016007102917487304,
        0.010126770107559893
    ],
    "clip_indices": [
        0,
        2,
        5,
        8,
        11,
        14,
        17,
        20,
        22,
        25,
        28,
        31,
        34,
        37,
        40,
        43,
        45,
        48,
        51,
        54,
        57,
        60,
        63,
        66,
        68,
        71,
        74,
        77,
        80,
        83,
        86,
        89
    ]
}