{
    "video_path": "FallVision/Fall/Stand/f_raw_s_2/S_N_556_resized.mp4",
    "active_window": [
        13,
        19
    ],
    "varying_k": 7,
    "detection_status": "Global Event Zone",
    "saliency_weights": [
        0.004745169651564981,
        0.006271622192030785,
        0.007972980546309188,
        0.00879772544834197,
        0.008993005228617967,
        0.009179809600199682,
        0.009400011200819753,
        0.009468539052748998,
        0.009618346099840115,
        0.010692617982465322,
        0.014675881071695294,
        0.026552759932283225,
        0.0561445233848223,
        0.11229859049122173,
        0.1907500119760278,
        0.27058750652222885,
        0.3176197707069903,
        0.30166944552483604,
        0.23080340583967485,
        0.14869544782586214,
        0.08841496281149766,
        0.05399549001882889,
        0.03707072788418486,
        0.028732188905181654,
        0.0232473956700334,
        0.0185874393745383,
        0.014567503957004478,
        0.01151344825801958,
        0.009495552894454362,
        0.00798783515931326,
        0.0065700865615261825,
        0.005567683948639127
    ],
    "clip_indices": [
        0,
        2,
        5,
        8,
        11,
        14,
        17,
        20,
        22,
        25,
        28,
        31,
        34,
        37,
        40,
        43,
        45,
        48,
        51,
        54,
        57,
        60,
        63,
        66,
        68,
        71,
        74,
        77,
        80,
        83,
        86,
        89
    ]
}