{
    "video_path": "FallVision/Fall/Stand/f_raw_s_2/S_N_459_resized.mp4",
    "active_window": [
        13,
        19
    ],
    "varying_k": 7,
    "detection_status": "Global Event Zone",
    "saliency_weights": [
        0.0025189393598584863,
        0.002903235606981449,
        0.0033581903771927133,
        0.003623097993044535,
        0.0037072942524064116,
        0.003742581881346344,
        0.0038551833637215606,
        0.004259386740226134,
        0.005586589495020411,
        0.009739259270531757,
        0.021131302852690034,
        0.04641590216123464,
        0.09219702685388195,
        0.15772557402117537,
        0.224022875383254,
        0.2625074421377772,
        0.25931647219085874,
        0.22148636526449156,
        0.16917473501079205,
        0.125371630100854,
        0.09950514203791219,
        0.08443935278083689,
        0.07116703871518482,
        0.05679425821859942,
        0.04216418948711937,
        0.029265817644095353,
        0.019513086224143376,
        0.01293564751197272,
        0.008838918020455833,
        0.006301716235159779,
        0.004643646391714166,
        0.0037341946490090094
    ],
    "clip_indices": [
        0,
        1,
        3,
        5,
        7,
        9,
        11,
        13,
        15,
        17,
        19,
        20,
        22,
        24,
        26,
        28,
        30,
        32,
        34,
        36,
        38,
        39,
        41,
        43,
        45,
        47,
        49,
        51,
        53,
        55,
        57,
        59
    ]
}