{
    "video_path": "FallVision/Fall/Stand/f_raw_s_2/S_N_456_resized.mp4",
    "active_window": [
        3,
        8
    ],
    "varying_k": 6,
    "detection_status": "Global Event Zone",
    "saliency_weights": [
        0.0124462221049897,
        0.03004258762181618,
        0.07535623523955104,
        0.15216558094619798,
        0.2396252396440789,
        0.30330201166084786,
        0.31178789901698856,
        0.25550075866842714,
        0.16841824992165497,
        0.09755270789369441,
        0.05813705536701412,
        0.04060625440053736,
        0.03467780112992579,
        0.03491889957829723,
        0.03717111016315327,
        0.03757565702149457,
        0.03443092123661351,
        0.028434030232763946,
        0.02144500421597182,
        0.015450372902210577,
        0.01138968935763784,
        0.008937817914374601,
        0.007459544789352516,
        0.006538807620303827,
        0.005937553947168262,
        0.005502538776202728,
        0.005151113015503333,
        0.004862586608874464,
        0.004607539874502377,
        0.004308966870294747,
        0.0039483044712376346,
        0.003673924271238788
    ],
    "clip_indices": [
        0,
        1,
        3,
        5,
        7,
        9,
        11,
        13,
        15,
        17,
        19,
        20,
        22,
        24,
        26,
        28,
        30,
        32,
        34,
        36,
        38,
        39,
        41,
        43,
        45,
        47,
        49,
        51,
        53,
        55,
        57,
        59
    ]
}