{
    "video_path": "FallVision/Fall/Stand/f_raw_s_2/S_N_186.mp4",
    "active_window": [
        1,
        7
    ],
    "varying_k": 7,
    "detection_status": "Global Event Zone",
    "saliency_weights": [
        0.10352695602971412,
        0.18568522373992824,
        0.26958299689549,
        0.28986141024313405,
        0.25570840772174636,
        0.20472640144128795,
        0.15535281490996153,
        0.11141886122925357,
        0.0753954900379935,
        0.049730926559014794,
        0.03370683646431008,
        0.024459244530743426,
        0.019529678927986575,
        0.017387953667916605,
        0.017052300162282923,
        0.01779945204983701,
        0.01905026542892191,
        0.02025302607559867,
        0.020794482867304287,
        0.020162284684186932,
        0.01845571446743082,
        0.016412230307210784,
        0.014649757618275937,
        0.013313633131172783,
        0.012375195386072244,
        0.011838045508221987,
        0.011690591200275371,
        0.011791111917946809,
        0.011729601906409124,
        0.010823879823140417,
        0.008933648047485723,
        0.007253558060484749
    ],
    "clip_indices": [
        0,
        2,
        4,
        6,
        9,
        11,
        13,
        16,
        18,
        20,
        22,
        25,
        27,
        29,
        32,
        34,
        36,
        38,
        41,
        43,
        45,
        48,
        50,
        52,
        54,
        57,
        59,
        61,
        64,
        66,
        68,
        71
    ]
}