{
    "video_path": "FallVision/Fall/Stand/f_raw_s_2/S_N_557_resized.mp4",
    "active_window": [
        7,
        13
    ],
    "varying_k": 7,
    "detection_status": "Global Event Zone",
    "saliency_weights": [
        0.0044239607776956754,
        0.006961842696125249,
        0.011502342464413905,
        0.018504661618951177,
        0.030827529422504274,
        0.054560517123666545,
        0.0983974122121013,
        0.16330951114456804,
        0.22956127577866609,
        0.27011308700555475,
        0.27256352921029836,
        0.2405414959087924,
        0.18934776893480332,
        0.13729727377639203,
        0.094104481274085,
        0.06097997435818971,
        0.037025266429842066,
        0.021554954044193782,
        0.013025465850381862,
        0.008873786190053762,
        0.007094683259389995,
        0.006834390420369947,
        0.007773621918244581,
        0.009552745759585042,
        0.011372153782319826,
        0.01202658093799173,
        0.011038282707361175,
        0.009293928099433326,
        0.007730999731868017,
        0.006380986692986543,
        0.005075006425757489,
        0.004158259372610656
    ],
    "clip_indices": [
        0,
        2,
        5,
        8,
        11,
        14,
        17,
        20,
        23,
        26,
        29,
        31,
        34,
        37,
        40,
        43,
        46,
        49,
        52,
        55,
        58,
        60,
        63,
        66,
        69,
        72,
        75,
        78,
        81,
        84,
        87,
        90
    ]
}