{
    "video_path": "FallVision/Fall/Stand/f_raw_s_2/S_N_123_resized.mp4",
    "active_window": [
        8,
        14
    ],
    "varying_k": 7,
    "detection_status": "Global Event Zone",
    "saliency_weights": [
        0.004000785807327905,
        0.00454803358542776,
        0.0052262813300393484,
        0.005768293249158179,
        0.0066065361364782684,
        0.009578633411142803,
        0.019871697334864075,
        0.049741363786243234,
        0.11874767290593384,
        0.22729753933120095,
        0.3227026388078008,
        0.34132474412736,
        0.28350320903447346,
        0.19830678878523836,
        0.12402871537254458,
        0.07335466507313677,
        0.04441605475561719,
        0.029825073796248568,
        0.022934063398443918,
        0.019760211231209447,
        0.018559915765172276,
        0.01880075762224392,
        0.01954111149227945,
        0.019055855269460457,
        0.016617565306103452,
        0.013373913334949146,
        0.010635702886764426,
        0.008694091659467681,
        0.007318215385339291,
        0.006246086126421501,
        0.005366930548336308,
        0.004816545746650978
    ],
    "clip_indices": [
        0,
        2,
        5,
        8,
        11,
        14,
        17,
        20,
        22,
        25,
        28,
        31,
        34,
        37,
        40,
        43,
        45,
        48,
        51,
        54,
        57,
        60,
        63,
        66,
        68,
        71,
        74,
        77,
        80,
        83,
        86,
        89
    ]
}