{
    "video_path": "FallVision/Fall/Stand/f_raw_s_2/S_N_316_resized.mp4",
    "active_window": [
        15,
        22
    ],
    "varying_k": 8,
    "detection_status": "Global Event Zone",
    "saliency_weights": [
        0.003324559560357013,
        0.004503715541942555,
        0.0059074981329030885,
        0.006741915785290501,
        0.007023789453700635,
        0.007090651429512904,
        0.007115890387448108,
        0.007171006651869205,
        0.0074365317111127465,
        0.008434166959996917,
        0.011347466741493558,
        0.01811213262447643,
        0.031260612893354,
        0.05292787738186516,
        0.08308818323784986,
        0.12003368687618839,
        0.16185749991446882,
        0.20470605657851348,
        0.23843834799773128,
        0.2487110186413062,
        0.22828772297660915,
        0.18248631833016585,
        0.1263069567020713,
        0.07926793424584785,
        0.0519015916916715,
        0.039555778887235715,
        0.033435956092951344,
        0.028321112116235114,
        0.022373336867800755,
        0.016065643599628435,
        0.01065244150009875,
        0.0073944980193450804
    ],
    "clip_indices": [
        0,
        1,
        3,
        5,
        7,
        9,
        11,
        13,
        15,
        17,
        19,
        20,
        22,
        24,
        26,
        28,
        30,
        32,
        34,
        36,
        38,
        39,
        41,
        43,
        45,
        47,
        49,
        51,
        53,
        55,
        57,
        59
    ]
}