{
    "video_path": "FallVision/Fall/Stand/f_raw_s_2/S_N_492_resized.mp4",
    "active_window": [
        3,
        9
    ],
    "varying_k": 7,
    "detection_status": "Global Event Zone",
    "saliency_weights": [
        0.010321470909521666,
        0.022793668253543425,
        0.05493955787064139,
        0.1140909540853686,
        0.19749220817010593,
        0.28431994637967906,
        0.3299063007452583,
        0.30110375437410475,
        0.22158541242453042,
        0.14083913912729804,
        0.0834744596910546,
        0.0495656669544382,
        0.031760830920582864,
        0.02287025582809,
        0.018267967503062373,
        0.015614705808010745,
        0.01385925704272023,
        0.012575525410249758,
        0.011586999399810123,
        0.010814246998505906,
        0.010240836721760625,
        0.009885626638558404,
        0.009740332002378956,
        0.00974242342274,
        0.009816945578484029,
        0.009905733227466029,
        0.009977814031979003,
        0.010000046108697393,
        0.009803687008572455,
        0.009047658684281805,
        0.007708248572108673,
        0.006567732715850328
    ],
    "clip_indices": [
        0,
        1,
        3,
        5,
        7,
        9,
        11,
        13,
        15,
        17,
        19,
        20,
        22,
        24,
        26,
        28,
        30,
        32,
        34,
        36,
        38,
        39,
        41,
        43,
        45,
        47,
        49,
        51,
        53,
        55,
        57,
        59
    ]
}