{
    "video_path": "FallVision/Fall/Stand/f_raw_s_2/S_N_469_resized.mp4",
    "active_window": [
        7,
        12
    ],
    "varying_k": 6,
    "detection_status": "Global Event Zone",
    "saliency_weights": [
        0.003485206373091034,
        0.004028023039306412,
        0.004917795565351925,
        0.00673986970636635,
        0.01282983837876344,
        0.0333733401238982,
        0.08736844245271808,
        0.1822293678451329,
        0.2871764424640784,
        0.35361454018501165,
        0.35106288103312444,
        0.27948144186152724,
        0.17639525608984627,
        0.09193267771012992,
        0.045125679812230673,
        0.024614659087233016,
        0.01598134968249163,
        0.012037337711048486,
        0.010027899546599547,
        0.00887370443337531,
        0.008093048094133796,
        0.007449717105596316,
        0.006864653420612005,
        0.006367352683848386,
        0.005984540289878337,
        0.005686714246845155,
        0.005445885993750468,
        0.005265220747730047,
        0.00510818724061568,
        0.004857872283440931,
        0.0044761764194376445,
        0.004159749940581564
    ],
    "clip_indices": [
        0,
        1,
        3,
        4,
        6,
        7,
        9,
        10,
        12,
        13,
        15,
        16,
        18,
        19,
        21,
        22,
        24,
        25,
        27,
        28,
        30,
        31,
        33,
        34,
        36,
        37,
        39,
        40,
        42,
        43,
        45,
        47
    ]
}