{
    "video_path": "FallVision/Fall/Stand/f_raw_s_2/S_N_17.mp4",
    "active_window": [
        9,
        18
    ],
    "varying_k": 10,
    "detection_status": "Global Event Zone",
    "saliency_weights": [
        0.007180095516287851,
        0.012228806489830648,
        0.018285553787171744,
        0.02196647983289285,
        0.023403621038925702,
        0.024904747439349395,
        0.029964358549095106,
        0.04343852913021737,
        0.07060984806768222,
        0.10971731723563771,
        0.14285081657409537,
        0.15087610552965797,
        0.1385958370145719,
        0.12603782728197266,
        0.1224114403850997,
        0.12272992499902481,
        0.1188095529106909,
        0.10619946048927742,
        0.08820565314472636,
        0.0734452042688723,
        0.0660813957991531,
        0.06303187481438494,
        0.06056760783958205,
        0.05773830399812196,
        0.054294067020721315,
        0.04933516792586927,
        0.04270162960387977,
        0.03582599091272304,
        0.029642843795143994,
        0.023192514353964917,
        0.016064789126607342,
        0.010825330293255872
    ],
    "clip_indices": [
        0,
        2,
        5,
        8,
        11,
        14,
        17,
        20,
        22,
        25,
        28,
        31,
        34,
        37,
        40,
        43,
        45,
        48,
        51,
        54,
        57,
        60,
        63,
        66,
        68,
        71,
        74,
        77,
        80,
        83,
        86,
        89
    ]
}