{
    "video_path": "FallVision/No Fall/Chair/nf_raw_c_2/C_N_212_resized.mp4",
    "active_window": [
        9,
        26
    ],
    "varying_k": 18,
    "detection_status": "Global Event Zone",
    "saliency_weights": [
        0.018270975250694755,
        0.032962612195464376,
        0.04940857391233408,
        0.05711301868205952,
        0.05734704140300932,
        0.05596674895769866,
        0.056206955667992484,
        0.05988425652847213,
        0.06951941984939625,
        0.08520588194171368,
        0.0998285161348659,
        0.10444254032049331,
        0.09808969944407772,
        0.08640889099937062,
        0.074851143002556,
        0.06628007214317691,
        0.06096505357588815,
        0.05766860521836775,
        0.05551034741055768,
        0.05463516721577089,
        0.05585188596322935,
        0.060199527512962606,
        0.06822120693324807,
        0.07893975482110036,
        0.08838369411225624,
        0.09017130161091574,
        0.08239697308899908,
        0.07114883729280498,
        0.06114845389196124,
        0.049348795349124876,
        0.03355254040062646,
        0.020854919493495768
    ],
    "clip_indices": [
        0,
        3,
        6,
        9,
        12,
        15,
        18,
        21,
        24,
        27,
        30,
        33,
        36,
        39,
        42,
        45,
        49,
        52,
        55,
        58,
        61,
        64,
        67,
        70,
        73,
        76,
        79,
        82,
        85,
        88,
        91,
        95
    ]
}