{
    "video_path": "FallVision/No Fall/Chair/nf_raw_c_2/C_N_138.mp4",
    "active_window": [
        0,
        4
    ],
    "varying_k": 5,
    "detection_status": "Global Event Zone",
    "saliency_weights": [
        0.19096280270245009,
        0.3284854633385971,
        0.4311260151631364,
        0.37350822860026534,
        0.2243166464829612,
        0.10827840878441825,
        0.05555100833465053,
        0.037041714082831315,
        0.02931288496743665,
        0.023539581788073013,
        0.018242771224714,
        0.014278073553681516,
        0.011937204569295014,
        0.010727955814334045,
        0.01022665970637282,
        0.0102982323808293,
        0.010875096537899545,
        0.0117837971687978,
        0.012651731073008834,
        0.013044842627248077,
        0.01290160542743152,
        0.012581783131935163,
        0.012342465312931074,
        0.012115724246129677,
        0.011816853531664197,
        0.011526451164860067,
        0.01131715647886162,
        0.011106648613598152,
        0.010694027156412041,
        0.009844446169617029,
        0.008601889497320781,
        0.007606211870220132
    ],
    "clip_indices": [
        0,
        7,
        15,
        23,
        30,
        38,
        46,
        53,
        61,
        69,
        77,
        84,
        92,
        100,
        107,
        115,
        123,
        131,
        138,
        146,
        154,
        161,
        169,
        177,
        185,
        192,
        200,
        208,
        215,
        223,
        231,
        239
    ]
}