{
    "video_path": "FallVision/No Fall/Chair/nf_raw_c_2/C_N_500.mp4",
    "active_window": [
        17,
        23
    ],
    "varying_k": 7,
    "detection_status": "Global Event Zone",
    "saliency_weights": [
        0.011441011302600671,
        0.019789206501458743,
        0.02926119118011653,
        0.033994914682782325,
        0.03464306552889178,
        0.03424614286840309,
        0.034008014301268236,
        0.033835908461151254,
        0.03369800597379026,
        0.03372468403180685,
        0.03392882068382091,
        0.03437356479158178,
        0.035594003412134596,
        0.0387857544292049,
        0.045974996841860925,
        0.06025956389178745,
        0.08549339138018486,
        0.12314460835921515,
        0.16591732469475912,
        0.19836271161935026,
        0.2069775804363182,
        0.18700120107346813,
        0.14625061041181475,
        0.10328684881119511,
        0.07186065163284303,
        0.05283424280632394,
        0.04207940223422566,
        0.036187636294122465,
        0.03225387796710244,
        0.027147599310392408,
        0.019839196175896218,
        0.013870247829254004
    ],
    "clip_indices": [
        0,
        2,
        5,
        8,
        11,
        14,
        17,
        20,
        22,
        25,
        28,
        31,
        34,
        37,
        40,
        43,
        45,
        48,
        51,
        54,
        57,
        60,
        63,
        66,
        68,
        71,
        74,
        77,
        80,
        83,
        86,
        89
    ]
}