{
    "video_path": "FallVision/No Fall/Chair/nf_raw_c_2/C_N_254.mp4",
    "active_window": [
        9,
        15
    ],
    "varying_k": 7,
    "detection_status": "Global Event Zone",
    "saliency_weights": [
        0.04112863017270535,
        0.07171923166979936,
        0.09896247040848827,
        0.09731330311162228,
        0.07736244928563996,
        0.06194332159440229,
        0.060013783961773676,
        0.06856538434647304,
        0.07957384828565331,
        0.08948651655060712,
        0.10795325525886384,
        0.14282811963826092,
        0.17614334484704483,
        0.17864930468614054,
        0.14584849443105546,
        0.0976127367973125,
        0.05411897051279592,
        0.025746503928350727,
        0.01275269104202991,
        0.008768188786077671,
        0.007964721145670369,
        0.007880631549179146,
        0.007999339928186959,
        0.009029531788915924,
        0.013649919419601685,
        0.025711957593240645,
        0.044350054085729784,
        0.06067372020929421,
        0.06571464413289424,
        0.05711793972652959,
        0.039285902802932995,
        0.02421253508640473
    ],
    "clip_indices": [
        0,
        3,
        6,
        9,
        12,
        15,
        18,
        21,
        25,
        28,
        31,
        34,
        37,
        40,
        43,
        46,
        50,
        53,
        56,
        59,
        62,
        65,
        68,
        71,
        75,
        78,
        81,
        84,
        87,
        90,
        93,
        97
    ]
}