{
    "video_path": "FallVision/No Fall/Chair/nf_raw_c_2/C_N_465_resized.mp4",
    "active_window": [
        6,
        11
    ],
    "varying_k": 6,
    "detection_status": "Global Event Zone",
    "saliency_weights": [
        0.014734292057982212,
        0.02734743312874135,
        0.043375970453537284,
        0.055389055346742405,
        0.06378898246316601,
        0.07104823964155516,
        0.07606158435617205,
        0.07711515802240144,
        0.07635252452961865,
        0.07680716509355112,
        0.07746623168984834,
        0.07556308049619403,
        0.07167213921847444,
        0.06896988083551137,
        0.06938133674900379,
        0.07236386878292411,
        0.07534078444549956,
        0.07550452395085644,
        0.07305640771901459,
        0.07091157486796182,
        0.07045139571156617,
        0.07040712401490831,
        0.07010507777545118,
        0.07077048574019407,
        0.07300310132955556,
        0.07529018622866548,
        0.07562143268826449,
        0.07259247532757568,
        0.06489691400343425,
        0.05137327689670408,
        0.033869643476733075,
        0.02054885050186642
    ],
    "clip_indices": [
        0,
        1,
        3,
        5,
        7,
        9,
        11,
        13,
        15,
        17,
        19,
        20,
        22,
        24,
        26,
        28,
        30,
        32,
        34,
        36,
        38,
        39,
        41,
        43,
        45,
        47,
        49,
        51,
        53,
        55,
        57,
        59
    ]
}