{
    "video_path": "FallVision/No Fall/Chair/nf_raw_c_2/C_N_187_resized.mp4",
    "active_window": [
        2,
        27
    ],
    "varying_k": 26,
    "detection_status": "Global Event Zone",
    "saliency_weights": [
        0.04415024361640827,
        0.07890719851788543,
        0.11355701459071267,
        0.11961411434524896,
        0.10112069255197281,
        0.07638413902068228,
        0.05868474826626663,
        0.05260415670791435,
        0.05273582172128349,
        0.05101542420558874,
        0.04596535551303273,
        0.04067629705676633,
        0.03685916520582201,
        0.03422953674140301,
        0.03247121302930996,
        0.031552384028758144,
        0.03093190916109042,
        0.030123604913644218,
        0.03070774875392915,
        0.036716575730637455,
        0.052573893231538486,
        0.07965029103605883,
        0.11041546357664292,
        0.12947909451197068,
        0.1298028366061385,
        0.1198398354026725,
        0.1074850950103303,
        0.09019561012299904,
        0.06565948207867911,
        0.04048606538008763,
        0.022442704024615227,
        0.013529646312114167
    ],
    "clip_indices": [
        0,
        2,
        5,
        8,
        11,
        14,
        17,
        20,
        22,
        25,
        28,
        31,
        34,
        37,
        40,
        43,
        45,
        48,
        51,
        54,
        57,
        60,
        63,
        66,
        68,
        71,
        74,
        77,
        80,
        83,
        86,
        89
    ]
}