{
    "video_path": "FallVision/No Fall/Chair/nf_raw_c_2/C_N_529_resized.mp4",
    "active_window": [
        21,
        27
    ],
    "varying_k": 7,
    "detection_status": "Global Event Zone",
    "saliency_weights": [
        0.018921357466229444,
        0.03494135916253409,
        0.05422707495321299,
        0.06607943678115027,
        0.07042395948634955,
        0.0715192722491399,
        0.07169955245155873,
        0.07149140763175477,
        0.07088787407975716,
        0.06985823229266613,
        0.06858262571402862,
        0.06755442378796457,
        0.0675634567814019,
        0.06896036817367796,
        0.07052146036922455,
        0.0704351292260593,
        0.06883266650419749,
        0.06761047743229041,
        0.0678682375990452,
        0.06918087963514549,
        0.07080601921535917,
        0.07232162590518619,
        0.07349187190600687,
        0.0741487193384131,
        0.0742757279899372,
        0.07405736016970896,
        0.0736606355561306,
        0.07269594615208727,
        0.06884533763219261,
        0.05766856243407102,
        0.039006139952379434,
        0.02336932403947227
    ],
    "clip_indices": [
        0,
        2,
        5,
        8,
        11,
        14,
        17,
        20,
        22,
        25,
        28,
        31,
        34,
        37,
        40,
        43,
        45,
        48,
        51,
        54,
        57,
        60,
        63,
        66,
        68,
        71,
        74,
        77,
        80,
        83,
        86,
        89
    ]
}