{
    "video_path": "FallVision/No Fall/Chair/nf_raw_c_2/C_N_46.mp4",
    "active_window": [
        6,
        11
    ],
    "varying_k": 6,
    "detection_status": "Global Event Zone",
    "saliency_weights": [
        0.012058558944287819,
        0.021088413517480704,
        0.03209746715230079,
        0.04136286622135926,
        0.05507832611952099,
        0.08104851457900406,
        0.11841461950371832,
        0.15670543122659142,
        0.17712550783951475,
        0.16606619393678468,
        0.13318915159028155,
        0.0998160382518197,
        0.07630548514090771,
        0.06196463238745527,
        0.055127233258838414,
        0.055319063920950526,
        0.05993394232659297,
        0.06429616169932086,
        0.06542504509138823,
        0.06314929870979061,
        0.05851002451893064,
        0.052799886028134194,
        0.04729944423869338,
        0.04311602598596819,
        0.04068210443221994,
        0.03953769023379401,
        0.038979992032770444,
        0.03832363543727662,
        0.03631863984906746,
        0.031021054425896644,
        0.022460456836017446,
        0.01536343955238369
    ],
    "clip_indices": [
        0,
        2,
        4,
        6,
        9,
        11,
        13,
        16,
        18,
        20,
        22,
        25,
        27,
        29,
        32,
        34,
        36,
        38,
        41,
        43,
        45,
        48,
        50,
        52,
        54,
        57,
        59,
        61,
        64,
        66,
        68,
        71
    ]
}