{
    "video_path": "FallVision/No Fall/Chair/nf_raw_c_2/C_N_449.mp4",
    "active_window": [
        9,
        21
    ],
    "varying_k": 13,
    "detection_status": "Global Event Zone",
    "saliency_weights": [
        0.023677446652543642,
        0.04206526545776237,
        0.05984713230037747,
        0.0625026379276295,
        0.055110298244035905,
        0.04976460447141798,
        0.05189985964818958,
        0.06056261470973025,
        0.07083138974807615,
        0.0776406903026483,
        0.07996059728274983,
        0.07955306913038748,
        0.07802002980388009,
        0.07630908907543779,
        0.07533112176991062,
        0.07577657478524767,
        0.07721532041026778,
        0.07832696516413092,
        0.07822620014357909,
        0.07690588402404344,
        0.07478556331658534,
        0.07218661820511288,
        0.06872294927861194,
        0.06384546383875198,
        0.05945180386065775,
        0.06013474651550242,
        0.06683351226171291,
        0.07299974202538534,
        0.07118724067901266,
        0.058783201704222875,
        0.03919583430245152,
        0.023514957534785125
    ],
    "clip_indices": [
        0,
        5,
        11,
        17,
        23,
        28,
        34,
        40,
        46,
        51,
        57,
        63,
        69,
        75,
        80,
        86,
        92,
        98,
        103,
        109,
        115,
        121,
        127,
        132,
        138,
        144,
        150,
        155,
        161,
        167,
        173,
        179
    ]
}