{
    "video_path": "FallVision/No Fall/Chair/nf_raw_c_2/C_N_113_resized.mp4",
    "active_window": [
        25,
        29
    ],
    "varying_k": 5,
    "detection_status": "Global Event Zone",
    "saliency_weights": [
        0.02108402897752474,
        0.03831986957270685,
        0.05765818482780291,
        0.06684111196049143,
        0.06738797799167359,
        0.0660671523914752,
        0.06605651358244846,
        0.06728016411574411,
        0.068387776378171,
        0.06856302684057444,
        0.0690649685625267,
        0.0713803108116311,
        0.07409539896966302,
        0.07424060638745533,
        0.07103779634681724,
        0.06599673059838608,
        0.06073209852727009,
        0.05646048850594988,
        0.05471885903825774,
        0.0568322119064984,
        0.06168952172544069,
        0.06586750645766426,
        0.06760451961830033,
        0.06845799997529303,
        0.07065445120445778,
        0.07516953914908002,
        0.08136808444245319,
        0.08659573853990193,
        0.08609479055525053,
        0.07394089558903064,
        0.050569309454321185,
        0.03041221938223004
    ],
    "clip_indices": [
        0,
        5,
        11,
        17,
        23,
        28,
        34,
        40,
        46,
        51,
        57,
        63,
        69,
        75,
        80,
        86,
        92,
        98,
        103,
        109,
        115,
        121,
        127,
        132,
        138,
        144,
        150,
        155,
        161,
        167,
        173,
        179
    ]
}