{
    "video_path": "FallVision/No Fall/Chair/nf_raw_c_2/C_N_532_resized.mp4",
    "active_window": [
        8,
        17
    ],
    "varying_k": 10,
    "detection_status": "Global Event Zone",
    "saliency_weights": [
        0.018018306911260894,
        0.033071590279591515,
        0.05079844351389304,
        0.061206366102976965,
        0.06537243840372592,
        0.06811074800539754,
        0.07052038666623764,
        0.07168179112369406,
        0.07196397052822887,
        0.07248518007681842,
        0.07345143543532465,
        0.07439349049795882,
        0.07510532808916001,
        0.07563032456279727,
        0.07577536167752157,
        0.07519786771772763,
        0.07392769681583114,
        0.07240539313626458,
        0.07108350980946643,
        0.07023308990328447,
        0.06990775937405486,
        0.06990808523749081,
        0.0697608140375178,
        0.06894364924720195,
        0.06769216856363582,
        0.06721965805362881,
        0.06823878360877411,
        0.06961044183892677,
        0.06791586475878919,
        0.05804503234107315,
        0.0397240129816052,
        0.02396824401400055
    ],
    "clip_indices": [
        0,
        3,
        7,
        11,
        15,
        19,
        23,
        26,
        30,
        34,
        38,
        42,
        46,
        49,
        53,
        57,
        61,
        65,
        69,
        72,
        76,
        80,
        84,
        88,
        92,
        95,
        99,
        103,
        107,
        111,
        115,
        119
    ]
}