{
    "video_path": "FallVision/No Fall/Chair/nf_raw_c_2/C_N_354_resized.mp4",
    "active_window": [
        15,
        19
    ],
    "varying_k": 5,
    "detection_status": "Peak Only",
    "saliency_weights": [
        0.019927137437279394,
        0.036630871302884976,
        0.05621926967549663,
        0.06724585724889029,
        0.07018200602516791,
        0.07025653552628619,
        0.07021724705348133,
        0.07050860749385343,
        0.07075800323738918,
        0.0705863985213542,
        0.07012172465816693,
        0.0697852094678566,
        0.06982163219841594,
        0.07022361702873031,
        0.07082513920992367,
        0.0714018576986631,
        0.07178715814909695,
        0.07191245750879086,
        0.07181195025742335,
        0.07158806762208961,
        0.07132538340411951,
        0.07107513717444708,
        0.07091679743372606,
        0.07095063566351098,
        0.07114464647983307,
        0.0712764022520816,
        0.07111849994319877,
        0.0701886137683655,
        0.06633538931405784,
        0.055450665019086076,
        0.03748509227227482,
        0.02248984009461221
    ],
    "clip_indices": [
        0,
        3,
        7,
        11,
        15,
        19,
        23,
        27,
        30,
        34,
        38,
        42,
        46,
        50,
        54,
        58,
        61,
        65,
        69,
        73,
        77,
        81,
        85,
        89,
        92,
        96,
        100,
        104,
        108,
        112,
        116,
        120
    ]
}