{
    "video_path": "FallVision/No Fall/Chair/nf_raw_c_2/C_N_315_resized.mp4",
    "active_window": [
        11,
        17
    ],
    "varying_k": 7,
    "detection_status": "Global Event Zone",
    "saliency_weights": [
        0.021512183769356732,
        0.03905996136208709,
        0.05856706624884907,
        0.06749836521531029,
        0.06769880871019301,
        0.0662916800184559,
        0.06624378073380496,
        0.0672583067096135,
        0.06846288498624636,
        0.06954050863990119,
        0.07127836246862759,
        0.07467049571969797,
        0.07938352141252392,
        0.08377263323117917,
        0.08573862817562108,
        0.08381079185936785,
        0.07865441214832848,
        0.07265801437931226,
        0.06777030005770632,
        0.06464602626381542,
        0.06296205536067372,
        0.06195249248717133,
        0.061330315566313395,
        0.061617475477241015,
        0.06348912401878207,
        0.06708313927011009,
        0.07120570930916431,
        0.07284304869305064,
        0.06852689355282769,
        0.055990890408778006,
        0.037306884785431205,
        0.022428019399369985
    ],
    "clip_indices": [
        0,
        2,
        5,
        8,
        11,
        14,
        17,
        19,
        22,
        25,
        28,
        31,
        34,
        36,
        39,
        42,
        45,
        48,
        51,
        53,
        56,
        59,
        62,
        65,
        68,
        70,
        73,
        76,
        79,
        82,
        85,
        88
    ]
}