{
    "video_path": "FallVision/No Fall/Chair/nf_raw_c_2/C_N_279_resized.mp4",
    "active_window": [
        11,
        17
    ],
    "varying_k": 7,
    "detection_status": "Global Event Zone",
    "saliency_weights": [
        0.013052322023681746,
        0.020672469231282325,
        0.027488697617856203,
        0.027025489380572577,
        0.021493074731640152,
        0.016032926681893704,
        0.012641067900307938,
        0.011530948794750001,
        0.014201397515470324,
        0.02571389558086523,
        0.05623522390407199,
        0.11518770005450685,
        0.19964131893207132,
        0.2879289551635862,
        0.3372429793298165,
        0.3091999358273214,
        0.2192994167314155,
        0.12616359010172268,
        0.06632622607341368,
        0.0361457065671719,
        0.02153652210253365,
        0.014425006464428564,
        0.01120782720607826,
        0.009872013224231256,
        0.009237738685906695,
        0.008784648063603613,
        0.0083576052573412,
        0.007962477559337556,
        0.00755100286526951,
        0.006926925619953226,
        0.0060513669556730935,
        0.0053494287082995065
    ],
    "clip_indices": [
        0,
        1,
        3,
        5,
        7,
        9,
        11,
        13,
        15,
        17,
        19,
        20,
        22,
        24,
        26,
        28,
        30,
        32,
        34,
        36,
        38,
        39,
        41,
        43,
        45,
        47,
        49,
        51,
        53,
        55,
        57,
        59
    ]
}