{
    "video_path": "FallVision/No Fall/Chair/nf_raw_c_2/C_N_537_resized.mp4",
    "active_window": [
        2,
        7
    ],
    "varying_k": 6,
    "detection_status": "Global Event Zone",
    "saliency_weights": [
        0.037153091938625454,
        0.06932121212575848,
        0.10975118279295001,
        0.1358779290283468,
        0.14029209164681644,
        0.12617689772949606,
        0.10410573343544294,
        0.08501835204023245,
        0.07261393681994366,
        0.06551424365030409,
        0.061392403593576325,
        0.05847382446564747,
        0.05602305295666091,
        0.053955754138213644,
        0.052183161985060234,
        0.05058219515731802,
        0.04937688741538888,
        0.049101354609491,
        0.050107425711315136,
        0.05220575179618991,
        0.05444264525087916,
        0.05548806217650873,
        0.05508671386057208,
        0.05441802513885337,
        0.05433905428656283,
        0.05447057474100514,
        0.05429323121013761,
        0.053634428512554747,
        0.0511238186581096,
        0.043546438253420645,
        0.03060238664976681,
        0.019667658940268767
    ],
    "clip_indices": [
        0,
        4,
        9,
        14,
        19,
        24,
        28,
        33,
        38,
        43,
        48,
        52,
        57,
        62,
        67,
        72,
        76,
        81,
        86,
        91,
        96,
        100,
        105,
        110,
        115,
        120,
        124,
        129,
        134,
        139,
        144,
        149
    ]
}