{
    "video_path": "FallVision/No Fall/Chair/nf_raw_c_2/C_N_404.mp4",
    "active_window": [
        6,
        11
    ],
    "varying_k": 6,
    "detection_status": "Global Event Zone",
    "saliency_weights": [
        0.017900934466268496,
        0.031076799748800326,
        0.04532925490368472,
        0.05199322077273287,
        0.0562821102943835,
        0.07081653325757585,
        0.10663545672258434,
        0.16066253073201442,
        0.20279989374606772,
        0.20192829538874124,
        0.1640184260317638,
        0.11794008705241274,
        0.08225203820129842,
        0.06048976569330389,
        0.04920323125416669,
        0.04340442266035839,
        0.04000300852346507,
        0.0380670091853488,
        0.037263062842901123,
        0.03717223804337673,
        0.037565687438319714,
        0.038472895267822826,
        0.039797136925803084,
        0.04114680900302977,
        0.04213725105938932,
        0.0426074626861276,
        0.042609886365023456,
        0.04216072562122109,
        0.04027676694727675,
        0.0346938460251153,
        0.02526236741088434,
        0.017326147084399383
    ],
    "clip_indices": [
        0,
        3,
        7,
        11,
        15,
        19,
        23,
        26,
        30,
        34,
        38,
        42,
        46,
        49,
        53,
        57,
        61,
        65,
        69,
        72,
        76,
        80,
        84,
        88,
        92,
        95,
        99,
        103,
        107,
        111,
        115,
        119
    ]
}