{
    "video_path": "FallVision/No Fall/Chair/nf_raw_c_2/C_N_298_resized.mp4",
    "active_window": [
        9,
        15
    ],
    "varying_k": 7,
    "detection_status": "Global Event Zone",
    "saliency_weights": [
        0.01803270744166176,
        0.03232069222458973,
        0.048130606349142076,
        0.05527017278487013,
        0.055452942789655325,
        0.05458480719743809,
        0.054941382919358,
        0.05718748289217864,
        0.06389480363390646,
        0.07749312754785387,
        0.09604291268142531,
        0.11348192829687313,
        0.12190372045688719,
        0.1160878801063176,
        0.10003566728029452,
        0.08366809363388217,
        0.07265668004278673,
        0.06656114854505864,
        0.06338906579165862,
        0.06184686996852347,
        0.06119208949508817,
        0.06091085789733825,
        0.060698442806982625,
        0.06047517509488607,
        0.06033681416670587,
        0.06046310996937353,
        0.06080828787149292,
        0.060631606322236714,
        0.05778693002283621,
        0.048842381561681636,
        0.033890128700072894,
        0.021387969259656907
    ],
    "clip_indices": [
        0,
        2,
        5,
        8,
        11,
        14,
        17,
        20,
        22,
        25,
        28,
        31,
        34,
        37,
        40,
        43,
        45,
        48,
        51,
        54,
        57,
        60,
        63,
        66,
        68,
        71,
        74,
        77,
        80,
        83,
        86,
        89
    ]
}