{
    "video_path": "FallVision/No Fall/Chair/nf_raw_c_2/C_N_345_resized.mp4",
    "active_window": [
        10,
        14
    ],
    "varying_k": 5,
    "detection_status": "Global Event Zone",
    "saliency_weights": [
        0.02099045818258656,
        0.03862863884865741,
        0.05942183487923145,
        0.07120655365602904,
        0.07398722192126106,
        0.07287537381160317,
        0.07107754673832528,
        0.06989419325319059,
        0.06991896088500951,
        0.07129932785493803,
        0.0735100310455543,
        0.07560168520810957,
        0.07666860797600467,
        0.07614062605357873,
        0.07412322550227854,
        0.07134679369533811,
        0.06885444897275815,
        0.0675762935596696,
        0.0676445826728885,
        0.06838589260808835,
        0.06906862051006037,
        0.06928406399568733,
        0.06894763516860533,
        0.0682315014098902,
        0.06739744387238687,
        0.06672712656698025,
        0.06648981136374124,
        0.06647291132965807,
        0.06428972643901718,
        0.05493904002389892,
        0.03767948008525665,
        0.022788133396608963
    ],
    "clip_indices": [
        0,
        3,
        7,
        11,
        15,
        19,
        23,
        26,
        30,
        34,
        38,
        42,
        46,
        49,
        53,
        57,
        61,
        65,
        69,
        72,
        76,
        80,
        84,
        88,
        92,
        95,
        99,
        103,
        107,
        111,
        115,
        119
    ]
}