{
    "video_path": "FallVision/No Fall/Chair/nf_raw_c_2/C_N_24.mp4",
    "active_window": [
        0,
        5
    ],
    "varying_k": 6,
    "detection_status": "Global Event Zone",
    "saliency_weights": [
        0.16887262499811506,
        0.2921980624430477,
        0.38951199052967445,
        0.3516729081035511,
        0.23555776567240927,
        0.14491176666146707,
        0.10104910591780147,
        0.07683777677843659,
        0.057050845563428224,
        0.04121194104596047,
        0.02994472648119279,
        0.022065203190371294,
        0.016508125962263188,
        0.012784245509291534,
        0.010470439922839452,
        0.009082584811289141,
        0.008287896814606788,
        0.007904194911489347,
        0.007721895675550993,
        0.007489919222817073,
        0.00711374494110778,
        0.006696713635152642,
        0.006341549543951991,
        0.006052659415791799,
        0.005810955459771252,
        0.0056254094088938125,
        0.0055080093146914946,
        0.005443726695782036,
        0.00537759928146957,
        0.005219148687856728,
        0.004948342488700155,
        0.004718022951878653
    ],
    "clip_indices": [
        0,
        1,
        3,
        5,
        7,
        9,
        11,
        13,
        15,
        17,
        19,
        20,
        22,
        24,
        26,
        28,
        30,
        32,
        34,
        36,
        38,
        39,
        41,
        43,
        45,
        47,
        49,
        51,
        53,
        55,
        57,
        59
    ]
}