{
    "video_path": "FallVision/No Fall/Chair/nf_raw_c_2/C_N_490_resized.mp4",
    "active_window": [
        16,
        20
    ],
    "varying_k": 5,
    "detection_status": "Peak Only",
    "saliency_weights": [
        0.019348614916147356,
        0.035606094231236604,
        0.05478816028567646,
        0.06586408057106935,
        0.06928660384822649,
        0.0700133620813574,
        0.07046294872574956,
        0.0708804598868893,
        0.0710269601017928,
        0.0708190515141835,
        0.07056267877158034,
        0.07063698195988542,
        0.07098182991449499,
        0.07126732712857187,
        0.07140404122481656,
        0.07154499355454406,
        0.07175381671356038,
        0.07192832453640043,
        0.07194892365771138,
        0.07176650162449373,
        0.07143049402391793,
        0.07107716228305741,
        0.07085214499387858,
        0.07084689457727333,
        0.07102879309302002,
        0.07121819926402065,
        0.07117683773031985,
        0.07030793187776074,
        0.0663945003539319,
        0.055421145480513884,
        0.0374386589578343,
        0.02247074504148725
    ],
    "clip_indices": [
        0,
        3,
        7,
        11,
        15,
        19,
        23,
        26,
        30,
        34,
        38,
        42,
        46,
        49,
        53,
        57,
        61,
        65,
        69,
        72,
        76,
        80,
        84,
        88,
        92,
        95,
        99,
        103,
        107,
        111,
        115,
        119
    ]
}