{
    "video_path": "FallVision/No Fall/Chair/nf_raw_c_2/C_N_458_resized.mp4",
    "active_window": [
        10,
        14
    ],
    "varying_k": 5,
    "detection_status": "Global Event Zone",
    "saliency_weights": [
        0.019919166713882247,
        0.036477158146588376,
        0.055788410597811935,
        0.06606869365001057,
        0.06684764412028521,
        0.06274087074012899,
        0.05750025468419201,
        0.05419259013726102,
        0.05618924442977667,
        0.06504480780777873,
        0.07706047172679352,
        0.08604621092758788,
        0.08865717308171475,
        0.08503017063466148,
        0.07754409724092001,
        0.06960621435318809,
        0.06426607733720036,
        0.06343125738587498,
        0.06701164976112442,
        0.07279996515534182,
        0.07736514157914015,
        0.07760297484956011,
        0.07392651903615095,
        0.07064091624626329,
        0.07057419085579908,
        0.07225610380880967,
        0.07319926011595287,
        0.07202706331161027,
        0.066939916494694,
        0.055009463225363764,
        0.03698727705382718,
        0.022407938180272882
    ],
    "clip_indices": [
        0,
        7,
        15,
        23,
        30,
        38,
        46,
        53,
        61,
        69,
        77,
        84,
        92,
        100,
        107,
        115,
        123,
        131,
        138,
        146,
        154,
        161,
        169,
        177,
        185,
        192,
        200,
        208,
        215,
        223,
        231,
        239
    ]
}