{
    "video_path": "FallVision/No Fall/Chair/nf_raw_c_2/C_N_115_resized.mp4",
    "active_window": [
        14,
        24
    ],
    "varying_k": 11,
    "detection_status": "Global Event Zone",
    "saliency_weights": [
        0.017377401570629888,
        0.03194141489519894,
        0.04930882027543454,
        0.05958845163148663,
        0.06271963884805724,
        0.0628992656720207,
        0.06301896970426796,
        0.06418599746160826,
        0.06610508722665333,
        0.06791511382889369,
        0.06905168758914759,
        0.06948846116114056,
        0.06980329138765992,
        0.07072980578564919,
        0.072397445256828,
        0.0743358720460506,
        0.0759711134011774,
        0.07696397564320177,
        0.07748760196492882,
        0.07811255390198936,
        0.07919228345967774,
        0.0804055545376657,
        0.08051542609357798,
        0.07788984688994581,
        0.07270562891710511,
        0.06783060730828586,
        0.06588830824690498,
        0.06673886661073482,
        0.06660912691501172,
        0.058537595015070984,
        0.04077652161750474,
        0.02477783131288928
    ],
    "clip_indices": [
        0,
        4,
        9,
        14,
        19,
        24,
        28,
        33,
        38,
        43,
        48,
        52,
        57,
        62,
        67,
        72,
        76,
        81,
        86,
        91,
        96,
        100,
        105,
        110,
        115,
        120,
        124,
        129,
        134,
        139,
        144,
        149
    ]
}