{
    "video_path": "FallVision/No Fall/Chair/nf_raw_c_2/C_N_144.mp4",
    "active_window": [
        9,
        15
    ],
    "varying_k": 7,
    "detection_status": "Global Event Zone",
    "saliency_weights": [
        0.031093023471265344,
        0.05471794991037618,
        0.07655350917913234,
        0.07720992973889518,
        0.06368063448488664,
        0.051876410506469406,
        0.048142892003321294,
        0.053083871838687076,
        0.06829558721329079,
        0.09309321761621026,
        0.11800517305080577,
        0.13072294120554584,
        0.12766199723723248,
        0.11352379546879993,
        0.09539949777166787,
        0.0792876822764707,
        0.06756950890948753,
        0.059589328957679155,
        0.05439982735703325,
        0.051672045889053546,
        0.05086153118553694,
        0.050895296330336424,
        0.050942044405782996,
        0.05081791351257029,
        0.05071659857938757,
        0.05091978353885285,
        0.051389013830549016,
        0.05133189230765801,
        0.04885821068627103,
        0.04125280812054337,
        0.02875066272809467,
        0.01836352414612248
    ],
    "clip_indices": [
        0,
        2,
        5,
        8,
        11,
        14,
        17,
        20,
        22,
        25,
        28,
        31,
        34,
        37,
        40,
        43,
        45,
        48,
        51,
        54,
        57,
        60,
        63,
        66,
        68,
        71,
        74,
        77,
        80,
        83,
        86,
        89
    ]
}