{
    "video_path": "FallVision/No Fall/Chair/nf_raw_c_2/C_N_119_resized.mp4",
    "active_window": [
        4,
        10
    ],
    "varying_k": 7,
    "detection_status": "Global Event Zone",
    "saliency_weights": [
        0.011395649548201655,
        0.019991344482795447,
        0.033292081652799205,
        0.05440906758422359,
        0.09855661599148723,
        0.16694644348634136,
        0.21943760043019248,
        0.21586411802639222,
        0.1706708880140131,
        0.12421545560838165,
        0.09272280229871141,
        0.0712165469771445,
        0.05500815909058203,
        0.04390884289117997,
        0.03732704332288529,
        0.033297084799062446,
        0.03070284622836012,
        0.029678024538621586,
        0.03036489043637467,
        0.03263916065358254,
        0.03687934190439468,
        0.043556622921517144,
        0.05100260898365318,
        0.05524637550918434,
        0.05434057371286536,
        0.050495847842382445,
        0.046424961048301794,
        0.0426867661470499,
        0.03823736053232285,
        0.031410262523529804,
        0.022341060765286008,
        0.015275322575619851
    ],
    "clip_indices": [
        0,
        2,
        5,
        8,
        11,
        14,
        17,
        20,
        22,
        25,
        28,
        31,
        34,
        37,
        40,
        43,
        45,
        48,
        51,
        54,
        57,
        60,
        63,
        66,
        68,
        71,
        74,
        77,
        80,
        83,
        86,
        89
    ]
}