{
    "video_path": "FallVision/No Fall/Chair/nf_raw_c_2/C_N_192_resized.mp4",
    "active_window": [
        26,
        30
    ],
    "varying_k": 5,
    "detection_status": "Peak Only",
    "saliency_weights": [
        0.018820332080803307,
        0.03456104120477364,
        0.05323626660831575,
        0.06418499444529455,
        0.06763806037415993,
        0.06821520437553952,
        0.06839972923285963,
        0.06870825522043242,
        0.06904508927214968,
        0.06926124348395468,
        0.06937672841098397,
        0.06949781838921829,
        0.06964253018905228,
        0.06976487519572351,
        0.06987667814864443,
        0.0700353786295778,
        0.07023859453612888,
        0.07041987828691043,
        0.07053199000142817,
        0.07055158865754874,
        0.07040642713305345,
        0.07001246951517404,
        0.0694813269562338,
        0.06913874419328561,
        0.06915827978370334,
        0.06952577257807921,
        0.07072509973664787,
        0.07339045681771157,
        0.07467185697535955,
        0.0666420271202213,
        0.04688276042596861,
        0.028669324193044306
    ],
    "clip_indices": [
        0,
        3,
        6,
        9,
        12,
        15,
        18,
        21,
        24,
        27,
        30,
        33,
        36,
        39,
        42,
        45,
        49,
        52,
        55,
        58,
        61,
        64,
        67,
        70,
        73,
        76,
        79,
        82,
        85,
        88,
        91,
        95
    ]
}