{
    "video_path": "FallVision/No Fall/Chair/nf_raw_c_2/C_N_317_resized.mp4",
    "active_window": [
        3,
        9
    ],
    "varying_k": 7,
    "detection_status": "Global Event Zone",
    "saliency_weights": [
        0.02300105466333124,
        0.04195730743468361,
        0.06342286338153355,
        0.07435595085305656,
        0.07703356189936811,
        0.07857965378813955,
        0.08015094451900678,
        0.07966840284842533,
        0.07694695172574581,
        0.07327116446206751,
        0.06944534948636558,
        0.06581205098743234,
        0.06301662135240023,
        0.06191941707523657,
        0.06295620118701539,
        0.06602354356316911,
        0.0705871492497967,
        0.07550420970440974,
        0.07871739125872487,
        0.07811166775854098,
        0.07401226044419207,
        0.06938254586885152,
        0.06645046451624192,
        0.0651943954385761,
        0.0650058736260243,
        0.06565688249057672,
        0.06650654905337569,
        0.06574396562823834,
        0.060832660509817775,
        0.04947228336795348,
        0.03296849298374544,
        0.0198602624201727
    ],
    "clip_indices": [
        0,
        2,
        5,
        8,
        11,
        14,
        17,
        20,
        22,
        25,
        28,
        31,
        34,
        37,
        40,
        43,
        45,
        48,
        51,
        54,
        57,
        60,
        63,
        66,
        68,
        71,
        74,
        77,
        80,
        83,
        86,
        89
    ]
}