{
    "video_path": "FallVision/No Fall/Chair/nf_raw_c_2/C_N_357_resized.mp4",
    "active_window": [
        16,
        22
    ],
    "varying_k": 7,
    "detection_status": "Global Event Zone",
    "saliency_weights": [
        0.019444370358940227,
        0.035740272003272205,
        0.05487543437236861,
        0.0657838592295221,
        0.06912425610298831,
        0.07002334156435135,
        0.0707266533990124,
        0.07124260520534886,
        0.07139975544396272,
        0.07127096418856546,
        0.07104725483296215,
        0.07090023390560857,
        0.07086086255583784,
        0.07089139972067449,
        0.0710401501183662,
        0.07140014342609408,
        0.07192895523391721,
        0.07245051972253105,
        0.07282168644064461,
        0.07297962702319136,
        0.07287587688640307,
        0.07247164578652389,
        0.07182938441279349,
        0.07112171269814793,
        0.07044907658260649,
        0.06977888973152678,
        0.06912963482205964,
        0.06827036292045024,
        0.06503979995405755,
        0.05487976848668419,
        0.03732740824289427,
        0.02245364990074873
    ],
    "clip_indices": [
        0,
        2,
        5,
        8,
        11,
        14,
        17,
        20,
        22,
        25,
        28,
        31,
        34,
        37,
        40,
        43,
        45,
        48,
        51,
        54,
        57,
        60,
        63,
        66,
        68,
        71,
        74,
        77,
        80,
        83,
        86,
        89
    ]
}