{
    "video_path": "FallVision/No Fall/Chair/nf_raw_c_2/C_N_185_resized.mp4",
    "active_window": [
        2,
        18
    ],
    "varying_k": 17,
    "detection_status": "Global Event Zone",
    "saliency_weights": [
        0.028101825479896973,
        0.051821192561106524,
        0.08016004344789586,
        0.09651077579240579,
        0.09929389134332794,
        0.09449655816819846,
        0.08831363633838384,
        0.08381458136204736,
        0.07860074337663261,
        0.06973993922519212,
        0.06043675527677378,
        0.056454562623713775,
        0.05859323928758744,
        0.06416469856576415,
        0.0725918475944084,
        0.08403935965175216,
        0.09351987338516896,
        0.09326910085637238,
        0.08315502723232787,
        0.07154696679060557,
        0.06506742138183087,
        0.06389969483172174,
        0.0644158108074118,
        0.06222039210734648,
        0.056344426736598605,
        0.05045586138948781,
        0.04707827806672263,
        0.0439998521107706,
        0.03822600110979035,
        0.029393618481097193,
        0.01943021864748261,
        0.012387376741509946
    ],
    "clip_indices": [
        0,
        3,
        7,
        11,
        15,
        19,
        23,
        26,
        30,
        34,
        38,
        42,
        46,
        49,
        53,
        57,
        61,
        65,
        69,
        72,
        76,
        80,
        84,
        88,
        92,
        95,
        99,
        103,
        107,
        111,
        115,
        119
    ]
}