{
    "video_path": "FallVision/No Fall/Chair/nf_raw_c_2/C_N_17.mp4",
    "active_window": [
        10,
        16
    ],
    "varying_k": 7,
    "detection_status": "Global Event Zone",
    "saliency_weights": [
        0.011050092931775637,
        0.018429105278253193,
        0.025982891070749584,
        0.028058052471452814,
        0.026064027808372706,
        0.024010476312809975,
        0.02434107193480311,
        0.03092928371882101,
        0.05260459214163071,
        0.09586257874704118,
        0.15305350610550678,
        0.2054830616127986,
        0.23293136484362048,
        0.22345907232352658,
        0.18568965013134903,
        0.14137294294417346,
        0.10431260386723412,
        0.0762859492690714,
        0.055716876752917324,
        0.041784229890391406,
        0.033440683234424895,
        0.028807990806908438,
        0.026338815507046913,
        0.02537982398261459,
        0.025683686606415512,
        0.02693115086819682,
        0.02841922166527568,
        0.02892036221452186,
        0.0272515299855162,
        0.02289351964451948,
        0.01671972001434526,
        0.011905262206038174
    ],
    "clip_indices": [
        0,
        1,
        3,
        5,
        7,
        9,
        11,
        13,
        15,
        17,
        19,
        20,
        22,
        24,
        26,
        28,
        30,
        32,
        34,
        36,
        38,
        39,
        41,
        43,
        45,
        47,
        49,
        51,
        53,
        55,
        57,
        59
    ]
}