{
    "video_path": "FallVision/No Fall/Chair/nf_raw_c_2/C_N_210_resized.mp4",
    "active_window": [
        18,
        23
    ],
    "varying_k": 6,
    "detection_status": "Global Event Zone",
    "saliency_weights": [
        0.017422395712265833,
        0.031240705800370232,
        0.04719601247202842,
        0.0556785563794225,
        0.0573360170815588,
        0.05685705299971466,
        0.05664380365031911,
        0.05703609068554421,
        0.05766739745831158,
        0.058145524487289914,
        0.05843503660436691,
        0.05866772501022468,
        0.05878305283599372,
        0.05865539140157311,
        0.05854639656495367,
        0.05940304353156706,
        0.06310795782198654,
        0.07236400598788739,
        0.08958802099307983,
        0.11370773621528776,
        0.1345715434340744,
        0.1364191528096209,
        0.1165575344246606,
        0.09087684624517725,
        0.07321914081267077,
        0.06372839606902828,
        0.05810744671010284,
        0.05446786359746715,
        0.05091920392691794,
        0.04342894286895847,
        0.0308687579106013,
        0.020204509254048077
    ],
    "clip_indices": [
        0,
        3,
        6,
        9,
        12,
        15,
        18,
        21,
        24,
        27,
        30,
        33,
        36,
        39,
        42,
        45,
        49,
        52,
        55,
        58,
        61,
        64,
        67,
        70,
        73,
        76,
        79,
        82,
        85,
        88,
        91,
        95
    ]
}