{
    "video_path": "FallVision/No Fall/Chair/nf_raw_c_2/C_N_300_resized.mp4",
    "active_window": [
        17,
        23
    ],
    "varying_k": 7,
    "detection_status": "Global Event Zone",
    "saliency_weights": [
        0.020909149119147957,
        0.038219276876571014,
        0.05800146229791906,
        0.0681159967459727,
        0.06961110626865724,
        0.06859503618989198,
        0.06793058489471232,
        0.06778605582744424,
        0.06773100776080304,
        0.06753653496194315,
        0.06747684884995275,
        0.06793378042054582,
        0.068751787285554,
        0.06941979618773889,
        0.06970945375730353,
        0.06991420224798314,
        0.07080534181538152,
        0.07305347333508877,
        0.0760857272900444,
        0.07822851457724503,
        0.07840925303206539,
        0.07683693469253215,
        0.07432757644068341,
        0.071779392087615,
        0.06976321778029773,
        0.06840374012786529,
        0.06770610054103646,
        0.06731857539069497,
        0.06482516000996882,
        0.05526049491436365,
        0.03790694639109955,
        0.02299703386060943
    ],
    "clip_indices": [
        0,
        3,
        7,
        11,
        15,
        19,
        23,
        26,
        30,
        34,
        38,
        42,
        46,
        49,
        53,
        57,
        61,
        65,
        69,
        72,
        76,
        80,
        84,
        88,
        92,
        95,
        99,
        103,
        107,
        111,
        115,
        119
    ]
}