{
    "video_path": "FallVision/No Fall/Chair/nf_raw_c_2/C_N_377_resized.mp4",
    "active_window": [
        1,
        17
    ],
    "varying_k": 17,
    "detection_status": "Global Event Zone",
    "saliency_weights": [
        0.04682576352262434,
        0.08238510708328632,
        0.11442919627872453,
        0.113140108659534,
        0.08930861818451617,
        0.06694943679374438,
        0.05399550378169828,
        0.04765388114572852,
        0.045358603024921354,
        0.04652272275722909,
        0.05148520973841288,
        0.061298360737422765,
        0.07749112746440912,
        0.09909158974101974,
        0.11807859763660287,
        0.12349179016644446,
        0.11241978808394101,
        0.09120453018590738,
        0.06851524413777192,
        0.05116278166959,
        0.04165752797047377,
        0.03830846845820602,
        0.03845783420400872,
        0.04027993573369497,
        0.042973541589050396,
        0.046453739111837554,
        0.050345090855915875,
        0.05317218870952556,
        0.05236053373671248,
        0.04488241338934502,
        0.03126413494368345,
        0.0196953172082297
    ],
    "clip_indices": [
        0,
        3,
        7,
        11,
        15,
        19,
        23,
        26,
        30,
        34,
        38,
        42,
        46,
        49,
        53,
        57,
        61,
        65,
        69,
        72,
        76,
        80,
        84,
        88,
        92,
        95,
        99,
        103,
        107,
        111,
        115,
        119
    ]
}