{
    "video_path": "FallVision/No Fall/Chair/nf_raw_c_2/C_N_441_resized.mp4",
    "active_window": [
        4,
        8
    ],
    "varying_k": 5,
    "detection_status": "Global Event Zone",
    "saliency_weights": [
        0.020236200323326903,
        0.03725463160231823,
        0.057364617188031194,
        0.06902811453244212,
        0.07265663024084712,
        0.07331846864692701,
        0.07339536187828957,
        0.0730719709284639,
        0.07223311302055707,
        0.07097399117402522,
        0.06961554832983413,
        0.0684670617077954,
        0.06752485786711944,
        0.06672977089775847,
        0.06646991880221785,
        0.067245733263221,
        0.06872787355342969,
        0.06990684660141619,
        0.0702558932562925,
        0.070075059412578,
        0.06996239377333013,
        0.07039030553302317,
        0.07135079671880525,
        0.07232167924643666,
        0.07283141230876714,
        0.07279186537753499,
        0.07230582837549598,
        0.0711177551113936,
        0.06713062854450269,
        0.05611606733151475,
        0.037934187142588886,
        0.022746235362940116
    ],
    "clip_indices": [
        0,
        3,
        7,
        11,
        15,
        19,
        23,
        27,
        30,
        34,
        38,
        42,
        46,
        50,
        54,
        58,
        61,
        65,
        69,
        73,
        77,
        81,
        85,
        89,
        92,
        96,
        100,
        104,
        108,
        112,
        116,
        120
    ]
}