{
    "video_path": "FallVision/No Fall/Chair/nf_raw_c_2/C_N_79_resized.mp4",
    "active_window": [
        20,
        24
    ],
    "varying_k": 5,
    "detection_status": "Global Event Zone",
    "saliency_weights": [
        0.01957749661648331,
        0.035996318534952484,
        0.05542188218622479,
        0.06672539837546103,
        0.07025745496837271,
        0.07090983382392732,
        0.07114087652671232,
        0.0713353480355818,
        0.07145991899074733,
        0.07151297874220655,
        0.07152914444146194,
        0.07156626295139502,
        0.0716970879647959,
        0.07193978161006823,
        0.07215347774719766,
        0.07214598012653173,
        0.0719388632320584,
        0.07174672711784674,
        0.07172174452682878,
        0.07197657407309745,
        0.07285915800241285,
        0.07468258593638309,
        0.07663058465484415,
        0.07678394588775847,
        0.0745176999494041,
        0.07149489779365009,
        0.06891293996183896,
        0.06556802449672969,
        0.05904844500432009,
        0.04728355356200565,
        0.031489886670366285,
        0.019265926587686166
    ],
    "clip_indices": [
        0,
        3,
        7,
        11,
        15,
        19,
        23,
        26,
        30,
        34,
        38,
        42,
        46,
        49,
        53,
        57,
        61,
        65,
        69,
        72,
        76,
        80,
        84,
        88,
        92,
        95,
        99,
        103,
        107,
        111,
        115,
        119
    ]
}