{
    "video_path": "FallVision/No Fall/Chair/nf_raw_c_2/C_N_02.mp4",
    "active_window": [
        6,
        12
    ],
    "varying_k": 7,
    "detection_status": "Global Event Zone",
    "saliency_weights": [
        0.020825862720492107,
        0.03600776588541091,
        0.0514053075831586,
        0.056242869329438845,
        0.05693672338891306,
        0.06872267986030368,
        0.10442000117588829,
        0.16098611418740394,
        0.20600812706486876,
        0.20656105650882484,
        0.17094283385375608,
        0.1312094792040932,
        0.10396692173012256,
        0.08751773442121047,
        0.07593243833953858,
        0.06528606688347928,
        0.05468332896308413,
        0.045204545736139565,
        0.03778428956596394,
        0.03249778176978156,
        0.02908506163636293,
        0.027260077305473588,
        0.026679258503842354,
        0.02684762114885166,
        0.02713018206935624,
        0.026886578493737462,
        0.0260208112888146,
        0.02511134678619575,
        0.024018692399894532,
        0.021110869068832833,
        0.015845281060670104,
        0.011277938668164665
    ],
    "clip_indices": [
        0,
        2,
        5,
        8,
        11,
        14,
        17,
        20,
        22,
        25,
        28,
        31,
        34,
        37,
        40,
        43,
        45,
        48,
        51,
        54,
        57,
        60,
        63,
        66,
        68,
        71,
        74,
        77,
        80,
        83,
        86,
        89
    ]
}