{
    "video_path": "FallVision/No Fall/Chair/nf_raw_c_2/C_N_130_resized.mp4",
    "active_window": [
        2,
        7
    ],
    "varying_k": 6,
    "detection_status": "Global Event Zone",
    "saliency_weights": [
        0.023589165395599576,
        0.05293561855129575,
        0.115425342814582,
        0.19817334860925706,
        0.25023390768282017,
        0.2304513915728048,
        0.16439440366452557,
        0.10288766805829341,
        0.06458551141632053,
        0.04358273456662536,
        0.032744195762614905,
        0.028648089925520624,
        0.029017522698054254,
        0.03172297172939028,
        0.035238215060912015,
        0.038909615728585104,
        0.04304962832251076,
        0.048023874794976454,
        0.052436049413928335,
        0.05365454320541792,
        0.051161906026966596,
        0.04725860757182014,
        0.043837487632521155,
        0.040867418769200636,
        0.03789742061712731,
        0.03512238081367258,
        0.03309892962331705,
        0.032176910637938184,
        0.0314325925897621,
        0.028261698166482694,
        0.021762222547537936,
        0.015949777092638014
    ],
    "clip_indices": [
        0,
        2,
        5,
        8,
        11,
        14,
        17,
        20,
        22,
        25,
        28,
        31,
        34,
        37,
        40,
        43,
        45,
        48,
        51,
        54,
        57,
        60,
        63,
        66,
        68,
        71,
        74,
        77,
        80,
        83,
        86,
        89
    ]
}