{
    "video_path": "FallVision/No Fall/Chair/nf_raw_c_2/C_N_290_resized.mp4",
    "active_window": [
        0,
        5
    ],
    "varying_k": 6,
    "detection_status": "Global Event Zone",
    "saliency_weights": [
        0.19482108304038065,
        0.33580421002138394,
        0.4434528484030423,
        0.39014628000032125,
        0.24255405930217783,
        0.12432674389743216,
        0.0666279540371301,
        0.042535507999694716,
        0.030685836405008673,
        0.023350723915868548,
        0.018240615592421197,
        0.014559287669908097,
        0.011894087380933966,
        0.009956410121182337,
        0.008553391437655065,
        0.007559735457323176,
        0.0068802476931314575,
        0.006431612395776113,
        0.00614489495538406,
        0.005966368598368852,
        0.00586055738207495,
        0.005806737126141206,
        0.005788844688538578,
        0.005790589118289585,
        0.005800675283253362,
        0.005815716519609233,
        0.005835490431736232,
        0.005853126512399308,
        0.005832109787767062,
        0.005701556775288021,
        0.0054533501375731794,
        0.005238115948401195
    ],
    "clip_indices": [
        0,
        2,
        5,
        8,
        11,
        14,
        17,
        20,
        22,
        25,
        28,
        31,
        34,
        37,
        40,
        43,
        45,
        48,
        51,
        54,
        57,
        60,
        63,
        66,
        68,
        71,
        74,
        77,
        80,
        83,
        86,
        89
    ]
}