{
    "video_path": "FallVision/No Fall/Chair/nf_raw_c_2/C_N_437.mp4",
    "active_window": [
        12,
        16
    ],
    "varying_k": 5,
    "detection_status": "Global Event Zone",
    "saliency_weights": [
        0.017337417351987468,
        0.03176078448031434,
        0.04873983399964864,
        0.058877205867760185,
        0.063675570724857,
        0.06786836735227439,
        0.07155637325055761,
        0.07269117079673604,
        0.07147341919749392,
        0.06979336279064426,
        0.06927349914930933,
        0.07063200496089458,
        0.07338626716447033,
        0.07615905388744856,
        0.07733524020706956,
        0.07596971063888958,
        0.07308735314826151,
        0.0711135038656052,
        0.07147499210260233,
        0.07356182587139855,
        0.07509667630357081,
        0.07359206953479977,
        0.06972898431203307,
        0.06769116530916636,
        0.06945038808166468,
        0.07205688444894992,
        0.07257328786295578,
        0.0710395304524595,
        0.06673404587273402,
        0.05587005663996111,
        0.03812182307424222,
        0.02330147041768736
    ],
    "clip_indices": [
        0,
        2,
        5,
        8,
        11,
        14,
        17,
        20,
        22,
        25,
        28,
        31,
        34,
        37,
        40,
        43,
        45,
        48,
        51,
        54,
        57,
        60,
        63,
        66,
        68,
        71,
        74,
        77,
        80,
        83,
        86,
        89
    ]
}