{
    "video_path": "FallVision/No Fall/Chair/nf_raw_c_2/C_N_53.mp4",
    "active_window": [
        5,
        12
    ],
    "varying_k": 8,
    "detection_status": "Global Event Zone",
    "saliency_weights": [
        0.011231910515196602,
        0.02093550785340454,
        0.03588504586900109,
        0.05306893110130122,
        0.07372540604209753,
        0.09983268779367642,
        0.13003030534789795,
        0.15913012787273062,
        0.17835844315591948,
        0.17984040728421255,
        0.16323090161371934,
        0.13456200778887678,
        0.1027093429942654,
        0.07589540618588489,
        0.05743966700270202,
        0.04630319072546528,
        0.04024919759727376,
        0.03730276860704142,
        0.0360905270025183,
        0.03576013451506285,
        0.035804674652911136,
        0.03594333076521835,
        0.036062390764543595,
        0.03616818586796862,
        0.03628813943124912,
        0.03641137822216543,
        0.03646569566025891,
        0.03615030932892697,
        0.034417956190555085,
        0.029437351935748958,
        0.02124631635144536,
        0.014424125779198303
    ],
    "clip_indices": [
        0,
        3,
        6,
        9,
        12,
        15,
        18,
        21,
        24,
        27,
        30,
        33,
        36,
        39,
        42,
        45,
        49,
        52,
        55,
        58,
        61,
        64,
        67,
        70,
        73,
        76,
        79,
        82,
        85,
        88,
        91,
        95
    ]
}