{
    "video_path": "FallVision/No Fall/Chair/nf_raw_c_2/C_N_363_resized.mp4",
    "active_window": [
        13,
        19
    ],
    "varying_k": 7,
    "detection_status": "Global Event Zone",
    "saliency_weights": [
        0.028922399110573507,
        0.0511696138930364,
        0.07259073529997132,
        0.07550477035417885,
        0.06584949531443687,
        0.057377167411928436,
        0.05470726697591338,
        0.05573911701196842,
        0.05727879161202488,
        0.057520022950921346,
        0.057721511117475116,
        0.061460450316994625,
        0.07254539104658875,
        0.09116790772870104,
        0.10893867807074845,
        0.11461158354371748,
        0.1078004005378293,
        0.09790934847255536,
        0.09033631202347908,
        0.08323804022482287,
        0.07546159378343748,
        0.06936390869699542,
        0.06588367545471355,
        0.0626417497796964,
        0.05852768177429683,
        0.05571479546912114,
        0.054716613263431524,
        0.05148112408785216,
        0.042821458944735546,
        0.03074788550613306,
        0.01933257138120676,
        0.012202574266811136
    ],
    "clip_indices": [
        0,
        3,
        6,
        9,
        12,
        15,
        18,
        21,
        24,
        27,
        30,
        33,
        36,
        39,
        42,
        45,
        49,
        52,
        55,
        58,
        61,
        64,
        67,
        70,
        73,
        76,
        79,
        82,
        85,
        88,
        91,
        95
    ]
}