{
    "video_path": "FallVision/No Fall/Chair/nf_raw_c_2/C_N_281_resized.mp4",
    "active_window": [
        11,
        16
    ],
    "varying_k": 6,
    "detection_status": "Global Event Zone",
    "saliency_weights": [
        0.017805793122184298,
        0.031051707405668698,
        0.04639305183563362,
        0.0552497571263723,
        0.059589595858011685,
        0.06314210192357128,
        0.06257337869876414,
        0.05382678079869347,
        0.042181589584368635,
        0.04159863867734336,
        0.06964178025645879,
        0.1340714655868371,
        0.21391565242152152,
        0.27064563448210643,
        0.27710557236957295,
        0.2296155100716457,
        0.1524176162170238,
        0.08373048694659307,
        0.042764215347866494,
        0.02337928456593172,
        0.014418620623810434,
        0.010100529111703888,
        0.008135738909824398,
        0.007360852650380851,
        0.007100728446739196,
        0.007025039694712461,
        0.0069910970584958106,
        0.006931286161034602,
        0.006728034137722919,
        0.006175621430538271,
        0.005272607309444259,
        0.0045209671067038245
    ],
    "clip_indices": [
        0,
        2,
        5,
        8,
        11,
        14,
        17,
        20,
        22,
        25,
        28,
        31,
        34,
        37,
        40,
        43,
        45,
        48,
        51,
        54,
        57,
        60,
        63,
        66,
        68,
        71,
        74,
        77,
        80,
        83,
        86,
        89
    ]
}