{
    "video_path": "FallVision/No Fall/Chair/nf_raw_c_2/C_N_547.mp4",
    "active_window": [
        12,
        19
    ],
    "varying_k": 8,
    "detection_status": "Global Event Zone",
    "saliency_weights": [
        0.017930993718644244,
        0.03261471050642128,
        0.04982192084177096,
        0.0595685816955967,
        0.06247851711639907,
        0.0630682365074405,
        0.06293768160130749,
        0.06165045945996021,
        0.05922414746001496,
        0.057437241987225766,
        0.060500405258894205,
        0.07175729740787096,
        0.0884136331293153,
        0.10346590525354787,
        0.11153369594196638,
        0.11105643970676268,
        0.1046712513270224,
        0.09690376671762443,
        0.0893255860338193,
        0.0804083672276306,
        0.07028555545268883,
        0.06197885672172106,
        0.05733489356007318,
        0.05518441735614738,
        0.053915268340581156,
        0.053162984264695415,
        0.053276078919315566,
        0.05429297039898337,
        0.05404885990820005,
        0.04758362788869256,
        0.033687774427238804,
        0.021238418114711388
    ],
    "clip_indices": [
        0,
        3,
        7,
        11,
        15,
        19,
        23,
        26,
        30,
        34,
        38,
        42,
        46,
        49,
        53,
        57,
        61,
        65,
        69,
        72,
        76,
        80,
        84,
        88,
        92,
        95,
        99,
        103,
        107,
        111,
        115,
        119
    ]
}