{
    "video_path": "FallVision/No Fall/Chair/nf_raw_c_2/C_N_150.mp4",
    "active_window": [
        7,
        13
    ],
    "varying_k": 7,
    "detection_status": "Global Event Zone",
    "saliency_weights": [
        0.007031401065224865,
        0.010762573352331817,
        0.014657491269926604,
        0.01645756290664077,
        0.019069756838152395,
        0.03033415682852252,
        0.06178808414263179,
        0.11963678488210122,
        0.19236637109808033,
        0.2558100980300929,
        0.2839413754769615,
        0.2620830102216188,
        0.20392773300789582,
        0.13959209130883787,
        0.08860093305119085,
        0.055232687412237046,
        0.036304156784594394,
        0.026489609813320766,
        0.021589990668391023,
        0.01924949901954185,
        0.01824529577768645,
        0.01792640086082603,
        0.017962301979270616,
        0.018196764460765468,
        0.01846888658008284,
        0.018545371934573774,
        0.018275561075052606,
        0.017644262335975124,
        0.016456123560044857,
        0.014216707715234304,
        0.011022009965325402,
        0.008477306025654222
    ],
    "clip_indices": [
        0,
        7,
        15,
        23,
        30,
        38,
        46,
        53,
        61,
        69,
        77,
        84,
        92,
        100,
        107,
        115,
        123,
        131,
        138,
        146,
        154,
        161,
        169,
        177,
        185,
        192,
        200,
        208,
        215,
        223,
        231,
        239
    ]
}