{
    "video_path": "FallVision/No Fall/Chair/nf_raw_c_2/C_N_160_resized.mp4",
    "active_window": [
        15,
        20
    ],
    "varying_k": 6,
    "detection_status": "Global Event Zone",
    "saliency_weights": [
        0.004058195333558858,
        0.004520382434837898,
        0.005067007606126394,
        0.0053820393346333635,
        0.005468431558781069,
        0.005460452736260503,
        0.005436556545053109,
        0.005422727005655003,
        0.0054325847120437875,
        0.005505783190645727,
        0.005874328559962039,
        0.007694604533064481,
        0.015023090896155875,
        0.038921699712362194,
        0.0999023724030588,
        0.20708241603648606,
        0.3197340938791222,
        0.36760904806677563,
        0.32848124176148136,
        0.24199382498586025,
        0.15382921845759379,
        0.08716444296302789,
        0.04665128309206809,
        0.025573568161664166,
        0.015448664452148066,
        0.010682730365649176,
        0.008281480758302907,
        0.006973634091517804,
        0.006218795753978524,
        0.005662220640574256,
        0.005133611460933107,
        0.0047590261899319655
    ],
    "clip_indices": [
        0,
        2,
        4,
        6,
        9,
        11,
        13,
        16,
        18,
        20,
        22,
        25,
        27,
        29,
        32,
        34,
        36,
        38,
        41,
        43,
        45,
        48,
        50,
        52,
        54,
        57,
        59,
        61,
        64,
        66,
        68,
        71
    ]
}