{
    "video_path": "FallVision/No Fall/Chair/nf_raw_c_2/C_N_485_resized.mp4",
    "active_window": [
        1,
        5
    ],
    "varying_k": 5,
    "detection_status": "Peak Only",
    "saliency_weights": [
        0.023869732854991766,
        0.043275662585839966,
        0.06447639604340025,
        0.07340654134337878,
        0.0725053338450672,
        0.07017435127569341,
        0.06977851083948759,
        0.07073415637622738,
        0.07164732596789927,
        0.07158541801295207,
        0.07073719598990894,
        0.0698900761102396,
        0.06951472198170165,
        0.06959655808994451,
        0.06979464286840704,
        0.06970799630501145,
        0.0692471383283674,
        0.068675518549314,
        0.06837507951633273,
        0.06858713475964667,
        0.06907091615683307,
        0.06918627291062329,
        0.06865591594075252,
        0.06793504158588565,
        0.06781992896769345,
        0.06894601546770399,
        0.07086734527652132,
        0.07137030765079425,
        0.0672123448153211,
        0.05536050391721171,
        0.03708300337047937,
        0.022282696052121034
    ],
    "clip_indices": [
        0,
        2,
        5,
        8,
        11,
        14,
        17,
        19,
        22,
        25,
        28,
        31,
        34,
        36,
        39,
        42,
        45,
        48,
        51,
        53,
        56,
        59,
        62,
        65,
        68,
        70,
        73,
        76,
        79,
        82,
        85,
        88
    ]
}