{
    "video_path": "FallVision/No Fall/Chair/nf_raw_c_2/C_N_244.mp4",
    "active_window": [
        1,
        7
    ],
    "varying_k": 7,
    "detection_status": "Global Event Zone",
    "saliency_weights": [
        0.09522662960906038,
        0.17153701750369588,
        0.25154531844323613,
        0.2759443731087414,
        0.25176452275467376,
        0.21148630555053483,
        0.17102861811809078,
        0.13338376820333847,
        0.10007470001732,
        0.07328958522141338,
        0.05437162847264601,
        0.04289423649874823,
        0.035865340377448915,
        0.02959032866709939,
        0.023046810938178897,
        0.017494241419331903,
        0.013701480766010351,
        0.011252188035787411,
        0.009555317048018543,
        0.00832835365131548,
        0.007477870912137894,
        0.006959723710680549,
        0.006706224662103625,
        0.0066204685206754325,
        0.006665523748064148,
        0.00688173030381236,
        0.007224722835554833,
        0.007458726447071216,
        0.007307633381163442,
        0.006613404679024788,
        0.005508986508973681,
        0.004614407119965128
    ],
    "clip_indices": [
        0,
        2,
        5,
        8,
        11,
        14,
        17,
        20,
        22,
        25,
        28,
        31,
        34,
        37,
        40,
        43,
        45,
        48,
        51,
        54,
        57,
        60,
        63,
        66,
        68,
        71,
        74,
        77,
        80,
        83,
        86,
        89
    ]
}