{
    "video_path": "FallVision/No Fall/Chair/nf_raw_c_2/C_N_539.mp4",
    "active_window": [
        1,
        6
    ],
    "varying_k": 6,
    "detection_status": "Global Event Zone",
    "saliency_weights": [
        0.044082187667873654,
        0.07860632802874354,
        0.11274496579580795,
        0.1192581345561757,
        0.10550259637725223,
        0.09039141574942483,
        0.08006327713267966,
        0.07221115451964533,
        0.06520228644268779,
        0.059254408161343815,
        0.055157813416077325,
        0.053601119663202135,
        0.05474948961397755,
        0.05829295704518929,
        0.06353278420577468,
        0.0690600341837718,
        0.07230450779196357,
        0.07076818581193414,
        0.06505603267866172,
        0.05851907770585889,
        0.05298012207618348,
        0.04786835595352017,
        0.04398530126701645,
        0.04447056400671492,
        0.050070799985595486,
        0.05696187943819411,
        0.061852998847362145,
        0.06486230682775647,
        0.0649648576998939,
        0.05721458117908092,
        0.040556098524838914,
        0.02566757480730271
    ],
    "clip_indices": [
        0,
        4,
        9,
        14,
        19,
        24,
        28,
        33,
        38,
        43,
        48,
        52,
        57,
        62,
        67,
        72,
        76,
        81,
        86,
        91,
        96,
        100,
        105,
        110,
        115,
        120,
        124,
        129,
        134,
        139,
        144,
        149
    ]
}