{
    "video_path": "FallVision/No Fall/Chair/nf_raw_c_2/C_N_152.mp4",
    "active_window": [
        12,
        18
    ],
    "varying_k": 7,
    "detection_status": "Global Event Zone",
    "saliency_weights": [
        0.01493881445122044,
        0.025934448768096474,
        0.0373960846767454,
        0.04143358771552462,
        0.041040831608083986,
        0.04227986279018206,
        0.04593371864263425,
        0.04974592400961581,
        0.05255048579401022,
        0.05503880627724125,
        0.05985370929447882,
        0.0714191951921044,
        0.0948100752503016,
        0.1303199102580885,
        0.16524288273999743,
        0.18058467718138788,
        0.16944194933446843,
        0.13979740554883752,
        0.10470072703134659,
        0.07561407626464482,
        0.057308721870356606,
        0.04756618183553893,
        0.04273606027936698,
        0.040664325641939086,
        0.04018707596733537,
        0.040441764211597855,
        0.04078898853723106,
        0.04065520059739688,
        0.03879414249614899,
        0.033142454386086914,
        0.023786798980918636,
        0.015986766570906124
    ],
    "clip_indices": [
        0,
        2,
        5,
        8,
        11,
        14,
        17,
        20,
        22,
        25,
        28,
        31,
        34,
        37,
        40,
        43,
        45,
        48,
        51,
        54,
        57,
        60,
        63,
        66,
        68,
        71,
        74,
        77,
        80,
        83,
        86,
        89
    ]
}