{
    "video_path": "FallVision/No Fall/Chair/nf_raw_c_2/C_N_94_resized.mp4",
    "active_window": [
        19,
        23
    ],
    "varying_k": 5,
    "detection_status": "Global Event Zone",
    "saliency_weights": [
        0.019436136953006403,
        0.0358307828893202,
        0.05532893227611745,
        0.06685269845554495,
        0.07058528923117574,
        0.07122101566696334,
        0.07120821558151297,
        0.07101901546988985,
        0.07067420073002517,
        0.07021020105047326,
        0.06973947877484987,
        0.06939921321111375,
        0.06926688773719272,
        0.06934852172486455,
        0.06959297850527665,
        0.06993498919680018,
        0.07035664297703906,
        0.07085884451918953,
        0.07135988006015098,
        0.07171396245645631,
        0.07187603403614981,
        0.07192749711617162,
        0.07190093143257548,
        0.07173400607747384,
        0.0714640116581208,
        0.07130276877583133,
        0.07132062136141926,
        0.07085993919548256,
        0.06741126289197624,
        0.05658826206451936,
        0.038304044317623506,
        0.022948452700979147
    ],
    "clip_indices": [
        0,
        2,
        5,
        8,
        11,
        14,
        17,
        20,
        22,
        25,
        28,
        31,
        34,
        37,
        40,
        43,
        45,
        48,
        51,
        54,
        57,
        60,
        63,
        66,
        68,
        71,
        74,
        77,
        80,
        83,
        86,
        89
    ]
}