{
    "video_path": "FallVision/No Fall/Chair/nf_raw_c_2/C_N_455_resized.mp4",
    "active_window": [
        25,
        29
    ],
    "varying_k": 5,
    "detection_status": "Global Event Zone",
    "saliency_weights": [
        0.02109165472134322,
        0.03834532633054553,
        0.05789637324157408,
        0.06753039548551532,
        0.06837814163584635,
        0.0665329429763574,
        0.06451279629950524,
        0.062324675579074125,
        0.060226420528400465,
        0.05898259255836216,
        0.05923043346571893,
        0.061012529165173926,
        0.0633384908254418,
        0.06486799795326245,
        0.06524095320750506,
        0.06505056882746643,
        0.06495821152567537,
        0.06526443446314963,
        0.06579277301120964,
        0.0660466858850359,
        0.06569572924917158,
        0.06488041296411423,
        0.06433542005167124,
        0.06534622471071144,
        0.06916924996350343,
        0.07638909265630739,
        0.08593912759376524,
        0.09412771450354894,
        0.09507784962729554,
        0.08223537989309809,
        0.056403512050985496,
        0.033955458387542034
    ],
    "clip_indices": [
        0,
        5,
        11,
        17,
        23,
        28,
        34,
        40,
        46,
        51,
        57,
        63,
        69,
        75,
        80,
        86,
        92,
        98,
        103,
        109,
        115,
        121,
        127,
        132,
        138,
        144,
        150,
        155,
        161,
        167,
        173,
        179
    ]
}