{
    "video_path": "FallVision/No Fall/Chair/nf_raw_c_2/C_N_205_resized.mp4",
    "active_window": [
        7,
        11
    ],
    "varying_k": 5,
    "detection_status": "Global Event Zone",
    "saliency_weights": [
        0.025225428657237578,
        0.04520342889091568,
        0.06678563193676475,
        0.07448240058896483,
        0.06930781648093984,
        0.06298923140547733,
        0.07091717806020484,
        0.09878364382322044,
        0.12790937247474976,
        0.13408899492442347,
        0.11614381537299365,
        0.08928859122708327,
        0.06598837646537246,
        0.05127492367758563,
        0.04447345624670299,
        0.042591463994612055,
        0.04430279802355623,
        0.049589619551426226,
        0.05608215528905334,
        0.059148632175305915,
        0.05674172972586,
        0.05130531648795707,
        0.04731783558043012,
        0.04887854148459547,
        0.05653152450106609,
        0.06612163741636264,
        0.07302555886554164,
        0.07481334984297644,
        0.06994660067377947,
        0.057200690541950476,
        0.03882926207957757,
        0.024362925942045616
    ],
    "clip_indices": [
        0,
        2,
        5,
        8,
        11,
        14,
        17,
        20,
        22,
        25,
        28,
        31,
        34,
        37,
        40,
        43,
        45,
        48,
        51,
        54,
        57,
        60,
        63,
        66,
        68,
        71,
        74,
        77,
        80,
        83,
        86,
        89
    ]
}