{
    "video_path": "FallVision/No Fall/Chair/nf_raw_c_2/C_N_415.mp4",
    "active_window": [
        0,
        5
    ],
    "varying_k": 6,
    "detection_status": "Global Event Zone",
    "saliency_weights": [
        0.1861517215528728,
        0.32366191419987367,
        0.4362346970737442,
        0.40094390137869684,
        0.2678991116637927,
        0.14440210743907184,
        0.06976055846041057,
        0.034165166819208226,
        0.02010913600565057,
        0.014573868987053339,
        0.011600962404199382,
        0.009701748812865266,
        0.008542094733397818,
        0.007840977787022222,
        0.00739066831212991,
        0.007091454539228471,
        0.006907226988523465,
        0.006824750922243984,
        0.006821862355164235,
        0.006862002032945529,
        0.006914387117770187,
        0.006962636477233313,
        0.006999899377232471,
        0.007024785504326142,
        0.007039212142965682,
        0.0070471778325281315,
        0.007050388999015712,
        0.007036391879919182,
        0.006947798512241024,
        0.00667915367874748,
        0.006228920933041733,
        0.00585162069580078
    ],
    "clip_indices": [
        0,
        4,
        9,
        14,
        19,
        23,
        28,
        33,
        38,
        42,
        47,
        52,
        57,
        62,
        66,
        71,
        76,
        81,
        85,
        90,
        95,
        100,
        105,
        109,
        114,
        119,
        124,
        128,
        133,
        138,
        143,
        148
    ]
}