{
    "video_path": "FallVision/No Fall/Chair/nf_raw_c_2/C_N_386_resized.mp4",
    "active_window": [
        0,
        4
    ],
    "varying_k": 5,
    "detection_status": "Global Event Zone",
    "saliency_weights": [
        0.17102787115148074,
        0.2939120656967701,
        0.3848204223815357,
        0.3315566219845629,
        0.19705246987692224,
        0.09399034033019886,
        0.04802882060804338,
        0.03179908986703573,
        0.026009223686286276,
        0.02500754643026116,
        0.02628189999579111,
        0.02750145133371698,
        0.027588078706219585,
        0.026647071550937845,
        0.025202302325064922,
        0.02373443454451904,
        0.022388360417001686,
        0.021086409487602317,
        0.019934019139036495,
        0.019231384958367174,
        0.01903576040289532,
        0.019055129021640027,
        0.019050206940433516,
        0.019030893631771406,
        0.0190842684774716,
        0.019242173847820458,
        0.019460835867958076,
        0.019561385592415305,
        0.01906777813470134,
        0.01722230876939873,
        0.014036709584521988,
        0.01135043298099377
    ],
    "clip_indices": [
        0,
        3,
        7,
        11,
        15,
        19,
        23,
        26,
        30,
        34,
        38,
        42,
        46,
        49,
        53,
        57,
        61,
        65,
        69,
        72,
        76,
        80,
        84,
        88,
        92,
        95,
        99,
        103,
        107,
        111,
        115,
        119
    ]
}