{
    "video_path": "FallVision/No Fall/Chair/nf_raw_c_2/C_N_440_resized.mp4",
    "active_window": [
        15,
        28
    ],
    "varying_k": 14,
    "detection_status": "Global Event Zone",
    "saliency_weights": [
        0.019166768637762475,
        0.03504441952853478,
        0.05330720750151835,
        0.06283708784739869,
        0.06435947848550756,
        0.06335874099775007,
        0.06287319661484225,
        0.06359488748585992,
        0.06519227445055753,
        0.06703832145462146,
        0.06863547318459706,
        0.0697138811156895,
        0.07029022002883151,
        0.07063228297258653,
        0.0711615857395978,
        0.0721272739811372,
        0.07309119647751587,
        0.07325298643523452,
        0.072567431535944,
        0.07185771132241428,
        0.07178304922544851,
        0.07235733826186383,
        0.07319639337445594,
        0.07380401945782836,
        0.07398364169956442,
        0.07402951468501856,
        0.07436599218033654,
        0.07478374058855197,
        0.0725704476261119,
        0.06208239927522266,
        0.0425297478429947,
        0.025628364387339276
    ],
    "clip_indices": [
        0,
        3,
        7,
        11,
        15,
        19,
        23,
        26,
        30,
        34,
        38,
        42,
        46,
        49,
        53,
        57,
        61,
        65,
        69,
        72,
        76,
        80,
        84,
        88,
        92,
        95,
        99,
        103,
        107,
        111,
        115,
        119
    ]
}