{
    "video_path": "FallVision/No Fall/Chair/nf_raw_c_2/C_N_128_resized.mp4",
    "active_window": [
        21,
        26
    ],
    "varying_k": 6,
    "detection_status": "Global Event Zone",
    "saliency_weights": [
        0.021783945705159843,
        0.039738834557098875,
        0.060210479530826255,
        0.07083416453756852,
        0.07335930157584662,
        0.07408436121851047,
        0.07410174903643477,
        0.07203195329350279,
        0.06893064430532261,
        0.0669469919721446,
        0.0662219395959676,
        0.06584911103033904,
        0.06626788213518289,
        0.06843308516081628,
        0.07130758637786463,
        0.07262717843429131,
        0.07197885146647388,
        0.0708336906324449,
        0.07001162882370199,
        0.06937921393085467,
        0.06989118182435314,
        0.07332293447377139,
        0.07843685592962807,
        0.08054080797491651,
        0.07806139391107833,
        0.07517181777691806,
        0.07405438691381706,
        0.0702324247408197,
        0.059475652152735245,
        0.043511950147022666,
        0.027214595366717335,
        0.016454144543017267
    ],
    "clip_indices": [
        0,
        1,
        3,
        5,
        7,
        9,
        11,
        13,
        15,
        17,
        19,
        20,
        22,
        24,
        26,
        28,
        30,
        32,
        34,
        36,
        38,
        39,
        41,
        43,
        45,
        47,
        49,
        51,
        53,
        55,
        57,
        59
    ]
}