{
    "video_path": "FallVision/No Fall/Chair/nf_raw_c_2/C_N_203_resized.mp4",
    "active_window": [
        10,
        15
    ],
    "varying_k": 6,
    "detection_status": "Global Event Zone",
    "saliency_weights": [
        0.0162370895119475,
        0.029251535346069432,
        0.04438106004355949,
        0.05258330740512185,
        0.054218613816651454,
        0.05342948879637015,
        0.052686046167009046,
        0.053974756664002296,
        0.0609268330484802,
        0.07635079937881124,
        0.09775660201731844,
        0.11802095290759312,
        0.12832110484993586,
        0.1228642807997616,
        0.1054890331067968,
        0.08616688183489073,
        0.07059082509807434,
        0.05878943258019617,
        0.050704114501188155,
        0.04754232542629791,
        0.04831973375012853,
        0.04950916166583923,
        0.04995023456100646,
        0.05250614932782029,
        0.05930245674720863,
        0.06870414890260296,
        0.07698239863260761,
        0.0798292717963334,
        0.07403486869010904,
        0.059133300925374985,
        0.03884489325022392,
        0.02333481728457558
    ],
    "clip_indices": [
        0,
        2,
        5,
        8,
        11,
        14,
        17,
        20,
        22,
        25,
        28,
        31,
        34,
        37,
        40,
        43,
        45,
        48,
        51,
        54,
        57,
        60,
        63,
        66,
        68,
        71,
        74,
        77,
        80,
        83,
        86,
        89
    ]
}