{
    "video_path": "FallVision/No Fall/Chair/nf_raw_c_2/C_N_10.mp4",
    "active_window": [
        2,
        17
    ],
    "varying_k": 16,
    "detection_status": "Global Event Zone",
    "saliency_weights": [
        0.02856379428663435,
        0.05231713511648793,
        0.08039287994898842,
        0.09602916201071912,
        0.09791120087651417,
        0.09150730880279415,
        0.08079072367539888,
        0.06843618433989812,
        0.05768323165532437,
        0.05193749608408038,
        0.05340230290290124,
        0.06323891222597368,
        0.08149473134572338,
        0.104875849476874,
        0.12349996180889511,
        0.12619698164559962,
        0.11277348755084016,
        0.09332128313260345,
        0.07625130904315269,
        0.063901300357774,
        0.05544223406423378,
        0.0492684817481399,
        0.04448697409106375,
        0.04123666786148736,
        0.039682839957107446,
        0.03938887399753759,
        0.03965746761289542,
        0.0396400923298159,
        0.03785323003668509,
        0.03217661335719038,
        0.02273790383622534,
        0.014866144740145807
    ],
    "clip_indices": [
        0,
        1,
        3,
        5,
        7,
        9,
        11,
        13,
        15,
        17,
        19,
        20,
        22,
        24,
        26,
        28,
        30,
        32,
        34,
        36,
        38,
        39,
        41,
        43,
        45,
        47,
        49,
        51,
        53,
        55,
        57,
        59
    ]
}