{
    "video_path": "FallVision/No Fall/Chair/nf_raw_c_2/C_N_76_resized.mp4",
    "active_window": [
        0,
        31
    ],
    "varying_k": 32,
    "detection_status": "Static/Uniform",
    "saliency_weights": [
        0.019461504179883973,
        0.03581886778340438,
        0.055122105886410595,
        0.06626376850374385,
        0.06966451805060789,
        0.07027765064321598,
        0.07054482711111829,
        0.07080205698479476,
        0.07099677669920487,
        0.07112087441897905,
        0.07117612546871825,
        0.07116497301061965,
        0.07111459996310585,
        0.07106592681042553,
        0.0710410326682491,
        0.07104075369650975,
        0.07106001333574291,
        0.07109464312682925,
        0.07114101671338188,
        0.07119423792642807,
        0.07124638394663653,
        0.07128774004666727,
        0.07131371776429808,
        0.07132838504216278,
        0.07133948021912631,
        0.07133788419271633,
        0.07119952370056469,
        0.07027843514622176,
        0.06629206336808477,
        0.05525513702578958,
        0.03726206219285532,
        0.02231203473809084
    ],
    "clip_indices": [
        0,
        5,
        11,
        17,
        23,
        28,
        34,
        40,
        46,
        51,
        57,
        63,
        69,
        75,
        80,
        86,
        92,
        98,
        103,
        109,
        115,
        121,
        127,
        132,
        138,
        144,
        150,
        155,
        161,
        167,
        173,
        179
    ]
}