{
    "video_path": "FallVision/No Fall/Chair/nf_raw_c_2/C_N_03.mp4",
    "active_window": [
        4,
        10
    ],
    "varying_k": 7,
    "detection_status": "Global Event Zone",
    "saliency_weights": [
        0.024514229164279887,
        0.043481321679715745,
        0.06642363830487152,
        0.08739673689286656,
        0.12320014986074052,
        0.18192094495782157,
        0.22970936246160042,
        0.22893692757572742,
        0.18990033851032523,
        0.14674009832076837,
        0.11397592675739798,
        0.08836842918862631,
        0.06679724712100538,
        0.04997652448481017,
        0.03854867233198121,
        0.03179508939167322,
        0.028415619985160248,
        0.027032838108296015,
        0.026449434059347326,
        0.025809139217195045,
        0.024882939768547892,
        0.02401215360604729,
        0.023507403633198774,
        0.02332999957818374,
        0.023213338897818132,
        0.022818757296283274,
        0.02199355419916639,
        0.020834010623099766,
        0.019160383041576766,
        0.016278171641428807,
        0.012214928989659077,
        0.008978322613325214
    ],
    "clip_indices": [
        0,
        2,
        5,
        8,
        11,
        14,
        17,
        20,
        22,
        25,
        28,
        31,
        34,
        37,
        40,
        43,
        45,
        48,
        51,
        54,
        57,
        60,
        63,
        66,
        68,
        71,
        74,
        77,
        80,
        83,
        86,
        89
    ]
}