{
    "video_path": "FallVision/No Fall/Chair/nf_raw_c_2/C_N_209_resized.mp4",
    "active_window": [
        19,
        27
    ],
    "varying_k": 9,
    "detection_status": "Global Event Zone",
    "saliency_weights": [
        0.01941593810775552,
        0.03558444213765463,
        0.05441570766989155,
        0.06475262439584177,
        0.06717441957250173,
        0.06693324294208985,
        0.06680940463369248,
        0.06737086623707059,
        0.06848395337362068,
        0.0697766542018482,
        0.07067737732958962,
        0.07062029969606728,
        0.0693864725916816,
        0.06705153990055951,
        0.06386319190050478,
        0.0606023516393864,
        0.05918254811177184,
        0.061641191486015316,
        0.06745235482654979,
        0.07358353224374145,
        0.07779315852928034,
        0.07990921600459616,
        0.0805051742511338,
        0.08011624766341871,
        0.07939736028434882,
        0.07907104442283201,
        0.07885039412563641,
        0.07667670089804224,
        0.06973168810595527,
        0.05583744808715203,
        0.03677990017994215,
        0.021958758025396312
    ],
    "clip_indices": [
        0,
        1,
        3,
        5,
        7,
        9,
        11,
        13,
        15,
        17,
        19,
        20,
        22,
        24,
        26,
        28,
        30,
        32,
        34,
        36,
        38,
        39,
        41,
        43,
        45,
        47,
        49,
        51,
        53,
        55,
        57,
        59
    ]
}