{
    "video_path": "FallVision/No Fall/Chair/nf_raw_c_2/C_N_353_resized.mp4",
    "active_window": [
        12,
        16
    ],
    "varying_k": 5,
    "detection_status": "Global Event Zone",
    "saliency_weights": [
        0.01854863009945567,
        0.03422654697615082,
        0.053024253458437975,
        0.06443587970887604,
        0.06849453962715232,
        0.06953406353003164,
        0.06996455358012602,
        0.0703605084183744,
        0.07068499597225707,
        0.07086399155563464,
        0.07105998335174143,
        0.07149627603528737,
        0.07211070485543544,
        0.07260655742382333,
        0.07272152354959274,
        0.07239734385070694,
        0.0719036367704211,
        0.07163549465154105,
        0.07160088612926996,
        0.07142892603167603,
        0.07096661948606689,
        0.07047880530295339,
        0.07027432390989699,
        0.0704605288595315,
        0.0709229405338166,
        0.0713774437182039,
        0.07157782195530223,
        0.0710413912121638,
        0.06751984603249442,
        0.05666004268159387,
        0.038323548993563106,
        0.022917585392191346
    ],
    "clip_indices": [
        0,
        2,
        5,
        8,
        11,
        14,
        17,
        20,
        22,
        25,
        28,
        31,
        34,
        37,
        40,
        43,
        45,
        48,
        51,
        54,
        57,
        60,
        63,
        66,
        68,
        71,
        74,
        77,
        80,
        83,
        86,
        89
    ]
}