{
    "video_path": "FallVision/No Fall/Chair/nf_raw_c_2/C_N_19.mp4",
    "active_window": [
        8,
        16
    ],
    "varying_k": 9,
    "detection_status": "Global Event Zone",
    "saliency_weights": [
        0.008401248079195116,
        0.01406753053092269,
        0.020423735515573332,
        0.02361994333431836,
        0.024898128817853398,
        0.028481300534618198,
        0.03947369372077156,
        0.06275084418697924,
        0.10053473659169326,
        0.14704682452349666,
        0.18258551542712786,
        0.18803281925005064,
        0.1685678164658544,
        0.1447799084893528,
        0.12731434352530052,
        0.11387832034179207,
        0.1000971519253665,
        0.08447188152083418,
        0.06839089508863999,
        0.05470158559918378,
        0.04502896999020904,
        0.03893578296517841,
        0.03532016561455918,
        0.03325886355971534,
        0.03209397989626678,
        0.03135856674793677,
        0.030724899961194492,
        0.02985967737364684,
        0.027981965128271884,
        0.0237976334105464,
        0.017393627656391783,
        0.012171807265523887
    ],
    "clip_indices": [
        0,
        1,
        3,
        5,
        7,
        9,
        11,
        13,
        15,
        17,
        19,
        20,
        22,
        24,
        26,
        28,
        30,
        32,
        34,
        36,
        38,
        39,
        41,
        43,
        45,
        47,
        49,
        51,
        53,
        55,
        57,
        59
    ]
}