{
    "video_path": "FallVision/No Fall/Chair/nf_raw_c_2/C_N_14.mp4",
    "active_window": [
        6,
        13
    ],
    "varying_k": 8,
    "detection_status": "Global Event Zone",
    "saliency_weights": [
        0.01254357087784436,
        0.021438375883574824,
        0.030976938006914895,
        0.03625888123815091,
        0.04360353212143013,
        0.06329819107061387,
        0.10040955400353997,
        0.15044073354771353,
        0.1953770877099044,
        0.2155281619283324,
        0.2068079918898011,
        0.17762791777677123,
        0.13942731774223582,
        0.10233793704079058,
        0.07262663520434232,
        0.05259007110304169,
        0.041033118422511276,
        0.034769556852091724,
        0.031306736087275716,
        0.029558862745627648,
        0.028903944311778118,
        0.028671870231558042,
        0.028398439625905318,
        0.027985999062248475,
        0.0275513596605131,
        0.027288072552991628,
        0.027288605573689693,
        0.027315791416869142,
        0.02645590759704653,
        0.023131602004124806,
        0.01722731686013814,
        0.012196723211267715
    ],
    "clip_indices": [
        0,
        1,
        3,
        5,
        7,
        9,
        11,
        13,
        15,
        17,
        19,
        20,
        22,
        24,
        26,
        28,
        30,
        32,
        34,
        36,
        38,
        39,
        41,
        43,
        45,
        47,
        49,
        51,
        53,
        55,
        57,
        59
    ]
}