{
    "video_path": "FallVision/No Fall/Chair/nf_raw_c_2/C_N_249.mp4",
    "active_window": [
        1,
        11
    ],
    "varying_k": 11,
    "detection_status": "Global Event Zone",
    "saliency_weights": [
        0.05258196952946541,
        0.09148122759419423,
        0.1241493109286696,
        0.1199173833284185,
        0.10175122874022893,
        0.10288545620793688,
        0.11952484633681147,
        0.13098075929395506,
        0.13106555050159419,
        0.12411826045906073,
        0.11201256893681946,
        0.09449028324182282,
        0.07496160004188349,
        0.059609698883726484,
        0.052395811061999586,
        0.05306660367057739,
        0.05679667968885407,
        0.05704327625626254,
        0.05180088713757028,
        0.04425508381134678,
        0.03748436253103993,
        0.03221510102010286,
        0.028487596617601696,
        0.026637981539654083,
        0.026630299528721056,
        0.02756920881664436,
        0.028298176958831602,
        0.027824545384977528,
        0.025410565062000033,
        0.02077101807226804,
        0.014746692102312076,
        0.010184220795294347
    ],
    "clip_indices": [
        0,
        3,
        7,
        11,
        15,
        19,
        23,
        26,
        30,
        34,
        38,
        42,
        46,
        49,
        53,
        57,
        61,
        65,
        69,
        72,
        76,
        80,
        84,
        88,
        92,
        95,
        99,
        103,
        107,
        111,
        115,
        119
    ]
}