{
    "video_path": "FallVision/No Fall/Chair/nf_raw_c_2/C_N_384_resized.mp4",
    "active_window": [
        0,
        5
    ],
    "varying_k": 6,
    "detection_status": "Global Event Zone",
    "saliency_weights": [
        0.10795053765389587,
        0.18783570732559987,
        0.2537790049160626,
        0.2353605041342292,
        0.16293827351377804,
        0.09880291578436162,
        0.0628388311608309,
        0.04667785574724373,
        0.041695120250413206,
        0.04291924377648145,
        0.045609306001815425,
        0.046138862023316046,
        0.045259810783152374,
        0.04616361095037173,
        0.04973071718907747,
        0.05390593444169378,
        0.055768437678659105,
        0.05332904830481872,
        0.047410266461187234,
        0.041102198241664195,
        0.03640815170477637,
        0.033155050167177666,
        0.030831624698091267,
        0.02953814209037048,
        0.029271922916978242,
        0.029467285390832473,
        0.029584232658137435,
        0.029395382610263285,
        0.02825683285247849,
        0.024787297305131663,
        0.018920846127484337,
        0.013986679919432699
    ],
    "clip_indices": [
        0,
        2,
        5,
        8,
        11,
        14,
        17,
        20,
        22,
        25,
        28,
        31,
        34,
        37,
        40,
        43,
        45,
        48,
        51,
        54,
        57,
        60,
        63,
        66,
        68,
        71,
        74,
        77,
        80,
        83,
        86,
        89
    ]
}