{
    "video_path": "FallVision/No Fall/Chair/nf_raw_c_2/C_N_191_resized.mp4",
    "active_window": [
        10,
        21
    ],
    "varying_k": 12,
    "detection_status": "Global Event Zone",
    "saliency_weights": [
        0.020249693569258674,
        0.036986338398585845,
        0.055991887366180916,
        0.06544630729680465,
        0.06647107890879393,
        0.06526806058804079,
        0.06505789868033911,
        0.0663228856814164,
        0.06842875399524015,
        0.07050493922876895,
        0.07199432565524563,
        0.07272465096877073,
        0.07288853256180633,
        0.07284128052019254,
        0.07280334044027167,
        0.07281052902646806,
        0.07279982069297664,
        0.07269882902050706,
        0.07252237049275681,
        0.0723475522909765,
        0.07216164081196139,
        0.07185872830432927,
        0.07145546541874938,
        0.07114878716158292,
        0.07105268801279838,
        0.07106298349998452,
        0.07101386461401611,
        0.07039841418269474,
        0.06692513318769401,
        0.05622771826424736,
        0.0381300376872573,
        0.022912729606268303
    ],
    "clip_indices": [
        0,
        3,
        7,
        11,
        15,
        19,
        23,
        26,
        30,
        34,
        38,
        42,
        46,
        49,
        53,
        57,
        61,
        65,
        69,
        72,
        76,
        80,
        84,
        88,
        92,
        95,
        99,
        103,
        107,
        111,
        115,
        119
    ]
}