{
    "video_path": "FallVision/No Fall/Chair/nf_raw_c_2/C_N_107_resized.mp4",
    "active_window": [
        20,
        25
    ],
    "varying_k": 6,
    "detection_status": "Global Event Zone",
    "saliency_weights": [
        0.018685053522085965,
        0.034244567362904384,
        0.05256163126755203,
        0.06305199734345157,
        0.0661919620020879,
        0.06684865831689066,
        0.0675297095390211,
        0.06856950528609129,
        0.0695215041325889,
        0.06986003096029161,
        0.06941609165186027,
        0.06839616743469458,
        0.06730465232194142,
        0.0667299622749564,
        0.06698609860000451,
        0.06790942760823131,
        0.06875718360737743,
        0.06881958749441275,
        0.06874444296001025,
        0.07030641785378461,
        0.07427002644234937,
        0.07948822717135925,
        0.08377907450327088,
        0.08490422820212462,
        0.08215853479221294,
        0.07710694880829383,
        0.07200884046752862,
        0.06822575218868396,
        0.06410169624385748,
        0.05431149879715723,
        0.03738708043713697,
        0.022912659600772947
    ],
    "clip_indices": [
        0,
        5,
        11,
        17,
        23,
        28,
        34,
        40,
        46,
        51,
        57,
        63,
        69,
        75,
        80,
        86,
        92,
        98,
        103,
        109,
        115,
        121,
        127,
        132,
        138,
        144,
        150,
        155,
        161,
        167,
        173,
        179
    ]
}