{
    "video_path": "FallVision/No Fall/Chair/nf_raw_c_2/C_N_108_resized.mp4",
    "active_window": [
        1,
        6
    ],
    "varying_k": 6,
    "detection_status": "Global Event Zone",
    "saliency_weights": [
        0.060623108666244575,
        0.12372740757755546,
        0.23286177296388527,
        0.34879102691389086,
        0.3952603105540351,
        0.3239257014060837,
        0.19242997215110003,
        0.0906794022592027,
        0.041606770007460735,
        0.022247144708143336,
        0.01385079957590827,
        0.010024577466933155,
        0.008898274350829136,
        0.009398133085704783,
        0.010690340804124105,
        0.01206972431385201,
        0.012879780307426009,
        0.012667963857874612,
        0.011615363415153582,
        0.010430544464591626,
        0.009578722729743692,
        0.00903863702934967,
        0.008745707941044413,
        0.008809109552396412,
        0.009287686189841948,
        0.010026369614847819,
        0.010748729134077692,
        0.011135774564576668,
        0.010924744059864162,
        0.010018279473017415,
        0.008640906737998028,
        0.007546624701986089
    ],
    "clip_indices": [
        0,
        9,
        19,
        29,
        38,
        48,
        58,
        67,
        77,
        87,
        96,
        106,
        116,
        125,
        135,
        145,
        154,
        164,
        174,
        183,
        193,
        203,
        212,
        222,
        232,
        241,
        251,
        261,
        270,
        280,
        290,
        300
    ]
}