{
    "video_path": "FallVision/No Fall/Chair/nf_raw_c_2/C_N_350.mp4",
    "active_window": [
        11,
        16
    ],
    "varying_k": 6,
    "detection_status": "Global Event Zone",
    "saliency_weights": [
        0.02174144295543593,
        0.03955273683894818,
        0.059979397798086115,
        0.07027913858033272,
        0.07070407819777075,
        0.06724347005247333,
        0.06433397004013192,
        0.06408154993006823,
        0.06644612523930407,
        0.06992793144247864,
        0.07242057185366592,
        0.0735299253034043,
        0.07720129582386993,
        0.08690513264240443,
        0.09691061885776475,
        0.09685059312266009,
        0.08580518521265346,
        0.07241058244503736,
        0.06287915999751398,
        0.05724272274182757,
        0.05415032881102218,
        0.05350769341868017,
        0.05574257107858237,
        0.060749962587148196,
        0.06694849491303147,
        0.07129739120220023,
        0.07204416123073701,
        0.07003059540376906,
        0.06511819758127876,
        0.054177339934587135,
        0.03713002009215517,
        0.023104328571831208
    ],
    "clip_indices": [
        0,
        2,
        5,
        8,
        11,
        14,
        17,
        20,
        22,
        25,
        28,
        31,
        34,
        37,
        40,
        43,
        45,
        48,
        51,
        54,
        57,
        60,
        63,
        66,
        68,
        71,
        74,
        77,
        80,
        83,
        86,
        89
    ]
}