{
    "video_path": "FallVision/No Fall/Chair/nf_raw_c_2/C_N_347.mp4",
    "active_window": [
        7,
        11
    ],
    "varying_k": 5,
    "detection_status": "Global Event Zone",
    "saliency_weights": [
        0.0192032264106527,
        0.03538392780240723,
        0.05460435227440531,
        0.06594938782285331,
        0.06971382651016578,
        0.0706458136860263,
        0.07115744655537089,
        0.07161303874191348,
        0.07187793599568044,
        0.07186867472936112,
        0.071715485236371,
        0.07161157612138044,
        0.07156145923640861,
        0.07143588971273546,
        0.07118237602548366,
        0.07086397359265814,
        0.07058710723478503,
        0.07043948198778574,
        0.07042628181314527,
        0.07047694624645509,
        0.07052925069138474,
        0.07056978555941223,
        0.07062312630966583,
        0.07072713166131671,
        0.07088025401427459,
        0.07101973792645427,
        0.0710359637132841,
        0.07040173648654123,
        0.06682359623676482,
        0.056026569268366286,
        0.03791125196316161,
        0.022721121800125664
    ],
    "clip_indices": [
        0,
        3,
        7,
        11,
        15,
        19,
        23,
        26,
        30,
        34,
        38,
        42,
        46,
        49,
        53,
        57,
        61,
        65,
        69,
        72,
        76,
        80,
        84,
        88,
        92,
        95,
        99,
        103,
        107,
        111,
        115,
        119
    ]
}