{
    "video_path": "FallVision/No Fall/Chair/nf_raw_c_2/C_N_508_resized.mp4",
    "active_window": [
        1,
        9
    ],
    "varying_k": 9,
    "detection_status": "Global Event Zone",
    "saliency_weights": [
        0.09164175271129789,
        0.1615358538963096,
        0.2257004990001977,
        0.22790668754813917,
        0.19261030993401,
        0.16669480038200704,
        0.15684548192941866,
        0.1469770350555695,
        0.1291914260021007,
        0.10515689469039018,
        0.07944874133365037,
        0.056502914251566796,
        0.03904174552161297,
        0.027853307914174882,
        0.02171799009519723,
        0.018388993029077053,
        0.01637151411199277,
        0.015198298779413859,
        0.014634383734721448,
        0.014341581729673106,
        0.014097315215349824,
        0.013884538210117175,
        0.013733733299147037,
        0.013633683617911485,
        0.013572724124825224,
        0.01357052335716431,
        0.013648300202917577,
        0.013742626288084831,
        0.013489578211339403,
        0.012182916634300947,
        0.009733465611910602,
        0.007614924634412582
    ],
    "clip_indices": [
        0,
        1,
        3,
        5,
        7,
        9,
        11,
        13,
        15,
        17,
        19,
        20,
        22,
        24,
        26,
        28,
        30,
        32,
        34,
        36,
        38,
        39,
        41,
        43,
        45,
        47,
        49,
        51,
        53,
        55,
        57,
        59
    ]
}