{
    "video_path": "FallVision/No Fall/Chair/nf_raw_c_2/C_N_452.mp4",
    "active_window": [
        2,
        16
    ],
    "varying_k": 15,
    "detection_status": "Global Event Zone",
    "saliency_weights": [
        0.036133526723464045,
        0.06513253762184817,
        0.09559690207231852,
        0.10470402133845516,
        0.094278223757648,
        0.07662732554219868,
        0.06018681793685327,
        0.04938458692903647,
        0.04660775980071663,
        0.05203965450315294,
        0.062344069969573576,
        0.07333771895579204,
        0.08400098897695532,
        0.09408090941289582,
        0.0988646825343543,
        0.0925335462098334,
        0.07782837635095408,
        0.0645685135506132,
        0.05797452407162719,
        0.05566944707305968,
        0.05389828966200708,
        0.051147132270435325,
        0.04833837081628957,
        0.047884753005445986,
        0.0509295047238713,
        0.05603659764656024,
        0.06120197820263139,
        0.06489729142632868,
        0.06451786693886216,
        0.05587401349285015,
        0.03906785690710562,
        0.024505151161276773
    ],
    "clip_indices": [
        0,
        5,
        11,
        17,
        23,
        28,
        34,
        40,
        46,
        51,
        57,
        63,
        69,
        75,
        80,
        86,
        92,
        98,
        103,
        109,
        115,
        121,
        127,
        132,
        138,
        144,
        150,
        155,
        161,
        167,
        173,
        179
    ]
}