{
    "video_path": "FallVision/No Fall/Chair/nf_raw_c_2/C_N_98_resized.mp4",
    "active_window": [
        26,
        30
    ],
    "varying_k": 5,
    "detection_status": "Global Event Zone",
    "saliency_weights": [
        0.020842412679245047,
        0.03654621281986942,
        0.05286198690536495,
        0.05789429103307725,
        0.05436991731980269,
        0.050194742889824624,
        0.04851030799570768,
        0.04883053968412369,
        0.04998603944404846,
        0.05106272530598624,
        0.051673855853802596,
        0.051790220985664874,
        0.05150529279168099,
        0.05095441679503445,
        0.05030970021145312,
        0.049742132103502895,
        0.04934223728455915,
        0.04915744952733523,
        0.04931307228289404,
        0.049955367782023224,
        0.05097516121997549,
        0.05196749852062663,
        0.05264914684350508,
        0.05355012934424995,
        0.05723120587892357,
        0.06867348450408145,
        0.09245277547997867,
        0.12821822366513105,
        0.16210443413978776,
        0.16397710700901405,
        0.12217872329698165,
        0.07605640920595502
    ],
    "clip_indices": [
        0,
        5,
        10,
        16,
        21,
        26,
        32,
        37,
        43,
        48,
        53,
        59,
        64,
        70,
        75,
        80,
        86,
        91,
        96,
        102,
        107,
        113,
        118,
        123,
        129,
        134,
        140,
        145,
        150,
        156,
        161,
        167
    ]
}