{
    "video_path": "FallVision/No Fall/Chair/nf_raw_c_2/C_N_364_resized.mp4",
    "active_window": [
        9,
        22
    ],
    "varying_k": 14,
    "detection_status": "Global Event Zone",
    "saliency_weights": [
        0.01884236721752272,
        0.03478934161110768,
        0.05576608696513406,
        0.07073345446857392,
        0.07410527449511575,
        0.06609668164173575,
        0.054524874483301296,
        0.05095446201897694,
        0.06509812042170246,
        0.09920802518265426,
        0.14091960239951795,
        0.16964812004624336,
        0.16945801539228408,
        0.13683323881702714,
        0.08781671358395107,
        0.047680967214660044,
        0.027725330946065455,
        0.024844775888201956,
        0.03850459437761006,
        0.07105709681890948,
        0.10962431810473444,
        0.1264067639678751,
        0.10984314254330133,
        0.07667832120268685,
        0.046757868004793174,
        0.02717421375378841,
        0.01705729713090812,
        0.012620237411384762,
        0.01035937671553912,
        0.008523887744683902,
        0.006687046031996343,
        0.005385639100785445
    ],
    "clip_indices": [
        0,
        5,
        10,
        16,
        21,
        26,
        32,
        37,
        43,
        48,
        53,
        59,
        64,
        70,
        75,
        80,
        86,
        91,
        96,
        102,
        107,
        113,
        118,
        123,
        129,
        134,
        140,
        145,
        150,
        156,
        161,
        167
    ]
}