{
    "video_path": "FallVision/No Fall/Chair/nf_raw_c_2/C_N_231_resized.mp4",
    "active_window": [
        20,
        28
    ],
    "varying_k": 9,
    "detection_status": "Global Event Zone",
    "saliency_weights": [
        0.040859885169577614,
        0.07081826285752718,
        0.09490950097440792,
        0.08740908053474304,
        0.06317668615207697,
        0.0480026387306169,
        0.04631401857350068,
        0.05026073538863277,
        0.055374766078388905,
        0.060807293226320516,
        0.06526450158555532,
        0.06707026925383242,
        0.06614649440362207,
        0.06364019380879264,
        0.060431311031978505,
        0.057304048647361674,
        0.05608068576065238,
        0.05874548743420109,
        0.06453460989787105,
        0.07005747180656519,
        0.07307331566863862,
        0.07396950453678028,
        0.07416431723754165,
        0.0748823896983872,
        0.07643809607374061,
        0.07808384828553167,
        0.07897256975085915,
        0.07839705086180464,
        0.07415635818964922,
        0.06211700860130456,
        0.04248530901437046,
        0.02618328204716884
    ],
    "clip_indices": [
        0,
        1,
        3,
        5,
        7,
        9,
        11,
        13,
        15,
        17,
        19,
        20,
        22,
        24,
        26,
        28,
        30,
        32,
        34,
        36,
        38,
        39,
        41,
        43,
        45,
        47,
        49,
        51,
        53,
        55,
        57,
        59
    ]
}