{
    "video_path": "FallVision/No Fall/Chair/nf_raw_c_2/C_N_478_resized.mp4",
    "active_window": [
        8,
        13
    ],
    "varying_k": 6,
    "detection_status": "Global Event Zone",
    "saliency_weights": [
        0.02092310685589155,
        0.03791191467625542,
        0.05657685747412625,
        0.06447068173547835,
        0.06324092580168932,
        0.06074534577180869,
        0.062670990106914,
        0.07038218156023186,
        0.07969843285456521,
        0.08513038582134633,
        0.08555604568778263,
        0.08300724566612228,
        0.07916799083184468,
        0.07488841268425889,
        0.07113540446144456,
        0.06894116630272713,
        0.06846374545130801,
        0.06887614676487622,
        0.06904125069295804,
        0.0682094307966129,
        0.06690261035479345,
        0.06669967978513652,
        0.06829844667152746,
        0.07067864388420225,
        0.07233035434752573,
        0.07220806358103829,
        0.07019134096825541,
        0.06689933582287853,
        0.061487942022362026,
        0.05071456505909497,
        0.034446515851968604,
        0.021181198214528685
    ],
    "clip_indices": [
        0,
        1,
        3,
        5,
        7,
        9,
        11,
        13,
        15,
        17,
        19,
        20,
        22,
        24,
        26,
        28,
        30,
        32,
        34,
        36,
        38,
        39,
        41,
        43,
        45,
        47,
        49,
        51,
        53,
        55,
        57,
        59
    ]
}