{
    "video_path": "FallVision/No Fall/Chair/nf_raw_c_2/C_N_361_resized.mp4",
    "active_window": [
        2,
        11
    ],
    "varying_k": 10,
    "detection_status": "Global Event Zone",
    "saliency_weights": [
        0.03533316646996887,
        0.0631523570133733,
        0.09110880404740913,
        0.09772981859873295,
        0.08934879493791073,
        0.08261533381970367,
        0.08549282728448367,
        0.09648685559002274,
        0.10674788611666419,
        0.10698343905473998,
        0.09596546611386941,
        0.07883569276769842,
        0.06209262359387148,
        0.05092799318596835,
        0.047102247391541965,
        0.04910752341327365,
        0.05347808632245599,
        0.05653171405514358,
        0.05704837423444353,
        0.05647860183937589,
        0.05656868926711363,
        0.05802980186430383,
        0.06035068497462047,
        0.06203045684132681,
        0.061661478414839266,
        0.0587746100720343,
        0.054358128068894895,
        0.05058656589142112,
        0.047430572995890555,
        0.04079234792804652,
        0.028937682716486692,
        0.018622279332867184
    ],
    "clip_indices": [
        0,
        3,
        7,
        11,
        15,
        19,
        23,
        26,
        30,
        34,
        38,
        42,
        46,
        49,
        53,
        57,
        61,
        65,
        69,
        72,
        76,
        80,
        84,
        88,
        92,
        95,
        99,
        103,
        107,
        111,
        115,
        119
    ]
}