{
    "video_path": "FallVision/No Fall/Chair/nf_raw_c_2/C_N_18.mp4",
    "active_window": [
        8,
        14
    ],
    "varying_k": 7,
    "detection_status": "Global Event Zone",
    "saliency_weights": [
        0.015149203622469616,
        0.02595930916492669,
        0.036893689883878075,
        0.039605023200926175,
        0.03652882661969967,
        0.035121432154211346,
        0.04200082330760275,
        0.06280965581642674,
        0.10140099185470099,
        0.1531786081282716,
        0.19662374415171333,
        0.20810648544126778,
        0.1873051133588768,
        0.15159413941096753,
        0.11549217771303666,
        0.08554925892944734,
        0.06399627411387887,
        0.050857197665500904,
        0.04399847424365316,
        0.040061564393416974,
        0.03730212236310143,
        0.03611574076409525,
        0.03651647841950189,
        0.037044039487236585,
        0.03648508824505481,
        0.03494677059202613,
        0.03308384796334281,
        0.03131658555170764,
        0.029121828322776943,
        0.02486877259338859,
        0.018285138420297782,
        0.012852219889705415
    ],
    "clip_indices": [
        0,
        1,
        3,
        5,
        7,
        9,
        11,
        13,
        15,
        17,
        19,
        20,
        22,
        24,
        26,
        28,
        30,
        32,
        34,
        36,
        38,
        39,
        41,
        43,
        45,
        47,
        49,
        51,
        53,
        55,
        57,
        59
    ]
}