{
    "video_path": "FallVision/No Fall/Chair/nf_raw_c_2/C_N_110.mp4",
    "active_window": [
        20,
        25
    ],
    "varying_k": 6,
    "detection_status": "Global Event Zone",
    "saliency_weights": [
        0.01804102390293473,
        0.031372342396591965,
        0.04494783199605319,
        0.048387361788108596,
        0.043967848701040924,
        0.038746844057637564,
        0.03626863802944211,
        0.036990945922212005,
        0.040005381333494405,
        0.043758082111688995,
        0.046382294170421896,
        0.046531455024075664,
        0.04462339048941538,
        0.042268377113229935,
        0.04081469011058651,
        0.04108167129708823,
        0.04382480626914542,
        0.050389391132562,
        0.06337796748135882,
        0.08585615681448996,
        0.11816516915438575,
        0.15475335073723517,
        0.18167173066477674,
        0.1807405657020109,
        0.1493210443839982,
        0.10841403471710698,
        0.07810262073903752,
        0.06103567246993368,
        0.05100163876157965,
        0.04109730401814416,
        0.02870071504916403,
        0.018940759088408757
    ],
    "clip_indices": [
        0,
        9,
        19,
        29,
        38,
        48,
        58,
        67,
        77,
        87,
        96,
        106,
        116,
        125,
        135,
        145,
        154,
        164,
        174,
        183,
        193,
        203,
        212,
        222,
        232,
        241,
        251,
        261,
        270,
        280,
        290,
        300
    ]
}