{
    "video_path": "FallVision/No Fall/Chair/nf_raw_c_2/C_N_291_resized.mp4",
    "active_window": [
        0,
        6
    ],
    "varying_k": 7,
    "detection_status": "Global Event Zone",
    "saliency_weights": [
        0.1473085823474763,
        0.2585936761049463,
        0.35699978999497206,
        0.34701796682958125,
        0.26118977286175893,
        0.1750055368348673,
        0.11595130915105151,
        0.0781894012059973,
        0.054083543122475215,
        0.039671261741465805,
        0.03163420795313337,
        0.02675147067553544,
        0.022935629998855782,
        0.019297334967068328,
        0.01583405521907044,
        0.012929263880285638,
        0.010719584259672489,
        0.009023125632401457,
        0.007688596886193373,
        0.006706793223729773,
        0.006065089677978485,
        0.005677762746664332,
        0.005453214138882752,
        0.005332606491927206,
        0.005278114156523683,
        0.005260381113597716,
        0.005260087508092053,
        0.005261491702320323,
        0.0052161960507239825,
        0.005031858646828565,
        0.004698070144934583,
        0.004411848627240828
    ],
    "clip_indices": [
        0,
        2,
        5,
        8,
        11,
        14,
        17,
        20,
        22,
        25,
        28,
        31,
        34,
        37,
        40,
        43,
        45,
        48,
        51,
        54,
        57,
        60,
        63,
        66,
        68,
        71,
        74,
        77,
        80,
        83,
        86,
        89
    ]
}