{
    "video_path": "FallVision/No Fall/Chair/nf_raw_c_2/C_N_428.mp4",
    "active_window": [
        5,
        11
    ],
    "varying_k": 7,
    "detection_status": "Global Event Zone",
    "saliency_weights": [
        0.0194124732915153,
        0.03580856453549516,
        0.05539521518279014,
        0.06713825831889358,
        0.07112325118153512,
        0.07193637563773361,
        0.0720663325169183,
        0.07214167689597299,
        0.0723574353359699,
        0.07270539791836336,
        0.0727695959297282,
        0.07212409501285619,
        0.07100738807147368,
        0.07007407325521911,
        0.06965943507306496,
        0.0696613910482326,
        0.06980261011425828,
        0.06985576422040887,
        0.06985496457159915,
        0.07000702846811585,
        0.0702819957995191,
        0.07038438935539572,
        0.07028096822935981,
        0.07035214083379182,
        0.07079258874402107,
        0.0712887756659831,
        0.07140474769898678,
        0.07051200701549985,
        0.06646583349674268,
        0.0553550067571934,
        0.0372991434391885,
        0.022311646773984853
    ],
    "clip_indices": [
        0,
        1,
        3,
        5,
        7,
        9,
        11,
        13,
        15,
        17,
        19,
        20,
        22,
        24,
        26,
        28,
        30,
        32,
        34,
        36,
        38,
        39,
        41,
        43,
        45,
        47,
        49,
        51,
        53,
        55,
        57,
        59
    ]
}