{
    "video_path": "FallVision/No Fall/Chair/nf_raw_c_2/C_N_146.mp4",
    "active_window": [
        2,
        13
    ],
    "varying_k": 12,
    "detection_status": "Global Event Zone",
    "saliency_weights": [
        0.044256736384231186,
        0.07849168318759898,
        0.11113175256135423,
        0.11439543827878801,
        0.09690728340521873,
        0.08112408771011755,
        0.07900646194091208,
        0.09178556088524047,
        0.11285807487562037,
        0.13173582571807466,
        0.13835259600352728,
        0.12773687585546015,
        0.10597014273901341,
        0.0848063852066939,
        0.07033412712958576,
        0.06233076651872173,
        0.059768407219063305,
        0.06167202652649571,
        0.06404568287951198,
        0.06099055675252117,
        0.051505401638398354,
        0.04068126765973405,
        0.032479315188461054,
        0.02644767745213459,
        0.021418224295340092,
        0.017874677207235633,
        0.016575151164176058,
        0.01719736666883753,
        0.01824950940660065,
        0.017359800707228958,
        0.013660536375116375,
        0.009983708290387321
    ],
    "clip_indices": [
        0,
        15,
        30,
        46,
        61,
        77,
        92,
        108,
        123,
        139,
        154,
        169,
        185,
        200,
        216,
        231,
        247,
        262,
        278,
        293,
        309,
        324,
        339,
        355,
        370,
        386,
        401,
        417,
        432,
        448,
        463,
        479
    ]
}