{
    "video_path": "FallVision/No Fall/Chair/nf_raw_c_2/C_N_450.mp4",
    "active_window": [
        3,
        10
    ],
    "varying_k": 8,
    "detection_status": "Global Event Zone",
    "saliency_weights": [
        0.02579185254110357,
        0.04730534676642058,
        0.07224678715400584,
        0.08565696719280472,
        0.08826109989079366,
        0.08692554389776712,
        0.08501716671030943,
        0.08300722211605505,
        0.08084302899828696,
        0.07835975865456013,
        0.07503138182009722,
        0.0704194292629208,
        0.06503353417351918,
        0.06029972938944584,
        0.05793667439647991,
        0.058766744468354004,
        0.06103579041028909,
        0.06188123399202691,
        0.06166925316270888,
        0.06354711805909316,
        0.067570423532625,
        0.06967085325091751,
        0.06787808895990202,
        0.06496987732616098,
        0.06410629423731505,
        0.06576887218358546,
        0.0680039907919979,
        0.06711108240676678,
        0.06014245415290555,
        0.04700641598184917,
        0.030826227407112758,
        0.01893324105650409
    ],
    "clip_indices": [
        0,
        5,
        11,
        17,
        23,
        28,
        34,
        40,
        46,
        51,
        57,
        63,
        69,
        75,
        80,
        86,
        92,
        98,
        103,
        109,
        115,
        121,
        127,
        132,
        138,
        144,
        150,
        155,
        161,
        167,
        173,
        179
    ]
}