{
    "video_path": "FallVision/No Fall/Chair/nf_raw_c_2/C_N_44.mp4",
    "active_window": [
        2,
        9
    ],
    "varying_k": 8,
    "detection_status": "Global Event Zone",
    "saliency_weights": [
        0.025697618503544985,
        0.04839753903324272,
        0.0783964071098695,
        0.10130041207852258,
        0.1122209865061358,
        0.1120521310677133,
        0.10469868389952061,
        0.09454830810199268,
        0.08428268608143173,
        0.07529669822364321,
        0.06851688019566259,
        0.0644228876270965,
        0.06257699673747061,
        0.0619609915698327,
        0.06173500138042683,
        0.0614116939308413,
        0.060747081098946394,
        0.059722953051595584,
        0.05864083613236498,
        0.057958270867902395,
        0.057758776373059456,
        0.0576721719133367,
        0.057448330136979316,
        0.057200126530934654,
        0.057047927007089536,
        0.05691326941325291,
        0.05668966295551388,
        0.05606691393025766,
        0.053346441648197684,
        0.04515754617124237,
        0.031315399974742746,
        0.019672133391982725
    ],
    "clip_indices": [
        0,
        1,
        3,
        4,
        6,
        7,
        9,
        10,
        12,
        13,
        15,
        16,
        18,
        19,
        21,
        22,
        24,
        25,
        27,
        28,
        30,
        31,
        33,
        34,
        36,
        37,
        39,
        40,
        42,
        43,
        45,
        47
    ]
}