{
    "video_path": "FallVision/No Fall/Chair/nf_raw_c_2/C_N_545.mp4",
    "active_window": [
        18,
        22
    ],
    "varying_k": 5,
    "detection_status": "Global Event Zone",
    "saliency_weights": [
        0.025392877023935053,
        0.04576915757954304,
        0.06734225473260959,
        0.07514854580416208,
        0.07294766983140517,
        0.07062593689783905,
        0.07092965718104,
        0.07192154157902667,
        0.07209943020945758,
        0.07115258079758596,
        0.06946625477971649,
        0.06768549945188462,
        0.06636612012820876,
        0.06582885279932689,
        0.0660398536711144,
        0.06676522951281505,
        0.06788948963500242,
        0.06938571338909047,
        0.07100283294808975,
        0.0722649384226004,
        0.07286725758654275,
        0.07279854650476796,
        0.07209796603251661,
        0.07080308322283183,
        0.06922840749260577,
        0.06802636666631265,
        0.06749220533289793,
        0.06679524430849418,
        0.06336785036481463,
        0.05319510930883044,
        0.03628850134598935,
        0.022163181900931042
    ],
    "clip_indices": [
        0,
        4,
        9,
        14,
        19,
        24,
        28,
        33,
        38,
        43,
        48,
        52,
        57,
        62,
        67,
        72,
        76,
        81,
        86,
        91,
        96,
        100,
        105,
        110,
        115,
        120,
        124,
        129,
        134,
        139,
        144,
        149
    ]
}