{
    "video_path": "FallVision/No Fall/Chair/nf_raw_c_2/C_N_438.mp4",
    "active_window": [
        14,
        19
    ],
    "varying_k": 6,
    "detection_status": "Global Event Zone",
    "saliency_weights": [
        0.027754158382686772,
        0.05003709291044285,
        0.07356011261047338,
        0.08135596622026695,
        0.07609323506832191,
        0.06793347425507368,
        0.06195396385120622,
        0.05911372733144454,
        0.05934779554480757,
        0.06201415258966091,
        0.06537021610220349,
        0.06767835825759758,
        0.06902824762868022,
        0.07045697888996778,
        0.07178074478736526,
        0.0720659580740599,
        0.07181906249138151,
        0.07247023037061327,
        0.0734430784292528,
        0.07230860046640418,
        0.06858080606504116,
        0.06469343182989855,
        0.06276756747729308,
        0.06301846698897376,
        0.06508019303670537,
        0.06871777634560025,
        0.07290200352039625,
        0.07497069904992235,
        0.07140341254283472,
        0.059167961193558355,
        0.03985894207018449,
        0.024152537984044646
    ],
    "clip_indices": [
        0,
        2,
        5,
        8,
        11,
        14,
        17,
        20,
        22,
        25,
        28,
        31,
        34,
        37,
        40,
        43,
        45,
        48,
        51,
        54,
        57,
        60,
        63,
        66,
        68,
        71,
        74,
        77,
        80,
        83,
        86,
        89
    ]
}