{
    "video_path": "FallVision/No Fall/Chair/nf_raw_c_2/C_N_92_resized.mp4",
    "active_window": [
        0,
        31
    ],
    "varying_k": 32,
    "detection_status": "Static/Uniform",
    "saliency_weights": [
        0.019793323427271255,
        0.03640631506226015,
        0.05594744893558057,
        0.06708222986206948,
        0.07025297320275153,
        0.07053386979074378,
        0.07043517765422025,
        0.07032640759630361,
        0.07020023322281976,
        0.07009784682974143,
        0.07004673492599234,
        0.07006233371538571,
        0.07018843270138478,
        0.07045717618360295,
        0.07080079396013346,
        0.07109086798359904,
        0.07127008089193046,
        0.0713652971536057,
        0.07140524359800307,
        0.07139473058275804,
        0.0713476543445507,
        0.07128770060720149,
        0.07119692130230108,
        0.07102682565796126,
        0.07083303598183754,
        0.07080469281530011,
        0.0709574894336297,
        0.07056867874988046,
        0.06711920649039205,
        0.056307437187248795,
        0.03810835023221574,
        0.022846296525435315
    ],
    "clip_indices": [
        0,
        3,
        7,
        11,
        15,
        19,
        23,
        26,
        30,
        34,
        38,
        42,
        46,
        49,
        53,
        57,
        61,
        65,
        69,
        72,
        76,
        80,
        84,
        88,
        92,
        95,
        99,
        103,
        107,
        111,
        115,
        119
    ]
}