{
    "video_path": "FallVision/No Fall/Chair/nf_raw_c_2/C_N_239_resized.mp4",
    "active_window": [
        7,
        20
    ],
    "varying_k": 14,
    "detection_status": "Global Event Zone",
    "saliency_weights": [
        0.011326719260525642,
        0.020570680067282805,
        0.03164393515050301,
        0.039246684750967736,
        0.045856114092755244,
        0.0554693586382964,
        0.06692203439364448,
        0.0766663684992258,
        0.08322560482521471,
        0.08695606669104833,
        0.08865811604820092,
        0.08892576897709747,
        0.08786789358008545,
        0.08554435897576954,
        0.08273017026817492,
        0.0805856042738338,
        0.07952952021575829,
        0.0792265056581902,
        0.07943474753687912,
        0.07986763668210668,
        0.07906089835381941,
        0.07496431547538404,
        0.06831907074317195,
        0.06323350054320406,
        0.061975906872831735,
        0.0624745455262013,
        0.06264906344643106,
        0.06282256461487323,
        0.06165410394881572,
        0.05369429996874153,
        0.03736588973576439,
        0.022838639016779173
    ],
    "clip_indices": [
        0,
        1,
        3,
        5,
        7,
        9,
        11,
        13,
        15,
        17,
        19,
        20,
        22,
        24,
        26,
        28,
        30,
        32,
        34,
        36,
        38,
        39,
        41,
        43,
        45,
        47,
        49,
        51,
        53,
        55,
        57,
        59
    ]
}