{
    "video_path": "FallVision/No Fall/Chair/nf_raw_c_2/C_N_58.mp4",
    "active_window": [
        6,
        14
    ],
    "varying_k": 9,
    "detection_status": "Global Event Zone",
    "saliency_weights": [
        0.016573214523253513,
        0.030709282852301668,
        0.048746591839326156,
        0.06195203719642306,
        0.06965322182647055,
        0.07490947239513565,
        0.08030895663393903,
        0.0871108740365267,
        0.09483168509182152,
        0.10154266426829234,
        0.10437364869146075,
        0.1012417887425396,
        0.0933593205189984,
        0.08401867856964214,
        0.07550573341869118,
        0.06860551249436297,
        0.0635625645341466,
        0.06046058621236941,
        0.059011135709358606,
        0.05855636135780039,
        0.05846902822370176,
        0.05838465283846283,
        0.05829057007491335,
        0.0584368505678773,
        0.05889613068331293,
        0.05936551332578996,
        0.05952134250729855,
        0.05895688062351098,
        0.05594236356103183,
        0.047117412601256264,
        0.032440058782567276,
        0.02016441345219962
    ],
    "clip_indices": [
        0,
        3,
        6,
        9,
        12,
        15,
        18,
        21,
        24,
        27,
        30,
        33,
        36,
        39,
        42,
        45,
        49,
        52,
        55,
        58,
        61,
        64,
        67,
        70,
        73,
        76,
        79,
        82,
        85,
        88,
        91,
        95
    ]
}