{
    "video_path": "FallVision/No Fall/Chair/nf_raw_c_2/C_N_204_resized.mp4",
    "active_window": [
        3,
        7
    ],
    "varying_k": 5,
    "detection_status": "Peak Only",
    "saliency_weights": [
        0.019673503031080068,
        0.036361396206274786,
        0.05645968716881634,
        0.06872517383668278,
        0.07279930118570777,
        0.07299360713645592,
        0.07216382121199608,
        0.07145099167939811,
        0.07107530111499061,
        0.07091310403879456,
        0.07085751200474175,
        0.07083055912585541,
        0.07068789536105799,
        0.07031090536824441,
        0.06981703059100237,
        0.0694929291506571,
        0.06951979713738021,
        0.06986234800734716,
        0.07028006063174429,
        0.07046071197986847,
        0.07033005184442259,
        0.0701192772612239,
        0.07008300809521842,
        0.07030613249228128,
        0.0706423903795004,
        0.07077676345017311,
        0.0705814636478727,
        0.06989559584144292,
        0.06664162656523753,
        0.05623031279857196,
        0.03822581714188376,
        0.022968945504039356
    ],
    "clip_indices": [
        0,
        1,
        3,
        5,
        7,
        9,
        11,
        13,
        15,
        17,
        19,
        20,
        22,
        24,
        26,
        28,
        30,
        32,
        34,
        36,
        38,
        39,
        41,
        43,
        45,
        47,
        49,
        51,
        53,
        55,
        57,
        59
    ]
}