{
    "video_path": "FallVision/No Fall/Chair/nf_raw_c_2/C_N_374_resized.mp4",
    "active_window": [
        0,
        4
    ],
    "varying_k": 5,
    "detection_status": "Global Event Zone",
    "saliency_weights": [
        0.20676733538775777,
        0.35574655824971396,
        0.46708376527403095,
        0.40445299422547426,
        0.24053504290803712,
        0.109453601250875,
        0.04591364575454253,
        0.0215847876377806,
        0.012696460194335388,
        0.009481673704741518,
        0.008505155810685552,
        0.008470440754554836,
        0.008751963951261455,
        0.00898715398388329,
        0.009045164455839048,
        0.008963668985659163,
        0.00883795421935418,
        0.008742551302341504,
        0.008662205201047268,
        0.008525849919176327,
        0.008353286771933175,
        0.008276783403180346,
        0.008373796899481749,
        0.008581571790294678,
        0.00877078662110632,
        0.008820649014351934,
        0.008715544509180516,
        0.008564537870722724,
        0.008362000056027094,
        0.007854204605248119,
        0.006962491410235685,
        0.006196121159528057
    ],
    "clip_indices": [
        0,
        4,
        9,
        13,
        18,
        23,
        27,
        32,
        36,
        41,
        46,
        50,
        55,
        59,
        64,
        69,
        73,
        78,
        83,
        87,
        92,
        96,
        101,
        106,
        110,
        115,
        119,
        124,
        129,
        133,
        138,
        143
    ]
}