{
    "video_path": "FallVision/No Fall/Chair/nf_raw_c_2/C_N_206_resized.mp4",
    "active_window": [
        3,
        28
    ],
    "varying_k": 26,
    "detection_status": "Global Event Zone",
    "saliency_weights": [
        0.024207042390921613,
        0.0443758855880123,
        0.06768078648977906,
        0.07991333085937298,
        0.08137632535978384,
        0.07789799832140246,
        0.07194496460231659,
        0.06423088716136581,
        0.05729075140765191,
        0.054621742829630615,
        0.058087573915509526,
        0.06666778858880884,
        0.07552533044305204,
        0.07898751015638474,
        0.07594910222774987,
        0.06941689073696403,
        0.06244641521945123,
        0.05706583301877999,
        0.055285889853345316,
        0.05845805838781955,
        0.06442823976250102,
        0.0681837150976157,
        0.06823971207453375,
        0.06847142200189363,
        0.07125797483119195,
        0.07409976166584642,
        0.07504156304831741,
        0.07565192623577682,
        0.07498078001183903,
        0.06586291745470821,
        0.045811324186587184,
        0.027659639055751285
    ],
    "clip_indices": [
        0,
        1,
        3,
        5,
        7,
        9,
        11,
        13,
        15,
        17,
        19,
        20,
        22,
        24,
        26,
        28,
        30,
        32,
        34,
        36,
        38,
        39,
        41,
        43,
        45,
        47,
        49,
        51,
        53,
        55,
        57,
        59
    ]
}