{
    "video_path": "FallVision/No Fall/Chair/nf_raw_c_2/C_N_287_resized.mp4",
    "active_window": [
        6,
        12
    ],
    "varying_k": 7,
    "detection_status": "Global Event Zone",
    "saliency_weights": [
        0.012519013338154155,
        0.020143592039478075,
        0.02769890218732044,
        0.030386910422497176,
        0.03457845652999743,
        0.0560964283936531,
        0.11496386294781949,
        0.21207207812261403,
        0.3019636109124413,
        0.3299455130752936,
        0.28944580997113256,
        0.211487492398874,
        0.1309203301274395,
        0.07156609381794712,
        0.03818183065071257,
        0.022154976719335757,
        0.014736770461950127,
        0.011381128560958662,
        0.010015508725181858,
        0.009567188901646421,
        0.009491662708383008,
        0.009572546233038916,
        0.009707079197258448,
        0.00980870793012146,
        0.009840714395221639,
        0.009838490985368485,
        0.009844354045046265,
        0.00983399817539013,
        0.009626900803581473,
        0.008883212419461252,
        0.007577696852973764,
        0.006468390261891381
    ],
    "clip_indices": [
        0,
        2,
        5,
        8,
        11,
        14,
        17,
        20,
        22,
        25,
        28,
        31,
        34,
        37,
        40,
        43,
        45,
        48,
        51,
        54,
        57,
        60,
        63,
        66,
        68,
        71,
        74,
        77,
        80,
        83,
        86,
        89
    ]
}