{
    "video_path": "FallVision/No Fall/Chair/nf_raw_c_2/C_N_495_resized.mp4",
    "active_window": [
        18,
        22
    ],
    "varying_k": 5,
    "detection_status": "Peak Only",
    "saliency_weights": [
        0.019725203512192736,
        0.036319055343993496,
        0.05593279506579504,
        0.06727489215624738,
        0.07062505684704909,
        0.07088031085220467,
        0.07058291747248757,
        0.07025152052431609,
        0.06999846903534386,
        0.06990364582523664,
        0.06992235521952275,
        0.06997327681878862,
        0.0701034418849584,
        0.07038797514816093,
        0.07069865937839892,
        0.07082345276031132,
        0.07082920627770081,
        0.07099113323198622,
        0.07133538396456054,
        0.07159348722335429,
        0.07162485965345658,
        0.07155383280146807,
        0.07149442700554771,
        0.07141342476167999,
        0.07126248695085041,
        0.07107206516546469,
        0.07087056186011295,
        0.07022158440652229,
        0.06680558423741366,
        0.05617144247265299,
        0.03808281122435263,
        0.02284487042055972
    ],
    "clip_indices": [
        0,
        3,
        7,
        11,
        15,
        19,
        23,
        26,
        30,
        34,
        38,
        42,
        46,
        49,
        53,
        57,
        61,
        65,
        69,
        72,
        76,
        80,
        84,
        88,
        92,
        95,
        99,
        103,
        107,
        111,
        115,
        119
    ]
}