{
    "video_path": "FallVision/No Fall/Chair/nf_raw_c_2/C_N_180_resized.mp4",
    "active_window": [
        17,
        23
    ],
    "varying_k": 7,
    "detection_status": "Global Event Zone",
    "saliency_weights": [
        0.01930392262560727,
        0.035555977749664354,
        0.054818423739722295,
        0.06601036247080096,
        0.06922013711619499,
        0.0691475754360201,
        0.06855889757313392,
        0.068322478993835,
        0.06859681944203135,
        0.06931501758215462,
        0.07030861178345744,
        0.07129402695604392,
        0.07185330552209077,
        0.0717148589496848,
        0.07122776884764162,
        0.071086910579802,
        0.07151762118619098,
        0.07218966223284462,
        0.07273802091872336,
        0.07300891696965728,
        0.07303652364620783,
        0.07292841531146507,
        0.07264388582393456,
        0.07201081864048511,
        0.07116778033086998,
        0.07068489089027061,
        0.07074802304052766,
        0.0703127134256476,
        0.06661776878227807,
        0.05561282935104073,
        0.037528774618214925,
        0.022492064901449907
    ],
    "clip_indices": [
        0,
        2,
        5,
        8,
        11,
        14,
        17,
        20,
        22,
        25,
        28,
        31,
        34,
        37,
        40,
        43,
        45,
        48,
        51,
        54,
        57,
        60,
        63,
        66,
        68,
        71,
        74,
        77,
        80,
        83,
        86,
        89
    ]
}