{
    "video_path": "FallVision/Fall/Bed/f_raw_b_3/B_M_214_resized.mp4",
    "active_window": [
        14,
        20
    ],
    "varying_k": 7,
    "detection_status": "Global Event Zone",
    "saliency_weights": [
        0.004203363201938421,
        0.006041050727312664,
        0.007969210481407406,
        0.008747685629204492,
        0.009181559553207982,
        0.011199071310652906,
        0.016629215642117452,
        0.025656186545839347,
        0.035144119157228454,
        0.04138168753997057,
        0.044277113564038545,
        0.047029275893180025,
        0.05443013150446921,
        0.07211820541717581,
        0.10530893532666541,
        0.1546157884402648,
        0.20871910668614385,
        0.24657012981184817,
        0.25009372224984233,
        0.21363098816572948,
        0.15215867381524195,
        0.09615393168906317,
        0.06329650724092924,
        0.04739532712438377,
        0.037353245483165015,
        0.029162912505231814,
        0.0225421764259069,
        0.01724975334470754,
        0.012887612545904835,
        0.009277307740679077,
        0.006487993624130325,
        0.004865858920724124
    ],
    "clip_indices": [
        0,
        2,
        5,
        8,
        11,
        14,
        17,
        20,
        22,
        25,
        28,
        31,
        34,
        37,
        40,
        43,
        45,
        48,
        51,
        54,
        57,
        60,
        63,
        66,
        68,
        71,
        74,
        77,
        80,
        83,
        86,
        89
    ]
}