{
    "video_path": "FallVision/Fall/Bed/f_raw_b_3/B_M_122.mp4",
    "active_window": [
        18,
        24
    ],
    "varying_k": 7,
    "detection_status": "Global Event Zone",
    "saliency_weights": [
        0.006172383730604552,
        0.009532212264152084,
        0.013529774981972602,
        0.01612365688109843,
        0.017974621314159826,
        0.020441680964900958,
        0.023466025744735997,
        0.026247349719968917,
        0.028424477149211265,
        0.03015491760109154,
        0.031872195000997194,
        0.03379320316350075,
        0.03539416201482731,
        0.036221534523779936,
        0.03753924763361935,
        0.04240573307240888,
        0.054761338247881174,
        0.07933755930496414,
        0.12085482713714016,
        0.177514936521735,
        0.22805106185330548,
        0.23866307137534765,
        0.2031289993753896,
        0.15432077620604356,
        0.11910539927101355,
        0.09381870994931218,
        0.06862669903688745,
        0.04538038961193462,
        0.028919948811661527,
        0.01864225701339814,
        0.011995675129199834,
        0.008345724633330252
    ],
    "clip_indices": [
        0,
        2,
        5,
        8,
        11,
        14,
        17,
        19,
        22,
        25,
        28,
        31,
        34,
        36,
        39,
        42,
        45,
        48,
        51,
        53,
        56,
        59,
        62,
        65,
        68,
        70,
        73,
        76,
        79,
        82,
        85,
        88
    ]
}