{
    "video_path": "FallVision/Fall/Bed/f_raw_b_3/B_M_40.mp4",
    "active_window": [
        22,
        28
    ],
    "varying_k": 7,
    "detection_status": "Global Event Zone",
    "saliency_weights": [
        0.002752881537079162,
        0.003175056264220426,
        0.003677638582428919,
        0.003975558662288553,
        0.004073348128400851,
        0.004095405619611846,
        0.004124347578590602,
        0.004240267681154819,
        0.004593950115662951,
        0.0053468532812943345,
        0.00654900945163607,
        0.008125673086120895,
        0.009984278143022388,
        0.012604877904864418,
        0.017950402245151,
        0.02904077840266396,
        0.04803949572913998,
        0.07360862452991801,
        0.09751754515876837,
        0.10835379338595594,
        0.1047350761086813,
        0.09859038975100784,
        0.10351577338147233,
        0.12725643661758618,
        0.16933608039772638,
        0.21836894955658898,
        0.25076458070032187,
        0.23533323221985616,
        0.1662196090108694,
        0.08526901665006907,
        0.03422785107482976,
        0.014999714774048285
    ],
    "clip_indices": [
        0,
        2,
        5,
        8,
        11,
        14,
        17,
        20,
        22,
        25,
        28,
        31,
        34,
        37,
        40,
        43,
        45,
        48,
        51,
        54,
        57,
        60,
        63,
        66,
        68,
        71,
        74,
        77,
        80,
        83,
        86,
        89
    ]
}