{
    "video_path": "FallVision/Fall/Bed/f_raw_b_3/B_M_192.mp4",
    "active_window": [
        11,
        16
    ],
    "varying_k": 6,
    "detection_status": "Global Event Zone",
    "saliency_weights": [
        0.005253392144415495,
        0.007457258716627957,
        0.01005485898590161,
        0.011574949954889356,
        0.01217624696489756,
        0.012758808727802912,
        0.014237131217576242,
        0.01833547862130069,
        0.02931029346621758,
        0.05583112007039942,
        0.11072637321349912,
        0.19641850968608696,
        0.28345716499528656,
        0.3275990715229056,
        0.3099102521336009,
        0.24303909769002935,
        0.157630100267401,
        0.0867062997099791,
        0.04441407485223394,
        0.0240304084679423,
        0.014896606404915228,
        0.010846977170936068,
        0.009070467465366678,
        0.008310581224724861,
        0.00798678362000424,
        0.00783794785718827,
        0.00774979581235633,
        0.007659973297613018,
        0.007446363707614407,
        0.00689458343533611,
        0.0059954033077710195,
        0.005246641520508813
    ],
    "clip_indices": [
        0,
        1,
        3,
        5,
        7,
        9,
        11,
        13,
        15,
        17,
        19,
        20,
        22,
        24,
        26,
        28,
        30,
        32,
        34,
        36,
        38,
        39,
        41,
        43,
        45,
        47,
        49,
        51,
        53,
        55,
        57,
        59
    ]
}