{
    "video_path": "FallVision/Fall/Bed/f_raw_b_3/B_M_45.mp4",
    "active_window": [
        9,
        15
    ],
    "varying_k": 7,
    "detection_status": "Global Event Zone",
    "saliency_weights": [
        0.0034130266466035264,
        0.004225301067033041,
        0.005189132356943597,
        0.005765142460520203,
        0.006067908073504714,
        0.006948599239770213,
        0.011212522062168558,
        0.028092026459215394,
        0.07593320577513024,
        0.1620413537008531,
        0.2548834060478945,
        0.3073994829038615,
        0.3022045532782146,
        0.2530717653422352,
        0.18686538269195707,
        0.129033792665383,
        0.08907652649798109,
        0.06209763676113757,
        0.04231250984502119,
        0.028093512936776352,
        0.018905299047349063,
        0.013395193094770533,
        0.01015613163253368,
        0.008276112349191985,
        0.007213506655666628,
        0.006625172965323236,
        0.00629400671343279,
        0.006083305559128933,
        0.0058553394308470666,
        0.005441103502000955,
        0.004821340558157025,
        0.0043162459888865
    ],
    "clip_indices": [
        0,
        3,
        7,
        11,
        15,
        19,
        23,
        26,
        30,
        34,
        38,
        42,
        46,
        49,
        53,
        57,
        61,
        65,
        69,
        72,
        76,
        80,
        84,
        88,
        92,
        95,
        99,
        103,
        107,
        111,
        115,
        119
    ]
}