{
    "video_path": "FallVision/Fall/Bed/f_raw_b_3/B_M_141.mp4",
    "active_window": [
        16,
        22
    ],
    "varying_k": 7,
    "detection_status": "Global Event Zone",
    "saliency_weights": [
        0.0037547692641034434,
        0.004218704480251594,
        0.004783509144529668,
        0.005161618600873883,
        0.005402360166095806,
        0.005696592451403807,
        0.00616429042691891,
        0.0067923454530778105,
        0.0074158793366605425,
        0.007976913739264568,
        0.00894707271544904,
        0.011523503751096419,
        0.017809792770706448,
        0.03068999088611047,
        0.0537247487732176,
        0.09256481153595664,
        0.1553050928687818,
        0.2407284211643726,
        0.3156731319010463,
        0.3287289635305847,
        0.27046972889699095,
        0.1859405955082865,
        0.11631753614457313,
        0.06954081440787174,
        0.03973867356248503,
        0.02198306636036571,
        0.012845924631909564,
        0.008766484595914701,
        0.006874886091760339,
        0.005768293900370237,
        0.004972240009603385,
        0.004493527674783683
    ],
    "clip_indices": [
        0,
        2,
        5,
        8,
        11,
        14,
        17,
        20,
        23,
        26,
        29,
        31,
        34,
        37,
        40,
        43,
        46,
        49,
        52,
        55,
        58,
        60,
        63,
        66,
        69,
        72,
        75,
        78,
        81,
        84,
        87,
        90
    ]
}