{
    "video_path": "FallVision/Fall/Bed/f_raw_b_3/B_M_186_resized.mp4",
    "active_window": [
        13,
        20
    ],
    "varying_k": 8,
    "detection_status": "Global Event Zone",
    "saliency_weights": [
        0.00510928206554531,
        0.008035020054078745,
        0.01228656528368734,
        0.016184112007481218,
        0.018621513039220924,
        0.019328457521064116,
        0.019387602529349526,
        0.02048912991681038,
        0.023991858228600435,
        0.030850189909283718,
        0.04163221819779313,
        0.05669447269538351,
        0.07652055888975198,
        0.1030154859919466,
        0.14039923213875233,
        0.1890271654739118,
        0.23399429775058023,
        0.2512438509413967,
        0.23128486336908732,
        0.18505185396257917,
        0.13060170328760898,
        0.08391993497345968,
        0.0523852889295561,
        0.033593347824911385,
        0.022517443682133702,
        0.01576537397903995,
        0.01148112454624949,
        0.008666660325325978,
        0.006737745827010873,
        0.005314153210668894,
        0.004223257756484678,
        0.003570209554408995
    ],
    "clip_indices": [
        0,
        3,
        7,
        11,
        15,
        19,
        23,
        26,
        30,
        34,
        38,
        42,
        46,
        49,
        53,
        57,
        61,
        65,
        69,
        72,
        76,
        80,
        84,
        88,
        92,
        95,
        99,
        103,
        107,
        111,
        115,
        119
    ]
}