{
    "video_path": "FallVision/Fall/Bed/f_raw_b_3/B_M_201.mp4",
    "active_window": [
        17,
        22
    ],
    "varying_k": 6,
    "detection_status": "Global Event Zone",
    "saliency_weights": [
        0.0035268272517615658,
        0.004222794462088251,
        0.005048237710809632,
        0.005523893729195849,
        0.005639327148419939,
        0.00558806544499214,
        0.005510013823540388,
        0.005496339799034211,
        0.0056408600974533945,
        0.006033489089678653,
        0.006737229178009628,
        0.007874998072764247,
        0.009861831012822207,
        0.013946136903828385,
        0.023445508559671632,
        0.04588411083628552,
        0.09427228428818539,
        0.1767079444946809,
        0.27362193283439085,
        0.34062741634421223,
        0.3445674775677414,
        0.28302429634231885,
        0.1837351317918029,
        0.09389214763947114,
        0.04230243594890485,
        0.021356432846504656,
        0.013503941640321721,
        0.009902813698204243,
        0.007808534696803823,
        0.006321549853935853,
        0.005148793016902036,
        0.004423779597650879
    ],
    "clip_indices": [
        0,
        2,
        5,
        7,
        10,
        13,
        15,
        18,
        21,
        23,
        26,
        29,
        31,
        34,
        37,
        39,
        42,
        44,
        47,
        50,
        52,
        55,
        58,
        60,
        63,
        66,
        68,
        71,
        74,
        76,
        79,
        82
    ]
}