{
    "video_path": "FallVision/Fall/Bed/f_raw_b_3/B_M_116.mp4",
    "active_window": [
        16,
        21
    ],
    "varying_k": 6,
    "detection_status": "Global Event Zone",
    "saliency_weights": [
        0.0054036373645241255,
        0.007331433939134055,
        0.009643217069897961,
        0.01109867346881177,
        0.011879600740766915,
        0.012856033815323709,
        0.014771780897178784,
        0.017735052588146005,
        0.020730780370919053,
        0.022457079548191622,
        0.02262273050803138,
        0.02213381978635942,
        0.023319149088498175,
        0.031111899645122964,
        0.054473321971930416,
        0.10307428840740403,
        0.17819714466748465,
        0.2647708129012677,
        0.32514114304835695,
        0.31618876757391684,
        0.2387796065696729,
        0.14424315548683042,
        0.07537636857729577,
        0.037573212470212745,
        0.020361605134661724,
        0.013736693929789587,
        0.01138968619330729,
        0.010482773857779822,
        0.009862463547628337,
        0.008954410269386408,
        0.007678246043059183,
        0.006656836208061066
    ],
    "clip_indices": [
        0,
        2,
        5,
        8,
        11,
        14,
        17,
        20,
        22,
        25,
        28,
        31,
        34,
        37,
        40,
        43,
        45,
        48,
        51,
        54,
        57,
        60,
        63,
        66,
        68,
        71,
        74,
        77,
        80,
        83,
        86,
        89
    ]
}