{
    "video_path": "FallVision/Fall/Bed/f_raw_b_3/B_M_78.mp4",
    "active_window": [
        22,
        27
    ],
    "varying_k": 6,
    "detection_status": "Global Event Zone",
    "saliency_weights": [
        0.005233416581422415,
        0.006345885755522886,
        0.007667165802845837,
        0.008443531429992098,
        0.008686683553221261,
        0.008717596152198415,
        0.008710134861459738,
        0.008704955901857735,
        0.008706534411705765,
        0.008714144142784926,
        0.008728206932733691,
        0.008763925005747046,
        0.00888188972096211,
        0.00923554965743914,
        0.010105612075522005,
        0.011713463939903256,
        0.013867066250790738,
        0.016181375611194326,
        0.019036042089166594,
        0.024902734040293927,
        0.0403280033454506,
        0.07669560384389792,
        0.14664887427700302,
        0.2517002021705784,
        0.35349960322122986,
        0.3747098593729754,
        0.28741050049652106,
        0.16364029310506145,
        0.07895282428704564,
        0.03913740880502527,
        0.02129120418133666,
        0.013439678550284556
    ],
    "clip_indices": [
        0,
        1,
        3,
        5,
        7,
        9,
        11,
        13,
        15,
        17,
        19,
        20,
        22,
        24,
        26,
        28,
        30,
        32,
        34,
        36,
        38,
        39,
        41,
        43,
        45,
        47,
        49,
        51,
        53,
        55,
        57,
        59
    ]
}