{
    "video_path": "FallVision/Fall/Bed/f_raw_b_3/B_M_188.mp4",
    "active_window": [
        20,
        26
    ],
    "varying_k": 7,
    "detection_status": "Global Event Zone",
    "saliency_weights": [
        0.0057934708744814024,
        0.0082803825968919,
        0.011263628666565228,
        0.013049868999613124,
        0.013564315855731101,
        0.013426186966073273,
        0.01304342590781506,
        0.012594230437060552,
        0.012172867374238363,
        0.011847365015217963,
        0.011672926348069958,
        0.011712989433429596,
        0.012052345982941581,
        0.012749832867506758,
        0.013769300725969436,
        0.01515359925309419,
        0.017560091903786393,
        0.023260470866903925,
        0.03767820453872703,
        0.06931655095786882,
        0.12609100593382094,
        0.20697833523657277,
        0.28653622802813183,
        0.3184775601539788,
        0.28237506525090417,
        0.20686710498329042,
        0.1304771291229403,
        0.07357721890919505,
        0.040422977369626814,
        0.02365943044888551,
        0.014576616237492474,
        0.009963255065123572
    ],
    "clip_indices": [
        0,
        1,
        3,
        5,
        7,
        9,
        11,
        13,
        15,
        17,
        19,
        20,
        22,
        24,
        26,
        28,
        30,
        32,
        34,
        36,
        38,
        39,
        41,
        43,
        45,
        47,
        49,
        51,
        53,
        55,
        57,
        59
    ]
}