{
    "video_path": "FallVision/Fall/Bed/f_raw_b_3/B_M_85.mp4",
    "active_window": [
        9,
        15
    ],
    "varying_k": 7,
    "detection_status": "Global Event Zone",
    "saliency_weights": [
        0.013101023867943849,
        0.02306831465008615,
        0.033941623752927,
        0.03853931220611379,
        0.03843456758453018,
        0.03916122787657472,
        0.04523314567043811,
        0.05947769591315555,
        0.08245935239386058,
        0.11141407073574561,
        0.13860115983559723,
        0.15469950481251415,
        0.15493043949655683,
        0.140193247469031,
        0.11651970317130547,
        0.09221225438306627,
        0.07289983007782333,
        0.060611605654508766,
        0.05539348652352355,
        0.055945585984130894,
        0.059281256601614166,
        0.06134543901118966,
        0.05997130944169728,
        0.056071661980065086,
        0.051612023330377815,
        0.048108070032499964,
        0.04585740834322834,
        0.04359735515796713,
        0.03948148749633326,
        0.03208595031254538,
        0.02215396201494054,
        0.014465121428962481
    ],
    "clip_indices": [
        0,
        7,
        15,
        23,
        30,
        38,
        46,
        53,
        61,
        69,
        77,
        84,
        92,
        100,
        107,
        115,
        123,
        131,
        138,
        146,
        154,
        161,
        169,
        177,
        185,
        192,
        200,
        208,
        215,
        223,
        231,
        239
    ]
}