{
    "video_path": "FallVision/Fall/Bed/f_raw_b_3/B_M_193.mp4",
    "active_window": [
        5,
        13
    ],
    "varying_k": 9,
    "detection_status": "Global Event Zone",
    "saliency_weights": [
        0.00809086027553993,
        0.01571866671241998,
        0.029822009992714865,
        0.04928044742134717,
        0.07247026686375187,
        0.09773574803833401,
        0.1240775278374496,
        0.15016105510614008,
        0.17286785191681248,
        0.18748871669340492,
        0.18883684276184848,
        0.17373452451776256,
        0.14492691639259522,
        0.10982929252407739,
        0.07666092671597372,
        0.05183750586313461,
        0.03721949797367394,
        0.030755556201749273,
        0.029712167053551584,
        0.031813065317129546,
        0.034665734111676234,
        0.03580062587218644,
        0.03422428467930881,
        0.030938853289073403,
        0.027296764002519576,
        0.0240032941243477,
        0.021324450473944948,
        0.01925955365400219,
        0.017353034105762166,
        0.014642851342533621,
        0.010919000245258693,
        0.00795033685290173
    ],
    "clip_indices": [
        0,
        3,
        7,
        11,
        15,
        19,
        23,
        26,
        30,
        34,
        38,
        42,
        46,
        49,
        53,
        57,
        61,
        65,
        69,
        72,
        76,
        80,
        84,
        88,
        92,
        95,
        99,
        103,
        107,
        111,
        115,
        119
    ]
}