{
    "video_path": "FallVision/Fall/Bed/f_raw_b_3/B_M_19_resized.mp4",
    "active_window": [
        15,
        20
    ],
    "varying_k": 6,
    "detection_status": "Global Event Zone",
    "saliency_weights": [
        0.003147362051825681,
        0.0035068951297474466,
        0.003909741286823109,
        0.004100699124811159,
        0.00411392712859623,
        0.004091105707030516,
        0.0040956715618447005,
        0.004140625417387843,
        0.004266661751340251,
        0.004620086709724676,
        0.005643619518545181,
        0.008615934243020507,
        0.0169911160892138,
        0.03896846697078424,
        0.08898492890101378,
        0.17492728281904796,
        0.2736156666337086,
        0.3388489305111768,
        0.34167088349367364,
        0.28561629221925605,
        0.1975628560533751,
        0.11448316191472262,
        0.05866197739947369,
        0.028574360336814722,
        0.014433653316527243,
        0.0084250367528492,
        0.005915432868101939,
        0.004788555135086723,
        0.004191581492788563,
        0.003794033755812357,
        0.0034899266961802237,
        0.0033041415787671965
    ],
    "clip_indices": [
        0,
        1,
        3,
        5,
        7,
        9,
        11,
        13,
        15,
        17,
        19,
        20,
        22,
        24,
        26,
        28,
        30,
        32,
        34,
        36,
        38,
        39,
        41,
        43,
        45,
        47,
        49,
        51,
        53,
        55,
        57,
        59
    ]
}