{
    "video_path": "FallVision/Fall/Bed/f_raw_b_3/B_M_98.mp4",
    "active_window": [
        18,
        23
    ],
    "varying_k": 6,
    "detection_status": "Global Event Zone",
    "saliency_weights": [
        0.0042789413099148035,
        0.0046991188424203734,
        0.00519763122878121,
        0.005489112608127741,
        0.005578046931076976,
        0.005589760578467622,
        0.005603095429841597,
        0.005656776570067145,
        0.005785876474802722,
        0.0060246132134816905,
        0.006403493301807957,
        0.007007755380069675,
        0.00808375159659006,
        0.01011977211501854,
        0.01403748974663913,
        0.02183151575677105,
        0.03801684032251196,
        0.0718934434432465,
        0.13808275540068596,
        0.24141536607877678,
        0.3430985650137647,
        0.37106381210807304,
        0.3030938812101406,
        0.19585468537604286,
        0.10822051933727153,
        0.05489145261787639,
        0.027875183579044022,
        0.01584841972290068,
        0.01042676361408184,
        0.007653037965167473,
        0.006072809249659826,
        0.005283468727995901
    ],
    "clip_indices": [
        0,
        2,
        5,
        8,
        11,
        14,
        17,
        20,
        22,
        25,
        28,
        31,
        34,
        37,
        40,
        43,
        45,
        48,
        51,
        54,
        57,
        60,
        63,
        66,
        68,
        71,
        74,
        77,
        80,
        83,
        86,
        89
    ]
}