{
    "video_path": "FallVision/Fall/Bed/f_raw_b_3/B_M_119.mp4",
    "active_window": [
        23,
        29
    ],
    "varying_k": 7,
    "detection_status": "Global Event Zone",
    "saliency_weights": [
        0.0037065538411059007,
        0.004570927880770296,
        0.005753118355981352,
        0.006771701402406474,
        0.0075259209060631015,
        0.008106092121477611,
        0.00862918190581535,
        0.00920786028041581,
        0.009943006667943568,
        0.010894793112466893,
        0.012042017618419696,
        0.013363715234026267,
        0.014954544403598405,
        0.016922181936596864,
        0.01915366126404629,
        0.021340089894370036,
        0.023271381990963423,
        0.025425104076209043,
        0.029757599650981674,
        0.03867076117625727,
        0.051828161497878576,
        0.06712055928928165,
        0.08779182100376359,
        0.12367449874346116,
        0.17977823951029975,
        0.24650504520156863,
        0.2966644998472653,
        0.29070240434173444,
        0.2176249616735902,
        0.12326098559505835,
        0.056894872905285054,
        0.02734664313623645
    ],
    "clip_indices": [
        0,
        1,
        3,
        5,
        7,
        9,
        11,
        13,
        15,
        17,
        19,
        20,
        22,
        24,
        26,
        28,
        30,
        32,
        34,
        36,
        38,
        39,
        41,
        43,
        45,
        47,
        49,
        51,
        53,
        55,
        57,
        59
    ]
}