{
    "video_path": "FallVision/Fall/Bed/f_raw_b_3/B_M_33.mp4",
    "active_window": [
        17,
        23
    ],
    "varying_k": 7,
    "detection_status": "Global Event Zone",
    "saliency_weights": [
        0.0036945383209191765,
        0.005599607363187443,
        0.00920281659267973,
        0.013852014133344609,
        0.01789414142027829,
        0.01995107809168626,
        0.02053398411174313,
        0.02113520199502938,
        0.02296077185596425,
        0.026873631304078202,
        0.033576823624294455,
        0.04361012058828233,
        0.056899010056046036,
        0.07162229431087416,
        0.08307042513302301,
        0.08773926816505105,
        0.09152771666043563,
        0.10734796981215532,
        0.14205431130518356,
        0.18939949377517434,
        0.2292408185802487,
        0.23540465629028018,
        0.1999871115900407,
        0.1419331944521113,
        0.08510234200222733,
        0.04381208940753019,
        0.021582268417977713,
        0.01230730702967426,
        0.008457490526622457,
        0.006360107001348875,
        0.00492224290336326,
        0.004084565706075421
    ],
    "clip_indices": [
        0,
        2,
        5,
        8,
        11,
        14,
        17,
        20,
        23,
        26,
        29,
        31,
        34,
        37,
        40,
        43,
        46,
        49,
        52,
        55,
        58,
        60,
        63,
        66,
        69,
        72,
        75,
        78,
        81,
        84,
        87,
        90
    ]
}