{
    "video_path": "FallVision/Fall/Bed/f_raw_b_3/B_M_134_resized.mp4",
    "active_window": [
        11,
        16
    ],
    "varying_k": 6,
    "detection_status": "Global Event Zone",
    "saliency_weights": [
        0.005839244390811576,
        0.00811490353443535,
        0.011035365987296208,
        0.013069292333323261,
        0.013735171768727426,
        0.013369673987039046,
        0.013101937894359102,
        0.014798911761271488,
        0.021558936479947194,
        0.03972906408309003,
        0.08040011608419488,
        0.15146960431172535,
        0.24319232805229185,
        0.3262839208491096,
        0.3585897199182917,
        0.3098374059525332,
        0.20366992449273646,
        0.10324808420991582,
        0.044604888159507486,
        0.019757314901553247,
        0.010612219792573412,
        0.007264285846747317,
        0.005918013728513314,
        0.005317298087631815,
        0.005050067029927097,
        0.004920461698780913,
        0.004816461292248468,
        0.004689977254027063,
        0.004523683724429594,
        0.004315219783420534,
        0.004091779827039059,
        0.003935135037911529
    ],
    "clip_indices": [
        0,
        3,
        7,
        11,
        15,
        19,
        23,
        26,
        30,
        34,
        38,
        42,
        46,
        49,
        53,
        57,
        61,
        65,
        69,
        72,
        76,
        80,
        84,
        88,
        92,
        95,
        99,
        103,
        107,
        111,
        115,
        119
    ]
}