{
    "video_path": "FallVision/Fall/Bed/f_raw_b_3/B_M_58.mp4",
    "active_window": [
        8,
        14
    ],
    "varying_k": 7,
    "detection_status": "Global Event Zone",
    "saliency_weights": [
        0.0037814270750124814,
        0.004672215623879539,
        0.00576637870729386,
        0.006688455179110689,
        0.008455518610825438,
        0.014875869380610317,
        0.034157432055230544,
        0.0757648790838916,
        0.14363478748711483,
        0.22588717458087607,
        0.28421512800677207,
        0.2821897500353204,
        0.2312539936401356,
        0.17322249366221787,
        0.13066427567116368,
        0.10102839172574064,
        0.07751046872092365,
        0.057705508826454206,
        0.04173555573702514,
        0.030106903127415693,
        0.022492195848832545,
        0.017606809304208017,
        0.014323743841080226,
        0.012151852633107273,
        0.010760013016645859,
        0.00968328078265454,
        0.008655065669705714,
        0.007801060151291988,
        0.007189969558131823,
        0.00652369660405024,
        0.0056199101817018295,
        0.004884493628340267
    ],
    "clip_indices": [
        0,
        3,
        7,
        11,
        15,
        19,
        23,
        26,
        30,
        34,
        38,
        42,
        46,
        49,
        53,
        57,
        61,
        65,
        69,
        72,
        76,
        80,
        84,
        88,
        92,
        95,
        99,
        103,
        107,
        111,
        115,
        119
    ]
}