{
    "video_path": "FallVision/Fall/Bed/f_raw_b_3/B_M_182.mp4",
    "active_window": [
        9,
        14
    ],
    "varying_k": 6,
    "detection_status": "Global Event Zone",
    "saliency_weights": [
        0.00401742430437203,
        0.005492606775741173,
        0.007764749108592034,
        0.010203140810796693,
        0.01255965560451466,
        0.015184366299372988,
        0.020465423828227677,
        0.037491950464959956,
        0.08477211697088291,
        0.1688045908200785,
        0.25496627529318927,
        0.29402796133936615,
        0.2725180809266672,
        0.21119003090092717,
        0.13954120773633122,
        0.08141519341157732,
        0.04517418415554614,
        0.025949507664682514,
        0.016427800676076437,
        0.011745947726310579,
        0.009621985121444347,
        0.009372682010907421,
        0.010444624302244843,
        0.01241676829975423,
        0.017218981899676803,
        0.028812345250618755,
        0.04585065685047378,
        0.05793494517060312,
        0.056729771706733885,
        0.044629761190799366,
        0.029067934150450205,
        0.018034033873583804
    ],
    "clip_indices": [
        0,
        7,
        15,
        23,
        30,
        38,
        46,
        53,
        61,
        69,
        77,
        84,
        92,
        100,
        107,
        115,
        123,
        131,
        138,
        146,
        154,
        161,
        169,
        177,
        185,
        192,
        200,
        208,
        215,
        223,
        231,
        239
    ]
}