{
    "video_path": "FallVision/Fall/Bed/f_raw_b_3/B_M_131_resized.mp4",
    "active_window": [
        8,
        14
    ],
    "varying_k": 7,
    "detection_status": "Global Event Zone",
    "saliency_weights": [
        0.009067898100263856,
        0.013653245090078814,
        0.01776868914096054,
        0.01764617324113095,
        0.015173801565296486,
        0.015358144316481468,
        0.024584495593632717,
        0.05390590349502256,
        0.11973061160444085,
        0.2212895469179461,
        0.3114153699699531,
        0.33316759611597213,
        0.28501636101271033,
        0.20833308023035255,
        0.1370429825084704,
        0.08435145268461959,
        0.050770817208363184,
        0.03130397989356128,
        0.020688020636584155,
        0.015092780990325396,
        0.011984138430232709,
        0.009810915321339535,
        0.00795602593861133,
        0.006550773977800012,
        0.005755842626420123,
        0.005381667112220536,
        0.00517437210270901,
        0.005028269210534093,
        0.00488772973928039,
        0.004662028540746632,
        0.004330474892393716,
        0.004060221832416489
    ],
    "clip_indices": [
        0,
        2,
        5,
        8,
        11,
        14,
        17,
        20,
        22,
        25,
        28,
        31,
        34,
        37,
        40,
        43,
        45,
        48,
        51,
        54,
        57,
        60,
        63,
        66,
        68,
        71,
        74,
        77,
        80,
        83,
        86,
        89
    ]
}