{
    "video_path": "FallVision/Fall/Bed/f_raw_b_3/B_M_215.mp4",
    "active_window": [
        12,
        20
    ],
    "varying_k": 9,
    "detection_status": "Global Event Zone",
    "saliency_weights": [
        0.004362025358959777,
        0.006699500349244331,
        0.009460255623958299,
        0.011045492100115763,
        0.011533638608083836,
        0.01198801141399752,
        0.013804211950044474,
        0.018343047351995653,
        0.026595372326473767,
        0.0395047502735561,
        0.0582520371040017,
        0.08373478359163092,
        0.11534313654899016,
        0.1504668756392823,
        0.1841303026254683,
        0.20963341028181287,
        0.22053175421181825,
        0.21272600354425075,
        0.18766937969717967,
        0.15210988805381367,
        0.11353213196558376,
        0.07791341929665582,
        0.04926842287033861,
        0.02948903506477059,
        0.018103252063901926,
        0.012325335869364466,
        0.009288244485841902,
        0.007382069700558898,
        0.00590234734225549,
        0.004640480439198812,
        0.0036212860180642598,
        0.0030102980031563786
    ],
    "clip_indices": [
        0,
        3,
        7,
        11,
        15,
        19,
        23,
        26,
        30,
        34,
        38,
        42,
        46,
        49,
        53,
        57,
        61,
        65,
        69,
        72,
        76,
        80,
        84,
        88,
        92,
        95,
        99,
        103,
        107,
        111,
        115,
        119
    ]
}