{
    "video_path": "FallVision/Fall/Bed/f_raw_b_3/B_M_150.mp4",
    "active_window": [
        21,
        27
    ],
    "varying_k": 7,
    "detection_status": "Global Event Zone",
    "saliency_weights": [
        0.002605555938821319,
        0.0028554034983443895,
        0.003204842453100383,
        0.0035980029776520907,
        0.004237159385512532,
        0.005430496117271071,
        0.007414084987358393,
        0.01034176618577301,
        0.014345711203849065,
        0.019937538074841707,
        0.028279311527311786,
        0.03963169763222525,
        0.0509908124699212,
        0.05786606401034185,
        0.05849738314889891,
        0.054308364397532824,
        0.04811827694939745,
        0.04281225528989133,
        0.04043755893716952,
        0.04426544084538759,
        0.06339650765238104,
        0.10916236319224891,
        0.17779656544364075,
        0.2436349196481065,
        0.27597222101739916,
        0.2544389942644662,
        0.18525627877537149,
        0.10743813889635886,
        0.05461152588117442,
        0.02756724485813849,
        0.014363330111882438,
        0.008487620022998453
    ],
    "clip_indices": [
        0,
        2,
        5,
        8,
        11,
        14,
        17,
        20,
        22,
        25,
        28,
        31,
        34,
        37,
        40,
        43,
        45,
        48,
        51,
        54,
        57,
        60,
        63,
        66,
        68,
        71,
        74,
        77,
        80,
        83,
        86,
        89
    ]
}