{
    "video_path": "FallVision/Fall/Bed/f_raw_b_3/B_M_138.mp4",
    "active_window": [
        21,
        27
    ],
    "varying_k": 7,
    "detection_status": "Global Event Zone",
    "saliency_weights": [
        0.003912919541637475,
        0.004669215159675475,
        0.00556379431090568,
        0.006087271280476753,
        0.006268560797837947,
        0.006361810541076048,
        0.006531055156461886,
        0.006845671833466897,
        0.007318649676422411,
        0.007899949630186573,
        0.008451097948331428,
        0.008839352107051354,
        0.00909547023280171,
        0.009401110646334261,
        0.010002968334645645,
        0.01119685890894832,
        0.013348974338993588,
        0.016967491110441747,
        0.023156909407753924,
        0.035816104291458706,
        0.06526057350468625,
        0.12410268383195461,
        0.20958057420271659,
        0.29520034417007723,
        0.34385158116375547,
        0.3236606440046688,
        0.2373024804523577,
        0.13573976256525122,
        0.06546939466539926,
        0.02989254807047197,
        0.014239878536606475,
        0.008419909050635863
    ],
    "clip_indices": [
        0,
        1,
        3,
        5,
        7,
        9,
        11,
        13,
        15,
        17,
        19,
        21,
        23,
        25,
        27,
        29,
        30,
        32,
        34,
        36,
        38,
        40,
        42,
        44,
        46,
        48,
        50,
        52,
        54,
        56,
        58,
        60
    ]
}