{
    "video_path": "FallVision/Fall/Bed/f_raw_b_3/B_M_200.mp4",
    "active_window": [
        17,
        23
    ],
    "varying_k": 7,
    "detection_status": "Global Event Zone",
    "saliency_weights": [
        0.004525283684959814,
        0.005730588785558113,
        0.006995472037981282,
        0.0074029714454965714,
        0.007116645607875287,
        0.00669003506709377,
        0.0063500160692738315,
        0.006096197626180426,
        0.005939275895592838,
        0.005932843868249042,
        0.006137369245758149,
        0.006620957421914435,
        0.007522049697112471,
        0.009357920094346724,
        0.013976145048318199,
        0.026973042847190848,
        0.06036572967254096,
        0.12561871728267016,
        0.21572913507486413,
        0.30148949358853766,
        0.3460701461030525,
        0.32211601508193877,
        0.23838593850525214,
        0.14269960077040628,
        0.07418301224958768,
        0.036877546572001874,
        0.019840555255939637,
        0.013007221069568236,
        0.010068922754364548,
        0.008249133453493611,
        0.0067298443331669225,
        0.0057232266395831795
    ],
    "clip_indices": [
        0,
        1,
        3,
        5,
        7,
        9,
        11,
        13,
        15,
        17,
        19,
        20,
        22,
        24,
        26,
        28,
        30,
        32,
        34,
        36,
        38,
        39,
        41,
        43,
        45,
        47,
        49,
        51,
        53,
        55,
        57,
        59
    ]
}