{
    "video_path": "FallVision/Fall/Bed/f_raw_b_3/B_M_140.mp4",
    "active_window": [
        16,
        22
    ],
    "varying_k": 7,
    "detection_status": "Global Event Zone",
    "saliency_weights": [
        0.004069642501498097,
        0.004689487060307572,
        0.005432460899726077,
        0.005892409592691699,
        0.006096939246296889,
        0.006237876373695127,
        0.006403856884254726,
        0.006633074869472981,
        0.007019318066024523,
        0.007668573711623619,
        0.008623798003866371,
        0.010024914825024716,
        0.012621157909657971,
        0.01904683183533839,
        0.03581644072872747,
        0.07318912847945287,
        0.141110034824723,
        0.23647974002564753,
        0.32223219589339497,
        0.3424990957671185,
        0.28478028593758087,
        0.19392587308938242,
        0.11510321027342554,
        0.0633518713210441,
        0.03608571361090679,
        0.024569509463602084,
        0.02040209439455077,
        0.018099891160676333,
        0.015114178229757788,
        0.011585856177268868,
        0.008552079175141043,
        0.006775563550233688
    ],
    "clip_indices": [
        0,
        2,
        5,
        8,
        11,
        14,
        17,
        20,
        23,
        26,
        29,
        31,
        34,
        37,
        40,
        43,
        46,
        49,
        52,
        55,
        58,
        60,
        63,
        66,
        69,
        72,
        75,
        78,
        81,
        84,
        87,
        90
    ]
}