{
    "video_path": "FallVision/Fall/Bed/f_raw_b_3/B_M_44.mp4",
    "active_window": [
        7,
        15
    ],
    "varying_k": 9,
    "detection_status": "Global Event Zone",
    "saliency_weights": [
        0.006817941623815256,
        0.012983901814677824,
        0.02536433373046789,
        0.042834696829892216,
        0.061097950806936585,
        0.07698475077351485,
        0.09322188505820078,
        0.11255453757824091,
        0.1307183583958857,
        0.14433211575803362,
        0.16188109688601782,
        0.19107586486520284,
        0.21707073991593684,
        0.21468077025802693,
        0.17960150483332948,
        0.12879674850682651,
        0.08089165220843558,
        0.04697829682570466,
        0.028306398125511653,
        0.01898015843563819,
        0.013618730809505125,
        0.010313577978119546,
        0.008516292870639881,
        0.007568919197762572,
        0.006947641014805169,
        0.006526305105542469,
        0.006311551562387065,
        0.006219254087414186,
        0.00606217302181413,
        0.005599452517452096,
        0.004805675935070676,
        0.004134330179030804
    ],
    "clip_indices": [
        0,
        2,
        5,
        8,
        11,
        14,
        17,
        20,
        22,
        25,
        28,
        31,
        34,
        37,
        40,
        43,
        45,
        48,
        51,
        54,
        57,
        60,
        63,
        66,
        68,
        71,
        74,
        77,
        80,
        83,
        86,
        89
    ]
}