{
    "video_path": "FallVision/Fall/Bed/f_raw_b_3/B_M_31_resized.mp4",
    "active_window": [
        17,
        27
    ],
    "varying_k": 11,
    "detection_status": "Global Event Zone",
    "saliency_weights": [
        0.0027803401213746517,
        0.0030262760950401004,
        0.0033238919182980347,
        0.0036084650951469,
        0.004157523504606108,
        0.005270497904667626,
        0.006878059841348314,
        0.008602983775904016,
        0.009894938756770222,
        0.010298896267146532,
        0.009822987230362446,
        0.008903208032198136,
        0.00835493604166887,
        0.009722903814666704,
        0.016316676825211287,
        0.035249119101344,
        0.07815132536111147,
        0.1481519680611975,
        0.21426854943030826,
        0.22574149211737818,
        0.17675234969918824,
        0.11968022757011591,
        0.1009776388424931,
        0.12502915652448585,
        0.16575563068389876,
        0.18337008794348456,
        0.15811864674008708,
        0.10859699105035467,
        0.0616807819099834,
        0.029400726786673062,
        0.012710405283324702,
        0.006712304327834957
    ],
    "clip_indices": [
        0,
        2,
        5,
        8,
        11,
        14,
        17,
        20,
        22,
        25,
        28,
        31,
        34,
        37,
        40,
        43,
        45,
        48,
        51,
        54,
        57,
        60,
        63,
        66,
        68,
        71,
        74,
        77,
        80,
        83,
        86,
        89
    ]
}