{
    "video_path": "FallVision/Fall/Bed/f_raw_b_3/B_M_43_resized.mp4",
    "active_window": [
        14,
        20
    ],
    "varying_k": 7,
    "detection_status": "Global Event Zone",
    "saliency_weights": [
        0.006868332377242426,
        0.00998422991982968,
        0.013431684131419435,
        0.015082062986161715,
        0.015592268016028176,
        0.016575902541565213,
        0.018655563398182806,
        0.02167429241883317,
        0.025197811372432658,
        0.02859461015159702,
        0.031195185064400603,
        0.03373671222156721,
        0.04112280502497531,
        0.0641913196627325,
        0.11849545380014345,
        0.20754745587624873,
        0.29432836866672707,
        0.3203883767238098,
        0.2718059430833506,
        0.18881140137588115,
        0.11291546533742344,
        0.061196293162272264,
        0.03368770005033961,
        0.02189760057336672,
        0.01737137160712206,
        0.015467499873679763,
        0.014071564114346437,
        0.012303667050229967,
        0.010027220761843168,
        0.007715130658374088,
        0.00592143898614025,
        0.004937067067866169
    ],
    "clip_indices": [
        0,
        2,
        5,
        8,
        11,
        14,
        17,
        20,
        22,
        25,
        28,
        31,
        34,
        37,
        40,
        43,
        45,
        48,
        51,
        54,
        57,
        60,
        63,
        66,
        68,
        71,
        74,
        77,
        80,
        83,
        86,
        89
    ]
}