{
    "video_path": "FallVision/Fall/Bed/f_raw_b_3/B_M_113.mp4",
    "active_window": [
        9,
        14
    ],
    "varying_k": 6,
    "detection_status": "Global Event Zone",
    "saliency_weights": [
        0.01445433371266661,
        0.02426233204517055,
        0.034935149515159525,
        0.039144916545266514,
        0.03776555230699939,
        0.035750727466275445,
        0.03892272536603901,
        0.05739261633237806,
        0.10747279144017044,
        0.19235116365212163,
        0.2758534090566305,
        0.3089345874398834,
        0.2792455570342736,
        0.20935629282433582,
        0.1312304011026044,
        0.07081678671306503,
        0.03622018347353221,
        0.020332410638720946,
        0.014095913952615355,
        0.01209460374872784,
        0.011676803172967237,
        0.011656002539467882,
        0.011565689601834565,
        0.011315444112885147,
        0.010962307630583971,
        0.010600561301921978,
        0.01029442531470169,
        0.010020971468417095,
        0.009602908250689159,
        0.008715605661761439,
        0.007339520184865016,
        0.00620850465689839
    ],
    "clip_indices": [
        0,
        2,
        5,
        8,
        11,
        14,
        17,
        20,
        22,
        25,
        28,
        31,
        34,
        37,
        40,
        43,
        45,
        48,
        51,
        54,
        57,
        60,
        63,
        66,
        68,
        71,
        74,
        77,
        80,
        83,
        86,
        89
    ]
}