{
    "video_path": "FallVision/Fall/Bed/f_raw_b_3/B_M_168.mp4",
    "active_window": [
        16,
        22
    ],
    "varying_k": 7,
    "detection_status": "Global Event Zone",
    "saliency_weights": [
        0.0037317429003536234,
        0.004153371508990523,
        0.004661001996052485,
        0.004975906901380166,
        0.005106938140395739,
        0.005191976042223463,
        0.005338340845269036,
        0.005598547204689001,
        0.005966581471597447,
        0.006414972174041278,
        0.006963364645821088,
        0.007837243622759027,
        0.009944859616308982,
        0.016157857693594888,
        0.033253301052579384,
        0.07134054662508639,
        0.13923126282212672,
        0.23309508390617015,
        0.3186220380710499,
        0.34452924379615374,
        0.29729223191846066,
        0.21416919025294623,
        0.13518779090828192,
        0.07698143093697087,
        0.04093984810860557,
        0.021574558004347932,
        0.012406608534149311,
        0.008467769148598453,
        0.00664789983234685,
        0.005593801741917577,
        0.004879041288914537,
        0.004473002667248661
    ],
    "clip_indices": [
        0,
        3,
        7,
        11,
        15,
        19,
        23,
        27,
        30,
        34,
        38,
        42,
        46,
        50,
        54,
        58,
        61,
        65,
        69,
        73,
        77,
        81,
        85,
        89,
        92,
        96,
        100,
        104,
        108,
        112,
        116,
        120
    ]
}