{
    "video_path": "FallVision/Fall/Bed/f_raw_b_3/B_M_205.mp4",
    "active_window": [
        23,
        28
    ],
    "varying_k": 6,
    "detection_status": "Global Event Zone",
    "saliency_weights": [
        0.00523648635151013,
        0.007110002062743547,
        0.009016906466009684,
        0.009496891946259432,
        0.008864358945710202,
        0.00808545385434652,
        0.00759852960112928,
        0.007419488585773933,
        0.007447428131152118,
        0.007544402940398773,
        0.0075376966440126435,
        0.007295324807444674,
        0.0068551887196865065,
        0.006394617419780472,
        0.006152223410944658,
        0.006534604903203825,
        0.008332235193697836,
        0.012574963329094076,
        0.019919641668644024,
        0.030261367385432846,
        0.04303886005285685,
        0.060820278577016634,
        0.09685360277291624,
        0.1689447598885469,
        0.2652163466931362,
        0.3323026879893546,
        0.3290893013596008,
        0.26368217271505745,
        0.16984724650566618,
        0.08617266765338649,
        0.03657631958235405,
        0.017315027594864533
    ],
    "clip_indices": [
        0,
        7,
        15,
        23,
        30,
        38,
        46,
        53,
        61,
        69,
        77,
        84,
        92,
        100,
        107,
        115,
        123,
        131,
        138,
        146,
        154,
        161,
        169,
        177,
        185,
        192,
        200,
        208,
        215,
        223,
        231,
        239
    ]
}