{
    "video_path": "FallVision/Fall/Bed/f_raw_b_3/B_M_86.mp4",
    "active_window": [
        11,
        17
    ],
    "varying_k": 7,
    "detection_status": "Global Event Zone",
    "saliency_weights": [
        0.012453495428398673,
        0.022356948246950902,
        0.03484845735426184,
        0.043871414425219496,
        0.04941726249458477,
        0.05355218988396201,
        0.05651157720507052,
        0.057781829990245656,
        0.058553172150001484,
        0.06314854596152605,
        0.07924836141297922,
        0.1100564218377586,
        0.14292368665021454,
        0.15882897781337335,
        0.1535425598586433,
        0.13674209609026458,
        0.11715697032388653,
        0.09815698340669378,
        0.08146113827970142,
        0.06891825887958236,
        0.061319408533354464,
        0.05766999439522488,
        0.055698886014202226,
        0.0527004196789166,
        0.04757352870614097,
        0.04163880501214538,
        0.03642205155439625,
        0.03208280319119751,
        0.027786271644382722,
        0.022320287780837608,
        0.01569990630358903,
        0.01070644575412957
    ],
    "clip_indices": [
        0,
        3,
        6,
        9,
        12,
        15,
        18,
        21,
        24,
        27,
        30,
        33,
        36,
        39,
        42,
        45,
        49,
        52,
        55,
        58,
        61,
        64,
        67,
        70,
        73,
        76,
        79,
        82,
        85,
        88,
        91,
        95
    ]
}