{
    "video_path": "FallVision/Fall/Bed/f_raw_b_3/B_M_155.mp4",
    "active_window": [
        23,
        28
    ],
    "varying_k": 6,
    "detection_status": "Global Event Zone",
    "saliency_weights": [
        0.002054072685997585,
        0.0037337576060735914,
        0.00912921132883577,
        0.022286664102108486,
        0.04797537368282036,
        0.08282712235393855,
        0.10639930439292905,
        0.10044193466603252,
        0.07393819992332115,
        0.048548591737033034,
        0.03387724629026277,
        0.028628251974836046,
        0.030425864872088877,
        0.03740672370826445,
        0.04548168995361113,
        0.049842408259213856,
        0.049999448412676534,
        0.049269903942655915,
        0.04948512544355117,
        0.050175863275745046,
        0.05256025153234381,
        0.06057204832884275,
        0.07703289367629687,
        0.101293861358219,
        0.12966347866147174,
        0.15518943852485395,
        0.16754837054264748,
        0.15508546694851869,
        0.11675898497364277,
        0.07058024401366389,
        0.03566475570718728,
        0.017974105287589748
    ],
    "clip_indices": [
        0,
        1,
        3,
        5,
        7,
        9,
        11,
        13,
        15,
        17,
        19,
        20,
        22,
        24,
        26,
        28,
        30,
        32,
        34,
        36,
        38,
        39,
        41,
        43,
        45,
        47,
        49,
        51,
        53,
        55,
        57,
        59
    ]
}