{
    "video_path": "FallVision/Fall/Bed/f_raw_b_3/B_M_174.mp4",
    "active_window": [
        15,
        21
    ],
    "varying_k": 7,
    "detection_status": "Global Event Zone",
    "saliency_weights": [
        0.0033988620290858673,
        0.003707060511082218,
        0.00407087239853427,
        0.004282149014810367,
        0.004355002239625585,
        0.004407464759418235,
        0.004545145715118421,
        0.004852361151720493,
        0.0053915974691042985,
        0.006174321270478688,
        0.007139382784133105,
        0.008427249660346288,
        0.01160328988858498,
        0.023665405639996563,
        0.06132296868636058,
        0.13878117380138777,
        0.2414960853927085,
        0.32782840339987107,
        0.35798824632477855,
        0.314561981208333,
        0.2191553191864366,
        0.12443589808572258,
        0.06487939388320699,
        0.03613782952605915,
        0.022512648100534882,
        0.015254885989737208,
        0.01101758889889715,
        0.008421653732007317,
        0.006757699747196436,
        0.0055899027360783084,
        0.004709022508690012,
        0.004180807605943459
    ],
    "clip_indices": [
        0,
        2,
        5,
        8,
        11,
        14,
        17,
        20,
        22,
        25,
        28,
        31,
        34,
        37,
        40,
        43,
        45,
        48,
        51,
        54,
        57,
        60,
        63,
        66,
        68,
        71,
        74,
        77,
        80,
        83,
        86,
        89
    ]
}