{
    "video_path": "FallVision/Fall/Bed/f_raw_b_3/B_M_41.mp4",
    "active_window": [
        16,
        21
    ],
    "varying_k": 6,
    "detection_status": "Global Event Zone",
    "saliency_weights": [
        0.0035005202723740374,
        0.0038299841577089976,
        0.004220692490669731,
        0.004450465917823699,
        0.004533120650115484,
        0.0046101330300994045,
        0.004875083445455433,
        0.005675825507997447,
        0.007608471529526331,
        0.01112556139384524,
        0.015972730430086242,
        0.021678265946390565,
        0.02878700098225577,
        0.040595313406138485,
        0.06508398797660744,
        0.11177429264960384,
        0.18282019968754126,
        0.265010182143104,
        0.3231310828612032,
        0.31614539236710726,
        0.2446509196430147,
        0.1569559355703552,
        0.09226637666218337,
        0.05358144784076263,
        0.03089528183274025,
        0.01781423089913385,
        0.011054451464130054,
        0.007905696566425596,
        0.006320113621407541,
        0.005323002611431905,
        0.004598981167848402,
        0.004170743789505558
    ],
    "clip_indices": [
        0,
        2,
        5,
        8,
        11,
        14,
        17,
        20,
        22,
        25,
        28,
        31,
        34,
        37,
        40,
        43,
        45,
        48,
        51,
        54,
        57,
        60,
        63,
        66,
        68,
        71,
        74,
        77,
        80,
        83,
        86,
        89
    ]
}