{
    "video_path": "FallVision/Fall/Bed/f_raw_b_3/B_M_114.mp4",
    "active_window": [
        21,
        27
    ],
    "varying_k": 7,
    "detection_status": "Global Event Zone",
    "saliency_weights": [
        0.004574196494642269,
        0.006976166930957024,
        0.009883179613088041,
        0.011734058654398813,
        0.012600815082262193,
        0.013194800982176125,
        0.013882580403824457,
        0.014825807237014394,
        0.016294807549392623,
        0.01848881281820578,
        0.021161856246748406,
        0.023748790809527083,
        0.02570811309064546,
        0.026791303664392245,
        0.02733888210192232,
        0.028062931557375603,
        0.02961432350948516,
        0.03333284936156777,
        0.042953552505094236,
        0.06388127379470432,
        0.09890217574761706,
        0.14535243828316596,
        0.19422147572065024,
        0.23104931328594952,
        0.24288513420454055,
        0.22392331357540649,
        0.17934453260775599,
        0.1265962013546415,
        0.08153507865627271,
        0.04865360013515818,
        0.026988369374008517,
        0.01581400851713633
    ],
    "clip_indices": [
        0,
        1,
        3,
        5,
        7,
        9,
        11,
        13,
        15,
        17,
        19,
        20,
        22,
        24,
        26,
        28,
        30,
        32,
        34,
        36,
        38,
        39,
        41,
        43,
        45,
        47,
        49,
        51,
        53,
        55,
        57,
        59
    ]
}