{
    "video_path": "FallVision/Fall/Bed/f_raw_b_3/B_M_130_resized.mp4",
    "active_window": [
        15,
        22
    ],
    "varying_k": 8,
    "detection_status": "Global Event Zone",
    "saliency_weights": [
        0.0033741990147159815,
        0.004822689110298805,
        0.006673919975050076,
        0.007940472837309039,
        0.008292435389733909,
        0.007878946480798791,
        0.007225122665977048,
        0.006959805638289109,
        0.007542739707775413,
        0.009416043022883671,
        0.013368920205963225,
        0.02116542025156363,
        0.03615448740822719,
        0.061907304338257356,
        0.0991343398078334,
        0.14433023468198236,
        0.1893227561591668,
        0.22397989618820924,
        0.24258896454305107,
        0.2440476937121977,
        0.22618368019610405,
        0.18635154690551758,
        0.13113372121022018,
        0.07837188405666361,
        0.04148547433755117,
        0.020699846999726913,
        0.01070562112480998,
        0.006496879244980607,
        0.004732941783210173,
        0.0038407429967433817,
        0.003251441572011786,
        0.002902958555465528
    ],
    "clip_indices": [
        0,
        1,
        3,
        5,
        7,
        9,
        11,
        13,
        15,
        17,
        19,
        20,
        22,
        24,
        26,
        28,
        30,
        32,
        34,
        36,
        38,
        39,
        41,
        43,
        45,
        47,
        49,
        51,
        53,
        55,
        57,
        59
    ]
}