{
    "video_path": "FallVision/Fall/Bed/f_raw_b_3/B_M_157.mp4",
    "active_window": [
        7,
        18
    ],
    "varying_k": 12,
    "detection_status": "Global Event Zone",
    "saliency_weights": [
        0.0022550731427769515,
        0.0031667109723532544,
        0.004641779376431759,
        0.007186276646790277,
        0.013433352533234015,
        0.02831154545528975,
        0.05783331645916701,
        0.10094772312636954,
        0.1402494101572423,
        0.15729021801542886,
        0.15531011489992297,
        0.15031194350193858,
        0.1505939388542716,
        0.15525186165052782,
        0.16129406461427598,
        0.1650720700991279,
        0.16013392988762082,
        0.1400871586161504,
        0.10712422691994121,
        0.07202006776913861,
        0.04382622639562388,
        0.02526410454061129,
        0.015020804594611978,
        0.009935614227971757,
        0.007300219867636126,
        0.005828178863190522,
        0.005003584210462525,
        0.004517851301692828,
        0.004129691972747462,
        0.0036593378810577605,
        0.003082903636963713,
        0.002643935367482625
    ],
    "clip_indices": [
        0,
        1,
        3,
        5,
        7,
        9,
        11,
        13,
        15,
        17,
        19,
        20,
        22,
        24,
        26,
        28,
        30,
        32,
        34,
        36,
        38,
        39,
        41,
        43,
        45,
        47,
        49,
        51,
        53,
        55,
        57,
        59
    ]
}