{
    "video_path": "FallVision/Fall/Bed/f_raw_b_3/B_M_160.mp4",
    "active_window": [
        13,
        21
    ],
    "varying_k": 9,
    "detection_status": "Global Event Zone",
    "saliency_weights": [
        0.0031688441885073895,
        0.004008911058569116,
        0.004951645506509482,
        0.005406122362822414,
        0.005477046798386065,
        0.0056011624135486725,
        0.006238313545436837,
        0.008112482581658783,
        0.012544580361192725,
        0.021060974121670552,
        0.034702778245411126,
        0.054195186466789655,
        0.08007503447943229,
        0.11170430370455264,
        0.1457186893586619,
        0.17833318804532383,
        0.20984843009332066,
        0.23968243573959255,
        0.25366213935077353,
        0.2303677265892599,
        0.17126551024921355,
        0.10588618244792894,
        0.05858898763669615,
        0.032076853665413366,
        0.019575510619001518,
        0.014169020057287575,
        0.011383690725309585,
        0.00949108536201548,
        0.007997966870346835,
        0.006623201860862459,
        0.005299962055516274,
        0.004395559634276129
    ],
    "clip_indices": [
        0,
        2,
        5,
        8,
        11,
        14,
        17,
        20,
        22,
        25,
        28,
        31,
        34,
        37,
        40,
        43,
        45,
        48,
        51,
        54,
        57,
        60,
        63,
        66,
        68,
        71,
        74,
        77,
        80,
        83,
        86,
        89
    ]
}