{
    "video_path": "FallVision/Fall/Bed/f_raw_b_3/B_M_80.mp4",
    "active_window": [
        19,
        24
    ],
    "varying_k": 6,
    "detection_status": "Global Event Zone",
    "saliency_weights": [
        0.003347681956369447,
        0.004099528323097012,
        0.0049964055918259725,
        0.005533856989544658,
        0.005725732372165971,
        0.005805217020619629,
        0.005929616999649612,
        0.006191655555675682,
        0.006684434778269008,
        0.007509012635371638,
        0.008743533816670293,
        0.010401522502714543,
        0.012370559210567175,
        0.014489983740190145,
        0.016897976238324022,
        0.02111549988223348,
        0.031879957509936926,
        0.05714445977276713,
        0.10511783927908233,
        0.17758049166587975,
        0.2577422323518353,
        0.311791779341842,
        0.3147161073799065,
        0.26542174443710687,
        0.18400835657258197,
        0.10504564304897321,
        0.05261022560692554,
        0.025653021216994684,
        0.013592806221470171,
        0.008455313728174343,
        0.005967243279422812,
        0.004756482981334562
    ],
    "clip_indices": [
        0,
        1,
        3,
        5,
        7,
        9,
        11,
        13,
        15,
        17,
        19,
        20,
        22,
        24,
        26,
        28,
        30,
        32,
        34,
        36,
        38,
        39,
        41,
        43,
        45,
        47,
        49,
        51,
        53,
        55,
        57,
        59
    ]
}