{
    "video_path": "FallVision/Fall/Bed/f_raw_b_3/B_M_55.mp4",
    "active_window": [
        15,
        21
    ],
    "varying_k": 7,
    "detection_status": "Global Event Zone",
    "saliency_weights": [
        0.0030218621912708635,
        0.003920880122120006,
        0.0050121557024552415,
        0.005794859424723851,
        0.006651309200912614,
        0.008876364336759228,
        0.014435539438998623,
        0.023731434419027985,
        0.03297257555055684,
        0.03756484785491618,
        0.037541876712789496,
        0.03745253877070372,
        0.04432434864286681,
        0.06493228055736854,
        0.10164512568957322,
        0.15088222645629018,
        0.2024254756138672,
        0.24116866906098744,
        0.25281591873280895,
        0.22996599243043198,
        0.18077432445942948,
        0.12714472380466932,
        0.08508003294375638,
        0.05602395476591761,
        0.036193769637017974,
        0.022978612883007545,
        0.014828422843646633,
        0.010248312905050716,
        0.007814966234471787,
        0.006311812959893222,
        0.00505602451782697,
        0.004200050853803916
    ],
    "clip_indices": [
        0,
        2,
        5,
        8,
        11,
        14,
        17,
        20,
        22,
        25,
        28,
        31,
        34,
        37,
        40,
        43,
        45,
        48,
        51,
        54,
        57,
        60,
        63,
        66,
        68,
        71,
        74,
        77,
        80,
        83,
        86,
        89
    ]
}