{
    "video_path": "FallVision/Fall/Bed/f_raw_b_3/B_M_90_resized.mp4",
    "active_window": [
        17,
        22
    ],
    "varying_k": 6,
    "detection_status": "Global Event Zone",
    "saliency_weights": [
        0.004413926455103196,
        0.005425548509925629,
        0.006647181278011017,
        0.0074592448554291505,
        0.008016948859135935,
        0.008786952486395539,
        0.010069484541045353,
        0.012023332911994755,
        0.014721587982102071,
        0.017999357622601932,
        0.02122744401620331,
        0.023723621925784522,
        0.025548592336559622,
        0.027915479342290425,
        0.03426056971355598,
        0.05372138634209925,
        0.10398717540210231,
        0.19467183167962387,
        0.29193051647388346,
        0.33136587893402514,
        0.2914210299358374,
        0.21259381752589257,
        0.13837874079833645,
        0.08354945549326229,
        0.047593890485535875,
        0.02651031313857606,
        0.015891844761509594,
        0.011245074836360777,
        0.00910069602212897,
        0.007728263940094992,
        0.0065624148457498295,
        0.005782280713553491
    ],
    "clip_indices": [
        0,
        2,
        5,
        8,
        11,
        14,
        17,
        20,
        22,
        25,
        28,
        31,
        34,
        37,
        40,
        43,
        45,
        48,
        51,
        54,
        57,
        60,
        63,
        66,
        68,
        71,
        74,
        77,
        80,
        83,
        86,
        89
    ]
}