{
    "video_path": "FallVision/Fall/Bed/f_raw_b_3/B_M_109.mp4",
    "active_window": [
        14,
        20
    ],
    "varying_k": 7,
    "detection_status": "Global Event Zone",
    "saliency_weights": [
        0.017169826045492467,
        0.030167626141967108,
        0.045601713529808525,
        0.05425087470024641,
        0.05507589652926638,
        0.05079945240716178,
        0.04376968141148452,
        0.035894390004108316,
        0.029391534381823643,
        0.026421125461063993,
        0.028175671946339558,
        0.035130083946654386,
        0.04795072128699761,
        0.06982824824227118,
        0.10832991126655632,
        0.16630340084184275,
        0.22455141366442896,
        0.249773423860366,
        0.2276399421729325,
        0.1718761965108257,
        0.10776245853862676,
        0.058895603281659534,
        0.0341374937529497,
        0.02501967829735226,
        0.02104906811907713,
        0.018508855663844546,
        0.016967069323331703,
        0.015905302589644073,
        0.014579278380117104,
        0.012464335271985691,
        0.009707591554045037,
        0.007590418135799048
    ],
    "clip_indices": [
        0,
        2,
        5,
        8,
        11,
        14,
        17,
        20,
        22,
        25,
        28,
        31,
        34,
        37,
        40,
        43,
        45,
        48,
        51,
        54,
        57,
        60,
        63,
        66,
        68,
        71,
        74,
        77,
        80,
        83,
        86,
        89
    ]
}