{
    "video_path": "FallVision/Fall/Bed/f_raw_b_3/B_M_04_resized.mp4",
    "active_window": [
        13,
        19
    ],
    "varying_k": 7,
    "detection_status": "Global Event Zone",
    "saliency_weights": [
        0.008039775832617207,
        0.011999988992067208,
        0.016328095524683558,
        0.018135156958959453,
        0.01787800605089771,
        0.01732876887816573,
        0.01743909510860219,
        0.018260094693436084,
        0.019230397936165017,
        0.019961371568127113,
        0.02178083673339281,
        0.030447827683796697,
        0.058823904392971076,
        0.11919200522595648,
        0.20721239247558426,
        0.2969713651414748,
        0.3449909354934156,
        0.31369395543915796,
        0.21773278868350293,
        0.11844066495610164,
        0.05661136290456427,
        0.028192907330258036,
        0.016322744663541496,
        0.011239094020126236,
        0.00900850746393372,
        0.008120876924797661,
        0.007819508344135891,
        0.0074906283027322135,
        0.006797727086077894,
        0.005864647726620343,
        0.00499061283732726,
        0.0044465997658878174
    ],
    "clip_indices": [
        0,
        2,
        5,
        8,
        11,
        14,
        17,
        20,
        22,
        25,
        28,
        31,
        34,
        37,
        40,
        43,
        45,
        48,
        51,
        54,
        57,
        60,
        63,
        66,
        68,
        71,
        74,
        77,
        80,
        83,
        86,
        89
    ]
}