{
    "video_path": "FallVision/Fall/Bed/f_raw_b_3/B_M_62.mp4",
    "active_window": [
        15,
        20
    ],
    "varying_k": 6,
    "detection_status": "Global Event Zone",
    "saliency_weights": [
        0.0037513178437800867,
        0.004453804646462922,
        0.005285774206921692,
        0.005781328750039504,
        0.006001348849285756,
        0.006310549334144447,
        0.007205306802875145,
        0.009408661662384275,
        0.013890745109459564,
        0.021059445108110017,
        0.02963696157875048,
        0.0377991149687988,
        0.045729644464521046,
        0.058008159531039466,
        0.08555011103566743,
        0.13901885401107128,
        0.2140315763347717,
        0.287068399979416,
        0.32229897350481884,
        0.28964469146397565,
        0.2008492499213242,
        0.10927915129208333,
        0.05263166382166916,
        0.027284903604974514,
        0.017049337131245092,
        0.012801457044873598,
        0.010950091925503162,
        0.009873874928039341,
        0.008790676101241813,
        0.007529495039881227,
        0.006265206353552526,
        0.005415203551497989
    ],
    "clip_indices": [
        0,
        2,
        5,
        8,
        11,
        14,
        17,
        20,
        22,
        25,
        28,
        31,
        34,
        37,
        40,
        43,
        45,
        48,
        51,
        54,
        57,
        60,
        63,
        66,
        68,
        71,
        74,
        77,
        80,
        83,
        86,
        89
    ]
}