{
    "video_path": "FallVision/Fall/Bed/f_raw_b_3/B_M_06.mp4",
    "active_window": [
        24,
        29
    ],
    "varying_k": 6,
    "detection_status": "Global Event Zone",
    "saliency_weights": [
        0.004441884718475071,
        0.004821284242459978,
        0.005272939420586944,
        0.005540945960222533,
        0.005629721106855901,
        0.005647969247320042,
        0.005652537960913327,
        0.005654944997496058,
        0.005656816767299416,
        0.005659725100880782,
        0.005665803516702718,
        0.005680864210722787,
        0.005720600130684763,
        0.005815596264608952,
        0.006018157270286157,
        0.0064095701383534084,
        0.007098786003020485,
        0.008182105219320421,
        0.00967926365322119,
        0.011715513740983386,
        0.015221631767150523,
        0.02344114740840829,
        0.04445400614930646,
        0.09092115637499623,
        0.17188475079839635,
        0.28088403245739235,
        0.3779284360081123,
        0.3899674437972762,
        0.2903409343141303,
        0.15428877946315217,
        0.06389763779576021,
        0.028345629715638504
    ],
    "clip_indices": [
        0,
        1,
        3,
        5,
        7,
        9,
        11,
        13,
        15,
        17,
        19,
        20,
        22,
        24,
        26,
        28,
        30,
        32,
        34,
        36,
        38,
        39,
        41,
        43,
        45,
        47,
        49,
        51,
        53,
        55,
        57,
        59
    ]
}