{
    "video_path": "FallVision/Fall/Bed/f_raw_b_3/B_M_180.mp4",
    "active_window": [
        17,
        22
    ],
    "varying_k": 6,
    "detection_status": "Global Event Zone",
    "saliency_weights": [
        0.04107853948558125,
        0.069436066317758,
        0.08989275910960368,
        0.07644127107136234,
        0.04470514549580326,
        0.022238033665084766,
        0.015796136600320258,
        0.01807554513688521,
        0.020784198649214373,
        0.019181499477538715,
        0.014257409336201432,
        0.009681623118739883,
        0.0071092442870225,
        0.0062637463812020315,
        0.00787896755478714,
        0.017599643751180692,
        0.04950702851654622,
        0.11609419400864103,
        0.20409139117215644,
        0.2747227281104386,
        0.29473987469728313,
        0.25494761313209025,
        0.17497387199217415,
        0.09632994309523918,
        0.04704599865535075,
        0.024014041806685607,
        0.014124792836068881,
        0.009594773585576628,
        0.007189266352634914,
        0.005630018762716262,
        0.00447504396540358,
        0.0037821792248402394
    ],
    "clip_indices": [
        0,
        5,
        11,
        17,
        23,
        28,
        34,
        40,
        46,
        51,
        57,
        63,
        69,
        75,
        80,
        86,
        92,
        98,
        103,
        109,
        115,
        121,
        127,
        132,
        138,
        144,
        150,
        155,
        161,
        167,
        173,
        179
    ]
}