{
    "video_path": "FallVision/Fall/Bed/f_raw_b_3/B_M_151.mp4",
    "active_window": [
        21,
        27
    ],
    "varying_k": 7,
    "detection_status": "Global Event Zone",
    "saliency_weights": [
        0.0019681856259168296,
        0.002162571988452401,
        0.0023976401736283356,
        0.0025919742774318283,
        0.0030747104161513404,
        0.005344887013627056,
        0.012961822341317278,
        0.03021990025017291,
        0.05904383624768013,
        0.09346296048089964,
        0.11398389934727268,
        0.10298430288560581,
        0.06957078325391114,
        0.039012614351405114,
        0.02392617892395542,
        0.021644041646592442,
        0.02744729949774309,
        0.038780530803962585,
        0.05203573061529465,
        0.06341893604648496,
        0.07562714304008072,
        0.09760256698606219,
        0.13284922619487732,
        0.17300887280893995,
        0.20209360050745506,
        0.20259671638136903,
        0.16955481401888445,
        0.11858042118216319,
        0.06945701576026905,
        0.03362059860692468,
        0.014171872504052878,
        0.006882432540813291
    ],
    "clip_indices": [
        0,
        2,
        5,
        8,
        11,
        14,
        17,
        20,
        22,
        25,
        28,
        31,
        34,
        37,
        40,
        43,
        45,
        48,
        51,
        54,
        57,
        60,
        63,
        66,
        68,
        71,
        74,
        77,
        80,
        83,
        86,
        89
    ]
}