{
    "video_path": "FallVision/Fall/Bed/f_raw_b_3/B_M_211.mp4",
    "active_window": [
        2,
        16
    ],
    "varying_k": 15,
    "detection_status": "Global Event Zone",
    "saliency_weights": [
        0.03382769319997497,
        0.06461855740561621,
        0.1075444432355917,
        0.1417666806202062,
        0.15159265708440317,
        0.13253170190902855,
        0.1000812278446126,
        0.07430338461786816,
        0.06048843618223693,
        0.05466212465435093,
        0.05478576976713598,
        0.06115730681010663,
        0.07233346550832742,
        0.08435146894129723,
        0.09198210510351047,
        0.09113021736876131,
        0.08258549025051647,
        0.07116163994959876,
        0.06074775656347407,
        0.05259456532846219,
        0.046600324163401145,
        0.04227809969639461,
        0.03921261538124273,
        0.037185647290915815,
        0.03610833299946322,
        0.03591886986146062,
        0.036422098113056245,
        0.03699871024363311,
        0.03612369191509776,
        0.031409627357740715,
        0.02271510213314168,
        0.01524628941179339
    ],
    "clip_indices": [
        0,
        3,
        7,
        11,
        15,
        19,
        23,
        26,
        30,
        34,
        38,
        42,
        46,
        49,
        53,
        57,
        61,
        65,
        69,
        72,
        76,
        80,
        84,
        88,
        92,
        95,
        99,
        103,
        107,
        111,
        115,
        119
    ]
}