{
    "video_path": "FallVision/Fall/Bed/f_raw_b_3/B_M_60.mp4",
    "active_window": [
        15,
        21
    ],
    "varying_k": 7,
    "detection_status": "Global Event Zone",
    "saliency_weights": [
        0.0031310383185283973,
        0.003700715051807111,
        0.0043803511951800034,
        0.004797850052381281,
        0.005014224969900553,
        0.005378909533277422,
        0.006386809807987302,
        0.008487156405560036,
        0.011781445011503747,
        0.015786351647985936,
        0.01925819646692273,
        0.02136392756222044,
        0.02419690150243521,
        0.03562618245815006,
        0.07108909336258526,
        0.14166624441058168,
        0.23059682923557262,
        0.29839636177275947,
        0.3157547473566008,
        0.2783698975600185,
        0.20549933918132646,
        0.13057489713955223,
        0.0760088206546041,
        0.04305190339095956,
        0.025075024676510762,
        0.01645349188396355,
        0.013184846694669832,
        0.01208323127374879,
        0.011045549589570873,
        0.009410214613028047,
        0.007429814416430805,
        0.005979011241326125
    ],
    "clip_indices": [
        0,
        2,
        5,
        8,
        11,
        14,
        17,
        20,
        22,
        25,
        28,
        31,
        34,
        37,
        40,
        43,
        45,
        48,
        51,
        54,
        57,
        60,
        63,
        66,
        68,
        71,
        74,
        77,
        80,
        83,
        86,
        89
    ]
}