{
    "video_path": "FallVision/Fall/Bed/f_raw_b_3/B_M_102.mp4",
    "active_window": [
        17,
        25
    ],
    "varying_k": 9,
    "detection_status": "Global Event Zone",
    "saliency_weights": [
        0.0026234801595864782,
        0.0031031751257193365,
        0.003708631501401011,
        0.004186612537460401,
        0.00464984097099594,
        0.005295984989089849,
        0.0061157674836969465,
        0.007034670860078496,
        0.008137861286067595,
        0.009659436606013594,
        0.011927190284781288,
        0.01541808675257392,
        0.020841173987139822,
        0.02907552674274764,
        0.04133832025854099,
        0.06113402684117617,
        0.09627405674372137,
        0.1506484029400093,
        0.20637481784333328,
        0.23070265035010645,
        0.2140398013559596,
        0.17979141752761585,
        0.1528497030116321,
        0.14077223897297633,
        0.1356006421453852,
        0.12050910260814461,
        0.08867403671141108,
        0.05326532691825557,
        0.02850835731878434,
        0.015213819900201533,
        0.008558306210346839,
        0.005639565775666952
    ],
    "clip_indices": [
        0,
        3,
        7,
        11,
        15,
        19,
        23,
        27,
        30,
        34,
        38,
        42,
        46,
        50,
        54,
        58,
        61,
        65,
        69,
        73,
        77,
        81,
        85,
        89,
        92,
        96,
        100,
        104,
        108,
        112,
        116,
        120
    ]
}