{
    "video_path": "FallVision/Fall/Bed/f_raw_b_3/B_M_42.mp4",
    "active_window": [
        15,
        24
    ],
    "varying_k": 10,
    "detection_status": "Global Event Zone",
    "saliency_weights": [
        0.0022197482365871606,
        0.0025545385275643445,
        0.0029612178257678087,
        0.0032517025733377206,
        0.0035242303065921763,
        0.0040000180288270225,
        0.004835579324299812,
        0.00605067115116495,
        0.007497769200473535,
        0.00919279039224049,
        0.01181414684071836,
        0.016760488111033943,
        0.02634315179347088,
        0.044987731461267486,
        0.07978396004644234,
        0.1329409819051935,
        0.1880178352183191,
        0.21736387789366504,
        0.210758197856973,
        0.18277633845960956,
        0.1567305258976176,
        0.14994578181952956,
        0.15733838581732928,
        0.15209931217281,
        0.12015033269196061,
        0.07721370626889379,
        0.04285553725379471,
        0.02199680883128645,
        0.011491458197547787,
        0.006794431047032344,
        0.004535485682316654,
        0.003464457902742803
    ],
    "clip_indices": [
        0,
        2,
        5,
        8,
        11,
        14,
        17,
        20,
        22,
        25,
        28,
        31,
        34,
        37,
        40,
        43,
        45,
        48,
        51,
        54,
        57,
        60,
        63,
        66,
        68,
        71,
        74,
        77,
        80,
        83,
        86,
        89
    ]
}