{
    "video_path": "FallVision/Fall/Bed/f_raw_b_3/B_M_172.mp4",
    "active_window": [
        14,
        20
    ],
    "varying_k": 7,
    "detection_status": "Global Event Zone",
    "saliency_weights": [
        0.0029642831540545042,
        0.003300508215708823,
        0.003761333806783551,
        0.004217098875165368,
        0.004779865073339616,
        0.005554924439944927,
        0.006376375566508184,
        0.00700607494498382,
        0.007454500733222923,
        0.008120204841061317,
        0.010313987462922308,
        0.01804829400516966,
        0.04002519782763456,
        0.08514822423468109,
        0.15291927800941313,
        0.23076166449934954,
        0.29565501747891254,
        0.3216908074080416,
        0.29660461268628624,
        0.22844449956470397,
        0.14253811963346813,
        0.07204419010479816,
        0.03343712332156485,
        0.01810602191415813,
        0.01240336137554789,
        0.009969599480246104,
        0.008870049377311826,
        0.00816694066861848,
        0.007302535359485693,
        0.006185561320449831,
        0.0050208327329781255,
        0.004226428084258327
    ],
    "clip_indices": [
        0,
        5,
        11,
        17,
        23,
        29,
        34,
        40,
        46,
        52,
        58,
        63,
        69,
        75,
        81,
        87,
        92,
        98,
        104,
        110,
        116,
        121,
        127,
        133,
        139,
        145,
        150,
        156,
        162,
        168,
        174,
        180
    ]
}