{
    "video_path": "FallVision/Fall/Bed/f_raw_b_3/B_M_64.mp4",
    "active_window": [
        23,
        28
    ],
    "varying_k": 6,
    "detection_status": "Global Event Zone",
    "saliency_weights": [
        0.0029409461962568856,
        0.0031845869489381716,
        0.003479353611980149,
        0.0036679492617940055,
        0.003759693621751757,
        0.003821048909552014,
        0.0038665035297192406,
        0.003887582883302722,
        0.0039055380260351637,
        0.003948249082462843,
        0.004004519796852662,
        0.004040924241763233,
        0.004043123754179426,
        0.004019041743642967,
        0.003996038839733531,
        0.004079068092145091,
        0.0045793657180156965,
        0.006116021450338948,
        0.00973763336426416,
        0.01722313198280879,
        0.03166127682517228,
        0.05842097289341998,
        0.10562232045578442,
        0.17924198786954867,
        0.2671102255548591,
        0.3330889973684763,
        0.3441089584287984,
        0.29163088374649054,
        0.19454351450004473,
        0.09861052703110038,
        0.040154280530407725,
        0.017663165210169557
    ],
    "clip_indices": [
        0,
        2,
        5,
        8,
        11,
        14,
        17,
        20,
        22,
        25,
        28,
        31,
        34,
        37,
        40,
        43,
        45,
        48,
        51,
        54,
        57,
        60,
        63,
        66,
        68,
        71,
        74,
        77,
        80,
        83,
        86,
        89
    ]
}