{
    "video_path": "FallVision/Fall/Bed/f_raw_b_3/B_M_124.mp4",
    "active_window": [
        11,
        24
    ],
    "varying_k": 14,
    "detection_status": "Global Event Zone",
    "saliency_weights": [
        0.0056426028677503725,
        0.009153042214967216,
        0.013054216448754282,
        0.014872856006322252,
        0.015091070396507606,
        0.015313446439125288,
        0.016485047574560527,
        0.019661590650396882,
        0.027429685987932537,
        0.04409239628490347,
        0.07420162278960582,
        0.11551918594227424,
        0.14975498528817563,
        0.15487127997652184,
        0.13033629796804913,
        0.09483407106557956,
        0.06600540275546266,
        0.05307673696411603,
        0.058201528518646704,
        0.077562827325071,
        0.10152001672901233,
        0.11718268030735066,
        0.1175042779884505,
        0.10554708037321935,
        0.08998237210176659,
        0.08023043402324412,
        0.07804784879589882,
        0.07391323060888082,
        0.0602553917496849,
        0.04123891555755864,
        0.024678827741938355,
        0.015141061104129576
    ],
    "clip_indices": [
        0,
        2,
        5,
        8,
        11,
        14,
        17,
        19,
        22,
        25,
        28,
        31,
        34,
        36,
        39,
        42,
        45,
        48,
        51,
        53,
        56,
        59,
        62,
        65,
        68,
        70,
        73,
        76,
        79,
        82,
        85,
        88
    ]
}