{
    "video_path": "FallVision/Fall/Bed/f_raw_b_3/B_M_115.mp4",
    "active_window": [
        17,
        24
    ],
    "varying_k": 8,
    "detection_status": "Global Event Zone",
    "saliency_weights": [
        0.004515447717765738,
        0.007065936064671866,
        0.010532343929096005,
        0.013822790073214419,
        0.017591267067879304,
        0.022682855197008273,
        0.028402289913189174,
        0.03305102675509993,
        0.03494351252377574,
        0.03324011453285546,
        0.028919170199163655,
        0.023986658746754187,
        0.020154665356928274,
        0.019124642992440204,
        0.02377360811962151,
        0.03893788934302708,
        0.07087474798071694,
        0.12149444227061887,
        0.1774120533031771,
        0.21501013564517252,
        0.22562007168383147,
        0.22017952839054455,
        0.20484641983446455,
        0.17236287038334447,
        0.12257911489623088,
        0.07300805876783198,
        0.039308943428617994,
        0.02170659530243102,
        0.013765651530851524,
        0.009966680770185012,
        0.007300844350757051,
        0.005542625251472634
    ],
    "clip_indices": [
        0,
        3,
        7,
        11,
        15,
        19,
        23,
        26,
        30,
        34,
        38,
        42,
        46,
        49,
        53,
        57,
        61,
        65,
        69,
        72,
        76,
        80,
        84,
        88,
        92,
        95,
        99,
        103,
        107,
        111,
        115,
        119
    ]
}