{
    "video_path": "FallVision/Fall/Bed/f_raw_b_3/B_M_164.mp4",
    "active_window": [
        11,
        18
    ],
    "varying_k": 8,
    "detection_status": "Global Event Zone",
    "saliency_weights": [
        0.0032130948156497523,
        0.004309371029092061,
        0.005558976279201797,
        0.006213161739881161,
        0.006419848331448543,
        0.006740866492753832,
        0.00775942506835485,
        0.010557432138701622,
        0.017754748324671145,
        0.034749725462641656,
        0.06986930078037361,
        0.12629455707511772,
        0.1896601598448312,
        0.23554623893217175,
        0.24873767691962387,
        0.22922187562902357,
        0.1912435968593853,
        0.1544350568592821,
        0.1264328450468473,
        0.10157711505778141,
        0.07622210616534567,
        0.05427071082243659,
        0.03907302466898753,
        0.029131419862384274,
        0.021925845307673768,
        0.01652059282754769,
        0.01273400622461563,
        0.010226207898415787,
        0.00849075768549264,
        0.006987045247167799,
        0.005494530825645089,
        0.0044411149641316455
    ],
    "clip_indices": [
        0,
        2,
        5,
        8,
        11,
        14,
        17,
        20,
        22,
        25,
        28,
        31,
        34,
        37,
        40,
        43,
        45,
        48,
        51,
        54,
        57,
        60,
        63,
        66,
        68,
        71,
        74,
        77,
        80,
        83,
        86,
        89
    ]
}