{
    "video_path": "FallVision/Fall/Bed/f_raw_b_3/B_M_118.mp4",
    "active_window": [
        17,
        23
    ],
    "varying_k": 7,
    "detection_status": "Global Event Zone",
    "saliency_weights": [
        0.004077482731586653,
        0.0045600970638339676,
        0.005132712646270649,
        0.005472894312219988,
        0.005605488295161727,
        0.00571884480793722,
        0.005985582733390459,
        0.0065550166481837,
        0.007563216688326482,
        0.009095173806617767,
        0.011118507688204913,
        0.013595602378625045,
        0.016790135470569137,
        0.021908848370344604,
        0.031822149139107914,
        0.049671299320608306,
        0.07626577828606797,
        0.11348494595273645,
        0.17113658898805748,
        0.2546470819398173,
        0.33076530909803137,
        0.33623757264185117,
        0.2562169912306367,
        0.15024846039881445,
        0.07435818092544948,
        0.035166344936606156,
        0.01824793981045361,
        0.011672650228011986,
        0.00883915946246256,
        0.007164365711106901,
        0.005961743881482881,
        0.0052527812478806385
    ],
    "clip_indices": [
        0,
        3,
        7,
        11,
        15,
        19,
        23,
        26,
        30,
        34,
        38,
        42,
        46,
        49,
        53,
        57,
        61,
        65,
        69,
        72,
        76,
        80,
        84,
        88,
        92,
        95,
        99,
        103,
        107,
        111,
        115,
        119
    ]
}