{
    "video_path": "FallVision/Fall/Bed/f_raw_b_3/B_M_167_resized.mp4",
    "active_window": [
        10,
        15
    ],
    "varying_k": 6,
    "detection_status": "Global Event Zone",
    "saliency_weights": [
        0.005285659932971863,
        0.006475123392214505,
        0.007998307699256241,
        0.009140685276501043,
        0.009896813968324647,
        0.01062835491256347,
        0.011942010049263926,
        0.015699958104007455,
        0.027483799533532093,
        0.06075861034092282,
        0.13734859453063428,
        0.25859293014124946,
        0.36481903473711164,
        0.37915282600194133,
        0.3000600866601165,
        0.19108286431428273,
        0.10287951865066176,
        0.04922612733109053,
        0.02378418671273423,
        0.013825714909336711,
        0.009789520273711994,
        0.007821586723555499,
        0.006793957427557684,
        0.006232894421750554,
        0.005886776740935872,
        0.0056749064842440385,
        0.0055729014691531225,
        0.005533890531580026,
        0.005482580905328663,
        0.005330822578526613,
        0.005066607021839465,
        0.004841961385954895
    ],
    "clip_indices": [
        0,
        3,
        7,
        11,
        15,
        19,
        23,
        26,
        30,
        34,
        38,
        42,
        46,
        49,
        53,
        57,
        61,
        65,
        69,
        72,
        76,
        80,
        84,
        88,
        92,
        95,
        99,
        103,
        107,
        111,
        115,
        119
    ]
}