{
    "video_path": "FallVision/No Fall/Stand/nf_raw_s_1/B_D_0124_resized.mp4",
    "active_window": [
        0,
        5
    ],
    "varying_k": 6,
    "detection_status": "Global Event Zone",
    "saliency_weights": [
        0.11293294461727751,
        0.19881619674758763,
        0.27634681467051386,
        0.2723805654197961,
        0.20958497362708278,
        0.1439931112221981,
        0.0983564965783519,
        0.07037902493659971,
        0.0529031312117599,
        0.04041560798451255,
        0.030818621816024155,
        0.024216608277463924,
        0.021029192100019953,
        0.02121277195112747,
        0.023955048463951075,
        0.02812659864297029,
        0.0331952597272977,
        0.0389502060878892,
        0.04425742756649364,
        0.04711731537398044,
        0.04639405511070882,
        0.04252951498387918,
        0.03682710520544358,
        0.030833667923085988,
        0.025565667811313808,
        0.021196236873467927,
        0.01759304534610974,
        0.014658592072055325,
        0.01221936984261181,
        0.009932160659180315,
        0.0077166266760277154,
        0.006199535564802363
    ],
    "clip_indices": [
        0,
        2,
        5,
        8,
        11,
        14,
        17,
        20,
        22,
        25,
        28,
        31,
        34,
        37,
        40,
        43,
        45,
        48,
        51,
        54,
        57,
        60,
        63,
        66,
        68,
        71,
        74,
        77,
        80,
        83,
        86,
        89
    ]
}