{
    "video_path": "FallVision/No Fall/Stand/nf_raw_s_1/B_D_0133_resized.mp4",
    "active_window": [
        0,
        5
    ],
    "varying_k": 6,
    "detection_status": "Global Event Zone",
    "saliency_weights": [
        0.14877199431040938,
        0.2576331673244855,
        0.34398109608949745,
        0.31063208835161493,
        0.20451532812357395,
        0.11590739342104649,
        0.06921317656288634,
        0.04733277574063381,
        0.037176537756079986,
        0.03417458358972904,
        0.03456424160899865,
        0.03439531353118466,
        0.03207412772763905,
        0.028249444858045095,
        0.024393738593856015,
        0.021892353305958054,
        0.021296242541195602,
        0.022232696086697604,
        0.023755670098727047,
        0.024809674166381527,
        0.024999751142094316,
        0.024674353695518438,
        0.024083026865464423,
        0.023033836006405503,
        0.02143118184767843,
        0.01960452359505188,
        0.017968474076360236,
        0.016701634620713487,
        0.015542946334592661,
        0.013770160033848188,
        0.011191936219365012,
        0.009093018953185199
    ],
    "clip_indices": [
        0,
        1,
        3,
        5,
        7,
        9,
        11,
        13,
        15,
        17,
        19,
        20,
        22,
        24,
        26,
        28,
        30,
        32,
        34,
        36,
        38,
        39,
        41,
        43,
        45,
        47,
        49,
        51,
        53,
        55,
        57,
        59
    ]
}