{
    "video_path": "FallVision/No Fall/Stand/nf_raw_s_1/B_D_0138_resized.mp4",
    "active_window": [
        0,
        5
    ],
    "varying_k": 6,
    "detection_status": "Global Event Zone",
    "saliency_weights": [
        0.15412436086199216,
        0.26583089852424735,
        0.35142994998311905,
        0.3106443591227718,
        0.19781735768112763,
        0.11161750091755798,
        0.07478348902456122,
        0.06289609306076818,
        0.056985886416102596,
        0.05041031502657273,
        0.04261992593269487,
        0.03497622215750762,
        0.02835322976344523,
        0.022909876270343653,
        0.018662267744395788,
        0.01564596520727183,
        0.013779500421661331,
        0.013001794888153992,
        0.01365296181265593,
        0.016201425820861967,
        0.020158836916223652,
        0.023863776774982085,
        0.025705581330496698,
        0.024954137698458494,
        0.022057585280231988,
        0.018553927644020925,
        0.01571510205814315,
        0.013699652516982793,
        0.012095711048167168,
        0.010429176159220288,
        0.008606153789954673,
        0.007279014962609831
    ],
    "clip_indices": [
        0,
        1,
        3,
        5,
        7,
        9,
        11,
        13,
        15,
        17,
        19,
        20,
        22,
        24,
        26,
        28,
        30,
        32,
        34,
        36,
        38,
        39,
        41,
        43,
        45,
        47,
        49,
        51,
        53,
        55,
        57,
        59
    ]
}