{
    "video_path": "FallVision/No Fall/Stand/nf_raw_s_1/B_D_0128_resized.mp4",
    "active_window": [
        0,
        4
    ],
    "varying_k": 5,
    "detection_status": "Global Event Zone",
    "saliency_weights": [
        0.14421772570914707,
        0.24863369649724412,
        0.32823193520118815,
        0.28859569259830714,
        0.17970168732988498,
        0.09352168624910165,
        0.05254276678527414,
        0.03608274612307221,
        0.028526403693602424,
        0.024747983561085925,
        0.023021646626514784,
        0.022204657323376335,
        0.02150879126888158,
        0.020845244722195514,
        0.021355726405651063,
        0.024753992082523116,
        0.03160332747652082,
        0.04048553978482716,
        0.0479145234104148,
        0.04989978036209934,
        0.045929685792457764,
        0.03963163381874519,
        0.03448516064115474,
        0.03153715330171076,
        0.030273211415951358,
        0.02949574132374732,
        0.028187058036703343,
        0.025930388278449523,
        0.022622615184217175,
        0.018338468579687933,
        0.013706135058011854,
        0.0104516693067679
    ],
    "clip_indices": [
        0,
        2,
        5,
        8,
        11,
        14,
        17,
        20,
        22,
        25,
        28,
        31,
        34,
        37,
        40,
        43,
        45,
        48,
        51,
        54,
        57,
        60,
        63,
        66,
        68,
        71,
        74,
        77,
        80,
        83,
        86,
        89
    ]
}