{
    "video_path": "FallVision/No Fall/Stand/nf_raw_s_1/B_D_0131_resized.mp4",
    "active_window": [
        20,
        28
    ],
    "varying_k": 9,
    "detection_status": "Global Event Zone",
    "saliency_weights": [
        0.031934236965517136,
        0.05774890827742522,
        0.08625649678114418,
        0.09764843194139007,
        0.09133264334258905,
        0.07557504119969494,
        0.057342433022424755,
        0.04120240622494808,
        0.02970366136707056,
        0.023591047139025857,
        0.02145614097135564,
        0.02105315815092516,
        0.021264868894419225,
        0.022253862070139185,
        0.024865053727519598,
        0.030315066587979927,
        0.03986184592523241,
        0.05376830203493835,
        0.0693865853113882,
        0.08164746716491453,
        0.08689529796097858,
        0.08542418036620072,
        0.08251198278682637,
        0.08689461041160476,
        0.10281286788598565,
        0.12496355857399799,
        0.1412583333646275,
        0.13707187642298646,
        0.1080667125878253,
        0.06901240347943646,
        0.03736423619730452,
        0.020353257093169298
    ],
    "clip_indices": [
        0,
        2,
        5,
        8,
        11,
        14,
        17,
        20,
        22,
        25,
        28,
        31,
        34,
        37,
        40,
        43,
        45,
        48,
        51,
        54,
        57,
        60,
        63,
        66,
        68,
        71,
        74,
        77,
        80,
        83,
        86,
        89
    ]
}