{
    "video_path": "FallVision/No Fall/Stand/nf_raw_s_1/B_D_0126_resized.mp4",
    "active_window": [
        0,
        5
    ],
    "varying_k": 6,
    "detection_status": "Global Event Zone",
    "saliency_weights": [
        0.1264886726659531,
        0.2197088340683812,
        0.29549513273189193,
        0.2708573768533912,
        0.18198514047099967,
        0.10294790963295547,
        0.057766999042535086,
        0.03655728146805441,
        0.02810886544910858,
        0.026380517556055624,
        0.028771884915932758,
        0.033935427763850494,
        0.04019259887029092,
        0.04613732260127271,
        0.05224475238649694,
        0.05928483464571073,
        0.06458501059051214,
        0.06334433569326542,
        0.054763433013706855,
        0.04303911527613137,
        0.03253006310720388,
        0.025310755069767293,
        0.021555559612198974,
        0.020200998797725266,
        0.01999465591711142,
        0.020011805348793255,
        0.019656980871059524,
        0.018594707848224874,
        0.016648871729048345,
        0.013831578711483244,
        0.010612164913870155,
        0.00829732575832446
    ],
    "clip_indices": [
        0,
        2,
        5,
        8,
        11,
        14,
        17,
        20,
        22,
        25,
        28,
        31,
        34,
        37,
        40,
        43,
        45,
        48,
        51,
        54,
        57,
        60,
        63,
        66,
        68,
        71,
        74,
        77,
        80,
        83,
        86,
        89
    ]
}