{
    "video_path": "FallVision/No Fall/Stand/nf_raw_s_1/S_D_0241_resized.mp4",
    "active_window": [
        4,
        17
    ],
    "varying_k": 14,
    "detection_status": "Global Event Zone",
    "saliency_weights": [
        0.020397488518704626,
        0.03754808350996691,
        0.057795686384998185,
        0.06945019790110726,
        0.0728174649124303,
        0.07303877155659429,
        0.07289189359896117,
        0.07295218231782497,
        0.07305467202331725,
        0.07297361464601584,
        0.07276014212844135,
        0.07262390370967975,
        0.07265949496473059,
        0.07280647965877264,
        0.07291876966794178,
        0.07285027200724051,
        0.07256239754534877,
        0.07210473020170513,
        0.07150088916137075,
        0.07075856197514245,
        0.07000580196225106,
        0.06944760667231324,
        0.06903668926314421,
        0.06843136206648866,
        0.06753389267097104,
        0.06673173178204386,
        0.06630497081426438,
        0.06567135984326322,
        0.06243924692821905,
        0.05247043661372024,
        0.03562115384525662,
        0.02146160834791709
    ],
    "clip_indices": [
        0,
        2,
        5,
        8,
        11,
        14,
        17,
        20,
        23,
        26,
        29,
        31,
        34,
        37,
        40,
        43,
        46,
        49,
        52,
        55,
        58,
        60,
        63,
        66,
        69,
        72,
        75,
        78,
        81,
        84,
        87,
        90
    ]
}