{
    "video_path": "FallVision/No Fall/Stand/nf_raw_s_1/S_D_0161.mp4",
    "active_window": [
        13,
        28
    ],
    "varying_k": 16,
    "detection_status": "Global Event Zone",
    "saliency_weights": [
        0.020054069582649225,
        0.03625566571520393,
        0.05378406951682235,
        0.06072307248937893,
        0.05906759559957564,
        0.05589061098178087,
        0.054173188584817594,
        0.053835308871864114,
        0.054491488336376834,
        0.0561462145345063,
        0.05912245785571346,
        0.06353277473255,
        0.06856289446370412,
        0.0728952890849609,
        0.07577670390582628,
        0.07718358480724749,
        0.07749570442208524,
        0.07727387015724364,
        0.07707551920321848,
        0.0772650127672428,
        0.0777104753987712,
        0.07788405409833124,
        0.0776027768056697,
        0.0772814171418377,
        0.07727875098528805,
        0.07754544503428601,
        0.0779646104978609,
        0.07810520051734586,
        0.07527417745321932,
        0.06398445247093636,
        0.04365624098541826,
        0.026253262991070152
    ],
    "clip_indices": [
        0,
        3,
        7,
        11,
        15,
        19,
        23,
        26,
        30,
        34,
        38,
        42,
        46,
        49,
        53,
        57,
        61,
        65,
        69,
        72,
        76,
        80,
        84,
        88,
        92,
        95,
        99,
        103,
        107,
        111,
        115,
        119
    ]
}