{
    "video_path": "FallVision/No Fall/Stand/nf_raw_s_1/S_D_0125.mp4",
    "active_window": [
        1,
        28
    ],
    "varying_k": 28,
    "detection_status": "Global Event Zone",
    "saliency_weights": [
        0.04799622774721744,
        0.08531079240642156,
        0.12121580112449926,
        0.12447564400482032,
        0.10088657204337814,
        0.07152866775471944,
        0.04976347867559265,
        0.039441385042045016,
        0.03643872328005069,
        0.03493819707610979,
        0.03436775826945157,
        0.03710715797080521,
        0.042868760665106635,
        0.04902292117558418,
        0.05396404300857195,
        0.05759549512350133,
        0.06002419442062501,
        0.06130125389445913,
        0.06212207179578241,
        0.0637099127368945,
        0.06656987203569509,
        0.07011476035440188,
        0.07355279238063311,
        0.07640155704727922,
        0.07844181661086552,
        0.07967692133966572,
        0.08034738173405917,
        0.08044320228957608,
        0.07759060287045472,
        0.06642975910979103,
        0.04635573098883229,
        0.029168830984157235
    ],
    "clip_indices": [
        0,
        3,
        7,
        11,
        15,
        19,
        23,
        26,
        30,
        34,
        38,
        42,
        46,
        49,
        53,
        57,
        61,
        65,
        69,
        72,
        76,
        80,
        84,
        88,
        92,
        95,
        99,
        103,
        107,
        111,
        115,
        119
    ]
}