{
    "video_path": "FallVision/No Fall/Stand/nf_raw_s_1/S_D_0119.mp4",
    "active_window": [
        18,
        28
    ],
    "varying_k": 11,
    "detection_status": "Global Event Zone",
    "saliency_weights": [
        0.044157132907778576,
        0.0761557698152143,
        0.10083710343571757,
        0.09056281571508043,
        0.06340256577667353,
        0.04872208389695373,
        0.04949565175011361,
        0.054000768856284576,
        0.05564359904499279,
        0.05418536990596131,
        0.051921081843229425,
        0.0510846622948975,
        0.05192421735217906,
        0.05348379614026596,
        0.0555826273860932,
        0.05887427914945207,
        0.06359540689304216,
        0.06907681231662177,
        0.07393947932454181,
        0.07670781430581036,
        0.07708390964501413,
        0.07620776316450031,
        0.07542447634154403,
        0.0754843972482597,
        0.07628378270242478,
        0.07698300202814476,
        0.07704674593403464,
        0.07640055157947648,
        0.07305157984925063,
        0.06214709220015745,
        0.043157620547368436,
        0.027027965006219783
    ],
    "clip_indices": [
        0,
        3,
        7,
        11,
        15,
        19,
        23,
        26,
        30,
        34,
        38,
        42,
        46,
        49,
        53,
        57,
        61,
        65,
        69,
        72,
        76,
        80,
        84,
        88,
        92,
        95,
        99,
        103,
        107,
        111,
        115,
        119
    ]
}