{
    "video_path": "FallVision/No Fall/Stand/nf_raw_s_1/S_D_0080_resized.mp4",
    "active_window": [
        0,
        4
    ],
    "varying_k": 5,
    "detection_status": "Global Event Zone",
    "saliency_weights": [
        0.1831527236582588,
        0.3145897934852727,
        0.41131458635553714,
        0.35289600395524745,
        0.2068881555787128,
        0.094925739844655,
        0.046417475054602336,
        0.03287222656503942,
        0.03082970383427102,
        0.03062587692911787,
        0.02948617965975234,
        0.02720376876818159,
        0.024174287137357794,
        0.020869466662755316,
        0.017805570306869876,
        0.015454284401534298,
        0.014005365762285248,
        0.013365509752047155,
        0.013339227742019307,
        0.013708796092673715,
        0.014241895852792012,
        0.014708323757306366,
        0.014969020162767376,
        0.015015556537319098,
        0.01491756315536645,
        0.014777358491224612,
        0.014655094549305081,
        0.014490041415949355,
        0.01401421107329338,
        0.012773719321000077,
        0.010771927437020129,
        0.009112488589951003
    ],
    "clip_indices": [
        0,
        1,
        3,
        5,
        7,
        9,
        11,
        13,
        15,
        17,
        19,
        20,
        22,
        24,
        26,
        28,
        30,
        32,
        34,
        36,
        38,
        39,
        41,
        43,
        45,
        47,
        49,
        51,
        53,
        55,
        57,
        59
    ]
}