{
    "video_path": "FallVision/No Fall/Stand/nf_raw_s_1/S_D_0103_resized.mp4",
    "active_window": [
        25,
        29
    ],
    "varying_k": 5,
    "detection_status": "Global Event Zone",
    "saliency_weights": [
        0.013413398251843584,
        0.02292407089951403,
        0.03409310619909044,
        0.04046342268538948,
        0.04241986963292651,
        0.04295427030180022,
        0.04336707387349888,
        0.04359939087033669,
        0.043402775340686636,
        0.04276000032475764,
        0.04204652817846131,
        0.04173236458897438,
        0.04189466583837212,
        0.042257159450417525,
        0.042484463812140404,
        0.042371260778321554,
        0.04198628840890253,
        0.041522709357351695,
        0.0409037543391757,
        0.03984513992991103,
        0.038479597375715865,
        0.0377517424340801,
        0.039695534212248265,
        0.04904224861131204,
        0.07608238465192846,
        0.1316403015250821,
        0.20146502704261904,
        0.23608718249702354,
        0.20513391134018974,
        0.1374324256553669,
        0.07620332434196905,
        0.04180249819222835
    ],
    "clip_indices": [
        0,
        4,
        9,
        14,
        19,
        24,
        28,
        33,
        38,
        43,
        48,
        52,
        57,
        62,
        67,
        72,
        76,
        81,
        86,
        91,
        96,
        100,
        105,
        110,
        115,
        120,
        124,
        129,
        134,
        139,
        144,
        149
    ]
}