{
    "video_path": "FallVision/No Fall/Stand/nf_raw_s_1/S_D_0226.mp4",
    "active_window": [
        0,
        5
    ],
    "varying_k": 6,
    "detection_status": "Global Event Zone",
    "saliency_weights": [
        0.15741265389122855,
        0.2786551908387348,
        0.39201753301536296,
        0.393612951042722,
        0.3039607870192711,
        0.19373038429474193,
        0.10548838695911145,
        0.05210138639766057,
        0.026794593157738376,
        0.016066586444885733,
        0.011224706922492389,
        0.008780902016858695,
        0.007489280105545561,
        0.006834131257867575,
        0.006540155472835394,
        0.006425942364716981,
        0.006372497882351447,
        0.006310239044393104,
        0.006215091584770926,
        0.006098275927209727,
        0.005984351061115965,
        0.005896566126783012,
        0.0058433250540129,
        0.005815303579027245,
        0.005800806060046682,
        0.005794391527773187,
        0.005792512953829199,
        0.005782252061447033,
        0.0057167320399480965,
        0.005512410494092103,
        0.005166808429583003,
        0.004876359887189339
    ],
    "clip_indices": [
        0,
        3,
        7,
        11,
        15,
        19,
        23,
        26,
        30,
        34,
        38,
        42,
        46,
        49,
        53,
        57,
        61,
        65,
        69,
        72,
        76,
        80,
        84,
        88,
        92,
        95,
        99,
        103,
        107,
        111,
        115,
        119
    ]
}