{
    "video_path": "FallVision/No Fall/Stand/nf_raw_s_1/S_D_0097_resized.mp4",
    "active_window": [
        0,
        5
    ],
    "varying_k": 6,
    "detection_status": "Global Event Zone",
    "saliency_weights": [
        0.1699370050767064,
        0.2956739544513607,
        0.3993112499858362,
        0.3693698308105081,
        0.2522801512817924,
        0.1453492157752827,
        0.08120512350100215,
        0.04806822116218422,
        0.031472568180533025,
        0.02294744072060763,
        0.018280620998724174,
        0.015501200614493876,
        0.013746955244834056,
        0.01264929223316812,
        0.011973041460925322,
        0.011536447837081902,
        0.011282660275980861,
        0.011223199854156787,
        0.01125885197785438,
        0.011186886415152518,
        0.010931247435641105,
        0.010604707910526003,
        0.010324132165547013,
        0.010115046099913804,
        0.009970493010296372,
        0.009892438951415056,
        0.009871188272779396,
        0.009844160811368519,
        0.009639828770150473,
        0.008985317344241711,
        0.007875472108743784,
        0.006942659510849185
    ],
    "clip_indices": [
        0,
        2,
        5,
        8,
        11,
        14,
        17,
        20,
        22,
        25,
        28,
        31,
        34,
        37,
        40,
        43,
        45,
        48,
        51,
        54,
        57,
        60,
        63,
        66,
        68,
        71,
        74,
        77,
        80,
        83,
        86,
        89
    ]
}