{
    "video_path": "FallVision/No Fall/Stand/nf_raw_s_1/S_D_0038_resized.mp4",
    "active_window": [
        3,
        9
    ],
    "varying_k": 7,
    "detection_status": "Global Event Zone",
    "saliency_weights": [
        0.020740151027013477,
        0.03877055214146986,
        0.06216288244464013,
        0.080122781336033,
        0.09158211863774568,
        0.0990249157119176,
        0.10252565959227097,
        0.10077428048129271,
        0.09368838315539685,
        0.0828720418459911,
        0.07157514806409265,
        0.0633016613767231,
        0.05962382068745214,
        0.05996918649228261,
        0.06216698907874821,
        0.06373038930731872,
        0.06383571869134509,
        0.06318688590877612,
        0.06223242620789535,
        0.06088139788476259,
        0.0597924012270519,
        0.06043139165625521,
        0.0630901802369921,
        0.06611055490079241,
        0.06762082538177935,
        0.06677330333509954,
        0.06391562532292532,
        0.06018146739562904,
        0.05510392999454086,
        0.045521045928416076,
        0.030976727208193142,
        0.01905492955541178
    ],
    "clip_indices": [
        0,
        4,
        9,
        14,
        18,
        23,
        28,
        33,
        37,
        42,
        47,
        52,
        56,
        61,
        66,
        71,
        75,
        80,
        85,
        90,
        94,
        99,
        104,
        109,
        113,
        118,
        123,
        128,
        132,
        137,
        142,
        147
    ]
}