{
    "video_path": "FallVision/No Fall/Stand/nf_raw_s_1/S_D_0208.mp4",
    "active_window": [
        0,
        6
    ],
    "varying_k": 7,
    "detection_status": "Global Event Zone",
    "saliency_weights": [
        0.12474536251021859,
        0.2280755900143921,
        0.3443983863101139,
        0.3911316861606933,
        0.3518894002626443,
        0.2534072399630868,
        0.14504075882701498,
        0.06971771691528568,
        0.032682667230452475,
        0.017274012069037992,
        0.01065142894832093,
        0.007502234409846684,
        0.005907969308116682,
        0.005069155458710832,
        0.004616290177892281,
        0.004374398777584139,
        0.004249447654062911,
        0.004182585744322289,
        0.004141403368177853,
        0.004114021327593951,
        0.0040993057954187544,
        0.004099114759998284,
        0.004110087608293345,
        0.004122082388124155,
        0.0041283596041009115,
        0.004130809842473128,
        0.004132327779044593,
        0.004125980400691391,
        0.004077971528463373,
        0.003926772056538285,
        0.0036707327173592747,
        0.0034555109838907243
    ],
    "clip_indices": [
        0,
        3,
        7,
        11,
        15,
        19,
        23,
        26,
        30,
        34,
        38,
        42,
        46,
        49,
        53,
        57,
        61,
        65,
        69,
        72,
        76,
        80,
        84,
        88,
        92,
        95,
        99,
        103,
        107,
        111,
        115,
        119
    ]
}