{
    "video_path": "FallVision/No Fall/Stand/nf_raw_s_1/S_D_0113.mp4",
    "active_window": [
        0,
        4
    ],
    "varying_k": 5,
    "detection_status": "Global Event Zone",
    "saliency_weights": [
        0.08195796497555768,
        0.1403779674861792,
        0.18232723307998125,
        0.15461558811345183,
        0.0906941280392282,
        0.04650959362335448,
        0.03054328581252571,
        0.025486740725711318,
        0.02448576886661765,
        0.029432072491893765,
        0.03849900301475451,
        0.046687098228923515,
        0.051845021632594884,
        0.05487148094552905,
        0.05703590904649155,
        0.059002813018820106,
        0.06094220307205521,
        0.06270529085128582,
        0.063947639386817,
        0.06434589236314416,
        0.06402417203154218,
        0.06358094154160235,
        0.06349167182096754,
        0.06381215957150492,
        0.06437824080118669,
        0.06496519187513083,
        0.06534629570794778,
        0.06499837039771689,
        0.06199774757412752,
        0.052860075344381995,
        0.03760261471925845,
        0.024837372874303723
    ],
    "clip_indices": [
        0,
        4,
        9,
        14,
        19,
        24,
        28,
        33,
        38,
        43,
        48,
        52,
        57,
        62,
        67,
        72,
        76,
        81,
        86,
        91,
        96,
        100,
        105,
        110,
        115,
        120,
        124,
        129,
        134,
        139,
        144,
        149
    ]
}