{
    "video_path": "FallVision/No Fall/Stand/nf_raw_s_1/S_D_0117.mp4",
    "active_window": [
        15,
        29
    ],
    "varying_k": 15,
    "detection_status": "Global Event Zone",
    "saliency_weights": [
        0.014362370931853802,
        0.025442157541323274,
        0.036587556515109546,
        0.03883963685510357,
        0.033627628804062365,
        0.027193367173039242,
        0.024695796046398003,
        0.028608518203082717,
        0.037552560676273355,
        0.048188210428258126,
        0.057736520877094966,
        0.06474123275234266,
        0.06944750825596419,
        0.07315485872373556,
        0.07705830893842441,
        0.08150898610411883,
        0.08543662322342727,
        0.08723656262912562,
        0.08704812339364021,
        0.08674909344130724,
        0.08735868661638077,
        0.08823023803452978,
        0.08874548551512604,
        0.0891721365912304,
        0.08990630471997027,
        0.09098603499748428,
        0.0923738694398584,
        0.09355569655726259,
        0.091108407076165,
        0.07804044386287518,
        0.053474761204563515,
        0.03221488103670899
    ],
    "clip_indices": [
        0,
        3,
        7,
        11,
        15,
        19,
        23,
        26,
        30,
        34,
        38,
        42,
        46,
        49,
        53,
        57,
        61,
        65,
        69,
        72,
        76,
        80,
        84,
        88,
        92,
        95,
        99,
        103,
        107,
        111,
        115,
        119
    ]
}