{
    "video_path": "FallVision/No Fall/Stand/nf_raw_s_1/S_D_0205.mp4",
    "active_window": [
        0,
        6
    ],
    "varying_k": 7,
    "detection_status": "Global Event Zone",
    "saliency_weights": [
        0.13749090903119326,
        0.24723339778232895,
        0.3603313844442235,
        0.38613348492603805,
        0.32573250322846603,
        0.2254133875365455,
        0.12959715713458536,
        0.0657603596586221,
        0.033810663701252464,
        0.019700461090628917,
        0.013186956528726975,
        0.009910979887734667,
        0.008155859738557574,
        0.007124083726094054,
        0.006446668744536696,
        0.0059771226137192695,
        0.005645070649423501,
        0.005401479038236644,
        0.0052219133764298195,
        0.005101545577833816,
        0.0050317413005435165,
        0.004992197128288545,
        0.00496614261329077,
        0.00494790498408754,
        0.004936807536123036,
        0.0049323220293851526,
        0.004932372001231138,
        0.004924959925162762,
        0.00486165375084655,
        0.004653674624495196,
        0.004296675196022483,
        0.003995308073539336
    ],
    "clip_indices": [
        0,
        3,
        7,
        11,
        15,
        19,
        23,
        26,
        30,
        34,
        38,
        42,
        46,
        49,
        53,
        57,
        61,
        65,
        69,
        72,
        76,
        80,
        84,
        88,
        92,
        95,
        99,
        103,
        107,
        111,
        115,
        119
    ]
}