{
    "video_path": "FallVision/No Fall/Stand/nf_raw_s_1/S_D_0069.mp4",
    "active_window": [
        9,
        14
    ],
    "varying_k": 6,
    "detection_status": "Global Event Zone",
    "saliency_weights": [
        0.03089270949750023,
        0.05438652353121675,
        0.07758065000813782,
        0.0821841567446984,
        0.0739689005867932,
        0.06632685546041824,
        0.06323542727424303,
        0.06495601150110074,
        0.07705194023194392,
        0.1049591467436757,
        0.14306273039545814,
        0.17528797098357107,
        0.18129166895140664,
        0.14945944883601792,
        0.09548744191694511,
        0.05091935033787612,
        0.030120081600620796,
        0.025715134394942538,
        0.026835568869409895,
        0.028045522519254653,
        0.029083399873627548,
        0.03229811337692405,
        0.037967914759075544,
        0.04298100736098691,
        0.04521990783589337,
        0.045903107954722716,
        0.04662602955622992,
        0.047049319745113866,
        0.045271216151607285,
        0.038789271629093874,
        0.0278401316664953,
        0.018685178002458048
    ],
    "clip_indices": [
        0,
        2,
        5,
        8,
        11,
        14,
        17,
        20,
        22,
        25,
        28,
        31,
        34,
        37,
        40,
        43,
        45,
        48,
        51,
        54,
        57,
        60,
        63,
        66,
        68,
        71,
        74,
        77,
        80,
        83,
        86,
        89
    ]
}