{
    "video_path": "FallVision/No Fall/Stand/nf_raw_s_1/S_D_0147_resized.mp4",
    "active_window": [
        5,
        10
    ],
    "varying_k": 6,
    "detection_status": "Global Event Zone",
    "saliency_weights": [
        0.01971889533589158,
        0.03626980379890349,
        0.05577316073330238,
        0.06705242854354643,
        0.07076894102088915,
        0.07205730438245259,
        0.07306882839872386,
        0.07369403856457957,
        0.07373024193404853,
        0.07323598137556003,
        0.07231765819698363,
        0.07115683889763277,
        0.07013457930110203,
        0.06956054215327973,
        0.06918964553880513,
        0.06859086975570947,
        0.0680920270025832,
        0.06854425710416034,
        0.07000557857700308,
        0.07154872586510162,
        0.07236294414016725,
        0.07227967761816484,
        0.07155358645610393,
        0.07063872984308436,
        0.06992288793680322,
        0.06958872957280823,
        0.06958180443774398,
        0.06922342820959468,
        0.06602253532280632,
        0.05556944459438762,
        0.037695473371581495,
        0.022628062915142393
    ],
    "clip_indices": [
        0,
        2,
        5,
        8,
        11,
        14,
        17,
        20,
        22,
        25,
        28,
        31,
        34,
        37,
        40,
        43,
        45,
        48,
        51,
        54,
        57,
        60,
        63,
        66,
        68,
        71,
        74,
        77,
        80,
        83,
        86,
        89
    ]
}