{
    "video_path": "FallVision/No Fall/Stand/nf_raw_s_1/S_D_0143_resized.mp4",
    "active_window": [
        9,
        21
    ],
    "varying_k": 13,
    "detection_status": "Global Event Zone",
    "saliency_weights": [
        0.01946392428768997,
        0.03573814431871528,
        0.05476230485968776,
        0.06540434186976143,
        0.06833114151590615,
        0.06879707050579006,
        0.06933514446362257,
        0.0702099742463914,
        0.07121494795334417,
        0.07217499845671095,
        0.07297855713878762,
        0.0735707967915474,
        0.07396157580696469,
        0.07414754495362563,
        0.0740049542599237,
        0.07341956200055108,
        0.07259305223508358,
        0.07197633109221695,
        0.07183902178189674,
        0.07209033559571962,
        0.07235522152140958,
        0.07216239843783415,
        0.07136864301908069,
        0.07031756381421242,
        0.06949067317530558,
        0.06919186440964903,
        0.0691860523448006,
        0.0682559728183644,
        0.06389389744242015,
        0.05275230525585264,
        0.03540560831607225,
        0.021237149035660402
    ],
    "clip_indices": [
        0,
        2,
        5,
        8,
        11,
        14,
        17,
        20,
        22,
        25,
        28,
        31,
        34,
        37,
        40,
        43,
        45,
        48,
        51,
        54,
        57,
        60,
        63,
        66,
        68,
        71,
        74,
        77,
        80,
        83,
        86,
        89
    ]
}