{
    "video_path": "FallVision/No Fall/Stand/nf_raw_s_1/S_D_0049.mp4",
    "active_window": [
        4,
        10
    ],
    "varying_k": 7,
    "detection_status": "Global Event Zone",
    "saliency_weights": [
        0.018497466633931994,
        0.03480032907524404,
        0.058402490254222034,
        0.08293561799524773,
        0.11009137644806466,
        0.13991379571031215,
        0.1610528849226468,
        0.16115362891227464,
        0.14172920668971467,
        0.11339482677554584,
        0.08637173017276041,
        0.06737149546809519,
        0.05806607341660948,
        0.05621820565796069,
        0.057624495929474745,
        0.05805633122398358,
        0.055785764159490256,
        0.051814537048052535,
        0.04834463289597521,
        0.047217403800116325,
        0.04792992057542871,
        0.04787136875949588,
        0.04583714302501555,
        0.04326785135342253,
        0.04132759211127853,
        0.03943027706225135,
        0.03740457359592003,
        0.03656403201069758,
        0.03653133723962908,
        0.03327513234678463,
        0.024861439930458216,
        0.01692679952816188
    ],
    "clip_indices": [
        0,
        3,
        7,
        11,
        15,
        19,
        23,
        26,
        30,
        34,
        38,
        42,
        46,
        49,
        53,
        57,
        61,
        65,
        69,
        72,
        76,
        80,
        84,
        88,
        92,
        95,
        99,
        103,
        107,
        111,
        115,
        119
    ]
}