{
    "video_path": "FallVision/No Fall/Stand/nf_raw_s_1/S_D_0011.mp4",
    "active_window": [
        4,
        9
    ],
    "varying_k": 6,
    "detection_status": "Global Event Zone",
    "saliency_weights": [
        0.006861316735784721,
        0.009992214846234169,
        0.02102715178291483,
        0.05983935728290439,
        0.16389143463803474,
        0.32798581766807877,
        0.4416823551498447,
        0.4012256412870112,
        0.2556813391362175,
        0.12415482693631791,
        0.053292345511617364,
        0.024749916092389655,
        0.014687262134032451,
        0.011064067644328924,
        0.00944595591321664,
        0.008638889446143203,
        0.00830628632515374,
        0.008190672396516427,
        0.008119303946956855,
        0.008036709825350846,
        0.007949562403653385,
        0.007882343087490445,
        0.007843663436475532,
        0.007819392158016391,
        0.007802698389924421,
        0.007807314971804067,
        0.007837757100120173,
        0.007860230154529073,
        0.007793537763373579,
        0.007524186718213687,
        0.007056133294495717,
        0.006661162752635467
    ],
    "clip_indices": [
        0,
        4,
        8,
        12,
        16,
        20,
        24,
        28,
        32,
        36,
        40,
        44,
        48,
        52,
        56,
        60,
        64,
        68,
        72,
        76,
        80,
        84,
        88,
        92,
        96,
        100,
        104,
        108,
        112,
        116,
        120,
        124
    ]
}