{
    "video_path": "FallVision/No Fall/Stand/nf_raw_s_1/S_D_0105_resized.mp4",
    "active_window": [
        4,
        9
    ],
    "varying_k": 6,
    "detection_status": "Global Event Zone",
    "saliency_weights": [
        0.013908558785919827,
        0.02475655343486531,
        0.04135440301889957,
        0.06585736270628915,
        0.11335713435735328,
        0.18449558506904026,
        0.2369852705097263,
        0.2291387947426662,
        0.17745723022611687,
        0.1259178719356917,
        0.09250075127650406,
        0.07192020809693511,
        0.05793929161607948,
        0.04868764701207633,
        0.04305797844338822,
        0.03943575074418905,
        0.036677586523893246,
        0.034417184552683736,
        0.0326954659370207,
        0.03164263002387389,
        0.03121934302392381,
        0.031194212970332,
        0.03141667025788561,
        0.03190364398531838,
        0.0326019439288814,
        0.033271342585232934,
        0.03370947709425756,
        0.03374775178019211,
        0.03255765478908201,
        0.028441844359524224,
        0.021338965565540633,
        0.015337008465141827
    ],
    "clip_indices": [
        0,
        3,
        7,
        11,
        15,
        19,
        23,
        26,
        30,
        34,
        38,
        42,
        46,
        49,
        53,
        57,
        61,
        65,
        69,
        72,
        76,
        80,
        84,
        88,
        92,
        95,
        99,
        103,
        107,
        111,
        115,
        119
    ]
}