{
    "video_path": "FallVision/No Fall/Stand/nf_raw_s_1/S_D_0233_resized.mp4",
    "active_window": [
        2,
        11
    ],
    "varying_k": 10,
    "detection_status": "Global Event Zone",
    "saliency_weights": [
        0.031805863265545874,
        0.057425255782334705,
        0.08471128239827871,
        0.09437214370128891,
        0.08953708323264548,
        0.0822701268702945,
        0.0793859010084216,
        0.08180689650103515,
        0.0860031023240134,
        0.08716756225056216,
        0.08291430677595675,
        0.0741670193159111,
        0.065236737734962,
        0.06068826955789913,
        0.06030310028188597,
        0.06057941182671691,
        0.060476101307946784,
        0.061748262188495634,
        0.06470113267262363,
        0.06726541732371094,
        0.06792098132154613,
        0.0668315926945415,
        0.0643982783205863,
        0.0605580473304568,
        0.05559430051654815,
        0.05082076612614506,
        0.048332076708460237,
        0.049931208607046085,
        0.05331374819919127,
        0.05022693781398036,
        0.03683532061354658,
        0.023365671596927123
    ],
    "clip_indices": [
        0,
        3,
        7,
        11,
        15,
        19,
        23,
        26,
        30,
        34,
        38,
        42,
        46,
        49,
        53,
        57,
        61,
        65,
        69,
        72,
        76,
        80,
        84,
        88,
        92,
        95,
        99,
        103,
        107,
        111,
        115,
        119
    ]
}