{
    "video_path": "FallVision/No Fall/Stand/nf_raw_s_1/S_D_0184.mp4",
    "active_window": [
        3,
        7
    ],
    "varying_k": 5,
    "detection_status": "Global Event Zone",
    "saliency_weights": [
        0.024990940104590784,
        0.04552947098150631,
        0.0685482039723419,
        0.0793967174832873,
        0.07976104884758531,
        0.0772338220623418,
        0.0746516976254201,
        0.07174246625625594,
        0.06891404138481455,
        0.06722279850485843,
        0.06707252664061145,
        0.06801909677626955,
        0.06898408381186204,
        0.06889368393175005,
        0.06761763797537196,
        0.0658025024255067,
        0.06403625728310278,
        0.06273428420786296,
        0.06253281124592878,
        0.06401446045372369,
        0.0665836694155986,
        0.06857234644452681,
        0.06932852675289225,
        0.06993469833863075,
        0.07131071091309642,
        0.07303153838149658,
        0.07394605008052414,
        0.0725416319905253,
        0.06669557002171175,
        0.054059553354535744,
        0.035967368631371295,
        0.021646142196442817
    ],
    "clip_indices": [
        0,
        3,
        7,
        11,
        15,
        19,
        23,
        26,
        30,
        34,
        38,
        42,
        46,
        49,
        53,
        57,
        61,
        65,
        69,
        72,
        76,
        80,
        84,
        88,
        92,
        95,
        99,
        103,
        107,
        111,
        115,
        119
    ]
}