{
    "video_path": "FallVision/No Fall/Stand/nf_raw_s_1/S_D_0220.mp4",
    "active_window": [
        0,
        5
    ],
    "varying_k": 6,
    "detection_status": "Global Event Zone",
    "saliency_weights": [
        0.16874850320517693,
        0.29510801868969005,
        0.40416689520760585,
        0.3860435907987434,
        0.2805861191936394,
        0.17706258598774424,
        0.10673124893684777,
        0.061555962007856985,
        0.032978768931648354,
        0.01734609532012893,
        0.010609144896380977,
        0.008121937180354798,
        0.00708848914982916,
        0.006537749821577125,
        0.00619869626433359,
        0.005963107622023821,
        0.005782402002883163,
        0.005642555452371552,
        0.00553723091403239,
        0.0054581594136706955,
        0.005401010743123982,
        0.005366513677049427,
        0.00535277694281814,
        0.005351687172765607,
        0.005354508366523228,
        0.005355832709320523,
        0.005353802702995156,
        0.005343041216097185,
        0.0052880469672459685,
        0.005116651331888019,
        0.004824232289278096,
        0.004577594302652266
    ],
    "clip_indices": [
        0,
        3,
        7,
        11,
        15,
        19,
        23,
        26,
        30,
        34,
        38,
        42,
        46,
        49,
        53,
        57,
        61,
        65,
        69,
        72,
        76,
        80,
        84,
        88,
        92,
        95,
        99,
        103,
        107,
        111,
        115,
        119
    ]
}