{
    "video_path": "FallVision/No Fall/Stand/nf_raw_s_1/S_D_0173.mp4",
    "active_window": [
        24,
        28
    ],
    "varying_k": 5,
    "detection_status": "Global Event Zone",
    "saliency_weights": [
        0.019313358150427083,
        0.035315500377724025,
        0.053721289988547485,
        0.06350133788520934,
        0.06586215174843241,
        0.06658709177696569,
        0.06813627914944734,
        0.07014963299813326,
        0.07144962025543537,
        0.07133194858721179,
        0.07056835815398002,
        0.0704096022499206,
        0.07085306455250551,
        0.07102544291368004,
        0.07061484683081218,
        0.06994438630471778,
        0.06918495742009229,
        0.06831106784861876,
        0.06768170414058032,
        0.06787482333038886,
        0.06862776231059016,
        0.06893190072484359,
        0.06888500843694619,
        0.07006898371104114,
        0.07300385445196422,
        0.07594905542535499,
        0.07730919652935045,
        0.07683484942374494,
        0.07287451973838652,
        0.0610664821440561,
        0.04128803673823224,
        0.024701624184948142
    ],
    "clip_indices": [
        0,
        4,
        9,
        14,
        19,
        24,
        28,
        33,
        38,
        43,
        48,
        52,
        57,
        62,
        67,
        72,
        76,
        81,
        86,
        91,
        96,
        100,
        105,
        110,
        115,
        120,
        124,
        129,
        134,
        139,
        144,
        149
    ]
}