{
    "video_path": "FallVision/No Fall/Stand/nf_raw_s_1/S_D_0015.mp4",
    "active_window": [
        0,
        5
    ],
    "varying_k": 6,
    "detection_status": "Global Event Zone",
    "saliency_weights": [
        0.1902972921836273,
        0.32923013906990345,
        0.4383602128718108,
        0.3923313811562136,
        0.25025880530751204,
        0.1283089343775955,
        0.061520501424336585,
        0.0316469745373335,
        0.02098816234700389,
        0.020096089255964913,
        0.0215405241387692,
        0.01981279868734255,
        0.014969483572609094,
        0.010490148502095224,
        0.008131548428716873,
        0.007270955476231246,
        0.007008199256960295,
        0.006978432212322732,
        0.0070622757623418336,
        0.0071731126399622635,
        0.007260654805307024,
        0.007321536850177161,
        0.007366306934708145,
        0.0074001599474166225,
        0.00742520127307893,
        0.007443905596307289,
        0.007456442382683985,
        0.007446232560374447,
        0.00733795843041439,
        0.006992238914442278,
        0.006406041531158664,
        0.00591320706553906
    ],
    "clip_indices": [
        0,
        4,
        8,
        12,
        16,
        20,
        24,
        28,
        32,
        36,
        40,
        44,
        48,
        52,
        56,
        60,
        64,
        68,
        72,
        76,
        80,
        84,
        88,
        92,
        96,
        100,
        104,
        108,
        112,
        116,
        120,
        124
    ]
}