{
    "video_path": "FallVision/No Fall/Stand/nf_raw_s_1/S_D_0223_resized.mp4",
    "active_window": [
        2,
        10
    ],
    "varying_k": 9,
    "detection_status": "Global Event Zone",
    "saliency_weights": [
        0.029471227844090446,
        0.053708714258533935,
        0.08084695038407891,
        0.09319115464157852,
        0.0917812508871195,
        0.08556536867172312,
        0.08033016707483906,
        0.07786488422236193,
        0.07686975484452409,
        0.07537528229641122,
        0.07332006933583857,
        0.07175202665377334,
        0.07085281962570944,
        0.07015517756726242,
        0.06980678705487006,
        0.07019856829631552,
        0.0704842741128169,
        0.0690385027548176,
        0.06574057991983882,
        0.06216003264942424,
        0.05935397092990721,
        0.05716291269188803,
        0.05555835483939829,
        0.055143265707985514,
        0.05594530741509067,
        0.05692457207895351,
        0.05756031074021164,
        0.05836282805949902,
        0.05779241146747645,
        0.0506969976547722,
        0.03566956566339295,
        0.022225073973891143
    ],
    "clip_indices": [
        0,
        3,
        7,
        11,
        15,
        19,
        23,
        26,
        30,
        34,
        38,
        42,
        46,
        49,
        53,
        57,
        61,
        65,
        69,
        72,
        76,
        80,
        84,
        88,
        92,
        95,
        99,
        103,
        107,
        111,
        115,
        119
    ]
}