{
    "video_path": "FallVision/No Fall/Stand/nf_raw_s_1/S_D_0168.mp4",
    "active_window": [
        19,
        23
    ],
    "varying_k": 5,
    "detection_status": "Peak Only",
    "saliency_weights": [
        0.0202774207039886,
        0.03721024592313295,
        0.05690421175136173,
        0.06769510509507307,
        0.07030461070423143,
        0.07025726442276631,
        0.07018481145466121,
        0.07030542066168624,
        0.07033887758298307,
        0.07014610375035227,
        0.06989827409407859,
        0.06986973829394774,
        0.07010622713022194,
        0.07046333375838512,
        0.07081906077691005,
        0.07111735057269625,
        0.07131358024453499,
        0.0713868450752181,
        0.07141731829162296,
        0.07153741765218445,
        0.07172381331555291,
        0.07177964372506102,
        0.07160541312586127,
        0.07131192649983448,
        0.07103262684782635,
        0.07080221797167438,
        0.07055075433822398,
        0.06974034993329493,
        0.06608459096175087,
        0.05536638628608101,
        0.037485272326315794,
        0.022513424014899037
    ],
    "clip_indices": [
        0,
        3,
        7,
        11,
        15,
        19,
        23,
        26,
        30,
        34,
        38,
        42,
        46,
        49,
        53,
        57,
        61,
        65,
        69,
        72,
        76,
        80,
        84,
        88,
        92,
        95,
        99,
        103,
        107,
        111,
        115,
        119
    ]
}