{
    "video_path": "FallVision/No Fall/Stand/nf_raw_s_1/S_D_0084_resized.mp4",
    "active_window": [
        1,
        8
    ],
    "varying_k": 8,
    "detection_status": "Global Event Zone",
    "saliency_weights": [
        0.06508804012052172,
        0.11554153158599889,
        0.16566472796609924,
        0.18068895592676,
        0.1834052904120353,
        0.2018556555882684,
        0.2142856755268117,
        0.1881010720009588,
        0.13573280045650568,
        0.09146393128211319,
        0.06695195536219097,
        0.05420275931136703,
        0.04542401014830669,
        0.037897125100264425,
        0.03130486518716048,
        0.025933651082699183,
        0.02197512410923816,
        0.0193638485774624,
        0.017811149989405667,
        0.016909870076003836,
        0.01636108946009394,
        0.016048192116900596,
        0.01595020564986685,
        0.01606297503260378,
        0.016333598280227807,
        0.016638533674803953,
        0.016859650058325924,
        0.016868502580438358,
        0.01626731768669093,
        0.014333573049517068,
        0.011086858055362633,
        0.008368476924350478
    ],
    "clip_indices": [
        0,
        1,
        3,
        5,
        7,
        9,
        11,
        13,
        15,
        17,
        19,
        20,
        22,
        24,
        26,
        28,
        30,
        32,
        34,
        36,
        38,
        39,
        41,
        43,
        45,
        47,
        49,
        51,
        53,
        55,
        57,
        59
    ]
}