{
    "video_path": "FallVision/No Fall/Stand/nf_raw_s_1/S_D_0076.mp4",
    "active_window": [
        12,
        20
    ],
    "varying_k": 9,
    "detection_status": "Global Event Zone",
    "saliency_weights": [
        0.01835073909234522,
        0.03335961809336531,
        0.05049875346559594,
        0.059500747185259696,
        0.06200622748610378,
        0.06372408871101852,
        0.06632993707386695,
        0.06889547380827829,
        0.07092797683409341,
        0.07240836303535605,
        0.07305064039088807,
        0.0729789418689202,
        0.07393636767735043,
        0.0779322522173368,
        0.08437533593861961,
        0.09052899148791402,
        0.09420909128464423,
        0.09448327617550681,
        0.09096264351356012,
        0.08377635780338875,
        0.07441947780041054,
        0.06566938100037155,
        0.059655003916658594,
        0.05682658363810028,
        0.05638950203963018,
        0.05692272313463535,
        0.05777987988509209,
        0.0592846913706956,
        0.05949604182312895,
        0.05262685645875243,
        0.0370073422877743,
        0.022826355560422014
    ],
    "clip_indices": [
        0,
        4,
        9,
        14,
        19,
        24,
        28,
        33,
        38,
        43,
        48,
        52,
        57,
        62,
        67,
        72,
        76,
        81,
        86,
        91,
        96,
        100,
        105,
        110,
        115,
        120,
        124,
        129,
        134,
        139,
        144,
        149
    ]
}