{
    "video_path": "FallVision/No Fall/Stand/nf_raw_s_1/S_D_0218.mp4",
    "active_window": [
        0,
        6
    ],
    "varying_k": 7,
    "detection_status": "Global Event Zone",
    "saliency_weights": [
        0.1391242409161378,
        0.2478221113771437,
        0.3539565570428578,
        0.36754141540411345,
        0.30376993978922584,
        0.21896486142852262,
        0.14388893288818716,
        0.08693878234748714,
        0.04847256288204678,
        0.025953940589069704,
        0.014706849720288687,
        0.009558498973791928,
        0.007126904811339265,
        0.00583352107816871,
        0.005086686142870068,
        0.004712953495523116,
        0.004611662274034652,
        0.004657532980489789,
        0.0047509294992186864,
        0.0048408521498511554,
        0.0049117281394465764,
        0.004967993945601143,
        0.005015785559832887,
        0.005054662318479284,
        0.0050801813854373665,
        0.0050878555962595145,
        0.005078213037657042,
        0.005051421179258334,
        0.004970940304655353,
        0.004752355838488665,
        0.004390871641860657,
        0.004088473312942916
    ],
    "clip_indices": [
        0,
        3,
        7,
        11,
        15,
        19,
        23,
        26,
        30,
        34,
        38,
        42,
        46,
        49,
        53,
        57,
        61,
        65,
        69,
        72,
        76,
        80,
        84,
        88,
        92,
        95,
        99,
        103,
        107,
        111,
        115,
        119
    ]
}