{
    "video_path": "FallVision/No Fall/Stand/nf_raw_s_1/S_D_0217.mp4",
    "active_window": [
        1,
        6
    ],
    "varying_k": 6,
    "detection_status": "Global Event Zone",
    "saliency_weights": [
        0.09366271206709581,
        0.17707675042009657,
        0.2879254603139547,
        0.3655442816458456,
        0.3698216193173229,
        0.2939643531988183,
        0.1842362505587583,
        0.09770974494761336,
        0.04942480965820219,
        0.026104049194764826,
        0.014968639786381827,
        0.009565966087239485,
        0.00690784052722877,
        0.005513793912693089,
        0.004735714103715834,
        0.004360375871332603,
        0.004262892394972089,
        0.004298726704271408,
        0.004363050153888919,
        0.004413402909907884,
        0.004442378980345821,
        0.004456822556262701,
        0.004465057678990017,
        0.00447209034372581,
        0.00448005126357649,
        0.0044890622763153675,
        0.004497452427422648,
        0.004495415663697749,
        0.004443455346475744,
        0.004269476846744585,
        0.0039714624346502,
        0.0037202156115284137
    ],
    "clip_indices": [
        0,
        3,
        7,
        11,
        15,
        19,
        23,
        26,
        30,
        34,
        38,
        42,
        46,
        49,
        53,
        57,
        61,
        65,
        69,
        72,
        76,
        80,
        84,
        88,
        92,
        95,
        99,
        103,
        107,
        111,
        115,
        119
    ]
}