{
    "video_path": "FallVision/No Fall/Stand/nf_raw_s_1/S_D_0234_resized.mp4",
    "active_window": [
        25,
        28
    ],
    "varying_k": 4,
    "detection_status": "Global Event Zone",
    "saliency_weights": [
        0.02509895875868331,
        0.0455175620662827,
        0.06848277379767077,
        0.0792356711375988,
        0.0786839003331315,
        0.07366182406986592,
        0.06721619347630224,
        0.06042962499652287,
        0.05611705060923777,
        0.05677468167579048,
        0.0606203587515584,
        0.0636355115108946,
        0.06391994973599854,
        0.06177643053381214,
        0.057973501863556445,
        0.05381722012477387,
        0.05230570625812134,
        0.056601180710506044,
        0.06563555825438488,
        0.07404862602476847,
        0.07736565916177883,
        0.07463721028690393,
        0.06811209832060877,
        0.06270703022559458,
        0.0642532891809881,
        0.07663825993748577,
        0.09503052077162054,
        0.10345681182788727,
        0.09124465556080662,
        0.06532639747806307,
        0.03882640625538475,
        0.0219927678587723
    ],
    "clip_indices": [
        0,
        2,
        5,
        8,
        11,
        14,
        17,
        20,
        22,
        25,
        28,
        31,
        34,
        37,
        40,
        43,
        45,
        48,
        51,
        54,
        57,
        60,
        63,
        66,
        68,
        71,
        74,
        77,
        80,
        83,
        86,
        89
    ]
}