{
    "video_path": "FallVision/No Fall/Stand/nf_raw_s_1/S_D_0179.mp4",
    "active_window": [
        3,
        8
    ],
    "varying_k": 6,
    "detection_status": "Global Event Zone",
    "saliency_weights": [
        0.016836020887597516,
        0.03871456964185762,
        0.087597120617919,
        0.15720650549525,
        0.21243881667350795,
        0.22061442228953976,
        0.18929374444987077,
        0.14534856851852143,
        0.10518346867208814,
        0.0739397190135275,
        0.05168420116612513,
        0.037119740126090664,
        0.029452969029174544,
        0.027778334920663512,
        0.029382647692631995,
        0.030807907236859,
        0.031032637271650718,
        0.031383056548589236,
        0.03269448778587094,
        0.03451672768490842,
        0.03648846585111935,
        0.038824853416664695,
        0.041434490261979026,
        0.0435878375209173,
        0.044826352679479306,
        0.045474138619238734,
        0.046012213825320544,
        0.046368075998270676,
        0.04509526939326639,
        0.03930996148756683,
        0.028728516496640828,
        0.019639582847526357
    ],
    "clip_indices": [
        0,
        3,
        7,
        11,
        15,
        19,
        23,
        26,
        30,
        34,
        38,
        42,
        46,
        49,
        53,
        57,
        61,
        65,
        69,
        72,
        76,
        80,
        84,
        88,
        92,
        95,
        99,
        103,
        107,
        111,
        115,
        119
    ]
}