{
    "video_path": "FallVision/No Fall/Stand/nf_raw_s_1/S_D_0235_resized.mp4",
    "active_window": [
        15,
        27
    ],
    "varying_k": 13,
    "detection_status": "Global Event Zone",
    "saliency_weights": [
        0.016444863761080997,
        0.029624078037404914,
        0.043938700699741776,
        0.05041238207723017,
        0.052464718330928556,
        0.056798704888517605,
        0.06366250581954432,
        0.06966216264439573,
        0.07275226083849112,
        0.07267460142950605,
        0.07031943124607608,
        0.06723109493992267,
        0.06521528784771474,
        0.06570972717020616,
        0.06876719834377157,
        0.07312852711744945,
        0.07701085870561833,
        0.07894168128114831,
        0.0788863829048701,
        0.0780898317965798,
        0.07748077821155772,
        0.07714414620622069,
        0.07713000638631415,
        0.07767360036369128,
        0.07825983706209602,
        0.0774769678833724,
        0.0751288225350853,
        0.07289309612455563,
        0.06983645518176125,
        0.05996402803402654,
        0.04136405626938993,
        0.025089881203513718
    ],
    "clip_indices": [
        0,
        3,
        7,
        11,
        15,
        19,
        23,
        26,
        30,
        34,
        38,
        42,
        46,
        49,
        53,
        57,
        61,
        65,
        69,
        72,
        76,
        80,
        84,
        88,
        92,
        95,
        99,
        103,
        107,
        111,
        115,
        119
    ]
}