{
    "video_path": "FallVision/No Fall/Stand/nf_raw_s_1/S_D_0023.mp4",
    "active_window": [
        0,
        4
    ],
    "varying_k": 5,
    "detection_status": "Global Event Zone",
    "saliency_weights": [
        0.20833288996224308,
        0.3580233116193522,
        0.4686889088859343,
        0.40316755916046676,
        0.23702082752547515,
        0.10721593228710931,
        0.047010287235281056,
        0.024996885392766406,
        0.01653263866128059,
        0.012592416236405758,
        0.010420110544433632,
        0.00906939616671916,
        0.008208697935681854,
        0.0077295717417640766,
        0.007534676131503342,
        0.0075051847111930765,
        0.007565529387932634,
        0.007684462285457914,
        0.007822085645086935,
        0.007921712644650275,
        0.007958104971019682,
        0.007953011037943498,
        0.00794007561793136,
        0.00794210315495409,
        0.007964813559778551,
        0.00799764171627314,
        0.008027501321421623,
        0.008036577139484871,
        0.007961530429547227,
        0.007684045943633741,
        0.007200199912511106,
        0.006790387228142321
    ],
    "clip_indices": [
        0,
        3,
        6,
        9,
        12,
        15,
        19,
        22,
        25,
        28,
        31,
        35,
        38,
        41,
        44,
        47,
        51,
        54,
        57,
        60,
        63,
        67,
        70,
        73,
        76,
        79,
        83,
        86,
        89,
        92,
        95,
        99
    ]
}