{
    "video_path": "FallVision/No Fall/Stand/nf_raw_s_1/S_D_0250.mp4",
    "active_window": [
        0,
        4
    ],
    "varying_k": 5,
    "detection_status": "Global Event Zone",
    "saliency_weights": [
        0.1822981279169673,
        0.3140665982608989,
        0.4138311073860975,
        0.36192425634798814,
        0.22178818530388034,
        0.11042500340744622,
        0.057265321203196495,
        0.03669145137045676,
        0.028145112708217915,
        0.023982621967975327,
        0.022001701324090343,
        0.021424927288522737,
        0.021369267088084593,
        0.020884782705361635,
        0.01966174204592627,
        0.01799431595899563,
        0.01626339162509947,
        0.01471373867653123,
        0.013437991412147798,
        0.012434827588145195,
        0.011715306355313768,
        0.011320417969925084,
        0.011228120793364361,
        0.011313322797750606,
        0.011436695535860412,
        0.011502674510994716,
        0.011465303100078504,
        0.01130038940501063,
        0.010888060080874753,
        0.00998286583199955,
        0.008616114686852288,
        0.00750734619690502
    ],
    "clip_indices": [
        0,
        3,
        7,
        11,
        15,
        19,
        23,
        26,
        30,
        34,
        38,
        42,
        46,
        49,
        53,
        57,
        61,
        65,
        69,
        72,
        76,
        80,
        84,
        88,
        92,
        95,
        99,
        103,
        107,
        111,
        115,
        119
    ]
}