{
    "video_path": "FallVision/No Fall/Stand/nf_raw_s_1/S_D_0221.mp4",
    "active_window": [
        0,
        6
    ],
    "varying_k": 7,
    "detection_status": "Global Event Zone",
    "saliency_weights": [
        0.1413547110198967,
        0.2516096615815388,
        0.3585446203970916,
        0.3693872118440371,
        0.29759377989074653,
        0.20138901487545607,
        0.1196278875135989,
        0.06734354094471003,
        0.04037860234348774,
        0.027060150919380254,
        0.0197598890882903,
        0.01547088187317764,
        0.012893943466321238,
        0.011213293137173733,
        0.010014468221734605,
        0.009157643877475488,
        0.008533972549701748,
        0.00800910338834119,
        0.007526376934528403,
        0.0071245993129265064,
        0.006848835571782192,
        0.006701719926442057,
        0.006648080469400705,
        0.006630929488373694,
        0.006612569503300849,
        0.006592131730399454,
        0.006574335505669374,
        0.006537935378891108,
        0.006411610359975352,
        0.006080320480511448,
        0.0055496367085148,
        0.005111179213538408
    ],
    "clip_indices": [
        0,
        3,
        7,
        11,
        15,
        19,
        23,
        26,
        30,
        34,
        38,
        42,
        46,
        49,
        53,
        57,
        61,
        65,
        69,
        72,
        76,
        80,
        84,
        88,
        92,
        95,
        99,
        103,
        107,
        111,
        115,
        119
    ]
}