{
    "video_path": "FallVision/No Fall/Stand/nf_raw_s_1/S_D_0107_resized.mp4",
    "active_window": [
        18,
        27
    ],
    "varying_k": 10,
    "detection_status": "Global Event Zone",
    "saliency_weights": [
        0.020529194097036324,
        0.03745076002028758,
        0.05656433275927371,
        0.06597102979318259,
        0.06715467459496334,
        0.06636049566087769,
        0.06577870426951211,
        0.0650667127894589,
        0.06462882284818328,
        0.06528679146144868,
        0.06681641951586341,
        0.06832318052360997,
        0.06933767108413595,
        0.06988856727030035,
        0.07010754988431608,
        0.07014811188829073,
        0.07030558663006978,
        0.07086484439572184,
        0.07166181552687201,
        0.0721772508440019,
        0.07226971762368234,
        0.07235952567564646,
        0.07281088841799754,
        0.07359491921118697,
        0.07446365500057606,
        0.07512618310628197,
        0.0753990938803295,
        0.0748583589668122,
        0.07119138419406425,
        0.059820470696557895,
        0.04058131029717836,
        0.02440573792867022
    ],
    "clip_indices": [
        0,
        4,
        9,
        14,
        19,
        24,
        28,
        33,
        38,
        43,
        48,
        52,
        57,
        62,
        67,
        72,
        76,
        81,
        86,
        91,
        96,
        100,
        105,
        110,
        115,
        120,
        124,
        129,
        134,
        139,
        144,
        149
    ]
}