{
    "video_path": "FallVision/No Fall/Stand/nf_raw_s_1/S_D_0141_resized.mp4",
    "active_window": [
        13,
        20
    ],
    "varying_k": 8,
    "detection_status": "Global Event Zone",
    "saliency_weights": [
        0.019938851487350057,
        0.036575799698514364,
        0.05588486922040832,
        0.06634795845322922,
        0.06862441242994252,
        0.0681638332057424,
        0.06772157125049329,
        0.06773062135773794,
        0.06803719570632669,
        0.06848720914481435,
        0.0690621305448916,
        0.06980618012089873,
        0.07069150948814804,
        0.07158904226245304,
        0.07229993233328255,
        0.07266886001682316,
        0.07276588665376324,
        0.07278295359577047,
        0.07268228794211859,
        0.07222708582690486,
        0.07145017008045271,
        0.07076036872776259,
        0.07048942742631127,
        0.07065346445415424,
        0.07109838994835996,
        0.07162100475331584,
        0.07201515608994472,
        0.07169066583599096,
        0.06826733440103351,
        0.05734334265105574,
        0.038821370166435935,
        0.023249208329793467
    ],
    "clip_indices": [
        0,
        1,
        3,
        5,
        7,
        9,
        11,
        13,
        15,
        17,
        19,
        20,
        22,
        24,
        26,
        28,
        30,
        32,
        34,
        36,
        38,
        39,
        41,
        43,
        45,
        47,
        49,
        51,
        53,
        55,
        57,
        59
    ]
}