{
    "video_path": "FallVision/No Fall/Stand/nf_raw_s_1/S_D_0133.mp4",
    "active_window": [
        19,
        25
    ],
    "varying_k": 7,
    "detection_status": "Global Event Zone",
    "saliency_weights": [
        0.018686604681424537,
        0.03390301867832952,
        0.051110488368081256,
        0.059863640778049954,
        0.06214793411815382,
        0.06400302499354643,
        0.06680363754480134,
        0.06899423077872621,
        0.06964727559976694,
        0.06878740466344338,
        0.06683256543059093,
        0.0643217844403237,
        0.06181271427043089,
        0.05985736444927795,
        0.058960894101178205,
        0.05958263965686919,
        0.062086809660256106,
        0.06662115575317504,
        0.07286317811493226,
        0.07998614684219264,
        0.08691009147720691,
        0.09233378256780057,
        0.09469770311387718,
        0.0926274809081378,
        0.08651530892161315,
        0.07910972363590721,
        0.0729295809445388,
        0.06822395497970163,
        0.0626424700351162,
        0.051809954974626246,
        0.03513510488667583,
        0.021416920266295415
    ],
    "clip_indices": [
        0,
        4,
        9,
        14,
        19,
        24,
        28,
        33,
        38,
        43,
        48,
        52,
        57,
        62,
        67,
        72,
        76,
        81,
        86,
        91,
        96,
        100,
        105,
        110,
        115,
        120,
        124,
        129,
        134,
        139,
        144,
        149
    ]
}