{
    "video_path": "FallVision/No Fall/Stand/nf_raw_s_1/S_D_0186.mp4",
    "active_window": [
        11,
        18
    ],
    "varying_k": 8,
    "detection_status": "Global Event Zone",
    "saliency_weights": [
        0.019456866899152533,
        0.035711630595201736,
        0.05484487651137221,
        0.06565607782395702,
        0.06826754303846766,
        0.06759993857358265,
        0.0668396823793137,
        0.0671549218683395,
        0.06845995152829334,
        0.07009982879075521,
        0.07142108939966005,
        0.07234354123593355,
        0.07389659264621089,
        0.07698320056946434,
        0.08019812290496636,
        0.08089258524113009,
        0.07856861201503813,
        0.07505263427615375,
        0.0719245946702597,
        0.06959652946810661,
        0.06805649700468984,
        0.06732672163168008,
        0.06740351364071034,
        0.06812921556618846,
        0.06912111182274866,
        0.06980852220276501,
        0.06981049734664109,
        0.06880020151048644,
        0.06489751935878627,
        0.05421596333758077,
        0.03672691326010367,
        0.022161172151339524
    ],
    "clip_indices": [
        0,
        3,
        7,
        11,
        15,
        19,
        23,
        26,
        30,
        34,
        38,
        42,
        46,
        49,
        53,
        57,
        61,
        65,
        69,
        72,
        76,
        80,
        84,
        88,
        92,
        95,
        99,
        103,
        107,
        111,
        115,
        119
    ]
}