{
    "video_path": "FallVision/No Fall/Stand/nf_raw_s_1/S_D_0229_resized.mp4",
    "active_window": [
        11,
        15
    ],
    "varying_k": 5,
    "detection_status": "Global Event Zone",
    "saliency_weights": [
        0.024740852187050077,
        0.0455009623210494,
        0.06975854990264557,
        0.08243748816434131,
        0.08207506595319027,
        0.07427835966813473,
        0.06548028938015965,
        0.06051948028352114,
        0.06074456625988167,
        0.06501842400784986,
        0.07105696084947648,
        0.07645670135333592,
        0.07970387286900546,
        0.08016861596757716,
        0.07785555162569077,
        0.07336361809154776,
        0.06802691655799542,
        0.063568845921295,
        0.06108978356885593,
        0.06060174576272107,
        0.061077928293463646,
        0.06116533089355405,
        0.06106032043229967,
        0.0626510082706261,
        0.06633337837301041,
        0.06968442253904049,
        0.07101370031314558,
        0.07113896550986203,
        0.06904974281798976,
        0.059432449129931564,
        0.04103812246324146,
        0.024971536389271572
    ],
    "clip_indices": [
        0,
        3,
        7,
        11,
        15,
        19,
        23,
        26,
        30,
        34,
        38,
        42,
        46,
        49,
        53,
        57,
        61,
        65,
        69,
        72,
        76,
        80,
        84,
        88,
        92,
        95,
        99,
        103,
        107,
        111,
        115,
        119
    ]
}