{
    "video_path": "FallVision/No Fall/Stand/nf_raw_s_1/S_D_0248.mp4",
    "active_window": [
        1,
        16
    ],
    "varying_k": 16,
    "detection_status": "Global Event Zone",
    "saliency_weights": [
        0.07188005863644883,
        0.12496486698399925,
        0.16865912845066794,
        0.15717360151049542,
        0.1136969284221354,
        0.08122183848164682,
        0.06907147413473001,
        0.06554433360849368,
        0.06149866498925484,
        0.054976333597704,
        0.05060648616019883,
        0.05572184358259493,
        0.0744841531215924,
        0.10300820368425448,
        0.12479425022007345,
        0.12131225220178929,
        0.09459782372489484,
        0.06471291933762977,
        0.04509990111933029,
        0.03515256753882115,
        0.03031158446696991,
        0.027891008028251184,
        0.026872385985519085,
        0.027020988147204508,
        0.02831311027128584,
        0.03053261478258973,
        0.032798292501054094,
        0.03337763415584384,
        0.030828534143735892,
        0.025049943919027748,
        0.017531532191843092,
        0.01189285063713834
    ],
    "clip_indices": [
        0,
        3,
        7,
        11,
        15,
        19,
        23,
        26,
        30,
        34,
        38,
        42,
        46,
        49,
        53,
        57,
        61,
        65,
        69,
        72,
        76,
        80,
        84,
        88,
        92,
        95,
        99,
        103,
        107,
        111,
        115,
        119
    ]
}