{
    "video_path": "FallVision/No Fall/Stand/nf_raw_s_1/S_D_0020.mp4",
    "active_window": [
        0,
        5
    ],
    "varying_k": 6,
    "detection_status": "Global Event Zone",
    "saliency_weights": [
        0.16495651366316455,
        0.290367125322994,
        0.40311100519400406,
        0.39407627483025454,
        0.29152768998255346,
        0.17620650275392313,
        0.09097785814846973,
        0.043570336921787745,
        0.023552913366828108,
        0.01605457440666855,
        0.012565415558258061,
        0.010418963571353981,
        0.009014087575575331,
        0.008156703889744541,
        0.00767726960213564,
        0.007405867023560225,
        0.007247223808246392,
        0.007174320443626266,
        0.007155672815934681,
        0.007138535558342478,
        0.00709754729918422,
        0.007050699284671598,
        0.00702356884449615,
        0.0070244730066867,
        0.0070377085295496074,
        0.0070307480229373324,
        0.006995753481666678,
        0.006957793919723447,
        0.006875624789782637,
        0.006592518271361569,
        0.0060700846599600344,
        0.005617117624088194
    ],
    "clip_indices": [
        0,
        2,
        5,
        7,
        10,
        12,
        15,
        17,
        20,
        22,
        25,
        28,
        30,
        33,
        35,
        38,
        40,
        43,
        45,
        48,
        50,
        53,
        56,
        58,
        61,
        63,
        66,
        68,
        71,
        73,
        76,
        79
    ]
}