{
    "video_path": "FallVision/No Fall/Stand/nf_raw_s_1/S_D_0255.mp4",
    "active_window": [
        0,
        4
    ],
    "varying_k": 5,
    "detection_status": "Global Event Zone",
    "saliency_weights": [
        0.20540332645715453,
        0.3531102101402565,
        0.46264396578514433,
        0.3986501166120281,
        0.23483358170654334,
        0.10574429540515562,
        0.045077081989379396,
        0.023050461177603333,
        0.015319661050723922,
        0.012265856292456814,
        0.010863987353982196,
        0.010291769563634102,
        0.01036334741499153,
        0.01103003176207864,
        0.012171116287797098,
        0.013444540260277409,
        0.014166985979710545,
        0.013652131251116958,
        0.0120377841681391,
        0.010249690745071942,
        0.008950529125167365,
        0.008143050177339949,
        0.007625823302544613,
        0.007281314464892396,
        0.007056812331346876,
        0.006916692249072167,
        0.0068356478457860925,
        0.006789175733568506,
        0.006712552261941878,
        0.0064880908599108545,
        0.006095463630576326,
        0.005760591286624815
    ],
    "clip_indices": [
        0,
        3,
        7,
        11,
        15,
        19,
        23,
        26,
        30,
        34,
        38,
        42,
        46,
        49,
        53,
        57,
        61,
        65,
        69,
        72,
        76,
        80,
        84,
        88,
        92,
        95,
        99,
        103,
        107,
        111,
        115,
        119
    ]
}