{
    "video_path": "FallVision/No Fall/Stand/nf_raw_s_1/S_D_0116.mp4",
    "active_window": [
        21,
        29
    ],
    "varying_k": 9,
    "detection_status": "Global Event Zone",
    "saliency_weights": [
        0.023370105159032633,
        0.040531162904724416,
        0.05478325282059643,
        0.05204789677881828,
        0.04151668826520294,
        0.03828720152099894,
        0.044257007866836326,
        0.05330708550341248,
        0.060562843146523174,
        0.06469823270399176,
        0.06811730337398197,
        0.0727120280821366,
        0.07432271393511199,
        0.0674069118598587,
        0.05509080545394195,
        0.04602486341657046,
        0.04230621411931672,
        0.03984759504345149,
        0.03925416161204823,
        0.04664260874674975,
        0.06277111125468599,
        0.0801674627287155,
        0.09260195419495179,
        0.09984968076326532,
        0.10390166281145412,
        0.10616710027557794,
        0.10723101201849036,
        0.1065500174023754,
        0.10088127832804714,
        0.08423230060650168,
        0.056800258597560584,
        0.0339484779243557
    ],
    "clip_indices": [
        0,
        4,
        9,
        14,
        19,
        24,
        28,
        33,
        38,
        43,
        48,
        52,
        57,
        62,
        67,
        72,
        76,
        81,
        86,
        91,
        96,
        100,
        105,
        110,
        115,
        120,
        124,
        129,
        134,
        139,
        144,
        149
    ]
}