{
    "video_path": "FallVision/No Fall/Stand/nf_raw_s_1/S_D_00462.mp4",
    "active_window": [
        2,
        8
    ],
    "varying_k": 7,
    "detection_status": "Global Event Zone",
    "saliency_weights": [
        0.02750732844422583,
        0.056501604551289046,
        0.10838297810921074,
        0.17100402469301373,
        0.22006614910101024,
        0.23337828121209833,
        0.2101366265274711,
        0.1642222389491414,
        0.11436659628126877,
        0.07610797345846625,
        0.0534312406460444,
        0.042512914840632215,
        0.03885997658753498,
        0.03905038931893265,
        0.040034270735289576,
        0.03940389609189549,
        0.036817655831783175,
        0.0336133568183406,
        0.03079246543069533,
        0.028430298315189496,
        0.02649965833143326,
        0.025273454353577068,
        0.02503268922620229,
        0.02580463192686823,
        0.027249293756159768,
        0.028663771923528536,
        0.029403200819939822,
        0.029073339012883198,
        0.027146800896882487,
        0.022885517033510386,
        0.01673978628204393,
        0.011861881493823091
    ],
    "clip_indices": [
        0,
        3,
        7,
        11,
        15,
        19,
        23,
        26,
        30,
        34,
        38,
        42,
        46,
        49,
        53,
        57,
        61,
        65,
        69,
        72,
        76,
        80,
        84,
        88,
        92,
        95,
        99,
        103,
        107,
        111,
        115,
        119
    ]
}