{
    "video_path": "FallVision/No Fall/Stand/nf_raw_s_1/S_D_0031_resized.mp4",
    "active_window": [
        4,
        11
    ],
    "varying_k": 8,
    "detection_status": "Global Event Zone",
    "saliency_weights": [
        0.021200883750677878,
        0.03886268948192738,
        0.059589167841542806,
        0.07137076372362522,
        0.07489280035204929,
        0.07560882713415452,
        0.07583197805674487,
        0.07611338700558001,
        0.07797066339039044,
        0.08177662851221257,
        0.08343231068797693,
        0.0788360600541364,
        0.0714289609995751,
        0.06812518706904525,
        0.06922518515002503,
        0.0698615919480077,
        0.0690073204483489,
        0.06980820415531944,
        0.07242608373566131,
        0.07307080177522837,
        0.07024913661164861,
        0.0666351049532892,
        0.06439535490543122,
        0.06305507999429234,
        0.062176113401869,
        0.06272459297996794,
        0.06467974232293747,
        0.06530891064162024,
        0.06107825269467172,
        0.049757894018362454,
        0.03311924142802839,
        0.019920543332894808
    ],
    "clip_indices": [
        0,
        4,
        9,
        14,
        18,
        23,
        28,
        33,
        37,
        42,
        47,
        52,
        56,
        61,
        66,
        71,
        75,
        80,
        85,
        90,
        94,
        99,
        104,
        109,
        113,
        118,
        123,
        128,
        132,
        137,
        142,
        147
    ]
}