{
    "video_path": "FallVision/No Fall/Stand/nf_raw_s_1/S_D_0106_resized.mp4",
    "active_window": [
        9,
        15
    ],
    "varying_k": 7,
    "detection_status": "Global Event Zone",
    "saliency_weights": [
        0.018541957592189802,
        0.033141139146107966,
        0.04887807375850548,
        0.055094566182224275,
        0.053965556124866906,
        0.05222519195322332,
        0.05265138751376692,
        0.05579894614901868,
        0.06328494688768493,
        0.07653600443418342,
        0.09371216011120802,
        0.10977121373651799,
        0.11802433299339726,
        0.11382701602184793,
        0.10010359876312659,
        0.08482257115460565,
        0.07293997874174071,
        0.06496710365192114,
        0.060567725832384185,
        0.05980715778723619,
        0.06172231591598028,
        0.0640451799073713,
        0.06521274312563283,
        0.0652841935338718,
        0.06487157699071355,
        0.06436090719621274,
        0.06372902615803502,
        0.06228600131340623,
        0.05812440626238168,
        0.04829420978691467,
        0.03315478447160749,
        0.02080784556297538
    ],
    "clip_indices": [
        0,
        5,
        11,
        17,
        23,
        28,
        34,
        40,
        46,
        51,
        57,
        63,
        69,
        75,
        80,
        86,
        92,
        98,
        103,
        109,
        115,
        121,
        127,
        132,
        138,
        144,
        150,
        155,
        161,
        167,
        173,
        179
    ]
}