{
    "video_path": "FallVision/No Fall/Stand/nf_raw_s_1/S_D_0006.mp4",
    "active_window": [
        1,
        15
    ],
    "varying_k": 15,
    "detection_status": "Global Event Zone",
    "saliency_weights": [
        0.07281924997091752,
        0.1295825944588529,
        0.18480737005926418,
        0.19231465002262693,
        0.16271653690612292,
        0.12688717052705234,
        0.09761859551063362,
        0.07484047261364793,
        0.058202033194204514,
        0.049818812656648115,
        0.05317378893173512,
        0.06931965628580024,
        0.09157327667153276,
        0.1085203158662221,
        0.11194167030715957,
        0.10001533893803023,
        0.07844355161987397,
        0.056973091572579806,
        0.0412013686757851,
        0.030773678993702876,
        0.023771299952694225,
        0.019067415638348285,
        0.016126322383491844,
        0.014561674940709226,
        0.013956291355485496,
        0.01382005032172318,
        0.013792437288304048,
        0.013704314887721262,
        0.013224962576002034,
        0.011709030604140476,
        0.009111612847990253,
        0.006917954957245799
    ],
    "clip_indices": [
        0,
        7,
        15,
        23,
        30,
        38,
        46,
        53,
        61,
        69,
        77,
        84,
        92,
        100,
        107,
        115,
        123,
        131,
        138,
        146,
        154,
        161,
        169,
        177,
        185,
        192,
        200,
        208,
        215,
        223,
        231,
        239
    ]
}