{
    "video_path": "FallVision/No Fall/Stand/nf_raw_s_1/S_D_0036_resized.mp4",
    "active_window": [
        2,
        5
    ],
    "varying_k": 4,
    "detection_status": "Global Event Zone",
    "saliency_weights": [
        0.039231777563684955,
        0.06979988449744814,
        0.09962504175839937,
        0.10457587184992599,
        0.0921181833050595,
        0.07963602285177446,
        0.07154782613109936,
        0.06489294223322446,
        0.05957197368125042,
        0.05731985555040822,
        0.0574014751462686,
        0.0579495025591451,
        0.059408409461640596,
        0.06315531205409212,
        0.06763529288826418,
        0.06944198239934621,
        0.0678990017908894,
        0.06521247987265276,
        0.06282466338264892,
        0.06047037122455631,
        0.05814063755251502,
        0.056823606580684985,
        0.05729245764997389,
        0.05951513785039453,
        0.06332113061850679,
        0.0684776915621857,
        0.07336142424388697,
        0.07424871107613146,
        0.06787698067296599,
        0.053880570694483716,
        0.035678116690428835,
        0.022003763942975676
    ],
    "clip_indices": [
        0,
        4,
        9,
        14,
        18,
        23,
        28,
        33,
        37,
        42,
        47,
        52,
        56,
        61,
        66,
        71,
        75,
        80,
        85,
        90,
        94,
        99,
        104,
        109,
        113,
        118,
        123,
        128,
        132,
        137,
        142,
        147
    ]
}