{
    "video_path": "FallVision/No Fall/Stand/nf_raw_s_1/S_D_0100_resized.mp4",
    "active_window": [
        8,
        16
    ],
    "varying_k": 9,
    "detection_status": "Global Event Zone",
    "saliency_weights": [
        0.020207451441683042,
        0.03701214562196891,
        0.056579770103314664,
        0.06724577556348052,
        0.06945527537346843,
        0.0686870435842213,
        0.06833320762984345,
        0.06963428119133429,
        0.07275364680436872,
        0.07719597528062051,
        0.08181023025580539,
        0.08513098025934578,
        0.085995263083081,
        0.08402503971555875,
        0.08020703549002016,
        0.07629168124680291,
        0.07331271109100754,
        0.0713280397565682,
        0.07007179732231669,
        0.06931080810582521,
        0.06890598755884997,
        0.06877063620360013,
        0.06875530233650731,
        0.06848365193390699,
        0.06717012691942245,
        0.0639432660848886,
        0.05947804582608275,
        0.05629935747640965,
        0.05414848676159918,
        0.047312623049944734,
        0.033193661658822746,
        0.020454667226240668
    ],
    "clip_indices": [
        0,
        4,
        9,
        14,
        19,
        24,
        28,
        33,
        38,
        43,
        48,
        52,
        57,
        62,
        67,
        72,
        76,
        81,
        86,
        91,
        96,
        100,
        105,
        110,
        115,
        120,
        124,
        129,
        134,
        139,
        144,
        149
    ]
}