{
    "video_path": "FallVision/No Fall/Stand/nf_raw_s_1/S_D_0149_resized.mp4",
    "active_window": [
        5,
        17
    ],
    "varying_k": 13,
    "detection_status": "Global Event Zone",
    "saliency_weights": [
        0.019600207322571103,
        0.03608214468800551,
        0.05563577852960067,
        0.06717568510971778,
        0.07115181658201719,
        0.07249183920661804,
        0.0734910600733549,
        0.07432243934085336,
        0.07489614926416997,
        0.07526805973584824,
        0.07554538693001306,
        0.07582656344965004,
        0.07615914102142922,
        0.07647463147475722,
        0.07650931090195291,
        0.07596205374593776,
        0.07484323551850468,
        0.07344007353610121,
        0.07195471572455134,
        0.07043537106238248,
        0.06900493561625466,
        0.06789875201301371,
        0.06718719798928387,
        0.0666611793474084,
        0.06606775303356215,
        0.06528799686198596,
        0.06436532523122022,
        0.06313091767799339,
        0.05971642833209054,
        0.05016229128303521,
        0.03414901089543673,
        0.020694873137555022
    ],
    "clip_indices": [
        0,
        1,
        3,
        5,
        7,
        9,
        11,
        13,
        15,
        17,
        19,
        20,
        22,
        24,
        26,
        28,
        30,
        32,
        34,
        36,
        38,
        39,
        41,
        43,
        45,
        47,
        49,
        51,
        53,
        55,
        57,
        59
    ]
}