{
    "video_path": "FallVision/No Fall/Stand/nf_raw_s_1/S_D_0216.mp4",
    "active_window": [
        0,
        6
    ],
    "varying_k": 7,
    "detection_status": "Global Event Zone",
    "saliency_weights": [
        0.12244297462101555,
        0.22071910451983967,
        0.3237089069067085,
        0.3523700102966869,
        0.30891102303698464,
        0.23285613797192067,
        0.15666876665493518,
        0.09849703061251866,
        0.060736459131361484,
        0.037689005261046,
        0.023770193066207354,
        0.015347199155018023,
        0.010386392568474016,
        0.007712492472027847,
        0.0063796510787640665,
        0.005589382028835988,
        0.004997805713418743,
        0.004646819294140901,
        0.00456492389910193,
        0.004636125537762605,
        0.004749008373447828,
        0.004866722352313092,
        0.004973965752420745,
        0.005047541982050013,
        0.0050855357175031805,
        0.005120590693453268,
        0.0051725226800057415,
        0.005208433818528318,
        0.0051416689775279495,
        0.00485504135440239,
        0.004356749109248909,
        0.003936726595785722
    ],
    "clip_indices": [
        0,
        2,
        5,
        8,
        11,
        14,
        17,
        20,
        22,
        25,
        28,
        31,
        34,
        37,
        40,
        43,
        45,
        48,
        51,
        54,
        57,
        60,
        63,
        66,
        68,
        71,
        74,
        77,
        80,
        83,
        86,
        89
    ]
}