{
    "video_path": "FallVision/No Fall/Stand/nf_raw_s_1/S_D_0239_resized.mp4",
    "active_window": [
        2,
        6
    ],
    "varying_k": 5,
    "detection_status": "Peak Only",
    "saliency_weights": [
        0.022485818471983738,
        0.0409992983892022,
        0.06182702848019603,
        0.07174633093745172,
        0.0720667713230298,
        0.06966763271485138,
        0.06783278746790393,
        0.0669668679882893,
        0.06697838666294739,
        0.06777150794786363,
        0.06903113305004566,
        0.07027599852213157,
        0.07107441490465999,
        0.07122825647960837,
        0.07098205576074673,
        0.07080174657299448,
        0.07084468405399261,
        0.07092293360211949,
        0.070874536986334,
        0.0707238414011552,
        0.07061900589348158,
        0.07072449710387482,
        0.07103888897706505,
        0.07134609542000452,
        0.0714255679778402,
        0.07119089775525492,
        0.07064244016802076,
        0.06944729096877986,
        0.06553121123215791,
        0.05480267628744519,
        0.037144479915603115,
        0.022407850227069297
    ],
    "clip_indices": [
        0,
        2,
        5,
        8,
        11,
        14,
        17,
        20,
        23,
        26,
        29,
        31,
        34,
        37,
        40,
        43,
        46,
        49,
        52,
        55,
        58,
        60,
        63,
        66,
        69,
        72,
        75,
        78,
        81,
        84,
        87,
        90
    ]
}