{
    "video_path": "FallVision/No Fall/Stand/nf_raw_s_1/S_D_0088_resized.mp4",
    "active_window": [
        0,
        5
    ],
    "varying_k": 6,
    "detection_status": "Global Event Zone",
    "saliency_weights": [
        0.15816184138509987,
        0.27504960920509663,
        0.37112062726329376,
        0.3433213423050974,
        0.23697786233375828,
        0.14336717028231094,
        0.08910486708619092,
        0.05911383936704283,
        0.04088022706780393,
        0.02993972157851496,
        0.02363260290569484,
        0.019562696745967573,
        0.01665475849068634,
        0.01483222859941331,
        0.013942608827565171,
        0.013566898320031382,
        0.013429409632179508,
        0.013499987182048478,
        0.013817142228200652,
        0.014361976784502573,
        0.014990449657657626,
        0.015451994093393942,
        0.01554854569740576,
        0.015230552803632037,
        0.014598531774883204,
        0.013873620080657248,
        0.013229481629147666,
        0.012661606279117117,
        0.011958027358768959,
        0.010748668331408565,
        0.009023254465650977,
        0.007641949526379503
    ],
    "clip_indices": [
        0,
        2,
        5,
        8,
        11,
        14,
        17,
        20,
        22,
        25,
        28,
        31,
        34,
        37,
        40,
        43,
        45,
        48,
        51,
        54,
        57,
        60,
        63,
        66,
        68,
        71,
        74,
        77,
        80,
        83,
        86,
        89
    ]
}