{
    "video_path": "FallVision/No Fall/Stand/nf_raw_s_1/S_D_0010.mp4",
    "active_window": [
        1,
        12
    ],
    "varying_k": 12,
    "detection_status": "Global Event Zone",
    "saliency_weights": [
        0.09093879452371276,
        0.1571952840086743,
        0.2089013014448178,
        0.18650051823023128,
        0.11981539136516096,
        0.06647547497510473,
        0.0455931643058263,
        0.05365539716286043,
        0.09086485634615826,
        0.1492718828745329,
        0.19067438025989406,
        0.17626588319313197,
        0.11909686773624717,
        0.06556353947503699,
        0.0402945016902295,
        0.03808794595618806,
        0.044522906185226474,
        0.047676358967592224,
        0.04320639905413199,
        0.03368921726759776,
        0.023345942934669576,
        0.015167736105895356,
        0.010146615078815834,
        0.00746650551900359,
        0.0060308304054567,
        0.005286591215543155,
        0.004973522273604604,
        0.004848048543199298,
        0.00468597775939885,
        0.004339108473614571,
        0.0038204657053480962,
        0.0034023177429322628
    ],
    "clip_indices": [
        0,
        11,
        23,
        34,
        46,
        57,
        69,
        81,
        92,
        104,
        115,
        127,
        138,
        150,
        162,
        173,
        185,
        196,
        208,
        220,
        231,
        243,
        254,
        266,
        277,
        289,
        301,
        312,
        324,
        335,
        347,
        359
    ]
}