{
    "video_path": "FallVision/No Fall/Stand/nf_raw_s_2/S_N_220_resized.mp4",
    "active_window": [
        10,
        16
    ],
    "varying_k": 7,
    "detection_status": "Global Event Zone",
    "saliency_weights": [
        0.018975554027909805,
        0.03498795695943664,
        0.054101478107839523,
        0.06551501489467418,
        0.06928557709391245,
        0.069913030614931,
        0.06994891596701376,
        0.07013429227702148,
        0.07067898961129282,
        0.0715928212567824,
        0.07261785443315619,
        0.07339980446813782,
        0.07377705778937796,
        0.07375454905684559,
        0.07334856115551053,
        0.07258895795996732,
        0.07163231330227274,
        0.07072798012455858,
        0.07003103298615633,
        0.0695622755239915,
        0.06931445497369404,
        0.06929194543330641,
        0.0694600709870391,
        0.06973677449751033,
        0.07009131945478934,
        0.07056327183629384,
        0.07104187830729705,
        0.07076659863415274,
        0.06726721953923206,
        0.05636860919565993,
        0.03814258744349271,
        0.022895337666046782
    ],
    "clip_indices": [
        0,
        1,
        3,
        5,
        7,
        9,
        11,
        13,
        15,
        17,
        19,
        20,
        22,
        24,
        26,
        28,
        30,
        32,
        34,
        36,
        38,
        39,
        41,
        43,
        45,
        47,
        49,
        51,
        53,
        55,
        57,
        59
    ]
}