{
    "video_path": "FallVision/No Fall/Stand/nf_raw_s_2/S_N_201_resized.mp4",
    "active_window": [
        19,
        23
    ],
    "varying_k": 5,
    "detection_status": "Global Event Zone",
    "saliency_weights": [
        0.021834051241235095,
        0.03959335239200726,
        0.05904457536995951,
        0.06749169710783248,
        0.06749160871340218,
        0.0667196521423761,
        0.06740483986341383,
        0.06826694479833917,
        0.06859770738438833,
        0.06863244520703629,
        0.06881032615379787,
        0.06941467185748215,
        0.07037105446325984,
        0.07135264754488677,
        0.07202553694803962,
        0.07217997185190742,
        0.07185025099424425,
        0.07136666374262998,
        0.07131882079587515,
        0.07218931591577672,
        0.07353303275049614,
        0.0740849692313527,
        0.07333606193486297,
        0.07212447068149497,
        0.07135129845921832,
        0.07114980671402546,
        0.07108740230741993,
        0.07009913287905391,
        0.06577048364053795,
        0.0544815992609151,
        0.036628646424194104,
        0.02195639062075709
    ],
    "clip_indices": [
        0,
        3,
        7,
        11,
        15,
        19,
        23,
        26,
        30,
        34,
        38,
        42,
        46,
        49,
        53,
        57,
        61,
        65,
        69,
        72,
        76,
        80,
        84,
        88,
        92,
        95,
        99,
        103,
        107,
        111,
        115,
        119
    ]
}