{
    "video_path": "FallVision/No Fall/Stand/nf_raw_s_2/S_N_323_resized.mp4",
    "active_window": [
        5,
        9
    ],
    "varying_k": 5,
    "detection_status": "Peak Only",
    "saliency_weights": [
        0.019939457384096138,
        0.036659522308696305,
        0.05629203530235405,
        0.06744411648137225,
        0.07068667549708343,
        0.07121247984551227,
        0.07142460395949563,
        0.07152581994331147,
        0.07151189234297864,
        0.07150485621799299,
        0.07151196897672986,
        0.07143974605808123,
        0.07123102323794406,
        0.07090510150801611,
        0.07055485292594008,
        0.07031355764302238,
        0.07028751085929233,
        0.07049291217966888,
        0.07078240231147942,
        0.07091314936111004,
        0.0708011498044846,
        0.07058417725112534,
        0.0704130921007237,
        0.07033570601302937,
        0.07033215384597996,
        0.07035340266585707,
        0.07031395181018338,
        0.06969892714896844,
        0.06621730553488832,
        0.055585016826957385,
        0.03766669067189055,
        0.02262011927955872
    ],
    "clip_indices": [
        0,
        7,
        15,
        23,
        30,
        38,
        46,
        53,
        61,
        69,
        77,
        84,
        92,
        100,
        107,
        115,
        123,
        131,
        138,
        146,
        154,
        161,
        169,
        177,
        185,
        192,
        200,
        208,
        215,
        223,
        231,
        239
    ]
}