{
    "video_path": "FallVision/No Fall/Stand/nf_raw_s_2/S_N_542_resized.mp4",
    "active_window": [
        3,
        27
    ],
    "varying_k": 25,
    "detection_status": "Global Event Zone",
    "saliency_weights": [
        0.02051602632158439,
        0.03953405942228025,
        0.0670865583220948,
        0.09123628242102973,
        0.10215415795315394,
        0.09604412608763466,
        0.08072087951341192,
        0.06662923264690358,
        0.055807451941322056,
        0.046354063189442504,
        0.040529777666793845,
        0.04226395605362029,
        0.050267471058672325,
        0.059302397120684004,
        0.06571307526718338,
        0.06868323011758012,
        0.06902692065409845,
        0.06822817112262619,
        0.06767099715775649,
        0.06821079755000967,
        0.06977805681725067,
        0.07154464772349955,
        0.07298664027719871,
        0.07430862685079223,
        0.07578276186840575,
        0.07726390742210829,
        0.07816115021382336,
        0.07723085687733186,
        0.07208174876058712,
        0.059522063379227774,
        0.04046814387485634,
        0.0250547770828217
    ],
    "clip_indices": [
        0,
        15,
        30,
        46,
        61,
        77,
        92,
        108,
        123,
        139,
        154,
        169,
        185,
        200,
        216,
        231,
        247,
        262,
        278,
        293,
        309,
        324,
        339,
        355,
        370,
        386,
        401,
        417,
        432,
        448,
        463,
        479
    ]
}