{
    "video_path": "FallVision/No Fall/Stand/nf_raw_s_2/S_N_477_resized.mp4",
    "active_window": [
        2,
        6
    ],
    "varying_k": 5,
    "detection_status": "Global Event Zone",
    "saliency_weights": [
        0.041339165414957316,
        0.0749515212541227,
        0.11146373758240144,
        0.12516456935185685,
        0.11711625324734959,
        0.10001395949523052,
        0.08287794250417188,
        0.06995321608876781,
        0.06191854692264971,
        0.057672864902983345,
        0.05573046384051941,
        0.05475285574025385,
        0.053855752188542994,
        0.052694836572513705,
        0.05156548240994933,
        0.05113954676801538,
        0.05189985662027323,
        0.05388434739826546,
        0.05661615134407629,
        0.059322594681672565,
        0.06154795543259167,
        0.06327099688128507,
        0.0643988944518013,
        0.06465310270998881,
        0.06419348737344233,
        0.06382763415400834,
        0.06393856235549475,
        0.06353875406417026,
        0.060156348687187305,
        0.0504392060042313,
        0.034743600815842476,
        0.021773150092686138
    ],
    "clip_indices": [
        0,
        5,
        11,
        17,
        23,
        28,
        34,
        40,
        46,
        51,
        57,
        63,
        69,
        75,
        80,
        86,
        92,
        98,
        103,
        109,
        115,
        121,
        127,
        132,
        138,
        144,
        150,
        155,
        161,
        167,
        173,
        179
    ]
}