{
    "video_path": "FallVision/No Fall/Stand/nf_raw_s_2/S_N_97_resized.mp4",
    "active_window": [
        5,
        12
    ],
    "varying_k": 8,
    "detection_status": "Global Event Zone",
    "saliency_weights": [
        0.020481132492716297,
        0.03759862045823656,
        0.05754765832278724,
        0.06857102187761333,
        0.07138544628368035,
        0.07152010433289564,
        0.0715536765916463,
        0.07169340812446662,
        0.07180884884556746,
        0.07188179572737127,
        0.07189601804907265,
        0.07179453625550619,
        0.0715003044579397,
        0.07099299166804635,
        0.07041989837307128,
        0.07001305335817218,
        0.06986058493827789,
        0.06988363194601682,
        0.0699814474308518,
        0.07010627095738498,
        0.0702698272663036,
        0.07049778479490328,
        0.07071664093130837,
        0.07074413467275273,
        0.07049206817721965,
        0.07007553633890864,
        0.06962540547820878,
        0.06877036172525222,
        0.06528101360421645,
        0.05484928999034443,
        0.03724410880236949,
        0.02244277091147063
    ],
    "clip_indices": [
        0,
        3,
        7,
        11,
        15,
        19,
        22,
        26,
        30,
        34,
        38,
        41,
        45,
        49,
        53,
        57,
        60,
        64,
        68,
        72,
        76,
        79,
        83,
        87,
        91,
        95,
        98,
        102,
        106,
        110,
        114,
        118
    ]
}