{
    "video_path": "FallVision/No Fall/Stand/nf_raw_s_2/S_N_53.mp4",
    "active_window": [
        14,
        18
    ],
    "varying_k": 5,
    "detection_status": "Global Event Zone",
    "saliency_weights": [
        0.019054483316546963,
        0.03504947612812359,
        0.05391967011182495,
        0.0647925771841588,
        0.06807177164809011,
        0.06865240313147992,
        0.06907809238504262,
        0.06976194670139865,
        0.07044709908782117,
        0.0708418545844961,
        0.07092770503885,
        0.0709123672418221,
        0.07106323876521835,
        0.07150160511454365,
        0.07196408218045475,
        0.07204625660386248,
        0.07178494701826421,
        0.07157496362536996,
        0.07151410932509926,
        0.07135224928788672,
        0.07110416969546866,
        0.07113372135975524,
        0.07144430821321412,
        0.07149444020038154,
        0.07107801814355097,
        0.07074608734390156,
        0.07093824435289017,
        0.07098494229683558,
        0.06811065497615046,
        0.05756859282321661,
        0.039121618393470226,
        0.023475888098147414
    ],
    "clip_indices": [
        0,
        2,
        4,
        6,
        9,
        11,
        13,
        16,
        18,
        20,
        22,
        25,
        27,
        29,
        32,
        34,
        36,
        38,
        41,
        43,
        45,
        48,
        50,
        52,
        54,
        57,
        59,
        61,
        64,
        66,
        68,
        71
    ]
}