{
    "video_path": "FallVision/No Fall/Stand/nf_raw_s_2/S_N_403_resized.mp4",
    "active_window": [
        2,
        10
    ],
    "varying_k": 9,
    "detection_status": "Global Event Zone",
    "saliency_weights": [
        0.03345421111549916,
        0.06118761943707442,
        0.09334931423727316,
        0.11018945883457151,
        0.11167999792385669,
        0.10805236211376075,
        0.10965557432008594,
        0.11928309963710701,
        0.12531262038664506,
        0.1151541702562394,
        0.09417109193431338,
        0.07621989150593214,
        0.06372837345443688,
        0.050554936045637426,
        0.03610967906250345,
        0.025707550593031134,
        0.021564028788306114,
        0.02130226721595221,
        0.022976209342233652,
        0.02658178324190684,
        0.03165922152928339,
        0.036562719249578234,
        0.04060973109703497,
        0.04517585646007413,
        0.05242549540884363,
        0.06362541631242692,
        0.0763053579918567,
        0.08311711240868216,
        0.07810690499109518,
        0.06190296437096318,
        0.04036588474685908,
        0.024300728947144065
    ],
    "clip_indices": [
        0,
        1,
        3,
        5,
        7,
        9,
        11,
        13,
        15,
        17,
        19,
        20,
        22,
        24,
        26,
        28,
        30,
        32,
        34,
        36,
        38,
        39,
        41,
        43,
        45,
        47,
        49,
        51,
        53,
        55,
        57,
        59
    ]
}