{
    "video_path": "FallVision/No Fall/Stand/nf_raw_s_2/S_N_250_resized.mp4",
    "active_window": [
        17,
        22
    ],
    "varying_k": 6,
    "detection_status": "Global Event Zone",
    "saliency_weights": [
        0.015789374185723765,
        0.028703749081282443,
        0.04433370052549661,
        0.05457064711457979,
        0.06051789942869634,
        0.0660505499102802,
        0.07122695980290927,
        0.07421950241253003,
        0.07480771135988849,
        0.0740004036596527,
        0.07261901092126455,
        0.07102303787055489,
        0.06931011511938409,
        0.06778870265195007,
        0.06750026157656867,
        0.06951832353433354,
        0.07343493927639572,
        0.07832430975345227,
        0.0856144091849626,
        0.09704739585630823,
        0.10709924937335341,
        0.10427473160533099,
        0.08652681634624618,
        0.06602668435533957,
        0.05276798945006157,
        0.045869284019698954,
        0.043316355279397215,
        0.04771056327958272,
        0.057084542641699945,
        0.05865483566062755,
        0.044974195730591304,
        0.02905364179548634
    ],
    "clip_indices": [
        0,
        2,
        5,
        8,
        11,
        14,
        17,
        20,
        22,
        25,
        28,
        31,
        34,
        37,
        40,
        43,
        45,
        48,
        51,
        54,
        57,
        60,
        63,
        66,
        68,
        71,
        74,
        77,
        80,
        83,
        86,
        89
    ]
}