{
    "video_path": "FallVision/No Fall/Stand/nf_raw_s_2/S_N_240_resized.mp4",
    "active_window": [
        22,
        27
    ],
    "varying_k": 6,
    "detection_status": "Global Event Zone",
    "saliency_weights": [
        0.020239736043674652,
        0.03726391796577342,
        0.05736736274319311,
        0.06888644894637128,
        0.0719487990845174,
        0.07154692628295631,
        0.07060976484994251,
        0.07000277777864808,
        0.06974472625671643,
        0.0696258991560823,
        0.06951741910978723,
        0.06939466632662819,
        0.06927771844212971,
        0.06918465835524426,
        0.06909755153729469,
        0.0689974709593599,
        0.06894225719731087,
        0.06903017773827719,
        0.06926086319373809,
        0.06955413618851172,
        0.0699456099453367,
        0.07059633430108234,
        0.07151710891199874,
        0.07244715102371685,
        0.07306184253276296,
        0.0731545749684788,
        0.07274506868276939,
        0.07170277478175632,
        0.06796923842800788,
        0.05706031778287792,
        0.03865916093484875,
        0.023179095449174267
    ],
    "clip_indices": [
        0,
        1,
        3,
        5,
        7,
        9,
        11,
        13,
        15,
        17,
        19,
        20,
        22,
        24,
        26,
        28,
        30,
        32,
        34,
        36,
        38,
        39,
        41,
        43,
        45,
        47,
        49,
        51,
        53,
        55,
        57,
        59
    ]
}