{
    "video_path": "FallVision/No Fall/Stand/nf_raw_s_2/S_N_385_resized.mp4",
    "active_window": [
        17,
        21
    ],
    "varying_k": 5,
    "detection_status": "Global Event Zone",
    "saliency_weights": [
        0.02081323147866728,
        0.038221406640691256,
        0.05886816703303098,
        0.07101913833637195,
        0.07502684196750498,
        0.07562595191137436,
        0.07429199284405774,
        0.07091702956512276,
        0.06712843782539803,
        0.06497689447404659,
        0.06426726572776358,
        0.0637894282294678,
        0.06390845530686112,
        0.06563764730605404,
        0.06799900111064518,
        0.06927329687332645,
        0.07082334894841408,
        0.07564823282177212,
        0.08217806984698123,
        0.08449074044965538,
        0.08013904705324074,
        0.07248310850631645,
        0.06513266943606259,
        0.059439647125435466,
        0.05725066290951718,
        0.061595340997818514,
        0.07125964154362549,
        0.07775129537908992,
        0.07343071380607914,
        0.0581782204478484,
        0.03760174074885064,
        0.02218640289875578
    ],
    "clip_indices": [
        0,
        2,
        4,
        6,
        9,
        11,
        13,
        16,
        18,
        20,
        22,
        25,
        27,
        29,
        32,
        34,
        36,
        38,
        41,
        43,
        45,
        48,
        50,
        52,
        54,
        57,
        59,
        61,
        64,
        66,
        68,
        71
    ]
}