{
    "video_path": "FallVision/No Fall/Stand/nf_raw_s_2/S_N_570_resized.mp4",
    "active_window": [
        15,
        28
    ],
    "varying_k": 14,
    "detection_status": "Global Event Zone",
    "saliency_weights": [
        0.019386985088210885,
        0.03535593444122754,
        0.05365601611765612,
        0.06302831296110313,
        0.06417093195101402,
        0.0626614735691287,
        0.0617430718719738,
        0.06218923989992041,
        0.06336000591185782,
        0.06426188231835087,
        0.06448852150892145,
        0.06419185467208023,
        0.06383719021351858,
        0.06435812238198457,
        0.06734775899134197,
        0.0737251093373134,
        0.08118914790150379,
        0.08534365660996387,
        0.0843555259629507,
        0.07990952848047436,
        0.07423916823502835,
        0.06880520093343478,
        0.06500318861172417,
        0.06445310446768682,
        0.06791910079945804,
        0.07438400231570952,
        0.08101805152055866,
        0.08333026393869153,
        0.07736159090024156,
        0.06190154968058538,
        0.040447325970144665,
        0.0238880000439489
    ],
    "clip_indices": [
        0,
        3,
        7,
        11,
        15,
        19,
        23,
        26,
        30,
        34,
        38,
        42,
        46,
        49,
        53,
        57,
        61,
        65,
        69,
        72,
        76,
        80,
        84,
        88,
        92,
        95,
        99,
        103,
        107,
        111,
        115,
        119
    ]
}