{
    "video_path": "FallVision/No Fall/Stand/nf_raw_s_2/S_N_85_resized.mp4",
    "active_window": [
        18,
        25
    ],
    "varying_k": 8,
    "detection_status": "Global Event Zone",
    "saliency_weights": [
        0.020295578513667152,
        0.036990211830705985,
        0.055852213539231664,
        0.06509767133641231,
        0.06610795905910802,
        0.06529703896056022,
        0.06569798005404462,
        0.0672710220966378,
        0.06873515129048477,
        0.06907719248904243,
        0.06885381288763681,
        0.06924784668086477,
        0.07029966446502306,
        0.07114792221788606,
        0.07129246064986391,
        0.07090364961660486,
        0.07053296542579508,
        0.07075869605015277,
        0.07173229849657528,
        0.07319781679560677,
        0.0749748619412113,
        0.07694487328626269,
        0.07838630691326892,
        0.07801362291893074,
        0.07555161291144435,
        0.07244934359096335,
        0.07012017668055517,
        0.0683677303726028,
        0.06463479994667355,
        0.0543109237291155,
        0.03694628637050837,
        0.02233515945890588
    ],
    "clip_indices": [
        0,
        4,
        9,
        14,
        19,
        24,
        28,
        33,
        38,
        43,
        48,
        52,
        57,
        62,
        67,
        72,
        76,
        81,
        86,
        91,
        96,
        100,
        105,
        110,
        115,
        120,
        124,
        129,
        134,
        139,
        144,
        149
    ]
}