{
    "video_path": "FallVision/No Fall/Stand/nf_raw_s_2/S_N_281.mp4",
    "active_window": [
        0,
        5
    ],
    "varying_k": 6,
    "detection_status": "Global Event Zone",
    "saliency_weights": [
        0.13863440762362364,
        0.2391362204047831,
        0.31634559132792184,
        0.28087036673135507,
        0.18324776847044513,
        0.1124407049154299,
        0.08514537527950297,
        0.07518081336038912,
        0.06556652275524197,
        0.05320068177079433,
        0.04025451748489492,
        0.02965276199704029,
        0.022786208449576614,
        0.01943959057599981,
        0.018420083415635995,
        0.01837785231302321,
        0.018835006104324453,
        0.019985273650074353,
        0.021542646226565897,
        0.02270735396880902,
        0.023404296137792907,
        0.024422653562871398,
        0.02589053487890284,
        0.02678459117892039,
        0.02649192270869282,
        0.025648554241611374,
        0.025017473750581116,
        0.02459509772118598,
        0.02364839042814865,
        0.021012700029790908,
        0.016610794354239844,
        0.012919123926890517
    ],
    "clip_indices": [
        0,
        2,
        5,
        7,
        10,
        12,
        15,
        17,
        20,
        22,
        25,
        28,
        30,
        33,
        35,
        38,
        40,
        43,
        45,
        48,
        50,
        53,
        56,
        58,
        61,
        63,
        66,
        68,
        71,
        73,
        76,
        79
    ]
}