{
    "video_path": "FallVision/No Fall/Stand/nf_raw_s_2/S_N_23.mp4",
    "active_window": [
        0,
        5
    ],
    "varying_k": 6,
    "detection_status": "Global Event Zone",
    "saliency_weights": [
        0.14115420598430145,
        0.25258037308131154,
        0.3640991233913694,
        0.3823196324234068,
        0.31318282168247613,
        0.20928220377601925,
        0.1157208061539981,
        0.05706701845104785,
        0.030165513718444455,
        0.01906623097574074,
        0.013619408870911716,
        0.010625581864511324,
        0.009124594227851881,
        0.008461938746140278,
        0.008149250939007958,
        0.0078993571516894,
        0.0076365198722564125,
        0.007420011267489119,
        0.007295099413512238,
        0.007247641853863715,
        0.007254507046682738,
        0.0073086272903989825,
        0.007404421483009913,
        0.007527195122987658,
        0.00765871092337766,
        0.007780816623340429,
        0.007874094735836428,
        0.007901561528485977,
        0.007759040002011115,
        0.007273542599989686,
        0.00645960310170977,
        0.005779622537005321
    ],
    "clip_indices": [
        0,
        2,
        4,
        7,
        9,
        11,
        14,
        16,
        19,
        21,
        23,
        26,
        28,
        31,
        33,
        35,
        38,
        40,
        42,
        45,
        47,
        50,
        52,
        54,
        57,
        59,
        62,
        64,
        66,
        69,
        71,
        74
    ]
}