{
    "video_path": "FallVision/No Fall/Stand/nf_raw_s_2/S_N_28.mp4",
    "active_window": [
        0,
        5
    ],
    "varying_k": 6,
    "detection_status": "Global Event Zone",
    "saliency_weights": [
        0.10788942116895525,
        0.18833167217671076,
        0.2565893538785991,
        0.2431905251456885,
        0.1778868414577064,
        0.12151025020731801,
        0.09233878793743823,
        0.08013022838045378,
        0.07413759109688076,
        0.06861725293030826,
        0.06162613242089063,
        0.0534293984313353,
        0.04544022822526738,
        0.039154420686378755,
        0.03488240776626135,
        0.03195495430046776,
        0.02981046759230284,
        0.02826692982101775,
        0.027161839576546054,
        0.026242269327315396,
        0.025399129774111368,
        0.02473751073061191,
        0.02437892845209235,
        0.024334229939243106,
        0.024503087693340905,
        0.024707472986373692,
        0.024818309866367336,
        0.02472016837977796,
        0.023840120664528286,
        0.021008923398982603,
        0.016169410745231653,
        0.012087890129831365
    ],
    "clip_indices": [
        0,
        2,
        4,
        7,
        9,
        11,
        14,
        16,
        19,
        21,
        23,
        26,
        28,
        31,
        33,
        35,
        38,
        40,
        42,
        45,
        47,
        50,
        52,
        54,
        57,
        59,
        62,
        64,
        66,
        69,
        71,
        74
    ]
}