{
    "video_path": "FallVision/No Fall/Stand/nf_raw_s_2/S_N_226_resized.mp4",
    "active_window": [
        11,
        22
    ],
    "varying_k": 12,
    "detection_status": "Global Event Zone",
    "saliency_weights": [
        0.020025087002191674,
        0.03621831457853257,
        0.053957550716953226,
        0.061592278872705034,
        0.06128984680443481,
        0.060226873892743366,
        0.061361104764465386,
        0.06419299414042628,
        0.0672381177724738,
        0.0695265340444445,
        0.07167311502751848,
        0.07462817958761338,
        0.07765653065008668,
        0.07941253911269072,
        0.08058820557494469,
        0.08311843757739978,
        0.08698330082722511,
        0.09007709944613701,
        0.09079466788450122,
        0.08897981087482706,
        0.0852055985167896,
        0.08025121414024403,
        0.07481784405468682,
        0.06946580489720044,
        0.06465966709854927,
        0.06073946096996384,
        0.05765530332215034,
        0.05460301724211013,
        0.04976840518519375,
        0.04061836177546985,
        0.027427943513899634,
        0.016878864757409875
    ],
    "clip_indices": [
        0,
        3,
        6,
        9,
        12,
        15,
        18,
        21,
        24,
        27,
        30,
        33,
        36,
        39,
        42,
        45,
        49,
        52,
        55,
        58,
        61,
        64,
        67,
        70,
        73,
        76,
        79,
        82,
        85,
        88,
        91,
        95
    ]
}