{
    "video_path": "FallVision/No Fall/Stand/nf_raw_s_2/S_N_218_resized.mp4",
    "active_window": [
        8,
        28
    ],
    "varying_k": 21,
    "detection_status": "Global Event Zone",
    "saliency_weights": [
        0.016540825879139662,
        0.02993052840806365,
        0.04479984110666972,
        0.05191925021106149,
        0.05367703248909056,
        0.05627214722675866,
        0.06144375755356964,
        0.06768926109205489,
        0.07305711768809914,
        0.076143807799809,
        0.076661234738376,
        0.07525123214011623,
        0.07312141589679373,
        0.07130483176428756,
        0.06966561634567345,
        0.06747641452378893,
        0.06505584251122462,
        0.06378813811065404,
        0.06466794377345805,
        0.06764312334773727,
        0.07175828708748219,
        0.07561208492112226,
        0.07843420019210384,
        0.08040149500121621,
        0.08168223904908217,
        0.08197559122598852,
        0.08117912320891645,
        0.0794035102195555,
        0.07473999301337857,
        0.062454538707287094,
        0.04221272788840694,
        0.025286614279117953
    ],
    "clip_indices": [
        0,
        3,
        7,
        11,
        15,
        19,
        23,
        26,
        30,
        34,
        38,
        42,
        46,
        49,
        53,
        57,
        61,
        65,
        69,
        72,
        76,
        80,
        84,
        88,
        92,
        95,
        99,
        103,
        107,
        111,
        115,
        119
    ]
}