{
    "video_path": "FallVision/No Fall/Stand/nf_raw_s_2/S_N_104_resized.mp4",
    "active_window": [
        16,
        22
    ],
    "varying_k": 7,
    "detection_status": "Global Event Zone",
    "saliency_weights": [
        0.023026322933152855,
        0.04164675980047809,
        0.061761685963399385,
        0.0697899469779302,
        0.06837783145936238,
        0.06567427309223965,
        0.06416798001390914,
        0.06272141799511359,
        0.06087998360389315,
        0.05919944766625178,
        0.058364610523243904,
        0.05883215553415415,
        0.06064605146558824,
        0.06351395522610827,
        0.06697968578264789,
        0.07066779680351559,
        0.07457510538045531,
        0.07867687849198973,
        0.08195923826712094,
        0.08273285187372893,
        0.08056631526620829,
        0.07684432532443661,
        0.07326277618635356,
        0.07083781406950487,
        0.06961482496845764,
        0.0689285284377523,
        0.06890823273670219,
        0.0705684792752951,
        0.07152190623151367,
        0.06384791180431451,
        0.044820204826165895,
        0.027207078731111355
    ],
    "clip_indices": [
        0,
        3,
        7,
        11,
        15,
        19,
        23,
        26,
        30,
        34,
        38,
        42,
        46,
        49,
        53,
        57,
        61,
        65,
        69,
        72,
        76,
        80,
        84,
        88,
        92,
        95,
        99,
        103,
        107,
        111,
        115,
        119
    ]
}