{
    "video_path": "FallVision/No Fall/Stand/nf_raw_s_2/S_N_436.mp4",
    "active_window": [
        0,
        5
    ],
    "varying_k": 6,
    "detection_status": "Global Event Zone",
    "saliency_weights": [
        0.12347788914714869,
        0.21419345933385145,
        0.2872532958777444,
        0.26239132438564794,
        0.1778157368606813,
        0.10718852281461796,
        0.06975777855060089,
        0.05095857221136048,
        0.040592241409976,
        0.03595106623323754,
        0.034580115187679214,
        0.033589624175795064,
        0.03214722001193023,
        0.030992882818601724,
        0.03040321058804503,
        0.029933864518941283,
        0.029344730898721652,
        0.02886227473666641,
        0.02883255866023559,
        0.029459073043794127,
        0.030621157476311556,
        0.03192902819274013,
        0.033133602476260716,
        0.0342768093612606,
        0.035400832174091026,
        0.03636973423105933,
        0.036979226976254415,
        0.036913125024286744,
        0.03526353931741304,
        0.0304875219372351,
        0.022758621289050644,
        0.016365689022558437
    ],
    "clip_indices": [
        0,
        3,
        7,
        11,
        15,
        19,
        23,
        26,
        30,
        34,
        38,
        42,
        46,
        49,
        53,
        57,
        61,
        65,
        69,
        72,
        76,
        80,
        84,
        88,
        92,
        95,
        99,
        103,
        107,
        111,
        115,
        119
    ]
}