{
    "video_path": "FallVision/No Fall/Stand/nf_raw_s_2/S_N_517_resized.mp4",
    "active_window": [
        11,
        20
    ],
    "varying_k": 10,
    "detection_status": "Global Event Zone",
    "saliency_weights": [
        0.020590605448535776,
        0.03768062794484163,
        0.05730571347626755,
        0.06766348268131855,
        0.07001172398125059,
        0.07023930464729433,
        0.0703012394153389,
        0.06984728580065544,
        0.06956462803465953,
        0.07042099429771825,
        0.0716996154633368,
        0.07207312379494565,
        0.07183499836587798,
        0.07215552000683914,
        0.07284812501341545,
        0.07280046351873548,
        0.07218561416453959,
        0.07225666002534914,
        0.07300700694509343,
        0.0730498588918917,
        0.07204618883298945,
        0.07124306829578442,
        0.0712102516436453,
        0.07101427349122062,
        0.07019098808282055,
        0.06966041218469401,
        0.06974423744225153,
        0.0686718287280696,
        0.06352999459018771,
        0.05168664009980137,
        0.03440335283447657,
        0.02064569858909484
    ],
    "clip_indices": [
        0,
        4,
        9,
        14,
        18,
        23,
        28,
        33,
        37,
        42,
        47,
        52,
        56,
        61,
        66,
        71,
        75,
        80,
        85,
        90,
        94,
        99,
        104,
        109,
        113,
        118,
        123,
        128,
        132,
        137,
        142,
        147
    ]
}