{
    "video_path": "FallVision/No Fall/Stand/nf_raw_s_2/S_N_03.mp4",
    "active_window": [
        1,
        5
    ],
    "varying_k": 5,
    "detection_status": "Global Event Zone",
    "saliency_weights": [
        0.08664533013919626,
        0.15201661731670324,
        0.20958208638306597,
        0.20314990530006116,
        0.15228787518963455,
        0.10225768965712459,
        0.07034489054175368,
        0.053467999029077506,
        0.04552498891828205,
        0.04233716137181229,
        0.04233166200978263,
        0.04487929974815984,
        0.04816404126266208,
        0.04989310757255208,
        0.04958074396708573,
        0.048301606232732316,
        0.046812724755898594,
        0.04519557285274331,
        0.043725953447417344,
        0.043016096547575586,
        0.04323130025999092,
        0.043886685062736575,
        0.04455419167709376,
        0.04517980671563582,
        0.045713726310747285,
        0.04590013706458,
        0.04553995005353908,
        0.04449414480870913,
        0.041828270463554466,
        0.03556609193086975,
        0.025786234713925077,
        0.017756828269310312
    ],
    "clip_indices": [
        0,
        1,
        3,
        5,
        7,
        9,
        11,
        13,
        15,
        17,
        19,
        20,
        22,
        24,
        26,
        28,
        30,
        32,
        34,
        36,
        38,
        39,
        41,
        43,
        45,
        47,
        49,
        51,
        53,
        55,
        57,
        59
    ]
}