{
    "video_path": "FallVision/No Fall/Stand/nf_raw_s_2/S_N_318_resized.mp4",
    "active_window": [
        13,
        27
    ],
    "varying_k": 15,
    "detection_status": "Global Event Zone",
    "saliency_weights": [
        0.01918510411584927,
        0.03500978681904368,
        0.0529868232052751,
        0.06195059684618099,
        0.06298160665786089,
        0.06200957635093944,
        0.06219563264411546,
        0.06393715007870589,
        0.06617290241653886,
        0.06776001823251637,
        0.06875169608673812,
        0.06986766388627741,
        0.07131846736622852,
        0.07272984266139057,
        0.07363111565131726,
        0.07383173017322439,
        0.07373839110991207,
        0.07398210474565162,
        0.07442463326309395,
        0.07425783466705288,
        0.07335479716005398,
        0.07258873882895905,
        0.07261135257171875,
        0.07321653456774954,
        0.0738105822707549,
        0.07388551839486077,
        0.0734807651329003,
        0.0728819619391006,
        0.07005504453716557,
        0.05964538344911538,
        0.04073248330549237,
        0.024455795525704073
    ],
    "clip_indices": [
        0,
        4,
        9,
        14,
        19,
        24,
        28,
        33,
        38,
        43,
        48,
        52,
        57,
        62,
        67,
        72,
        76,
        81,
        86,
        91,
        96,
        100,
        105,
        110,
        115,
        120,
        124,
        129,
        134,
        139,
        144,
        149
    ]
}