{
    "video_path": "FallVision/No Fall/Stand/nf_raw_s_2/S_N_175_resized.mp4",
    "active_window": [
        22,
        28
    ],
    "varying_k": 7,
    "detection_status": "Global Event Zone",
    "saliency_weights": [
        0.006398073708800879,
        0.009264965625861979,
        0.012665712069039254,
        0.014687125125534826,
        0.015460482738734628,
        0.015943590952022448,
        0.016700542652250034,
        0.017986576490756183,
        0.020023928901603164,
        0.022881056773518687,
        0.02615555330803598,
        0.029044722792980024,
        0.030592723153421517,
        0.03004077701984626,
        0.02738102350643319,
        0.023391557236427052,
        0.019348844670643434,
        0.016554531049968485,
        0.01571064669501399,
        0.018034049801703048,
        0.02844724700821216,
        0.056531267355139886,
        0.1123680130724648,
        0.1970408154434211,
        0.28316320799384853,
        0.31503569531370434,
        0.26790922242952575,
        0.18304987516433638,
        0.10992245636393538,
        0.061874212738545514,
        0.03373887155366544,
        0.02044253730880831
    ],
    "clip_indices": [
        0,
        2,
        5,
        8,
        11,
        14,
        17,
        20,
        22,
        25,
        28,
        31,
        34,
        37,
        40,
        43,
        45,
        48,
        51,
        54,
        57,
        60,
        63,
        66,
        68,
        71,
        74,
        77,
        80,
        83,
        86,
        89
    ]
}