{
    "video_path": "FallVision/No Fall/Stand/nf_raw_s_2/S_N_490_resized.mp4",
    "active_window": [
        3,
        10
    ],
    "varying_k": 8,
    "detection_status": "Global Event Zone",
    "saliency_weights": [
        0.02443335640822708,
        0.04428797023035782,
        0.06621424118388115,
        0.07580164818124838,
        0.07498220229480079,
        0.07238642819532229,
        0.07313295334437073,
        0.07742021673332095,
        0.08069494709019273,
        0.07841947142885079,
        0.07204076815169591,
        0.06603656286901871,
        0.06174196514451534,
        0.057915512895853186,
        0.05457120156173134,
        0.0531154906880488,
        0.05392735176434283,
        0.05604698415801732,
        0.058715034388668125,
        0.06171127147812798,
        0.0644201214672751,
        0.0658295843249642,
        0.06605176904212146,
        0.06657939623817569,
        0.06797510052737622,
        0.06917994831818357,
        0.07079698129562839,
        0.07590368950299284,
        0.08216525053055485,
        0.0773831473448521,
        0.055950731206129665,
        0.03439159914899935
    ],
    "clip_indices": [
        0,
        1,
        3,
        5,
        7,
        9,
        11,
        13,
        15,
        17,
        19,
        20,
        22,
        24,
        26,
        28,
        30,
        32,
        34,
        36,
        38,
        39,
        41,
        43,
        45,
        47,
        49,
        51,
        53,
        55,
        57,
        59
    ]
}