{
    "video_path": "FallVision/No Fall/Stand/nf_raw_s_2/S_N_473_resized.mp4",
    "active_window": [
        8,
        13
    ],
    "varying_k": 6,
    "detection_status": "Global Event Zone",
    "saliency_weights": [
        0.026047452371799062,
        0.04660493407622898,
        0.06762789233596174,
        0.073742668582741,
        0.06988820441855026,
        0.06732036973034425,
        0.06886220175870467,
        0.07266771806204037,
        0.07875766887766941,
        0.08710042446947595,
        0.09335662396776345,
        0.09238936475582882,
        0.08510088866041668,
        0.07645724308045987,
        0.0691529525701304,
        0.06333889249281428,
        0.060036326500326524,
        0.06095214194959614,
        0.06494281914956382,
        0.06821839638202071,
        0.06912120447391534,
        0.0692947473886957,
        0.06970247227117454,
        0.06893592539923153,
        0.0659500234669081,
        0.06176742586833439,
        0.05806049828319801,
        0.05562946906099253,
        0.0528450270241483,
        0.04526884570573805,
        0.03171044618587908,
        0.0200184850915896
    ],
    "clip_indices": [
        0,
        5,
        11,
        17,
        22,
        28,
        34,
        39,
        45,
        51,
        57,
        62,
        68,
        74,
        79,
        85,
        91,
        97,
        102,
        108,
        114,
        119,
        125,
        131,
        137,
        142,
        148,
        154,
        159,
        165,
        171,
        177
    ]
}