{
    "video_path": "FallVision/No Fall/Stand/nf_raw_s_2/S_N_234_resized.mp4",
    "active_window": [
        2,
        6
    ],
    "varying_k": 5,
    "detection_status": "Peak Only",
    "saliency_weights": [
        0.02306427409517395,
        0.04208217397823971,
        0.06354574235976576,
        0.0738737836385277,
        0.07424392488513047,
        0.07158369631469365,
        0.06936325737540147,
        0.06807345957832589,
        0.06737818149618577,
        0.06702989388655411,
        0.06725513628970475,
        0.06835648669970754,
        0.07001592978966602,
        0.07146546609469864,
        0.0721303035508328,
        0.07186525983349326,
        0.07099115330465461,
        0.07009733938458598,
        0.06960679864316191,
        0.06964605964646928,
        0.07017044625396747,
        0.07100393895902882,
        0.07178124975476358,
        0.07201233927128886,
        0.07149863698049905,
        0.07052894658896955,
        0.06943542946346486,
        0.06793325638449815,
        0.06392845562022732,
        0.053397595022381596,
        0.0362011029855306,
        0.02187731369538981
    ],
    "clip_indices": [
        0,
        2,
        5,
        8,
        11,
        14,
        17,
        20,
        23,
        26,
        29,
        31,
        34,
        37,
        40,
        43,
        46,
        49,
        52,
        55,
        58,
        60,
        63,
        66,
        69,
        72,
        75,
        78,
        81,
        84,
        87,
        90
    ]
}