{
    "video_path": "FallVision/No Fall/Stand/nf_raw_s_2/S_N_413_resized.mp4",
    "active_window": [
        2,
        19
    ],
    "varying_k": 18,
    "detection_status": "Global Event Zone",
    "saliency_weights": [
        0.02844213238830503,
        0.05129430737735205,
        0.07551567824908706,
        0.084045608994292,
        0.08026779964253991,
        0.0747210336200538,
        0.07115767057805074,
        0.06826437714272493,
        0.06428353073870371,
        0.059600307953900096,
        0.05839258318767654,
        0.06452048248157016,
        0.07506177403864486,
        0.08352616046738355,
        0.08804823381248839,
        0.09091405910621958,
        0.09253646353512882,
        0.09068023946028786,
        0.08437191594764337,
        0.07527620869115148,
        0.06610278967356134,
        0.059254534397873385,
        0.05551297081624039,
        0.05391349013694448,
        0.05370593981364589,
        0.05510694865908865,
        0.05740291188946224,
        0.05771681553747833,
        0.05309937946967955,
        0.0425855381602957,
        0.028396861191420965,
        0.017541842089335468
    ],
    "clip_indices": [
        0,
        1,
        3,
        5,
        7,
        9,
        11,
        13,
        15,
        17,
        19,
        20,
        22,
        24,
        26,
        28,
        30,
        32,
        34,
        36,
        38,
        39,
        41,
        43,
        45,
        47,
        49,
        51,
        53,
        55,
        57,
        59
    ]
}