{
    "video_path": "FallVision/No Fall/Stand/nf_raw_s_2/S_N_34.mp4",
    "active_window": [
        0,
        5
    ],
    "varying_k": 6,
    "detection_status": "Global Event Zone",
    "saliency_weights": [
        0.1580530709550635,
        0.2736941860788856,
        0.3653898118410571,
        0.3299089923050167,
        0.21720791242752058,
        0.12333970638324415,
        0.07426945256692592,
        0.05125618322401515,
        0.038787332658893364,
        0.03106319288611268,
        0.026160137169329502,
        0.02318298836541302,
        0.02145548078827756,
        0.020399810623824982,
        0.019649255094671962,
        0.01902133056452357,
        0.018420407785131175,
        0.01781085097309197,
        0.017255037847660262,
        0.016887573830109852,
        0.01679109248460836,
        0.016935789756107673,
        0.017202991378894375,
        0.017435545360568995,
        0.017568007173972902,
        0.017672657836197203,
        0.017796839602745466,
        0.017804240662493392,
        0.017279829377674402,
        0.015588628359565919,
        0.012765022323910356,
        0.01040709562078707
    ],
    "clip_indices": [
        0,
        1,
        3,
        5,
        7,
        9,
        11,
        13,
        15,
        17,
        19,
        20,
        22,
        24,
        26,
        28,
        30,
        32,
        34,
        36,
        38,
        39,
        41,
        43,
        45,
        47,
        49,
        51,
        53,
        55,
        57,
        59
    ]
}