{
    "video_path": "FallVision/No Fall/Stand/nf_raw_s_2/S_N_478_resized.mp4",
    "active_window": [
        9,
        15
    ],
    "varying_k": 7,
    "detection_status": "Global Event Zone",
    "saliency_weights": [
        0.023156258400318628,
        0.04197605521185552,
        0.06250433594689109,
        0.07099647154317049,
        0.06964092193790535,
        0.06665605438233105,
        0.06600454670903748,
        0.06806748264217932,
        0.07205298558468205,
        0.07679364190974539,
        0.08094237472722181,
        0.08348610023582723,
        0.08446998435666361,
        0.08423160514887112,
        0.0819824377442413,
        0.07657662758642081,
        0.06887913213914089,
        0.06165860234872096,
        0.057165920354400435,
        0.056070148130724765,
        0.057632331292442156,
        0.060269718717757895,
        0.06285354434929623,
        0.06525161031980897,
        0.06776069655382747,
        0.07051471909244741,
        0.07278036117177297,
        0.07249192109756558,
        0.06698664697047266,
        0.05418419901183864,
        0.03589865022945413,
        0.02149840914538435
    ],
    "clip_indices": [
        0,
        6,
        13,
        20,
        26,
        33,
        40,
        47,
        53,
        60,
        67,
        74,
        80,
        87,
        94,
        101,
        107,
        114,
        121,
        128,
        134,
        141,
        148,
        155,
        161,
        168,
        175,
        182,
        188,
        195,
        202,
        209
    ]
}