{
    "video_path": "FallVision/No Fall/Stand/nf_raw_s_2/S_N_200_resized.mp4",
    "active_window": [
        13,
        29
    ],
    "varying_k": 17,
    "detection_status": "Global Event Zone",
    "saliency_weights": [
        0.017640632000256964,
        0.032146522847869986,
        0.048901566547031566,
        0.05787497693776451,
        0.05990229600290074,
        0.06008427132663616,
        0.06102955713295623,
        0.06302082673175675,
        0.06535190681077646,
        0.06720210981252103,
        0.06833808562496577,
        0.06923165040245988,
        0.07098018365679928,
        0.07454838755062353,
        0.07945332441246326,
        0.08360001315827298,
        0.08402994311612849,
        0.07864253696984648,
        0.06919493735344141,
        0.06081132646151906,
        0.0571765630816054,
        0.05838214390579212,
        0.062142085594410014,
        0.06548251712527443,
        0.06779831632127292,
        0.07170998375052869,
        0.07859590557661356,
        0.08532778580039221,
        0.08596243157081696,
        0.07428438211315105,
        0.050963727650778126,
        0.030727440308460433
    ],
    "clip_indices": [
        0,
        3,
        7,
        11,
        15,
        19,
        23,
        26,
        30,
        34,
        38,
        42,
        46,
        49,
        53,
        57,
        61,
        65,
        69,
        72,
        76,
        80,
        84,
        88,
        92,
        95,
        99,
        103,
        107,
        111,
        115,
        119
    ]
}