{
    "video_path": "FallVision/No Fall/Stand/nf_raw_s_2/S_N_450_resized.mp4",
    "active_window": [
        8,
        16
    ],
    "varying_k": 9,
    "detection_status": "Global Event Zone",
    "saliency_weights": [
        0.012589744059853112,
        0.022598659512847556,
        0.033910547794310894,
        0.03986046660383137,
        0.04244352605091989,
        0.04672688785995453,
        0.054817522740460214,
        0.06590578525554625,
        0.07721332459643591,
        0.08571449223337643,
        0.09022707680414405,
        0.09165494177563414,
        0.09259081328631033,
        0.09496602279596639,
        0.09660409034120007,
        0.09332498543080978,
        0.08500344969638238,
        0.07572506726113687,
        0.06881286491967561,
        0.06498252606763774,
        0.06361409877198623,
        0.06373773773801553,
        0.06462328324396117,
        0.06613628952733452,
        0.06899750233476315,
        0.0741032124946534,
        0.07942485550579967,
        0.07873498473712723,
        0.06788617519688511,
        0.049776133394150004,
        0.03073251295833216,
        0.01803316465286475
    ],
    "clip_indices": [
        0,
        3,
        7,
        11,
        15,
        19,
        23,
        26,
        30,
        34,
        38,
        42,
        46,
        49,
        53,
        57,
        61,
        65,
        69,
        72,
        76,
        80,
        84,
        88,
        92,
        95,
        99,
        103,
        107,
        111,
        115,
        119
    ]
}