{
    "video_path": "FallVision/No Fall/Stand/nf_raw_s_2/S_N_397_resized.mp4",
    "active_window": [
        1,
        4
    ],
    "varying_k": 4,
    "detection_status": "Global Event Zone",
    "saliency_weights": [
        0.06884509237876582,
        0.12004849781738312,
        0.16314349551333182,
        0.15383299832268518,
        0.11173406878894993,
        0.07616424225679842,
        0.0583787484917006,
        0.05148680953926132,
        0.049506128358668806,
        0.04972384201027283,
        0.05009080650463475,
        0.04904628822615975,
        0.046785755379106786,
        0.04492225256344753,
        0.04526229548239336,
        0.04900154670612736,
        0.05594586475914169,
        0.06471029611541848,
        0.07368975701984276,
        0.08118245192760781,
        0.08490579116360802,
        0.08260134170263891,
        0.07461388005107417,
        0.06452035823698776,
        0.05551199143973959,
        0.048393917965136396,
        0.04303434667229321,
        0.03927379580080839,
        0.035972682961028575,
        0.03049497099554716,
        0.022071609979047793,
        0.015083506982658876
    ],
    "clip_indices": [
        0,
        1,
        3,
        5,
        7,
        9,
        11,
        13,
        15,
        17,
        19,
        20,
        22,
        24,
        26,
        28,
        30,
        32,
        34,
        36,
        38,
        39,
        41,
        43,
        45,
        47,
        49,
        51,
        53,
        55,
        57,
        59
    ]
}