{
    "video_path": "FallVision/No Fall/Stand/nf_raw_s_2/S_N_228_resized.mp4",
    "active_window": [
        8,
        15
    ],
    "varying_k": 8,
    "detection_status": "Global Event Zone",
    "saliency_weights": [
        0.01839454861009842,
        0.0334262081549138,
        0.05080951641168538,
        0.06016582577667712,
        0.06234180483089692,
        0.062560456112849,
        0.06359951540319303,
        0.06690306288732094,
        0.07465244599793937,
        0.0871087049769852,
        0.09854089133252059,
        0.10196583667891965,
        0.09757709210680937,
        0.09046721719072041,
        0.08314538839901854,
        0.07516772762505304,
        0.06728078340128224,
        0.06184470641309325,
        0.059786616021933116,
        0.06003197915830728,
        0.06176318465534221,
        0.06502575205297076,
        0.06901448061947275,
        0.07161164477750903,
        0.07171702995346912,
        0.07030521597367308,
        0.0680566324799799,
        0.06377015455282393,
        0.0557235779455582,
        0.04322704430656244,
        0.028223183321351188,
        0.01718317306582779
    ],
    "clip_indices": [
        0,
        3,
        7,
        11,
        15,
        19,
        23,
        26,
        30,
        34,
        38,
        42,
        46,
        49,
        53,
        57,
        61,
        65,
        69,
        72,
        76,
        80,
        84,
        88,
        92,
        95,
        99,
        103,
        107,
        111,
        115,
        119
    ]
}