{
    "video_path": "FallVision/No Fall/Stand/nf_raw_s_2/S_N_513_resized.mp4",
    "active_window": [
        14,
        27
    ],
    "varying_k": 14,
    "detection_status": "Global Event Zone",
    "saliency_weights": [
        0.019172449842846107,
        0.03511714576356088,
        0.053563351152122074,
        0.06340004342729832,
        0.06524642478234906,
        0.06455489627045645,
        0.06456677225783528,
        0.065961236912863,
        0.06767552961223723,
        0.06847513021369817,
        0.06860685932546631,
        0.06909996765024135,
        0.07019906895013658,
        0.07134866502713214,
        0.07197321690243563,
        0.07194619454426673,
        0.07186538269689038,
        0.07252796790295396,
        0.07367170134204815,
        0.07412589562128435,
        0.07358584036646001,
        0.07303111863111958,
        0.07315855469631402,
        0.07363172010831914,
        0.07387675431461174,
        0.07368248987492482,
        0.0732150479884573,
        0.07247633584192253,
        0.06927808654395257,
        0.05862301156934236,
        0.03989008072482361,
        0.02393095541837148
    ],
    "clip_indices": [
        0,
        4,
        9,
        14,
        19,
        24,
        28,
        33,
        38,
        43,
        48,
        52,
        57,
        62,
        67,
        72,
        76,
        81,
        86,
        91,
        96,
        100,
        105,
        110,
        115,
        120,
        124,
        129,
        134,
        139,
        144,
        149
    ]
}