{
    "video_path": "FallVision/No Fall/Stand/nf_raw_s_2/S_N_460_resized.mp4",
    "active_window": [
        2,
        6
    ],
    "varying_k": 5,
    "detection_status": "Peak Only",
    "saliency_weights": [
        0.020661956386088545,
        0.037992954698705325,
        0.05834238588846587,
        0.06982433092104769,
        0.07282791757346818,
        0.07264677037454972,
        0.07205999075011899,
        0.07160194740989509,
        0.07119149970594116,
        0.07074460238479209,
        0.07036890848672092,
        0.07022198276931449,
        0.07025079763718686,
        0.07022482180702827,
        0.0699333702796329,
        0.06933891372116943,
        0.06872222681040766,
        0.0685289935767443,
        0.06891704976061301,
        0.06966293066888007,
        0.07044918248339871,
        0.07101949379625871,
        0.07120480919431924,
        0.07096851100150987,
        0.0705220810741985,
        0.07030022713861103,
        0.07042778205568184,
        0.07004487183240563,
        0.06653072740908875,
        0.05571421702546962,
        0.03768218401759561,
        0.022612901614458444
    ],
    "clip_indices": [
        0,
        2,
        5,
        8,
        11,
        14,
        17,
        20,
        23,
        26,
        29,
        31,
        34,
        37,
        40,
        43,
        46,
        49,
        52,
        55,
        58,
        60,
        63,
        66,
        69,
        72,
        75,
        78,
        81,
        84,
        87,
        90
    ]
}