{
    "video_path": "FallVision/No Fall/Stand/nf_raw_s_2/S_N_325_resized.mp4",
    "active_window": [
        22,
        27
    ],
    "varying_k": 6,
    "detection_status": "Global Event Zone",
    "saliency_weights": [
        0.018870222817145326,
        0.034746161992018,
        0.05357347271320569,
        0.06466180256926683,
        0.0684207362274239,
        0.06953608297226549,
        0.07011086846386297,
        0.07028375754808357,
        0.07017315807904848,
        0.07007384919585494,
        0.0700718543125684,
        0.07010661003751417,
        0.07021035573863277,
        0.07047988975229666,
        0.07089827225613524,
        0.07132241440987622,
        0.07158856094662927,
        0.07158851482329509,
        0.07134618362088668,
        0.07103180874890724,
        0.07089550910964637,
        0.07115115403227831,
        0.07174179622366911,
        0.07231202499318892,
        0.07261043278804984,
        0.07269394412394034,
        0.07262255185323532,
        0.07186579765496898,
        0.06806907724808356,
        0.05695496371188825,
        0.03848810975362246,
        0.02305068889529085
    ],
    "clip_indices": [
        0,
        1,
        3,
        5,
        7,
        9,
        11,
        13,
        15,
        17,
        19,
        20,
        22,
        24,
        26,
        28,
        30,
        32,
        34,
        36,
        38,
        39,
        41,
        43,
        45,
        47,
        49,
        51,
        53,
        55,
        57,
        59
    ]
}