{
    "video_path": "FallVision/No Fall/Stand/nf_raw_s_2/S_N_196_resized.mp4",
    "active_window": [
        24,
        28
    ],
    "varying_k": 5,
    "detection_status": "Global Event Zone",
    "saliency_weights": [
        0.01828195801667057,
        0.03348319587456067,
        0.051659844944851416,
        0.06255249239325886,
        0.0661092455493999,
        0.06644812540390549,
        0.0658605703398492,
        0.06498114282847077,
        0.0640747879416724,
        0.06339938555024173,
        0.0631705881061459,
        0.0634176934446502,
        0.06379816767997287,
        0.06387618974641686,
        0.06366241691378638,
        0.06352175247112977,
        0.06365665335141285,
        0.06397038670297345,
        0.06424403883056407,
        0.06431686248445777,
        0.06431720726946115,
        0.06480970216647498,
        0.06678965578213478,
        0.07143984411444054,
        0.07918474312275306,
        0.08882615945404858,
        0.09717021287009063,
        0.09908479383614091,
        0.09047634892980849,
        0.07114682515128046,
        0.045975896519965385,
        0.02707300414722143
    ],
    "clip_indices": [
        0,
        2,
        5,
        8,
        11,
        14,
        17,
        20,
        22,
        25,
        28,
        31,
        34,
        37,
        40,
        43,
        45,
        48,
        51,
        54,
        57,
        60,
        63,
        66,
        68,
        71,
        74,
        77,
        80,
        83,
        86,
        89
    ]
}