{
    "video_path": "FallVision/No Fall/Stand/nf_raw_s_2/S_N_509_resized.mp4",
    "active_window": [
        18,
        22
    ],
    "varying_k": 5,
    "detection_status": "Peak Only",
    "saliency_weights": [
        0.019856356628016707,
        0.03651425470768847,
        0.05608731590005362,
        0.06719882168800487,
        0.07031609444531967,
        0.07056865916372862,
        0.07050495644738186,
        0.07047646851280312,
        0.07037044793096708,
        0.07015257030188839,
        0.06995794816167489,
        0.06994628832532612,
        0.07008637461184872,
        0.07024138189348202,
        0.0704004667189361,
        0.07064857157967008,
        0.07096267849855975,
        0.07121364993087839,
        0.07135221500099849,
        0.07143784950109544,
        0.07149306114760169,
        0.0714670322834274,
        0.07136059357807889,
        0.07126953973784292,
        0.07125514877150654,
        0.07127055433996336,
        0.07119439524055958,
        0.07048150524889361,
        0.066835713390269,
        0.05600411719018013,
        0.037899155988692965,
        0.02273397000977389
    ],
    "clip_indices": [
        0,
        5,
        11,
        17,
        23,
        28,
        34,
        40,
        46,
        51,
        57,
        63,
        69,
        75,
        80,
        86,
        92,
        98,
        103,
        109,
        115,
        121,
        127,
        132,
        138,
        144,
        150,
        155,
        161,
        167,
        173,
        179
    ]
}