{
    "video_path": "FallVision/No Fall/Stand/nf_raw_s_2/S_N_565_resized.mp4",
    "active_window": [
        17,
        27
    ],
    "varying_k": 11,
    "detection_status": "Global Event Zone",
    "saliency_weights": [
        0.019757416973719032,
        0.03620066998772841,
        0.05526051732562086,
        0.06558089290431734,
        0.06793025871913907,
        0.0676520903278981,
        0.06702831690694896,
        0.06616610656481008,
        0.06538456633363286,
        0.06531690394210161,
        0.06620697227110697,
        0.06771819660969927,
        0.06897048720864138,
        0.06925395175215701,
        0.06912750213684629,
        0.06979796529914196,
        0.07130122745545102,
        0.07249846299776641,
        0.07266936453850345,
        0.07210279616325257,
        0.07161863892608078,
        0.07204541428576466,
        0.0735290780972456,
        0.07533458214295966,
        0.0765691646812802,
        0.07670724009406357,
        0.07577335540780511,
        0.07395703032022853,
        0.0695071312129145,
        0.05801522820880268,
        0.039156605107275366,
        0.0234019997988543
    ],
    "clip_indices": [
        0,
        7,
        15,
        23,
        30,
        38,
        46,
        53,
        61,
        69,
        77,
        84,
        92,
        100,
        107,
        115,
        123,
        131,
        138,
        146,
        154,
        161,
        169,
        177,
        185,
        192,
        200,
        208,
        215,
        223,
        231,
        239
    ]
}