{
    "video_path": "FallVision/No Fall/Stand/nf_raw_s_2/S_N_543_resized.mp4",
    "active_window": [
        18,
        23
    ],
    "varying_k": 6,
    "detection_status": "Global Event Zone",
    "saliency_weights": [
        0.028930408301895607,
        0.05106536856635962,
        0.07261274371056467,
        0.07596610731817083,
        0.06647651016105233,
        0.05781502452296079,
        0.05622324532953525,
        0.06108904997425395,
        0.06799710459862206,
        0.0719415276448617,
        0.07056484680721387,
        0.06420870606191446,
        0.055220794159212105,
        0.046767726004563234,
        0.04136404166789412,
        0.04104241658960288,
        0.04820812249923519,
        0.06496278529291441,
        0.09040293260270738,
        0.11863543403297427,
        0.13818759166481487,
        0.1364241783842703,
        0.1132811954522954,
        0.08454973589560108,
        0.06374358718969894,
        0.052012590475965,
        0.04610022147186023,
        0.044109898309596274,
        0.04342796708363025,
        0.03892612818381589,
        0.028591295730740332,
        0.019086205963460806
    ],
    "clip_indices": [
        0,
        3,
        7,
        11,
        15,
        19,
        23,
        26,
        30,
        34,
        38,
        42,
        46,
        49,
        53,
        57,
        61,
        65,
        69,
        72,
        76,
        80,
        84,
        88,
        92,
        95,
        99,
        103,
        107,
        111,
        115,
        119
    ]
}