{
    "video_path": "FallVision/No Fall/Stand/nf_raw_s_2/S_N_187.mp4",
    "active_window": [
        2,
        9
    ],
    "varying_k": 8,
    "detection_status": "Global Event Zone",
    "saliency_weights": [
        0.027068801776467772,
        0.049405793808743284,
        0.0746498697009852,
        0.08680789278527934,
        0.08706128125307144,
        0.08339913271225705,
        0.0800284956531171,
        0.077616320621377,
        0.07540944248965484,
        0.07258799136028676,
        0.06924080871539937,
        0.0660030092860249,
        0.0632430405872339,
        0.06101448854377882,
        0.05935262241142927,
        0.05830602252583479,
        0.057764855132606055,
        0.05747022501439604,
        0.05722166029392613,
        0.057036688463535615,
        0.0572755600229676,
        0.05850586063014376,
        0.060919756178410764,
        0.06411789791641793,
        0.06760500424147656,
        0.07108487025846433,
        0.0743212236558625,
        0.07655163023275463,
        0.07489330096326097,
        0.0641206066104058,
        0.04401615133510341,
        0.02670883476273842
    ],
    "clip_indices": [
        0,
        1,
        3,
        4,
        6,
        7,
        9,
        10,
        12,
        13,
        15,
        16,
        18,
        19,
        21,
        22,
        24,
        25,
        27,
        28,
        30,
        31,
        33,
        34,
        36,
        37,
        39,
        40,
        42,
        43,
        45,
        47
    ]
}