{
    "video_path": "FallVision/No Fall/Stand/nf_raw_s_2/S_N_26.mp4",
    "active_window": [
        1,
        5
    ],
    "varying_k": 5,
    "detection_status": "Global Event Zone",
    "saliency_weights": [
        0.07863674844947002,
        0.13715353627475452,
        0.18645803062265137,
        0.17575053804145513,
        0.12682820455645635,
        0.0841800643999939,
        0.06110195637110062,
        0.0502990051690662,
        0.044817717213865696,
        0.0417210854383252,
        0.040489657504414536,
        0.04128408305884708,
        0.04352001698429926,
        0.04604298192269446,
        0.0480832365494092,
        0.04942289447471393,
        0.050123655067199,
        0.05041987042085676,
        0.050745776211947896,
        0.0515481098848229,
        0.052765621243450626,
        0.05383818133444836,
        0.054521089500633876,
        0.05516746199870618,
        0.056017757185189754,
        0.05681381973445551,
        0.05723928424503798,
        0.0569595331714396,
        0.054436026175082176,
        0.046594725757931034,
        0.033368585533216026,
        0.022262604380546985
    ],
    "clip_indices": [
        0,
        1,
        3,
        5,
        7,
        9,
        11,
        13,
        15,
        17,
        19,
        20,
        22,
        24,
        26,
        28,
        30,
        32,
        34,
        36,
        38,
        39,
        41,
        43,
        45,
        47,
        49,
        51,
        53,
        55,
        57,
        59
    ]
}