{
    "video_path": "FallVision/No Fall/Stand/nf_raw_s_2/S_N_43.mp4",
    "active_window": [
        5,
        15
    ],
    "varying_k": 11,
    "detection_status": "Global Event Zone",
    "saliency_weights": [
        0.020344698994244945,
        0.0372822495067814,
        0.056873710696059815,
        0.06753951405079041,
        0.0704823507762705,
        0.07138988624282466,
        0.0720073009513009,
        0.07180934069895319,
        0.07141005103330332,
        0.07193188497076752,
        0.07314823755886929,
        0.07401058483866851,
        0.0740998112896194,
        0.0736526755195481,
        0.07291303239022075,
        0.07202125663319404,
        0.07124342552166633,
        0.07084004501667572,
        0.07057964010029882,
        0.06989004563243972,
        0.06877458706957575,
        0.06792929412538408,
        0.06767029717970505,
        0.06753564442952315,
        0.0671867520252617,
        0.06694454938649363,
        0.06728697764449022,
        0.06797901325765274,
        0.06638261527884695,
        0.057107590498560894,
        0.03930278987928222,
        0.023797182886499534
    ],
    "clip_indices": [
        0,
        2,
        4,
        6,
        9,
        11,
        13,
        16,
        18,
        20,
        22,
        25,
        27,
        29,
        32,
        34,
        36,
        38,
        41,
        43,
        45,
        48,
        50,
        52,
        54,
        57,
        59,
        61,
        64,
        66,
        68,
        71
    ]
}