{
    "video_path": "FallVision/No Fall/Stand/nf_raw_s_2/S_N_249_resized.mp4",
    "active_window": [
        0,
        4
    ],
    "varying_k": 5,
    "detection_status": "Global Event Zone",
    "saliency_weights": [
        0.12957298943100928,
        0.22203167355389442,
        0.28860536026143435,
        0.2445572482173578,
        0.14104070105766414,
        0.06653095324919407,
        0.03897259030277936,
        0.034071755356638374,
        0.03522071561918441,
        0.037726813179584956,
        0.040087705992881154,
        0.041350980035723184,
        0.04170991864555222,
        0.04195285541059676,
        0.04214108348829469,
        0.041729762301009034,
        0.040655057474076786,
        0.03946712570621905,
        0.038621133087002255,
        0.03821481047915169,
        0.03818965559423935,
        0.038449827220721926,
        0.03884750476241659,
        0.03916195965636156,
        0.039155758285920605,
        0.03866315371611913,
        0.03776337969063727,
        0.03669453610829389,
        0.03488188777535057,
        0.030536201138415115,
        0.023389986983114928,
        0.01739794338825021
    ],
    "clip_indices": [
        0,
        1,
        3,
        5,
        7,
        9,
        11,
        13,
        15,
        17,
        19,
        20,
        22,
        24,
        26,
        28,
        30,
        32,
        34,
        36,
        38,
        39,
        41,
        43,
        45,
        47,
        49,
        51,
        53,
        55,
        57,
        59
    ]
}