{
    "video_path": "FallVision/No Fall/Stand/nf_raw_s_2/S_N_119_resized.mp4",
    "active_window": [
        16,
        27
    ],
    "varying_k": 12,
    "detection_status": "Global Event Zone",
    "saliency_weights": [
        0.021746926483274732,
        0.03949141860670491,
        0.05901976119133637,
        0.06733923263553458,
        0.06596248267630722,
        0.06207061259030986,
        0.05941945673138376,
        0.05873740673622397,
        0.05966353121331443,
        0.06147776511107599,
        0.06334132740771665,
        0.06472003215302248,
        0.06594167314362279,
        0.06765199534996633,
        0.06972122808212639,
        0.07153476730736522,
        0.07318421972890876,
        0.07528875385295511,
        0.07761203938507427,
        0.07904318047594025,
        0.07918568483494413,
        0.07879673243354081,
        0.07852746796132842,
        0.07827696898047959,
        0.07767969323538729,
        0.07650769147375133,
        0.07475449069355045,
        0.07226644180508321,
        0.06718960846011875,
        0.05558273263189787,
        0.03738544905459028,
        0.022403939092403184
    ],
    "clip_indices": [
        0,
        4,
        9,
        14,
        19,
        24,
        28,
        33,
        38,
        43,
        48,
        52,
        57,
        62,
        67,
        72,
        76,
        81,
        86,
        91,
        96,
        100,
        105,
        110,
        115,
        120,
        124,
        129,
        134,
        139,
        144,
        149
    ]
}