{
    "video_path": "FallVision/No Fall/Stand/nf_raw_s_2/S_N_564.mp4",
    "active_window": [
        24,
        28
    ],
    "varying_k": 5,
    "detection_status": "Peak Only",
    "saliency_weights": [
        0.02150199396038497,
        0.03902906219445689,
        0.05836259258801856,
        0.06724189488801069,
        0.06855356633976048,
        0.06985738310855197,
        0.07244427046174,
        0.07408128639378693,
        0.07408002318007523,
        0.0729196325892375,
        0.07049218323969914,
        0.06698061992421467,
        0.06469950483469362,
        0.06625504470923284,
        0.07058314795882509,
        0.07391395053095531,
        0.07418063509110914,
        0.07210733726600183,
        0.06961305307441101,
        0.06831625524479112,
        0.06798128780965695,
        0.06692004897053827,
        0.06515651305554959,
        0.06521998529358908,
        0.0683486677453847,
        0.07249128017941456,
        0.07512944953602582,
        0.07499179926688881,
        0.07027787872579525,
        0.05790311323371931,
        0.038731746011380144,
        0.02311557819398021
    ],
    "clip_indices": [
        0,
        3,
        7,
        11,
        15,
        19,
        23,
        26,
        30,
        34,
        38,
        42,
        46,
        49,
        53,
        57,
        61,
        65,
        69,
        72,
        76,
        80,
        84,
        88,
        92,
        95,
        99,
        103,
        107,
        111,
        115,
        119
    ]
}