{
    "video_path": "FallVision/No Fall/Stand/nf_raw_s_2/S_N_362_resized.mp4",
    "active_window": [
        15,
        21
    ],
    "varying_k": 7,
    "detection_status": "Global Event Zone",
    "saliency_weights": [
        0.00758211694658302,
        0.012152427789466378,
        0.017256465688835453,
        0.019629750789285406,
        0.019690448050399347,
        0.019218646640852113,
        0.01895970205359273,
        0.01884427893974526,
        0.01867836063181725,
        0.01848256678265895,
        0.01886233650948157,
        0.021559822495041826,
        0.030399649302733797,
        0.05176478520935711,
        0.09303897556159058,
        0.15257555846303916,
        0.20385372782254263,
        0.21094322758203984,
        0.17469630323526905,
        0.13337935680444024,
        0.11119088448686307,
        0.1008351020125576,
        0.09254674246946937,
        0.08857910801960736,
        0.08952366946954518,
        0.08651932573478593,
        0.07362670541518847,
        0.056117977593705626,
        0.04084068734120422,
        0.028633574527846484,
        0.01849668411305421,
        0.012047864575765182
    ],
    "clip_indices": [
        0,
        3,
        6,
        9,
        12,
        15,
        18,
        21,
        24,
        27,
        30,
        33,
        36,
        39,
        42,
        45,
        49,
        52,
        55,
        58,
        61,
        64,
        67,
        70,
        73,
        76,
        79,
        82,
        85,
        88,
        91,
        95
    ]
}