{
    "video_path": "FallVision/No Fall/Stand/nf_raw_s_2/S_N_287.mp4",
    "active_window": [
        0,
        5
    ],
    "varying_k": 6,
    "detection_status": "Global Event Zone",
    "saliency_weights": [
        0.18814220531221143,
        0.32568651884568534,
        0.4343231757697503,
        0.3905187438734812,
        0.2527864670581666,
        0.1354405731784829,
        0.07164540160513076,
        0.041554271530707246,
        0.02661919239687919,
        0.018389437309750033,
        0.013572751993151434,
        0.010842261401664333,
        0.009442302822350169,
        0.008818534477275018,
        0.008657074444369788,
        0.00878818376073508,
        0.008990151216322058,
        0.009004277988673745,
        0.008750693198244393,
        0.008338993000640588,
        0.007847107879897057,
        0.007264772243455115,
        0.006660908531026037,
        0.006238049064227454,
        0.006132796318984429,
        0.006295009036987568,
        0.006583155512351526,
        0.006832671645902712,
        0.006885455854963892,
        0.006624015800449398,
        0.006092683490611655,
        0.0056336751027850915
    ],
    "clip_indices": [
        0,
        2,
        5,
        7,
        10,
        12,
        15,
        17,
        20,
        22,
        25,
        28,
        30,
        33,
        35,
        38,
        40,
        43,
        45,
        48,
        50,
        53,
        56,
        58,
        61,
        63,
        66,
        68,
        71,
        73,
        76,
        79
    ]
}