{
    "video_path": "FallVision/No Fall/Stand/nf_raw_s_2/S_N_356_resized.mp4",
    "active_window": [
        9,
        16
    ],
    "varying_k": 8,
    "detection_status": "Global Event Zone",
    "saliency_weights": [
        0.01969011756950892,
        0.03629268951439009,
        0.05627873735043956,
        0.06831865740718174,
        0.07170438200692038,
        0.07062983550254968,
        0.06869651283929923,
        0.06840670923817715,
        0.07135844068480572,
        0.07754372597966394,
        0.08419209551420315,
        0.08803977305764873,
        0.08899069688370237,
        0.08885044457503699,
        0.08767576274747682,
        0.08395116422868087,
        0.07737377714967605,
        0.0693315562388634,
        0.061414574726735886,
        0.055030226730509765,
        0.05200181455429845,
        0.05391322379658607,
        0.059318515356226224,
        0.06349946715559501,
        0.06379657342967084,
        0.062338839337079816,
        0.06216564487033405,
        0.06388672211201842,
        0.0643767128474726,
        0.05702076942363603,
        0.04009969887185416,
        0.024726854322147385
    ],
    "clip_indices": [
        0,
        1,
        3,
        5,
        7,
        9,
        11,
        13,
        15,
        17,
        19,
        20,
        22,
        24,
        26,
        28,
        30,
        32,
        34,
        36,
        38,
        39,
        41,
        43,
        45,
        47,
        49,
        51,
        53,
        55,
        57,
        59
    ]
}