{
    "video_path": "FallVision/No Fall/Stand/nf_raw_s_2/S_N_441.mp4",
    "active_window": [
        0,
        5
    ],
    "varying_k": 6,
    "detection_status": "Global Event Zone",
    "saliency_weights": [
        0.12185088412417079,
        0.21252994617375026,
        0.28885049451612166,
        0.2714990809095522,
        0.19283856549999218,
        0.12096325118445918,
        0.07787116718619885,
        0.054607025633676115,
        0.04181720093973937,
        0.034953544112020715,
        0.03157273249979398,
        0.030013830740165393,
        0.029241454125905827,
        0.028735340307425125,
        0.028409230244110417,
        0.02837131891147153,
        0.02857453963438046,
        0.028833629349064284,
        0.029140538364676925,
        0.029664712505582592,
        0.030389323788049205,
        0.031033730691331054,
        0.03141559860212348,
        0.031617403125420704,
        0.03178157883973696,
        0.031974670222750495,
        0.03219964517620481,
        0.03227031855391658,
        0.03129321439235985,
        0.027575902428394906,
        0.021005325451323713,
        0.015414496938824867
    ],
    "clip_indices": [
        0,
        3,
        7,
        11,
        15,
        19,
        23,
        26,
        30,
        34,
        38,
        42,
        46,
        49,
        53,
        57,
        61,
        65,
        69,
        72,
        76,
        80,
        84,
        88,
        92,
        95,
        99,
        103,
        107,
        111,
        115,
        119
    ]
}