{
    "video_path": "FallVision/No Fall/Stand/nf_raw_s_2/S_N_430.mp4",
    "active_window": [
        5,
        10
    ],
    "varying_k": 6,
    "detection_status": "Global Event Zone",
    "saliency_weights": [
        0.006237470227530893,
        0.00993220696418462,
        0.018398494732985438,
        0.04112886529449779,
        0.0999309814803812,
        0.20270426330228078,
        0.31236616545047624,
        0.3744645664546297,
        0.35842674239513533,
        0.2691289992153524,
        0.15392658801925962,
        0.06920624000828159,
        0.029555193309671438,
        0.015926131385299937,
        0.01092955850237077,
        0.008307846237254484,
        0.006719433405602923,
        0.0057933284458839196,
        0.005299161153041344,
        0.005057682423979602,
        0.004949619285785127,
        0.004910835332717229,
        0.004907200453073019,
        0.004918612802508323,
        0.004934443355896519,
        0.004951258053614493,
        0.004966089969920786,
        0.00496568306883263,
        0.004905202049218602,
        0.0047073679391377125,
        0.004373078804129572,
        0.004092621465823735
    ],
    "clip_indices": [
        0,
        3,
        7,
        11,
        15,
        19,
        22,
        26,
        30,
        34,
        38,
        41,
        45,
        49,
        53,
        57,
        60,
        64,
        68,
        72,
        76,
        79,
        83,
        87,
        91,
        95,
        98,
        102,
        106,
        110,
        114,
        118
    ]
}