{
    "video_path": "FallVision/No Fall/Stand/nf_raw_s_2/S_N_563.mp4",
    "active_window": [
        7,
        14
    ],
    "varying_k": 8,
    "detection_status": "Global Event Zone",
    "saliency_weights": [
        0.018075114347086786,
        0.033013191819057444,
        0.05049594404873742,
        0.06019966284297028,
        0.06254125649178346,
        0.06308826119011382,
        0.06675210157809877,
        0.07545094513387388,
        0.08616947784175018,
        0.0939029129452238,
        0.09596042025540034,
        0.09248239570785134,
        0.0858910751414407,
        0.07928104437359887,
        0.07416536232631625,
        0.07048358515333597,
        0.06787465777456125,
        0.06614036045873434,
        0.0650619963191251,
        0.06439212674452606,
        0.06414707091028188,
        0.06457895228046498,
        0.06563887004786251,
        0.06674660718848224,
        0.06721590875210387,
        0.06663361485080402,
        0.06515780484036333,
        0.06325519743998079,
        0.05960708746326914,
        0.05026902265023559,
        0.034671258006725034,
        0.021541623320936086
    ],
    "clip_indices": [
        0,
        4,
        9,
        14,
        19,
        24,
        28,
        33,
        38,
        43,
        48,
        52,
        57,
        62,
        67,
        72,
        76,
        81,
        86,
        91,
        96,
        100,
        105,
        110,
        115,
        120,
        124,
        129,
        134,
        139,
        144,
        149
    ]
}