{
    "video_path": "FallVision/No Fall/Stand/nf_raw_s_2/S_N_125_resized.mp4",
    "active_window": [
        8,
        14
    ],
    "varying_k": 7,
    "detection_status": "Global Event Zone",
    "saliency_weights": [
        0.01991997600109521,
        0.035905838363695715,
        0.05369369892894085,
        0.06187078742677653,
        0.062206344818658804,
        0.06193163075085029,
        0.06570898561236681,
        0.07515246936861357,
        0.08917559035161621,
        0.10419765255978303,
        0.11426533170126825,
        0.11445695485033486,
        0.10610282710673892,
        0.09456314741891814,
        0.08336302607504358,
        0.07349431788196689,
        0.06574363847829202,
        0.06111414256097789,
        0.059376706920579995,
        0.058944966452085315,
        0.05847773452403127,
        0.05757341013212444,
        0.05634011776372749,
        0.05508128626466083,
        0.05420385765248917,
        0.05412557049198123,
        0.054895552763220834,
        0.05566259055877994,
        0.05405131581209104,
        0.04633737248623104,
        0.032358436510421404,
        0.020406773409063533
    ],
    "clip_indices": [
        0,
        3,
        7,
        11,
        15,
        19,
        23,
        26,
        30,
        34,
        38,
        42,
        46,
        49,
        53,
        57,
        61,
        65,
        69,
        72,
        76,
        80,
        84,
        88,
        92,
        95,
        99,
        103,
        107,
        111,
        115,
        119
    ]
}