{
    "video_path": "FallVision/No Fall/Stand/nf_raw_s_2/S_N_545_resized.mp4",
    "active_window": [
        18,
        26
    ],
    "varying_k": 9,
    "detection_status": "Global Event Zone",
    "saliency_weights": [
        0.022212544467673914,
        0.04071584926990482,
        0.062297158387278256,
        0.07413511450330645,
        0.07665687903870587,
        0.07563215870963458,
        0.07421438216315308,
        0.07314681358457467,
        0.07233393094276634,
        0.07118489605809915,
        0.0685410104887836,
        0.06356593860205934,
        0.05720005840112606,
        0.05177218877473287,
        0.04961189023428049,
        0.05226068088391033,
        0.05965955941343983,
        0.0697765621008264,
        0.07866888866084548,
        0.08213659144389418,
        0.07987422288025783,
        0.07615673796360348,
        0.07523042675288821,
        0.07837022452218487,
        0.08339168878989009,
        0.08541021163436749,
        0.0813285326194827,
        0.07237916397470098,
        0.06045833335799231,
        0.0456966316365151,
        0.029470933126465655,
        0.017862980835349894
    ],
    "clip_indices": [
        0,
        2,
        5,
        8,
        11,
        14,
        17,
        20,
        22,
        25,
        28,
        31,
        34,
        37,
        40,
        43,
        45,
        48,
        51,
        54,
        57,
        60,
        63,
        66,
        68,
        71,
        74,
        77,
        80,
        83,
        86,
        89
    ]
}