{
    "video_path": "FallVision/No Fall/Stand/nf_raw_s_2/S_N_230_resized.mp4",
    "active_window": [
        7,
        25
    ],
    "varying_k": 19,
    "detection_status": "Global Event Zone",
    "saliency_weights": [
        0.03316799890893575,
        0.0588179436058658,
        0.08336243529733572,
        0.08664551801663742,
        0.07659414643775792,
        0.0702111165072094,
        0.07288786858386165,
        0.08065586120623966,
        0.0862796484687246,
        0.08445546608678361,
        0.07688663588544246,
        0.06907720701457407,
        0.064163575844954,
        0.06216899464279907,
        0.061654012223018514,
        0.06092677295216205,
        0.05907772885091668,
        0.05641574063843939,
        0.054607623103806624,
        0.05602176029310657,
        0.06178560826884204,
        0.07067917419475025,
        0.07918794936856684,
        0.08268528106338408,
        0.0795887084886985,
        0.07308016510334453,
        0.06642824234201583,
        0.05979148253959396,
        0.051581194274058675,
        0.04016143206966345,
        0.026385180471445918,
        0.016113182498575625
    ],
    "clip_indices": [
        0,
        2,
        4,
        6,
        9,
        11,
        13,
        16,
        18,
        20,
        22,
        25,
        27,
        29,
        32,
        34,
        36,
        38,
        41,
        43,
        45,
        48,
        50,
        52,
        54,
        57,
        59,
        61,
        64,
        66,
        68,
        71
    ]
}