{
    "video_path": "FallVision/No Fall/Stand/nf_raw_s_2/S_N_111_resized.mp4",
    "active_window": [
        1,
        25
    ],
    "varying_k": 25,
    "detection_status": "Global Event Zone",
    "saliency_weights": [
        0.04367790951487649,
        0.07737538640654475,
        0.10926205639117238,
        0.11190643624324532,
        0.09389240854281568,
        0.07582117108050498,
        0.06479010671833663,
        0.05871824965472895,
        0.0554477829159013,
        0.05384907316387494,
        0.05249980515549728,
        0.05038238997459803,
        0.04853728260247112,
        0.04889056561490846,
        0.05152936384349387,
        0.054884214194783856,
        0.057847935752041314,
        0.060461358621915665,
        0.06343069679398736,
        0.06739272769441658,
        0.07184565409205074,
        0.07518903301790458,
        0.07645141841863312,
        0.07608804268146398,
        0.0750723434483841,
        0.07410806745178433,
        0.07295497374839016,
        0.07002787920829276,
        0.06312831625126532,
        0.05051191934263199,
        0.03374275123218543,
        0.020839727312314434
    ],
    "clip_indices": [
        0,
        4,
        9,
        13,
        18,
        23,
        27,
        32,
        36,
        41,
        46,
        50,
        55,
        59,
        64,
        69,
        73,
        78,
        83,
        87,
        92,
        96,
        101,
        106,
        110,
        115,
        119,
        124,
        129,
        133,
        138,
        143
    ]
}