{
    "video_path": "FallVision/No Fall/Stand/nf_raw_s_2/S_N_32.mp4",
    "active_window": [
        0,
        5
    ],
    "varying_k": 6,
    "detection_status": "Global Event Zone",
    "saliency_weights": [
        0.12348990378004712,
        0.21801826590212034,
        0.3049388649008517,
        0.3035705440402887,
        0.23445352884485907,
        0.15614606368519438,
        0.09810455080550248,
        0.06417401970717973,
        0.04710026472554141,
        0.03773347020387313,
        0.0313923127569602,
        0.027025446245914027,
        0.02429033483137037,
        0.022705073554828436,
        0.021925290909843288,
        0.021748392738835415,
        0.021870047326575312,
        0.021901137853067194,
        0.02166024999260585,
        0.021244341902248484,
        0.020853635129677913,
        0.020655187680441604,
        0.020664828255931113,
        0.020742431046754814,
        0.020795242203941165,
        0.020891894550981928,
        0.02115631820200909,
        0.021561606311616025,
        0.02147144964689116,
        0.019519487451549907,
        0.01543115239661623,
        0.011796651000108613
    ],
    "clip_indices": [
        0,
        2,
        4,
        7,
        9,
        11,
        14,
        16,
        19,
        21,
        23,
        26,
        28,
        31,
        33,
        35,
        38,
        40,
        42,
        45,
        47,
        50,
        52,
        54,
        57,
        59,
        62,
        64,
        66,
        69,
        71,
        74
    ]
}