{
    "video_path": "FallVision/No Fall/Stand/nf_raw_s_2/S_N_271.mp4",
    "active_window": [
        3,
        10
    ],
    "varying_k": 8,
    "detection_status": "Global Event Zone",
    "saliency_weights": [
        0.03703155191632014,
        0.06473024093893001,
        0.09344623096929142,
        0.10617948947493755,
        0.11923902282153184,
        0.1563409356455313,
        0.21764018814758002,
        0.2781049445634246,
        0.29313030730637724,
        0.2343285319080049,
        0.13593810436152165,
        0.059057771858076126,
        0.02404398689373548,
        0.014146880360631199,
        0.012524472695163276,
        0.012839624312545027,
        0.013281787869713535,
        0.01301826446678084,
        0.012141815177570903,
        0.011504066981995013,
        0.011625319164187416,
        0.012286144833922432,
        0.013033325071193884,
        0.013542997653905146,
        0.013764037718667141,
        0.0139107863500312,
        0.014133537086038057,
        0.014276805115685942,
        0.013920741913005895,
        0.012528733950672,
        0.010158073311414878,
        0.008172443357766596
    ],
    "clip_indices": [
        0,
        3,
        6,
        9,
        12,
        15,
        18,
        22,
        25,
        28,
        31,
        34,
        37,
        41,
        44,
        47,
        50,
        53,
        56,
        60,
        63,
        66,
        69,
        72,
        75,
        79,
        82,
        85,
        88,
        91,
        94,
        98
    ]
}