{
    "video_path": "FallVision/No Fall/Stand/nf_raw_s_2/S_N_510_resized.mp4",
    "active_window": [
        1,
        5
    ],
    "varying_k": 5,
    "detection_status": "Peak Only",
    "saliency_weights": [
        0.026838575863935073,
        0.04832533807261816,
        0.07088290713971948,
        0.07831383754428509,
        0.07395196839784088,
        0.06811435622725465,
        0.06495913735993103,
        0.06403052225170938,
        0.06423514376393599,
        0.06491578196837185,
        0.06592367916679924,
        0.06723136548390124,
        0.06846249532978133,
        0.06914072367892696,
        0.06932765727303877,
        0.0694815179149742,
        0.06978965957642688,
        0.0700873547939354,
        0.07026499498506533,
        0.07038446601796963,
        0.07047155307641603,
        0.07045713090324057,
        0.0703531527100889,
        0.0703042185839721,
        0.07037385444027507,
        0.07044352736082664,
        0.07037323348943933,
        0.06972720233987266,
        0.06631564549260256,
        0.055877364210462785,
        0.03822324526884076,
        0.02337750977483864
    ],
    "clip_indices": [
        0,
        3,
        7,
        11,
        15,
        19,
        23,
        26,
        30,
        34,
        38,
        42,
        46,
        49,
        53,
        57,
        61,
        65,
        69,
        72,
        76,
        80,
        84,
        88,
        92,
        95,
        99,
        103,
        107,
        111,
        115,
        119
    ]
}