{
    "video_path": "FallVision/No Fall/Stand/nf_raw_s_2/S_N_496_resized.mp4",
    "active_window": [
        22,
        28
    ],
    "varying_k": 7,
    "detection_status": "Global Event Zone",
    "saliency_weights": [
        0.022854307431670304,
        0.04133521778456074,
        0.06140458227868559,
        0.07008628766373498,
        0.07103443918749167,
        0.07241900043472624,
        0.07426924812112887,
        0.07293209186469288,
        0.06849759336765227,
        0.0632366481493639,
        0.05780376663485187,
        0.0526992943952692,
        0.051429010904964594,
        0.05721248996625859,
        0.06610765992617595,
        0.0701026132187404,
        0.06734079232152089,
        0.06278816122483344,
        0.060761487535155194,
        0.062043251177828475,
        0.06564312476856426,
        0.07010641715176634,
        0.07408890442512558,
        0.07674594960887854,
        0.07838600387020392,
        0.08043432978896434,
        0.08330841361587138,
        0.08482789047595668,
        0.08098171356761258,
        0.06746605850657639,
        0.0453965781107208,
        0.02718666965360437
    ],
    "clip_indices": [
        0,
        1,
        3,
        5,
        7,
        9,
        11,
        13,
        15,
        17,
        19,
        20,
        22,
        24,
        26,
        28,
        30,
        32,
        34,
        36,
        38,
        39,
        41,
        43,
        45,
        47,
        49,
        51,
        53,
        55,
        57,
        59
    ]
}