{
    "video_path": "FallVision/No Fall/Stand/nf_raw_s_2/S_N_571_resized.mp4",
    "active_window": [
        13,
        26
    ],
    "varying_k": 14,
    "detection_status": "Global Event Zone",
    "saliency_weights": [
        0.019074385609447086,
        0.03469801350708869,
        0.05218197289079217,
        0.060403973321856735,
        0.060857452135133765,
        0.05996286911395367,
        0.06104212190100855,
        0.06418750523405456,
        0.06747706211749566,
        0.06899928148286386,
        0.06903931277054774,
        0.06920591120922283,
        0.07043277284338362,
        0.07256518867375292,
        0.07467615185486483,
        0.07575686770176154,
        0.07572566450448104,
        0.07530118364212349,
        0.07494111892545569,
        0.0746237246593281,
        0.07448835306202206,
        0.07491518057029563,
        0.07573005564619313,
        0.0760189636048606,
        0.07525498840548288,
        0.07390733115839457,
        0.07263998946346034,
        0.07131441535119945,
        0.06760028620326897,
        0.05681563498089777,
        0.038538225014048605,
        0.02313275389875232
    ],
    "clip_indices": [
        0,
        4,
        9,
        14,
        19,
        24,
        28,
        33,
        38,
        43,
        48,
        52,
        57,
        62,
        67,
        72,
        76,
        81,
        86,
        91,
        96,
        100,
        105,
        110,
        115,
        120,
        124,
        129,
        134,
        139,
        144,
        149
    ]
}