{
    "video_path": "FallVision/No Fall/Stand/nf_raw_s_2/S_N_261.mp4",
    "active_window": [
        21,
        25
    ],
    "varying_k": 5,
    "detection_status": "Global Event Zone",
    "saliency_weights": [
        0.0075333104835117425,
        0.010018096513558429,
        0.012613577733396115,
        0.013433427094286143,
        0.012858042711572945,
        0.012070931648831237,
        0.011530059253325354,
        0.011178736597579154,
        0.010940624164265193,
        0.010770002818017732,
        0.010562954196193613,
        0.010219676565888276,
        0.009778750448338171,
        0.00936575855238142,
        0.009058014258923398,
        0.008947647949041451,
        0.009440021436415669,
        0.011889797079649392,
        0.020355033031521017,
        0.045965426693866974,
        0.11140684279112792,
        0.23253663147606224,
        0.3647699329532967,
        0.4056278498043381,
        0.31720298701021643,
        0.182829881757392,
        0.08865217333173704,
        0.043354290836681464,
        0.023459260503575455,
        0.014075075533557052,
        0.009395626561016904,
        0.007348856670995527
    ],
    "clip_indices": [
        0,
        3,
        7,
        11,
        15,
        19,
        23,
        26,
        30,
        34,
        38,
        42,
        46,
        49,
        53,
        57,
        61,
        65,
        69,
        72,
        76,
        80,
        84,
        88,
        92,
        95,
        99,
        103,
        107,
        111,
        115,
        119
    ]
}