{
    "video_path": "FallVision/No Fall/Stand/nf_raw_s_2/S_N_556_resized.mp4",
    "active_window": [
        13,
        16
    ],
    "varying_k": 4,
    "detection_status": "Global Event Zone",
    "saliency_weights": [
        0.01967921466374482,
        0.034870874004740815,
        0.05135443362666256,
        0.05964821297939744,
        0.06577816197308857,
        0.07681426459720374,
        0.08566900053425261,
        0.08214782981836308,
        0.06897350391444657,
        0.056419196650945413,
        0.051477878436507925,
        0.05762647929623324,
        0.0771537379141911,
        0.10682509222314526,
        0.13010361243366686,
        0.12746732518736004,
        0.10087717569416979,
        0.07147454780695282,
        0.05372721640360583,
        0.04793392864416719,
        0.051235880343133894,
        0.06205419982307321,
        0.07496588326106929,
        0.07992963020422675,
        0.07277734559835258,
        0.06036929744538769,
        0.050898673193435294,
        0.04673779113228835,
        0.045188884128329276,
        0.04030509284258999,
        0.029571366865516334,
        0.019728040414450886
    ],
    "clip_indices": [
        0,
        2,
        5,
        8,
        11,
        14,
        17,
        20,
        22,
        25,
        28,
        31,
        34,
        37,
        40,
        43,
        45,
        48,
        51,
        54,
        57,
        60,
        63,
        66,
        68,
        71,
        74,
        77,
        80,
        83,
        86,
        89
    ]
}