{
    "video_path": "FallVision/No Fall/Stand/nf_raw_s_2/S_N_266.mp4",
    "active_window": [
        0,
        4
    ],
    "varying_k": 5,
    "detection_status": "Global Event Zone",
    "saliency_weights": [
        0.14950931142079615,
        0.2563291528065368,
        0.33357139844728523,
        0.2830323794250119,
        0.1621552507068571,
        0.07200233280787133,
        0.034755581051322995,
        0.024472202914705397,
        0.022186118930552744,
        0.02177071777515702,
        0.021683615653313823,
        0.021379735034622892,
        0.02057644114680663,
        0.01926242621633876,
        0.017908686756440126,
        0.017239486055376126,
        0.01763314126732401,
        0.018969198830643054,
        0.020801581998544073,
        0.022537769698303192,
        0.0237006632632489,
        0.024050951532560032,
        0.023612755570457264,
        0.022713222997323264,
        0.022065191694656525,
        0.023373091755409133,
        0.03061316317209062,
        0.048696247713645,
        0.07302152201931324,
        0.08369314636354329,
        0.06936376619544259,
        0.04899486379950657
    ],
    "clip_indices": [
        0,
        2,
        5,
        8,
        11,
        14,
        17,
        20,
        22,
        25,
        28,
        31,
        34,
        37,
        40,
        43,
        45,
        48,
        51,
        54,
        57,
        60,
        63,
        66,
        68,
        71,
        74,
        77,
        80,
        83,
        86,
        89
    ]
}