{
    "video_path": "FallVision/No Fall/Stand/nf_raw_s_2/S_N_147.mp4",
    "active_window": [
        3,
        9
    ],
    "varying_k": 7,
    "detection_status": "Global Event Zone",
    "saliency_weights": [
        0.0274392116133989,
        0.049596083732278924,
        0.0801185972506685,
        0.11470618079198426,
        0.17032485104538075,
        0.2498998583443383,
        0.30568258627514,
        0.28886618946929515,
        0.21643032930759593,
        0.13891012259259805,
        0.08267806682332689,
        0.04881906336251203,
        0.03111253119440273,
        0.023562892957194027,
        0.02195604556834386,
        0.023310873237450506,
        0.02497756104136594,
        0.02472401918008679,
        0.021920852481585977,
        0.017619330904496217,
        0.01330143866516691,
        0.01010197476405025,
        0.008380623835258345,
        0.007708337079452633,
        0.007557361598635173,
        0.007675398357711454,
        0.007923926312204892,
        0.008113433570519166,
        0.008009631650304227,
        0.007400764543872528,
        0.006352123332954481,
        0.005476601990611062
    ],
    "clip_indices": [
        0,
        6,
        13,
        20,
        26,
        33,
        40,
        47,
        53,
        60,
        67,
        74,
        80,
        87,
        94,
        101,
        107,
        114,
        121,
        128,
        134,
        141,
        148,
        155,
        161,
        168,
        175,
        182,
        188,
        195,
        202,
        209
    ]
}