{
    "video_path": "FallVision/No Fall/Stand/nf_raw_s_2/S_N_378_resized.mp4",
    "active_window": [
        0,
        4
    ],
    "varying_k": 5,
    "detection_status": "Global Event Zone",
    "saliency_weights": [
        0.20978216177581488,
        0.3603099315472237,
        0.4721377171485607,
        0.4072977582737948,
        0.24031801460754998,
        0.10787361476957308,
        0.044810304028887915,
        0.021670132503539826,
        0.014065765921120906,
        0.011969417375201609,
        0.0114030296948818,
        0.010607040711683266,
        0.009389808295227932,
        0.008335931305472949,
        0.007744845438409585,
        0.007480095697455988,
        0.007352261258316389,
        0.0072756004039659615,
        0.0072305098905547215,
        0.007220133453599724,
        0.007242780347300847,
        0.007283795582594656,
        0.007324884362145791,
        0.007349780936281945,
        0.007345979093789913,
        0.007308966408753071,
        0.007252364422404453,
        0.0071987874138060085,
        0.007102664452470838,
        0.0068172573375338405,
        0.006310511832007923,
        0.005875763240339426
    ],
    "clip_indices": [
        0,
        5,
        10,
        16,
        21,
        26,
        32,
        37,
        43,
        48,
        53,
        59,
        64,
        70,
        75,
        80,
        86,
        91,
        96,
        102,
        107,
        113,
        118,
        123,
        129,
        134,
        140,
        145,
        150,
        156,
        161,
        167
    ]
}