{
    "video_path": "FallVision/No Fall/Stand/nf_raw_s_2/S_N_293.mp4",
    "active_window": [
        1,
        24
    ],
    "varying_k": 24,
    "detection_status": "Global Event Zone",
    "saliency_weights": [
        0.058064366532573415,
        0.10245328399411344,
        0.14320734864351664,
        0.14298325575425175,
        0.11305696188799094,
        0.08189065562702197,
        0.06152355169582634,
        0.050820168172614255,
        0.04467514217843685,
        0.0389747430738943,
        0.03393359702386875,
        0.03204903472845978,
        0.034110423199641325,
        0.03855926700075741,
        0.04254277579814862,
        0.043972487941635496,
        0.04457246523066792,
        0.04915271158107999,
        0.06121604173531456,
        0.08034608570435792,
        0.10110002649470959,
        0.1146655313928998,
        0.11568476427374139,
        0.10540409197174559,
        0.08845503253804626,
        0.07024524913407354,
        0.05419378957257444,
        0.04049924184005385,
        0.028664190927357208,
        0.01930422323572764,
        0.01317498070941239,
        0.010201347884074355
    ],
    "clip_indices": [
        0,
        2,
        4,
        7,
        9,
        11,
        14,
        16,
        19,
        21,
        23,
        26,
        28,
        31,
        33,
        35,
        38,
        40,
        42,
        45,
        47,
        50,
        52,
        54,
        57,
        59,
        62,
        64,
        66,
        69,
        71,
        74
    ]
}