{
    "video_path": "FallVision/No Fall/Stand/nf_raw_s_2/S_N_04.mp4",
    "active_window": [
        1,
        5
    ],
    "varying_k": 5,
    "detection_status": "Global Event Zone",
    "saliency_weights": [
        0.05537756713918152,
        0.09746603469478451,
        0.13547107893918342,
        0.13401562613178775,
        0.10548928935756949,
        0.07829567242815283,
        0.06281391691556365,
        0.05644576857835758,
        0.054875230141858536,
        0.05511341370881569,
        0.05583901219546418,
        0.056568212587836564,
        0.056741402263337834,
        0.05600746324349698,
        0.05514511058866446,
        0.05551544799295535,
        0.05740679949610456,
        0.059882755060749776,
        0.061919788200850305,
        0.06303900268829529,
        0.06348567386824397,
        0.06391176584782678,
        0.06433678287984021,
        0.0639711344090223,
        0.06263191521778189,
        0.0613079502458346,
        0.060436086101577885,
        0.05866874513643325,
        0.05379547629931485,
        0.043970519325117585,
        0.030299980007699984,
        0.019596726106520822
    ],
    "clip_indices": [
        0,
        7,
        15,
        23,
        30,
        38,
        46,
        53,
        61,
        69,
        77,
        84,
        92,
        100,
        107,
        115,
        123,
        131,
        138,
        146,
        154,
        161,
        169,
        177,
        185,
        192,
        200,
        208,
        215,
        223,
        231,
        239
    ]
}