{
    "video_path": "FallVision/No Fall/Stand/nf_raw_s_2/S_N_66_resized.mp4",
    "active_window": [
        10,
        27
    ],
    "varying_k": 18,
    "detection_status": "Global Event Zone",
    "saliency_weights": [
        0.022385982025292947,
        0.040456565135632276,
        0.05979142124291077,
        0.06674023610525225,
        0.06319398159730658,
        0.05757477617420022,
        0.05539939168440253,
        0.05825006910323312,
        0.06398924535725764,
        0.0691911702325102,
        0.07204492009458707,
        0.07256073916346467,
        0.07197560279770009,
        0.07172437454243019,
        0.07214224964719032,
        0.07267036869031179,
        0.07297922215061231,
        0.07319517302309658,
        0.07340012219027472,
        0.07351437835384722,
        0.07362640715570398,
        0.07400156552792242,
        0.07457388953686638,
        0.07483222644184981,
        0.07451969676634956,
        0.07397070563884514,
        0.07345192374504896,
        0.07235314146443442,
        0.06823303687812585,
        0.05692849502265131,
        0.03849821784646229,
        0.02318092388631244
    ],
    "clip_indices": [
        0,
        1,
        3,
        4,
        6,
        7,
        9,
        10,
        12,
        13,
        15,
        16,
        18,
        19,
        21,
        22,
        24,
        25,
        27,
        28,
        30,
        31,
        33,
        34,
        36,
        37,
        39,
        40,
        42,
        43,
        45,
        47
    ]
}