{
    "video_path": "FallVision/No Fall/Stand/nf_raw_s_2/S_N_398_resized.mp4",
    "active_window": [
        10,
        26
    ],
    "varying_k": 17,
    "detection_status": "Global Event Zone",
    "saliency_weights": [
        0.041141359464713215,
        0.07222556761349505,
        0.09981764102387236,
        0.09783712687383889,
        0.07683811564723202,
        0.05935537096705493,
        0.053329977639632084,
        0.056413512598080764,
        0.0650987432983861,
        0.07701795845923048,
        0.09061792009343408,
        0.10269142866266784,
        0.10578104829676287,
        0.09357556259026012,
        0.0711498097837413,
        0.0511393323776857,
        0.04000033032125544,
        0.03564052343970552,
        0.034181587819819156,
        0.03373099657882816,
        0.03526598729283913,
        0.042118900428067194,
        0.0574476108885071,
        0.0810191854629091,
        0.10442230009075656,
        0.11166066310332232,
        0.09602261544005816,
        0.06985204562413468,
        0.04716531045090422,
        0.030567285578278577,
        0.018180244436970788,
        0.010785366019474853
    ],
    "clip_indices": [
        0,
        1,
        3,
        5,
        7,
        9,
        11,
        13,
        15,
        17,
        19,
        20,
        22,
        24,
        26,
        28,
        30,
        32,
        34,
        36,
        38,
        39,
        41,
        43,
        45,
        47,
        49,
        51,
        53,
        55,
        57,
        59
    ]
}