{
    "video_path": "FallVision/No Fall/Stand/nf_raw_s_2/S_N_411_resized.mp4",
    "active_window": [
        0,
        5
    ],
    "varying_k": 6,
    "detection_status": "Global Event Zone",
    "saliency_weights": [
        0.13025111199989045,
        0.22729201564082607,
        0.3091149318156984,
        0.2899418714312503,
        0.20172363651435216,
        0.11654662152007014,
        0.06348513681282589,
        0.04136087227049416,
        0.04549046859844989,
        0.06809699952275042,
        0.09028800305864489,
        0.09287830296744776,
        0.0761475718169908,
        0.05410526329990349,
        0.03621312102566279,
        0.023948504152174872,
        0.01624630355835477,
        0.012142146873479826,
        0.010736377786944258,
        0.011008008890926933,
        0.012052838010979701,
        0.013191960944869038,
        0.013971178321068974,
        0.014163892749319961,
        0.013812490835446573,
        0.013218651751531436,
        0.012655824656825333,
        0.01216041095243672,
        0.011518802010714455,
        0.010339912914974565,
        0.008604715772101514,
        0.0072010216315101915
    ],
    "clip_indices": [
        0,
        3,
        7,
        11,
        15,
        19,
        23,
        26,
        30,
        34,
        38,
        42,
        46,
        49,
        53,
        57,
        61,
        65,
        69,
        72,
        76,
        80,
        84,
        88,
        92,
        95,
        99,
        103,
        107,
        111,
        115,
        119
    ]
}