{
    "video_path": "FallVision/No Fall/Stand/nf_raw_s_2/S_N_54.mp4",
    "active_window": [
        7,
        11
    ],
    "varying_k": 5,
    "detection_status": "Peak Only",
    "saliency_weights": [
        0.019379564371724306,
        0.03558807350698187,
        0.054555553386796074,
        0.06528319147132661,
        0.06860999860726777,
        0.06977146295151973,
        0.07084116020736453,
        0.07161014368703109,
        0.07194102127846105,
        0.07199118080486436,
        0.07177584007838664,
        0.07127258767960148,
        0.07075205212112937,
        0.07058419133618621,
        0.07074846464626297,
        0.0709146670401326,
        0.07090538487923287,
        0.070769929455345,
        0.07054913106384586,
        0.07025301898776247,
        0.07006923988865421,
        0.07028780656733025,
        0.07077265363191815,
        0.0709112934266325,
        0.07054120893315963,
        0.07034760861260818,
        0.0708060210152882,
        0.07108569860249218,
        0.06827364775250491,
        0.057676481968250926,
        0.03916507246099716,
        0.02348596095942345
    ],
    "clip_indices": [
        0,
        2,
        4,
        6,
        9,
        11,
        13,
        16,
        18,
        20,
        22,
        25,
        27,
        29,
        32,
        34,
        36,
        38,
        41,
        43,
        45,
        48,
        50,
        52,
        54,
        57,
        59,
        61,
        64,
        66,
        68,
        71
    ]
}