{
    "video_path": "FallVision/No Fall/Stand/nf_raw_s_2/S_N_329_resized.mp4",
    "active_window": [
        12,
        16
    ],
    "varying_k": 5,
    "detection_status": "Peak Only",
    "saliency_weights": [
        0.01936732575424626,
        0.03567096733751584,
        0.05498702553398785,
        0.0662953054583159,
        0.06995441563356941,
        0.0707819121233346,
        0.07109980794947779,
        0.07118919834828452,
        0.07106644758183335,
        0.07088777322042385,
        0.0708565018601961,
        0.07109394101214399,
        0.07149664850658727,
        0.0718179836529595,
        0.07186752755844052,
        0.07157347933784947,
        0.07098896996247067,
        0.07029787660793912,
        0.06980680097330852,
        0.06980207918695255,
        0.07020535941072474,
        0.07058172303863529,
        0.07069406836110709,
        0.07072089391103076,
        0.07086046384570174,
        0.07108525882288874,
        0.07123504660357981,
        0.07072290264587722,
        0.06720536871687607,
        0.05637568503082247,
        0.038147000347197466,
        0.022851049643370085
    ],
    "clip_indices": [
        0,
        1,
        3,
        5,
        7,
        9,
        11,
        13,
        15,
        17,
        19,
        20,
        22,
        24,
        26,
        28,
        30,
        32,
        34,
        36,
        38,
        39,
        41,
        43,
        45,
        47,
        49,
        51,
        53,
        55,
        57,
        59
    ]
}