{
    "video_path": "FallVision/No Fall/Stand/nf_raw_s_2/S_N_419.mp4",
    "active_window": [
        11,
        15
    ],
    "varying_k": 5,
    "detection_status": "Global Event Zone",
    "saliency_weights": [
        0.0276300683518384,
        0.04899606640091411,
        0.06977755211446342,
        0.07296997889429871,
        0.06367028152955695,
        0.05453268387188935,
        0.05032778615934365,
        0.05026510604431238,
        0.05330344562402166,
        0.05983645160452236,
        0.0716626712032179,
        0.08829953138121462,
        0.10204487021564315,
        0.10356084731515561,
        0.09352286082178185,
        0.08064204496637692,
        0.0706661980362044,
        0.06407806961735764,
        0.060623156057493605,
        0.06083491825037457,
        0.06397113378438443,
        0.06747720706072086,
        0.06934609486595045,
        0.0693370853060901,
        0.06816600913870347,
        0.06682762037015692,
        0.06602718066041523,
        0.0655117495276524,
        0.06290994116471707,
        0.05363507208960641,
        0.03713664371172608,
        0.02304466008697307
    ],
    "clip_indices": [
        0,
        3,
        7,
        11,
        15,
        19,
        23,
        26,
        30,
        34,
        38,
        42,
        46,
        49,
        53,
        57,
        61,
        65,
        69,
        72,
        76,
        80,
        84,
        88,
        92,
        95,
        99,
        103,
        107,
        111,
        115,
        119
    ]
}