{
    "video_path": "FallVision/No Fall/Stand/nf_raw_s_2/S_N_458_resized.mp4",
    "active_window": [
        18,
        28
    ],
    "varying_k": 11,
    "detection_status": "Global Event Zone",
    "saliency_weights": [
        0.023553669416227555,
        0.04287421347784086,
        0.0647020649102525,
        0.07538014278300188,
        0.07638137729649273,
        0.07460192923808828,
        0.07242516673362906,
        0.06920557425516581,
        0.06479227347994058,
        0.05985282934082431,
        0.05524137312067404,
        0.05177837274603546,
        0.05015933053463323,
        0.05087608337330933,
        0.05399088239442122,
        0.05900848701115498,
        0.06477076270290312,
        0.06976904524658178,
        0.07300315897699407,
        0.07435180765921345,
        0.07451989998023696,
        0.07464299505579697,
        0.0752471452014412,
        0.0761809301562695,
        0.07816485983159568,
        0.08279536431728698,
        0.08857049909550252,
        0.08889673486776567,
        0.07858833932124873,
        0.059220714664583146,
        0.03692011821188795,
        0.02122393037262609
    ],
    "clip_indices": [
        0,
        2,
        5,
        8,
        11,
        14,
        17,
        20,
        22,
        25,
        28,
        31,
        34,
        37,
        40,
        43,
        45,
        48,
        51,
        54,
        57,
        60,
        63,
        66,
        68,
        71,
        74,
        77,
        80,
        83,
        86,
        89
    ]
}