{
    "video_path": "FallVision/No Fall/Stand/nf_raw_s_2/S_N_153.mp4",
    "active_window": [
        1,
        7
    ],
    "varying_k": 7,
    "detection_status": "Global Event Zone",
    "saliency_weights": [
        0.08732099687562231,
        0.1627537911214553,
        0.2569789072031672,
        0.3163308886142772,
        0.3224682067522595,
        0.28026616021259504,
        0.20956951277095376,
        0.1346600889750003,
        0.07380633787695312,
        0.036268871397458616,
        0.019297964782068085,
        0.01386298041861466,
        0.013014502874070565,
        0.013278210597110115,
        0.013204015260817641,
        0.012382298535125813,
        0.011061577730948003,
        0.00978120932351437,
        0.00881378350995345,
        0.008045810371523996,
        0.007278837204664511,
        0.006420750038239179,
        0.005547616573121289,
        0.004870970415898788,
        0.00453078788323265,
        0.004480090517761139,
        0.0045801805836681395,
        0.004670482173394674,
        0.004608571918785049,
        0.0043067784481696115,
        0.0038132979654772886,
        0.0034091977303140134
    ],
    "clip_indices": [
        0,
        6,
        13,
        20,
        26,
        33,
        40,
        47,
        53,
        60,
        67,
        74,
        80,
        87,
        94,
        101,
        107,
        114,
        121,
        128,
        134,
        141,
        148,
        155,
        161,
        168,
        175,
        182,
        188,
        195,
        202,
        209
    ]
}