{
    "video_path": "FallVision/No Fall/Stand/nf_raw_s_2/S_N_224_resized.mp4",
    "active_window": [
        4,
        9
    ],
    "varying_k": 6,
    "detection_status": "Global Event Zone",
    "saliency_weights": [
        0.007048610098977052,
        0.010070923158468754,
        0.020125014496627847,
        0.05669084907458141,
        0.15828406024825983,
        0.3218391170281196,
        0.4392791899196613,
        0.40684610671906524,
        0.2683509766295489,
        0.1372606317727748,
        0.06136954447426206,
        0.027458053122608232,
        0.014307610518521315,
        0.009524801662442541,
        0.0076806916417143465,
        0.006921263507350291,
        0.006653859325855597,
        0.006613493919382686,
        0.00665237379562502,
        0.0066942172092277815,
        0.006715160043865879,
        0.006725560937421233,
        0.006737122969763423,
        0.006748066481111433,
        0.006751937328910072,
        0.006745796857003853,
        0.006733421872827463,
        0.006718863341380263,
        0.0066722696333190185,
        0.0065175872141193854,
        0.006242643441456407,
        0.006007393592633458
    ],
    "clip_indices": [
        0,
        4,
        9,
        14,
        19,
        24,
        28,
        33,
        38,
        43,
        48,
        52,
        57,
        62,
        67,
        72,
        76,
        81,
        86,
        91,
        96,
        100,
        105,
        110,
        115,
        120,
        124,
        129,
        134,
        139,
        144,
        149
    ]
}