{
    "video_path": "FallVision/No Fall/Stand/nf_raw_s_2/S_N_138_resized.mp4",
    "active_window": [
        8,
        16
    ],
    "varying_k": 9,
    "detection_status": "Global Event Zone",
    "saliency_weights": [
        0.019244162437101357,
        0.0351714289328494,
        0.05356607002885076,
        0.06354609824148055,
        0.06636459488706291,
        0.06765054741508816,
        0.06944170486282814,
        0.07119314136171927,
        0.07239611194878402,
        0.07327277203313123,
        0.07477247072853851,
        0.0774738596749629,
        0.08007337911248502,
        0.08049708379231037,
        0.0784537891692023,
        0.07528667033656233,
        0.07210148235475847,
        0.06936051226640161,
        0.06760401816254655,
        0.06743273163597958,
        0.06852930817539415,
        0.0696130340989291,
        0.06993275070564883,
        0.06985168564325538,
        0.0697757565528554,
        0.06952929097674862,
        0.06883511796039876,
        0.06734569207165086,
        0.06320457151828876,
        0.05265710874271649,
        0.03566960048820897,
        0.021583448615126406
    ],
    "clip_indices": [
        0,
        1,
        3,
        5,
        7,
        9,
        11,
        13,
        15,
        17,
        19,
        21,
        23,
        25,
        27,
        29,
        30,
        32,
        34,
        36,
        38,
        40,
        42,
        44,
        46,
        48,
        50,
        52,
        54,
        56,
        58,
        60
    ]
}