{
    "video_path": "FallVision/No Fall/Stand/nf_raw_s_2/S_N_372_resized.mp4",
    "active_window": [
        4,
        12
    ],
    "varying_k": 9,
    "detection_status": "Global Event Zone",
    "saliency_weights": [
        0.020270143356581692,
        0.03734539464022447,
        0.05758645910349765,
        0.06939874506135289,
        0.07299068898687733,
        0.07332660301974192,
        0.0730647125660513,
        0.07276659305978903,
        0.0724064236844449,
        0.0719594463965515,
        0.07159540487518075,
        0.07147631943269128,
        0.07142420293987026,
        0.07113086059564415,
        0.07065022558038551,
        0.07029549993210554,
        0.070130079727631,
        0.0699093998220543,
        0.06942091422318142,
        0.06866592947195635,
        0.06788243813977017,
        0.06745207212253762,
        0.06759909810382621,
        0.06824138282201761,
        0.06910453884602016,
        0.0698509825563843,
        0.07029053865648957,
        0.07007702173637292,
        0.06700681181025259,
        0.05656781870050828,
        0.03846644368388727,
        0.023136216684021972
    ],
    "clip_indices": [
        0,
        2,
        5,
        8,
        11,
        14,
        17,
        20,
        23,
        26,
        29,
        31,
        34,
        37,
        40,
        43,
        46,
        49,
        52,
        55,
        58,
        60,
        63,
        66,
        69,
        72,
        75,
        78,
        81,
        84,
        87,
        90
    ]
}