{
    "video_path": "FallVision/No Fall/Stand/nf_raw_s_2/S_N_280.mp4",
    "active_window": [
        1,
        6
    ],
    "varying_k": 6,
    "detection_status": "Global Event Zone",
    "saliency_weights": [
        0.05652922771598709,
        0.10140491840543392,
        0.1471737754118384,
        0.1575854313556151,
        0.13659830953858704,
        0.10595045714708035,
        0.08188847281888331,
        0.07170716617507022,
        0.07306883018175922,
        0.07895977061102624,
        0.08345711985591467,
        0.0834172312850657,
        0.0791169967253314,
        0.07239651461093283,
        0.06381975136515966,
        0.05329190045526612,
        0.04284972285605498,
        0.0360499290080794,
        0.03409467849035621,
        0.035335615578498694,
        0.0384672610958864,
        0.043338789214497964,
        0.04853246471818272,
        0.050833383479483144,
        0.04892182936873174,
        0.04519102289596477,
        0.04229144385290255,
        0.04053612653491557,
        0.03821016380424509,
        0.03244984269704951,
        0.022827160335136765,
        0.014725318526766017
    ],
    "clip_indices": [
        0,
        1,
        3,
        5,
        7,
        9,
        11,
        13,
        15,
        17,
        19,
        20,
        22,
        24,
        26,
        28,
        30,
        32,
        34,
        36,
        38,
        39,
        41,
        43,
        45,
        47,
        49,
        51,
        53,
        55,
        57,
        59
    ]
}