{
    "video_path": "FallVision/No Fall/Stand/nf_raw_s_2/S_N_305_resized.mp4",
    "active_window": [
        0,
        7
    ],
    "varying_k": 8,
    "detection_status": "Global Event Zone",
    "saliency_weights": [
        0.09886713953585446,
        0.17329041801993053,
        0.23891889900877447,
        0.23504909858981937,
        0.19204765163069715,
        0.16267529309369252,
        0.14841854409985517,
        0.126681542565606,
        0.09513835254534384,
        0.06600364447730342,
        0.04637039217372498,
        0.036095464133230615,
        0.0320258228936757,
        0.03054908105142313,
        0.029158978205411995,
        0.026733563218877487,
        0.023418975981317446,
        0.020123516323800605,
        0.017640341468990267,
        0.016498006783916025,
        0.01739568992204736,
        0.020977121853375913,
        0.026508435455844134,
        0.03147798112948795,
        0.03337848043569017,
        0.03106432002714976,
        0.025348604008943766,
        0.01904361853914277,
        0.01433506256352627,
        0.0109937151009742,
        0.008232035560096886,
        0.00641502503188616
    ],
    "clip_indices": [
        0,
        1,
        3,
        5,
        7,
        9,
        11,
        13,
        15,
        17,
        19,
        20,
        22,
        24,
        26,
        28,
        30,
        32,
        34,
        36,
        38,
        39,
        41,
        43,
        45,
        47,
        49,
        51,
        53,
        55,
        57,
        59
    ]
}