{
    "video_path": "FallVision/No Fall/Stand/nf_raw_s_2/S_N_124_resized.mp4",
    "active_window": [
        14,
        23
    ],
    "varying_k": 10,
    "detection_status": "Global Event Zone",
    "saliency_weights": [
        0.019594826959386153,
        0.03609845237152311,
        0.05566581178826813,
        0.06700702099809222,
        0.07007137877979236,
        0.06941728861171684,
        0.06767379546389224,
        0.06593832099377803,
        0.06533832627977838,
        0.06655549833843216,
        0.06862893307578272,
        0.07003928139622646,
        0.0706733536473548,
        0.07133788489582463,
        0.07208253464097789,
        0.07231592844131102,
        0.0721199723586732,
        0.07224680463569252,
        0.0729248766547127,
        0.07363202075859118,
        0.07396130236782791,
        0.07392866062896816,
        0.07350202841070629,
        0.07247763394361195,
        0.07106853449769567,
        0.07012140531789034,
        0.07014263620703487,
        0.07026996979351634,
        0.0675246696947654,
        0.05711500420080803,
        0.03881120987909416,
        0.023270976206413968
    ],
    "clip_indices": [
        0,
        2,
        5,
        8,
        11,
        14,
        17,
        20,
        22,
        25,
        28,
        31,
        34,
        37,
        40,
        43,
        45,
        48,
        51,
        54,
        57,
        60,
        63,
        66,
        68,
        71,
        74,
        77,
        80,
        83,
        86,
        89
    ]
}