{
    "video_path": "FallVision/No Fall/Stand/nf_raw_s_2/S_N_129_resized.mp4",
    "active_window": [
        1,
        8
    ],
    "varying_k": 8,
    "detection_status": "Global Event Zone",
    "saliency_weights": [
        0.048998814382458136,
        0.08577293875011674,
        0.11787347852991496,
        0.11510176995465204,
        0.09296961282940006,
        0.0794475520241587,
        0.07882612706665623,
        0.0811865346696305,
        0.07954422759364851,
        0.07269466454717287,
        0.06415006203573029,
        0.05834390629302242,
        0.05593662397973495,
        0.05494132881137407,
        0.054506539540610396,
        0.054925299650723555,
        0.05532319570265139,
        0.054466774499790774,
        0.054397878874345565,
        0.059564026745611655,
        0.07036317332139624,
        0.08131165843505736,
        0.0863032219514113,
        0.08233467261882789,
        0.07110941885686789,
        0.05872561987964765,
        0.04971818717356619,
        0.043400643735564653,
        0.037106862266932064,
        0.02907526044191844,
        0.01974288196512767,
        0.01288656167859785
    ],
    "clip_indices": [
        0,
        2,
        4,
        6,
        9,
        11,
        13,
        16,
        18,
        20,
        22,
        25,
        27,
        29,
        32,
        34,
        36,
        38,
        41,
        43,
        45,
        48,
        50,
        52,
        54,
        57,
        59,
        61,
        64,
        66,
        68,
        71
    ]
}