{
    "video_path": "FallVision/No Fall/Stand/nf_raw_s_2/S_N_120_resized.mp4",
    "active_window": [
        14,
        22
    ],
    "varying_k": 9,
    "detection_status": "Global Event Zone",
    "saliency_weights": [
        0.021130946958638416,
        0.037926203305502906,
        0.05545079606748396,
        0.06085308162125205,
        0.05651932777421258,
        0.05061749325260751,
        0.04721136192970339,
        0.04683445929712868,
        0.048732926917722345,
        0.051933155369133524,
        0.055784192209049434,
        0.059963641612801044,
        0.06438589353151433,
        0.06921363741239442,
        0.07486363650794331,
        0.08140355975581991,
        0.08749741458057053,
        0.09102515923857771,
        0.09132308323709876,
        0.08937903198030978,
        0.08583020043733754,
        0.08054709617529902,
        0.07441851074776452,
        0.0699037798706938,
        0.0687896038409512,
        0.07083014307082103,
        0.07465471251604092,
        0.07805787486180263,
        0.07707915061751922,
        0.06616596674573288,
        0.04531626815277234,
        0.027308233954995424
    ],
    "clip_indices": [
        0,
        3,
        7,
        11,
        15,
        19,
        23,
        26,
        30,
        34,
        38,
        42,
        46,
        49,
        53,
        57,
        61,
        65,
        69,
        72,
        76,
        80,
        84,
        88,
        92,
        95,
        99,
        103,
        107,
        111,
        115,
        119
    ]
}