{
    "video_path": "FallVision/No Fall/Stand/nf_raw_s_2/S_N_90_resized.mp4",
    "active_window": [
        16,
        22
    ],
    "varying_k": 7,
    "detection_status": "Global Event Zone",
    "saliency_weights": [
        0.018524081030163037,
        0.033849251544768845,
        0.051768062432967214,
        0.06175800841154322,
        0.0643401072644908,
        0.06446440233469365,
        0.06481478335623382,
        0.06594329882754832,
        0.06755206049261328,
        0.0690476412017774,
        0.06979922869003724,
        0.0694492804741135,
        0.06837399738871638,
        0.06760996893149863,
        0.0684763704973242,
        0.07202229892343842,
        0.07811100809106242,
        0.08519199232349076,
        0.09070228764717957,
        0.09203098954113917,
        0.08856491396508556,
        0.08215268571227098,
        0.07523540735139422,
        0.06966080698702595,
        0.06619811144473554,
        0.06446143682559721,
        0.06366919929501358,
        0.06279349220560485,
        0.0595042612276774,
        0.04999646269724578,
        0.03418731586635966,
        0.020964399844446195
    ],
    "clip_indices": [
        0,
        9,
        19,
        28,
        38,
        48,
        57,
        67,
        77,
        86,
        96,
        106,
        115,
        125,
        135,
        144,
        154,
        163,
        173,
        183,
        192,
        202,
        212,
        221,
        231,
        241,
        250,
        260,
        270,
        279,
        289,
        299
    ]
}