{
    "video_path": "FallVision/No Fall/Stand/nf_raw_s_2/S_N_511_resized.mp4",
    "active_window": [
        25,
        29
    ],
    "varying_k": 5,
    "detection_status": "Peak Only",
    "saliency_weights": [
        0.01916979832085336,
        0.03517342036636537,
        0.05388816262478506,
        0.06436217362284233,
        0.06722683722866885,
        0.06766787950038991,
        0.06828573690612161,
        0.06934912382437597,
        0.07034640180432022,
        0.07082259548423264,
        0.07091334185740866,
        0.07104144516182938,
        0.0713161302906346,
        0.07150485062587555,
        0.07130600608105322,
        0.07062652722710097,
        0.06987601163075483,
        0.06967370400462276,
        0.07000558088235223,
        0.0702348074476322,
        0.07008339284250417,
        0.06993917139982715,
        0.07019361541923942,
        0.07085570610747716,
        0.07168838400760637,
        0.07240729536912538,
        0.07297433109070448,
        0.07325085728483227,
        0.07084438711152304,
        0.06041454270300588,
        0.041248166013177566,
        0.024740129857893797
    ],
    "clip_indices": [
        0,
        4,
        9,
        14,
        19,
        24,
        28,
        33,
        38,
        43,
        48,
        52,
        57,
        62,
        67,
        72,
        76,
        81,
        86,
        91,
        96,
        100,
        105,
        110,
        115,
        120,
        124,
        129,
        134,
        139,
        144,
        149
    ]
}