{
    "video_path": "FallVision/No Fall/Stand/nf_raw_s_2/S_N_02.mp4",
    "active_window": [
        0,
        4
    ],
    "varying_k": 5,
    "detection_status": "Global Event Zone",
    "saliency_weights": [
        0.1208175898054076,
        0.2092548036921053,
        0.2795014097512231,
        0.25269515306521384,
        0.16697510002015112,
        0.09577103660666533,
        0.05915779889919226,
        0.043104166173905216,
        0.03586663374621238,
        0.03288128303251457,
        0.03226845668956104,
        0.03292243432467099,
        0.03428455163525359,
        0.03608848536516168,
        0.03800293315852239,
        0.03955220082126522,
        0.04025725834187466,
        0.03982829163048559,
        0.03845974065116592,
        0.03677547620235598,
        0.035336368460053,
        0.03442438876980922,
        0.034126466871840344,
        0.034419812964009665,
        0.03524841857157725,
        0.03648946391867947,
        0.037747234400406934,
        0.038143772746667956,
        0.03640991210623381,
        0.03126195228378995,
        0.02325556810507662,
        0.01675534054581237
    ],
    "clip_indices": [
        0,
        1,
        3,
        5,
        7,
        9,
        11,
        13,
        15,
        17,
        19,
        20,
        22,
        24,
        26,
        28,
        30,
        32,
        34,
        36,
        38,
        39,
        41,
        43,
        45,
        47,
        49,
        51,
        53,
        55,
        57,
        59
    ]
}