{
    "video_path": "FallVision/No Fall/Stand/nf_raw_s_2/S_N_519_resized.mp4",
    "active_window": [
        13,
        18
    ],
    "varying_k": 6,
    "detection_status": "Global Event Zone",
    "saliency_weights": [
        0.01960956827114265,
        0.03595482392426296,
        0.05490500132456409,
        0.06525922434398157,
        0.06801963254163845,
        0.06869640328211511,
        0.06946598166547097,
        0.0701046423954174,
        0.07045308324100455,
        0.07070050277219614,
        0.07096826572436393,
        0.07124959769927021,
        0.07150763448231026,
        0.07172875623078859,
        0.07194082889407918,
        0.07214906595944923,
        0.07222544259416408,
        0.07200428574823123,
        0.07157360301334839,
        0.07126107696110287,
        0.07125329605895087,
        0.07144701375762397,
        0.07162343351016884,
        0.07159709890431079,
        0.07134937640933511,
        0.07105571273557217,
        0.07080853946832091,
        0.0700654784869238,
        0.0664611271567874,
        0.05571768459986822,
        0.03773164514840038,
        0.022658569579542327
    ],
    "clip_indices": [
        0,
        3,
        7,
        11,
        15,
        19,
        22,
        26,
        30,
        34,
        38,
        41,
        45,
        49,
        53,
        57,
        60,
        64,
        68,
        72,
        76,
        79,
        83,
        87,
        91,
        95,
        98,
        102,
        106,
        110,
        114,
        118
    ]
}