{
    "video_path": "FallVision/No Fall/Stand/nf_raw_s_2/S_N_491_resized.mp4",
    "active_window": [
        19,
        27
    ],
    "varying_k": 9,
    "detection_status": "Global Event Zone",
    "saliency_weights": [
        0.017823245228437028,
        0.03265801734268654,
        0.05013520967404293,
        0.06032477730785825,
        0.06403355219802001,
        0.0657908325291516,
        0.06681552173574712,
        0.06678880803438428,
        0.06708688119285168,
        0.06925781576532186,
        0.07206615245247636,
        0.07286711056599746,
        0.07072258443038654,
        0.0664715072282516,
        0.06148261477336806,
        0.05753807041068243,
        0.05724692549579349,
        0.06268937604937691,
        0.07210861072300778,
        0.08040362061878595,
        0.08432292495204789,
        0.08445778606790982,
        0.08298420311590743,
        0.08188994161642726,
        0.08172714523928806,
        0.08129193802755802,
        0.07922523581214358,
        0.07484394409732732,
        0.06692674569056498,
        0.053336858681930374,
        0.03514155080112007,
        0.021016799641661706
    ],
    "clip_indices": [
        0,
        1,
        3,
        5,
        7,
        9,
        11,
        13,
        15,
        17,
        19,
        20,
        22,
        24,
        26,
        28,
        30,
        32,
        34,
        36,
        38,
        39,
        41,
        43,
        45,
        47,
        49,
        51,
        53,
        55,
        57,
        59
    ]
}