{
    "video_path": "FallVision/No Fall/Stand/nf_raw_s_2/S_N_546_resized.mp4",
    "active_window": [
        2,
        26
    ],
    "varying_k": 25,
    "detection_status": "Global Event Zone",
    "saliency_weights": [
        0.03463845518260189,
        0.06258579640516389,
        0.09281873782562822,
        0.1055252495032219,
        0.10593430363424644,
        0.10582652779274473,
        0.1042995528037516,
        0.09521551873078815,
        0.07956175858442902,
        0.06326429792839858,
        0.050992113321431665,
        0.04481963686806236,
        0.0442679646376823,
        0.04689813213396514,
        0.049142728712730885,
        0.04831569335521772,
        0.04577020024231848,
        0.04525054824287549,
        0.04703541279495601,
        0.04821760089616124,
        0.04980417072767557,
        0.057767573318569396,
        0.07464788498135688,
        0.09485569438987956,
        0.10778714621944402,
        0.10273378767567629,
        0.0799616075625694,
        0.05558815825423742,
        0.04206387704126384,
        0.03435446369088066,
        0.024702146465470767,
        0.016247671674602095
    ],
    "clip_indices": [
        0,
        4,
        9,
        14,
        19,
        24,
        28,
        33,
        38,
        43,
        48,
        52,
        57,
        62,
        67,
        72,
        76,
        81,
        86,
        91,
        96,
        100,
        105,
        110,
        115,
        120,
        124,
        129,
        134,
        139,
        144,
        149
    ]
}