{
    "video_path": "FallVision/No Fall/Stand/nf_raw_s_2/S_N_81_resized.mp4",
    "active_window": [
        1,
        5
    ],
    "varying_k": 5,
    "detection_status": "Peak Only",
    "saliency_weights": [
        0.029089033398499914,
        0.05199376716328233,
        0.07503474864675641,
        0.08063071917258183,
        0.07400578704213673,
        0.06766845959865293,
        0.06501066810660328,
        0.06386336165457314,
        0.06333557587136351,
        0.06384040042248028,
        0.06509243596077949,
        0.06625716148010144,
        0.0670065897416463,
        0.0675170764837848,
        0.06794275685629236,
        0.06830121797558032,
        0.0686285570485265,
        0.06897925605626695,
        0.06927631367750188,
        0.06936532744306392,
        0.06931708747771344,
        0.06944316714529833,
        0.06986805364206328,
        0.07036839271290563,
        0.07072876900901656,
        0.07094831539385762,
        0.0710366431984667,
        0.07048733403507759,
        0.06701795326136123,
        0.05642557551566191,
        0.03862584315074878,
        0.023696299651524873
    ],
    "clip_indices": [
        0,
        3,
        7,
        11,
        15,
        19,
        23,
        26,
        30,
        34,
        38,
        42,
        46,
        49,
        53,
        57,
        61,
        65,
        69,
        72,
        76,
        80,
        84,
        88,
        92,
        95,
        99,
        103,
        107,
        111,
        115,
        119
    ]
}